TRACE::2026-02-26.17:13:18::SCWPlatform::Trying to open the hw design at C:/Users/cihem/CPRE-488-Labs/MP-2/sw/TPG/hw/system_wrapper.xsa
TRACE::2026-02-26.17:13:18::SCWPlatform::DSA given C:/Users/cihem/CPRE-488-Labs/MP-2/sw/TPG/hw/system_wrapper.xsa
TRACE::2026-02-26.17:13:18::SCWPlatform::DSA absoulate path C:/Users/cihem/CPRE-488-Labs/MP-2/sw/TPG/hw/system_wrapper.xsa
TRACE::2026-02-26.17:13:19::SCWPlatform::DSA directory C:/Users/cihem/CPRE-488-Labs/MP-2/sw/TPG/hw
TRACE::2026-02-26.17:13:19::SCWPlatform:: Platform Path C:/Users/cihem/CPRE-488-Labs/MP-2/sw/TPG/hw/system_wrapper.xsa
TRACE::2026-02-26.17:13:19::SCWPlatform:: Unique name xilinx:zed::0.0
TRACE::2026-02-26.17:13:19::SCWPlatform::Do not have an existing db opened. 
TRACE::2026-02-26.17:13:21::SCWPlatform::Opened new HwDB with name system_wrapper_1
TRACE::2026-02-26.17:13:21::SCWWriter::formatted JSON is {
	"platformName":	"TPG",
	"sprVersion":	"2.0",
	"mode":	"gui",
	"dsaType":	"Fixed",
	"platformDesc":	"TPG",
	"platHandOff":	"C:/Users/cihem/CPRE-488-Labs/MP-2/hw/MP-2/MP2.xpr/MP2/system_wrapper.xsa",
	"platIntHandOff":	"<platformDir>/hw/system_wrapper.xsa",
	"deviceType":	"zynq",
	"platIsPrebuiltAutogen":	"false",
	"platIsNoBootBsp":	"false",
	"hasFsblMakeHasChanges":	"false",
	"hasPmufwMakeHasChanges":	"false",
	"platPreBuiltFlag":	false,
	"platformSamplesDir":	""
}
TRACE::2026-02-26.17:13:21::SCWWriter::formatted JSON is {
	"platformName":	"TPG",
	"sprVersion":	"2.0",
	"mode":	"gui",
	"dsaType":	"Fixed",
	"platformDesc":	"TPG",
	"platHandOff":	"C:/Users/cihem/CPRE-488-Labs/MP-2/hw/MP-2/MP2.xpr/MP2/system_wrapper.xsa",
	"platIntHandOff":	"<platformDir>/hw/system_wrapper.xsa",
	"deviceType":	"zynq",
	"platIsPrebuiltAutogen":	"false",
	"platIsNoBootBsp":	"false",
	"hasFsblMakeHasChanges":	"false",
	"hasPmufwMakeHasChanges":	"false",
	"platPreBuiltFlag":	false,
	"platformSamplesDir":	"",
	"platActiveSys":	"TPG",
	"systems":	[{
			"systemName":	"TPG",
			"systemDesc":	"TPG",
			"sysIsBootAutoGen":	"true",
			"systemDispName":	"TPG"
		}]
}
TRACE::2026-02-26.17:13:21::SCWPlatform::Boot application domains not present, creating them
TRACE::2026-02-26.17:13:21::SCWDomain::checking for install qemu data   : 
TRACE::2026-02-26.17:13:21::SCWDomain:: Using the QEMU Data from install at  : C:/Xilinx/Vitis/2020.1/data/emulation/platforms/zynq/qemu/
TRACE::2026-02-26.17:13:21::SCWDomain:: Using the QEMU args  from install at  : C:/Xilinx/Vitis/2020.1/data/emulation/platforms/zynq/qemu/qemu_args.txt
TRACE::2026-02-26.17:13:21::SCWPlatform::Trying to open the hw design at C:/Users/cihem/CPRE-488-Labs/MP-2/sw/TPG/hw/system_wrapper.xsa
TRACE::2026-02-26.17:13:21::SCWPlatform::DSA given C:/Users/cihem/CPRE-488-Labs/MP-2/sw/TPG/hw/system_wrapper.xsa
TRACE::2026-02-26.17:13:21::SCWPlatform::DSA absoulate path C:/Users/cihem/CPRE-488-Labs/MP-2/sw/TPG/hw/system_wrapper.xsa
TRACE::2026-02-26.17:13:21::SCWPlatform::DSA directory C:/Users/cihem/CPRE-488-Labs/MP-2/sw/TPG/hw
TRACE::2026-02-26.17:13:21::SCWPlatform:: Platform Path C:/Users/cihem/CPRE-488-Labs/MP-2/sw/TPG/hw/system_wrapper.xsa
TRACE::2026-02-26.17:13:21::SCWPlatform:: Unique name xilinx:zed::0.0
TRACE::2026-02-26.17:13:21::SCWPlatform::Trying to set the existing hwdb with name system_wrapper_1
TRACE::2026-02-26.17:13:21::SCWPlatform::Opened existing hwdb system_wrapper_1
TRACE::2026-02-26.17:13:21::SCWPlatform::Found the Hw Db part of the input DSA
TRACE::2026-02-26.17:13:21::SCWPlatform::Trying to open the hw design at C:/Users/cihem/CPRE-488-Labs/MP-2/sw/TPG/hw/system_wrapper.xsa
TRACE::2026-02-26.17:13:21::SCWPlatform::DSA given C:/Users/cihem/CPRE-488-Labs/MP-2/sw/TPG/hw/system_wrapper.xsa
TRACE::2026-02-26.17:13:21::SCWPlatform::DSA absoulate path C:/Users/cihem/CPRE-488-Labs/MP-2/sw/TPG/hw/system_wrapper.xsa
TRACE::2026-02-26.17:13:21::SCWPlatform::DSA directory C:/Users/cihem/CPRE-488-Labs/MP-2/sw/TPG/hw
TRACE::2026-02-26.17:13:21::SCWPlatform:: Platform Path C:/Users/cihem/CPRE-488-Labs/MP-2/sw/TPG/hw/system_wrapper.xsa
TRACE::2026-02-26.17:13:21::SCWPlatform:: Unique name xilinx:zed::0.0
TRACE::2026-02-26.17:13:21::SCWPlatform::Trying to set the existing hwdb with name system_wrapper_1
TRACE::2026-02-26.17:13:21::SCWPlatform::Opened existing hwdb system_wrapper_1
TRACE::2026-02-26.17:13:21::SCWPlatform::Found the Hw Db part of the input DSA
TRACE::2026-02-26.17:13:21::SCWPlatform::Trying to open the hw design at C:/Users/cihem/CPRE-488-Labs/MP-2/sw/TPG/hw/system_wrapper.xsa
TRACE::2026-02-26.17:13:21::SCWPlatform::DSA given C:/Users/cihem/CPRE-488-Labs/MP-2/sw/TPG/hw/system_wrapper.xsa
TRACE::2026-02-26.17:13:21::SCWPlatform::DSA absoulate path C:/Users/cihem/CPRE-488-Labs/MP-2/sw/TPG/hw/system_wrapper.xsa
TRACE::2026-02-26.17:13:21::SCWPlatform::DSA directory C:/Users/cihem/CPRE-488-Labs/MP-2/sw/TPG/hw
TRACE::2026-02-26.17:13:21::SCWPlatform:: Platform Path C:/Users/cihem/CPRE-488-Labs/MP-2/sw/TPG/hw/system_wrapper.xsa
TRACE::2026-02-26.17:13:21::SCWPlatform:: Unique name xilinx:zed::0.0
TRACE::2026-02-26.17:13:21::SCWPlatform::Trying to set the existing hwdb with name system_wrapper_1
TRACE::2026-02-26.17:13:21::SCWPlatform::Opened existing hwdb system_wrapper_1
TRACE::2026-02-26.17:13:21::SCWPlatform::Found the Hw Db part of the input DSA
TRACE::2026-02-26.17:13:21::SCWPlatform::Boot application domain added for zynq_fsbl
TRACE::2026-02-26.17:13:21::SCWPlatform::Generating the sources  .
TRACE::2026-02-26.17:13:21::SCWBDomain::Generating boot domain sources.
TRACE::2026-02-26.17:13:21::SCWBDomain:: Generating the zynq_fsbl Application.
TRACE::2026-02-26.17:13:21::SCWPlatform::Trying to open the hw design at C:/Users/cihem/CPRE-488-Labs/MP-2/sw/TPG/hw/system_wrapper.xsa
TRACE::2026-02-26.17:13:21::SCWPlatform::DSA given C:/Users/cihem/CPRE-488-Labs/MP-2/sw/TPG/hw/system_wrapper.xsa
TRACE::2026-02-26.17:13:21::SCWPlatform::DSA absoulate path C:/Users/cihem/CPRE-488-Labs/MP-2/sw/TPG/hw/system_wrapper.xsa
TRACE::2026-02-26.17:13:21::SCWPlatform::DSA directory C:/Users/cihem/CPRE-488-Labs/MP-2/sw/TPG/hw
TRACE::2026-02-26.17:13:21::SCWPlatform:: Platform Path C:/Users/cihem/CPRE-488-Labs/MP-2/sw/TPG/hw/system_wrapper.xsa
TRACE::2026-02-26.17:13:21::SCWPlatform:: Unique name xilinx:zed::0.0
TRACE::2026-02-26.17:13:21::SCWPlatform::Trying to set the existing hwdb with name system_wrapper_1
TRACE::2026-02-26.17:13:21::SCWPlatform::Opened existing hwdb system_wrapper_1
TRACE::2026-02-26.17:13:21::SCWPlatform::Found the Hw Db part of the input DSA
TRACE::2026-02-26.17:13:21::SCWMssOS::Checking the sw design at  C:/Users/cihem/CPRE-488-Labs/MP-2/sw/TPG/zynq_fsbl/zynq_fsbl_bsp/system.mss
TRACE::2026-02-26.17:13:21::SCWMssOS::DEBUG:  swdes dump  
TRACE::2026-02-26.17:13:21::SCWMssOS::No sw design opened at  C:/Users/cihem/CPRE-488-Labs/MP-2/sw/TPG/zynq_fsbl/zynq_fsbl_bsp/system.mss
TRACE::2026-02-26.17:13:21::SCWMssOS::mss does not exists at C:/Users/cihem/CPRE-488-Labs/MP-2/sw/TPG/zynq_fsbl/zynq_fsbl_bsp/system.mss
TRACE::2026-02-26.17:13:21::SCWMssOS::Creating sw design at  C:/Users/cihem/CPRE-488-Labs/MP-2/sw/TPG/zynq_fsbl/zynq_fsbl_bsp/system.mss
TRACE::2026-02-26.17:13:21::SCWMssOS::Adding the swdes entry, created swdb C:/Users/cihem/CPRE-488-Labs/MP-2/sw/TPG/zynq_fsbl/zynq_fsbl_bsp/system.mss with des name C:/Users/cihem/CPRE-488-Labs/MP-2/sw/TPG/zynq_fsbl/zynq_fsbl_bsp/system.mss
TRACE::2026-02-26.17:13:21::SCWMssOS::updating the scw layer changes to swdes at   C:/Users/cihem/CPRE-488-Labs/MP-2/sw/TPG/zynq_fsbl/zynq_fsbl_bsp/system.mss
TRACE::2026-02-26.17:13:21::SCWMssOS::Writing mss at C:/Users/cihem/CPRE-488-Labs/MP-2/sw/TPG/zynq_fsbl/zynq_fsbl_bsp/system.mss
TRACE::2026-02-26.17:13:21::SCWMssOS::Completed writing the mss file at C:/Users/cihem/CPRE-488-Labs/MP-2/sw/TPG/zynq_fsbl/zynq_fsbl_bsp
TRACE::2026-02-26.17:13:21::SCWMssOS::Picking up changes from newly written mss file into SCW Layer. 
TRACE::2026-02-26.17:13:21::SCWMssOS::Updated the changes from newly written mss file into SCW Layer. 
TRACE::2026-02-26.17:13:21::SCWBDomain::Completed writing the mss file at C:/Users/cihem/CPRE-488-Labs/MP-2/sw/TPG/zynq_fsbl/zynq_fsbl_bsp
TRACE::2026-02-26.17:13:26::SCWPlatform::Generating sources Done.
TRACE::2026-02-26.17:13:26::SCWPlatform::Trying to open the hw design at C:/Users/cihem/CPRE-488-Labs/MP-2/sw/TPG/hw/system_wrapper.xsa
TRACE::2026-02-26.17:13:26::SCWPlatform::DSA given C:/Users/cihem/CPRE-488-Labs/MP-2/sw/TPG/hw/system_wrapper.xsa
TRACE::2026-02-26.17:13:26::SCWPlatform::DSA absoulate path C:/Users/cihem/CPRE-488-Labs/MP-2/sw/TPG/hw/system_wrapper.xsa
TRACE::2026-02-26.17:13:26::SCWPlatform::DSA directory C:/Users/cihem/CPRE-488-Labs/MP-2/sw/TPG/hw
TRACE::2026-02-26.17:13:26::SCWPlatform:: Platform Path C:/Users/cihem/CPRE-488-Labs/MP-2/sw/TPG/hw/system_wrapper.xsa
TRACE::2026-02-26.17:13:26::SCWPlatform:: Unique name xilinx:zed::0.0
TRACE::2026-02-26.17:13:26::SCWPlatform::Trying to set the existing hwdb with name system_wrapper_1
TRACE::2026-02-26.17:13:26::SCWPlatform::Opened existing hwdb system_wrapper_1
TRACE::2026-02-26.17:13:26::SCWPlatform::Found the Hw Db part of the input DSA
TRACE::2026-02-26.17:13:26::SCWMssOS::Checking the sw design at  C:/Users/cihem/CPRE-488-Labs/MP-2/sw/TPG/zynq_fsbl/zynq_fsbl_bsp/system.mss
TRACE::2026-02-26.17:13:26::SCWMssOS::DEBUG:  swdes dump  C:/Users/cihem/CPRE-488-Labs/MP-2/sw/TPG/zynq_fsbl/zynq_fsbl_bsp/system.mss|C:/Users/cihem/CPRE-488-Labs/MP-2/sw/TPG/zynq_fsbl/zynq_fsbl_bsp/system.mss||

KEYINFO::2026-02-26.17:13:26::SCWMssOS::Could not open the swdb for C:/Users/cihem/CPRE-488-Labs/MP-2/sw/TPG/zynq_fsbl/zynq_fsbl_bsp/system.mss
KEYINFO::2026-02-26.17:13:26::SCWMssOS::Could not open the sw design at  C:/Users/cihem/CPRE-488-Labs/MP-2/sw/TPG/zynq_fsbl/zynq_fsbl_bsp/system.mss
ERROR: [Hsi 55-1558] Software Design C:/Users/cihem/CPRE-488-Labs/MP-2/sw/TPG/zynq_fsbl/zynq_fsbl_bsp/system.mss is not found

TRACE::2026-02-26.17:13:26::SCWMssOS::Cleared the swdb table entry
TRACE::2026-02-26.17:13:26::SCWMssOS::No sw design opened at  C:/Users/cihem/CPRE-488-Labs/MP-2/sw/TPG/zynq_fsbl/zynq_fsbl_bsp/system.mss
TRACE::2026-02-26.17:13:26::SCWMssOS::mss exists loading the mss file  C:/Users/cihem/CPRE-488-Labs/MP-2/sw/TPG/zynq_fsbl/zynq_fsbl_bsp/system.mss
TRACE::2026-02-26.17:13:26::SCWMssOS::Opened the sw design from mss  C:/Users/cihem/CPRE-488-Labs/MP-2/sw/TPG/zynq_fsbl/zynq_fsbl_bsp/system.mss
TRACE::2026-02-26.17:13:26::SCWMssOS::Adding the swdes entry C:/Users/cihem/CPRE-488-Labs/MP-2/sw/TPG/zynq_fsbl/zynq_fsbl_bsp/system.mss with des name system
TRACE::2026-02-26.17:13:26::SCWMssOS::updating the scw layer about changes
TRACE::2026-02-26.17:13:26::SCWMssOS::Opened the sw design.  C:/Users/cihem/CPRE-488-Labs/MP-2/sw/TPG/zynq_fsbl/zynq_fsbl_bsp/system.mss
TRACE::2026-02-26.17:13:26::SCWMssOS::Saving the mss changes C:/Users/cihem/CPRE-488-Labs/MP-2/sw/TPG/zynq_fsbl/zynq_fsbl_bsp/system.mss
TRACE::2026-02-26.17:13:26::SCWMssOS::Found a swdesign opened with the mssfile.
TRACE::2026-02-26.17:13:26::SCWMssOS::Completed writemss as part of save.
TRACE::2026-02-26.17:13:26::SCWMssOS::Commit changes completed.
TRACE::2026-02-26.17:13:26::SCWPlatform::Trying to open the hw design at C:/Users/cihem/CPRE-488-Labs/MP-2/sw/TPG/hw/system_wrapper.xsa
TRACE::2026-02-26.17:13:26::SCWPlatform::DSA given C:/Users/cihem/CPRE-488-Labs/MP-2/sw/TPG/hw/system_wrapper.xsa
TRACE::2026-02-26.17:13:26::SCWPlatform::DSA absoulate path C:/Users/cihem/CPRE-488-Labs/MP-2/sw/TPG/hw/system_wrapper.xsa
TRACE::2026-02-26.17:13:26::SCWPlatform::DSA directory C:/Users/cihem/CPRE-488-Labs/MP-2/sw/TPG/hw
TRACE::2026-02-26.17:13:26::SCWPlatform:: Platform Path C:/Users/cihem/CPRE-488-Labs/MP-2/sw/TPG/hw/system_wrapper.xsa
TRACE::2026-02-26.17:13:26::SCWPlatform:: Unique name xilinx:zed::0.0
TRACE::2026-02-26.17:13:26::SCWPlatform::Trying to set the existing hwdb with name system_wrapper_1
TRACE::2026-02-26.17:13:26::SCWPlatform::Opened existing hwdb system_wrapper_1
TRACE::2026-02-26.17:13:26::SCWPlatform::Found the Hw Db part of the input DSA
TRACE::2026-02-26.17:13:26::SCWMssOS::Checking the sw design at  C:/Users/cihem/CPRE-488-Labs/MP-2/sw/TPG/zynq_fsbl/zynq_fsbl_bsp/system.mss
TRACE::2026-02-26.17:13:26::SCWMssOS::DEBUG:  swdes dump  C:/Users/cihem/CPRE-488-Labs/MP-2/sw/TPG/zynq_fsbl/zynq_fsbl_bsp/system.mss|system||

TRACE::2026-02-26.17:13:26::SCWMssOS::Sw design exists and opened at  C:/Users/cihem/CPRE-488-Labs/MP-2/sw/TPG/zynq_fsbl/zynq_fsbl_bsp/system.mss
TRACE::2026-02-26.17:13:26::SCWPlatform::Trying to open the hw design at C:/Users/cihem/CPRE-488-Labs/MP-2/sw/TPG/hw/system_wrapper.xsa
TRACE::2026-02-26.17:13:26::SCWPlatform::DSA given C:/Users/cihem/CPRE-488-Labs/MP-2/sw/TPG/hw/system_wrapper.xsa
TRACE::2026-02-26.17:13:26::SCWPlatform::DSA absoulate path C:/Users/cihem/CPRE-488-Labs/MP-2/sw/TPG/hw/system_wrapper.xsa
TRACE::2026-02-26.17:13:26::SCWPlatform::DSA directory C:/Users/cihem/CPRE-488-Labs/MP-2/sw/TPG/hw
TRACE::2026-02-26.17:13:26::SCWPlatform:: Platform Path C:/Users/cihem/CPRE-488-Labs/MP-2/sw/TPG/hw/system_wrapper.xsa
TRACE::2026-02-26.17:13:26::SCWPlatform:: Unique name xilinx:zed::0.0
TRACE::2026-02-26.17:13:26::SCWPlatform::Trying to set the existing hwdb with name system_wrapper_1
TRACE::2026-02-26.17:13:26::SCWPlatform::Opened existing hwdb system_wrapper_1
TRACE::2026-02-26.17:13:26::SCWPlatform::Found the Hw Db part of the input DSA
TRACE::2026-02-26.17:13:26::SCWMssOS::Checking the sw design at  C:/Users/cihem/CPRE-488-Labs/MP-2/sw/TPG/zynq_fsbl/zynq_fsbl_bsp/system.mss
TRACE::2026-02-26.17:13:26::SCWMssOS::DEBUG:  swdes dump  C:/Users/cihem/CPRE-488-Labs/MP-2/sw/TPG/zynq_fsbl/zynq_fsbl_bsp/system.mss|system||

TRACE::2026-02-26.17:13:26::SCWMssOS::Sw design exists and opened at  C:/Users/cihem/CPRE-488-Labs/MP-2/sw/TPG/zynq_fsbl/zynq_fsbl_bsp/system.mss
TRACE::2026-02-26.17:13:26::SCWPlatform::Trying to open the hw design at C:/Users/cihem/CPRE-488-Labs/MP-2/sw/TPG/hw/system_wrapper.xsa
TRACE::2026-02-26.17:13:26::SCWPlatform::DSA given C:/Users/cihem/CPRE-488-Labs/MP-2/sw/TPG/hw/system_wrapper.xsa
TRACE::2026-02-26.17:13:26::SCWPlatform::DSA absoulate path C:/Users/cihem/CPRE-488-Labs/MP-2/sw/TPG/hw/system_wrapper.xsa
TRACE::2026-02-26.17:13:26::SCWPlatform::DSA directory C:/Users/cihem/CPRE-488-Labs/MP-2/sw/TPG/hw
TRACE::2026-02-26.17:13:26::SCWPlatform:: Platform Path C:/Users/cihem/CPRE-488-Labs/MP-2/sw/TPG/hw/system_wrapper.xsa
TRACE::2026-02-26.17:13:26::SCWPlatform:: Unique name xilinx:zed::0.0
TRACE::2026-02-26.17:13:26::SCWPlatform::Trying to set the existing hwdb with name system_wrapper_1
TRACE::2026-02-26.17:13:26::SCWPlatform::Opened existing hwdb system_wrapper_1
TRACE::2026-02-26.17:13:26::SCWPlatform::Found the Hw Db part of the input DSA
TRACE::2026-02-26.17:13:26::SCWMssOS::Checking the sw design at  C:/Users/cihem/CPRE-488-Labs/MP-2/sw/TPG/zynq_fsbl/zynq_fsbl_bsp/system.mss
TRACE::2026-02-26.17:13:26::SCWMssOS::DEBUG:  swdes dump  C:/Users/cihem/CPRE-488-Labs/MP-2/sw/TPG/zynq_fsbl/zynq_fsbl_bsp/system.mss|system||

TRACE::2026-02-26.17:13:26::SCWMssOS::Sw design exists and opened at  C:/Users/cihem/CPRE-488-Labs/MP-2/sw/TPG/zynq_fsbl/zynq_fsbl_bsp/system.mss
TRACE::2026-02-26.17:13:26::SCWWriter::formatted JSON is {
	"platformName":	"TPG",
	"sprVersion":	"2.0",
	"mode":	"gui",
	"dsaType":	"Fixed",
	"platformDesc":	"TPG",
	"platHandOff":	"C:/Users/cihem/CPRE-488-Labs/MP-2/hw/MP-2/MP2.xpr/MP2/system_wrapper.xsa",
	"platIntHandOff":	"<platformDir>/hw/system_wrapper.xsa",
	"deviceType":	"zynq",
	"platIsPrebuiltAutogen":	"false",
	"platIsNoBootBsp":	"false",
	"platFsblTarget":	"ps7_cortexa9_0",
	"hasFsblMakeHasChanges":	"false",
	"hasPmufwMakeHasChanges":	"false",
	"fsblExtraCompilerFlags":	"-MMD -MP       -mcpu=cortex-a9 -mfpu=vfpv3 -mfloat-abi=hard ",
	"platPreBuiltFlag":	false,
	"platformSamplesDir":	"",
	"platActiveSys":	"TPG",
	"systems":	[{
			"systemName":	"TPG",
			"systemDesc":	"TPG",
			"sysIsBootAutoGen":	"true",
			"systemDispName":	"TPG",
			"sysActiveDom":	"zynq_fsbl",
			"sysDefaultDom":	"",
			"domains":	[{
					"domainName":	"zynq_fsbl",
					"domainDispName":	"zynq_fsbl",
					"domainDesc":	"FSBL Application BSP - Auto Generated.",
					"processors":	"ps7_cortexa9_0",
					"os":	"standalone",
					"sdxOs":	"standalone",
					"debugEnable":	"",
					"domRuntimes":	["cpp"],
					"swRepo":	"",
					"mssOsVer":	"7.2",
					"mssFile":	"",
					"md5Digest":	"05d23043c7eddd964a9d1d14b4675f65",
					"compatibleApp":	"zynq_fsbl",
					"domType":	"bootDomain",
					"appSettings":	{
						"appCompilerFlags":	"",
						"appLinkerFlags":	""
					},
					"addedLibs":	["xilffs:4.3", "xilrsa:1.6"],
					"libOptions":	{
						"libsContainingOptions":	[]
					},
					"prebuiltLibs":	{
						"prebuiltIncPath":	[],
						"prebuiltLibPath":	[]
					},
					"isolation":	{
					}
				}]
		}]
}
TRACE::2026-02-26.17:13:26::SCWDomain::checking for install qemu data   : 
TRACE::2026-02-26.17:13:26::SCWDomain:: Using the QEMU Data from install at  : C:/Xilinx/Vitis/2020.1/data/emulation/platforms/zynq/qemu/
TRACE::2026-02-26.17:13:26::SCWDomain:: Using the QEMU args  from install at  : C:/Xilinx/Vitis/2020.1/data/emulation/platforms/zynq/qemu/qemu_args.txt
TRACE::2026-02-26.17:13:26::SCWPlatform::Trying to open the hw design at C:/Users/cihem/CPRE-488-Labs/MP-2/sw/TPG/hw/system_wrapper.xsa
TRACE::2026-02-26.17:13:26::SCWPlatform::DSA given C:/Users/cihem/CPRE-488-Labs/MP-2/sw/TPG/hw/system_wrapper.xsa
TRACE::2026-02-26.17:13:26::SCWPlatform::DSA absoulate path C:/Users/cihem/CPRE-488-Labs/MP-2/sw/TPG/hw/system_wrapper.xsa
TRACE::2026-02-26.17:13:26::SCWPlatform::DSA directory C:/Users/cihem/CPRE-488-Labs/MP-2/sw/TPG/hw
TRACE::2026-02-26.17:13:26::SCWPlatform:: Platform Path C:/Users/cihem/CPRE-488-Labs/MP-2/sw/TPG/hw/system_wrapper.xsa
TRACE::2026-02-26.17:13:26::SCWPlatform:: Unique name xilinx:zed::0.0
TRACE::2026-02-26.17:13:26::SCWPlatform::Trying to set the existing hwdb with name system_wrapper_1
TRACE::2026-02-26.17:13:26::SCWPlatform::Opened existing hwdb system_wrapper_1
TRACE::2026-02-26.17:13:26::SCWPlatform::Found the Hw Db part of the input DSA
TRACE::2026-02-26.17:13:26::SCWPlatform::Trying to open the hw design at C:/Users/cihem/CPRE-488-Labs/MP-2/sw/TPG/hw/system_wrapper.xsa
TRACE::2026-02-26.17:13:26::SCWPlatform::DSA given C:/Users/cihem/CPRE-488-Labs/MP-2/sw/TPG/hw/system_wrapper.xsa
TRACE::2026-02-26.17:13:26::SCWPlatform::DSA absoulate path C:/Users/cihem/CPRE-488-Labs/MP-2/sw/TPG/hw/system_wrapper.xsa
TRACE::2026-02-26.17:13:26::SCWPlatform::DSA directory C:/Users/cihem/CPRE-488-Labs/MP-2/sw/TPG/hw
TRACE::2026-02-26.17:13:26::SCWPlatform:: Platform Path C:/Users/cihem/CPRE-488-Labs/MP-2/sw/TPG/hw/system_wrapper.xsa
TRACE::2026-02-26.17:13:26::SCWPlatform:: Unique name xilinx:zed::0.0
TRACE::2026-02-26.17:13:26::SCWPlatform::Trying to set the existing hwdb with name system_wrapper_1
TRACE::2026-02-26.17:13:26::SCWPlatform::Opened existing hwdb system_wrapper_1
TRACE::2026-02-26.17:13:26::SCWPlatform::Found the Hw Db part of the input DSA
TRACE::2026-02-26.17:13:26::SCWPlatform::Trying to open the hw design at C:/Users/cihem/CPRE-488-Labs/MP-2/sw/TPG/hw/system_wrapper.xsa
TRACE::2026-02-26.17:13:26::SCWPlatform::DSA given C:/Users/cihem/CPRE-488-Labs/MP-2/sw/TPG/hw/system_wrapper.xsa
TRACE::2026-02-26.17:13:26::SCWPlatform::DSA absoulate path C:/Users/cihem/CPRE-488-Labs/MP-2/sw/TPG/hw/system_wrapper.xsa
TRACE::2026-02-26.17:13:26::SCWPlatform::DSA directory C:/Users/cihem/CPRE-488-Labs/MP-2/sw/TPG/hw
TRACE::2026-02-26.17:13:26::SCWPlatform:: Platform Path C:/Users/cihem/CPRE-488-Labs/MP-2/sw/TPG/hw/system_wrapper.xsa
TRACE::2026-02-26.17:13:26::SCWPlatform:: Unique name xilinx:zed::0.0
TRACE::2026-02-26.17:13:26::SCWPlatform::Trying to set the existing hwdb with name system_wrapper_1
TRACE::2026-02-26.17:13:26::SCWPlatform::Opened existing hwdb system_wrapper_1
TRACE::2026-02-26.17:13:26::SCWPlatform::Found the Hw Db part of the input DSA
TRACE::2026-02-26.17:13:26::SCWMssOS::Checking the sw design at  C:/Users/cihem/CPRE-488-Labs/MP-2/sw/TPG/ps7_cortexa9_0/standalone_domain/bsp/system.mss
TRACE::2026-02-26.17:13:26::SCWMssOS::DEBUG:  swdes dump  C:/Users/cihem/CPRE-488-Labs/MP-2/sw/TPG/zynq_fsbl/zynq_fsbl_bsp/system.mss|system||

TRACE::2026-02-26.17:13:26::SCWMssOS::No sw design opened at  C:/Users/cihem/CPRE-488-Labs/MP-2/sw/TPG/ps7_cortexa9_0/standalone_domain/bsp/system.mss
TRACE::2026-02-26.17:13:26::SCWMssOS::mss does not exists at C:/Users/cihem/CPRE-488-Labs/MP-2/sw/TPG/ps7_cortexa9_0/standalone_domain/bsp/system.mss
TRACE::2026-02-26.17:13:26::SCWMssOS::Creating sw design at  C:/Users/cihem/CPRE-488-Labs/MP-2/sw/TPG/ps7_cortexa9_0/standalone_domain/bsp/system.mss
TRACE::2026-02-26.17:13:26::SCWMssOS::Adding the swdes entry, created swdb C:/Users/cihem/CPRE-488-Labs/MP-2/sw/TPG/ps7_cortexa9_0/standalone_domain/bsp/system.mss with des name C:/Users/cihem/CPRE-488-Labs/MP-2/sw/TPG/ps7_cortexa9_0/standalone_domain/bsp/system.mss
TRACE::2026-02-26.17:13:26::SCWMssOS::updating the scw layer changes to swdes at   C:/Users/cihem/CPRE-488-Labs/MP-2/sw/TPG/ps7_cortexa9_0/standalone_domain/bsp/system.mss
TRACE::2026-02-26.17:13:26::SCWMssOS::Writing mss at C:/Users/cihem/CPRE-488-Labs/MP-2/sw/TPG/ps7_cortexa9_0/standalone_domain/bsp/system.mss
TRACE::2026-02-26.17:13:26::SCWMssOS::Completed writing the mss file at C:/Users/cihem/CPRE-488-Labs/MP-2/sw/TPG/ps7_cortexa9_0/standalone_domain/bsp
TRACE::2026-02-26.17:13:26::SCWMssOS::Picking up changes from newly written mss file into SCW Layer. 
TRACE::2026-02-26.17:13:26::SCWMssOS::Updated the changes from newly written mss file into SCW Layer. 
TRACE::2026-02-26.17:13:26::SCWMssOS::Completed writing the mss file at C:/Users/cihem/CPRE-488-Labs/MP-2/sw/TPG/ps7_cortexa9_0/standalone_domain/bsp
TRACE::2026-02-26.17:13:26::SCWMssOS::Forcing BSP Sources regeneration.
TRACE::2026-02-26.17:13:26::SCWMssOS::Saving the mss changes C:/Users/cihem/CPRE-488-Labs/MP-2/sw/TPG/zynq_fsbl/zynq_fsbl_bsp/system.mss
TRACE::2026-02-26.17:13:26::SCWMssOS::Found a swdesign opened with the mssfile.
TRACE::2026-02-26.17:13:26::SCWMssOS::Completed writemss as part of save.
TRACE::2026-02-26.17:13:26::SCWMssOS::Commit changes completed.
TRACE::2026-02-26.17:13:26::SCWMssOS::Saving the mss changes C:/Users/cihem/CPRE-488-Labs/MP-2/sw/TPG/ps7_cortexa9_0/standalone_domain/bsp/system.mss
TRACE::2026-02-26.17:13:26::SCWMssOS::Found a swdesign opened with the mssfile.
TRACE::2026-02-26.17:13:26::SCWMssOS::Running validate of swdbs.
KEYINFO::2026-02-26.17:13:26::SCWMssOS::Could not open the swdb for C:/Users/cihem/CPRE-488-Labs/MP-2/sw/TPG/ps7_cortexa9_0/standalone_domain/bsp/system.mss
KEYINFO::2026-02-26.17:13:26::SCWMssOS::Could not open the sw design at  C:/Users/cihem/CPRE-488-Labs/MP-2/sw/TPG/ps7_cortexa9_0/standalone_domain/bsp/system.mss
ERROR: [Hsi 55-1558] Software Design C:/Users/cihem/CPRE-488-Labs/MP-2/sw/TPG/ps7_cortexa9_0/standalone_domain/bsp/system.mss is not found

TRACE::2026-02-26.17:13:26::SCWMssOS::Cleared the swdb table entry
TRACE::2026-02-26.17:13:26::SCWMssOS::Adding the swdes entry, mss present, able to open swdb C:/Users/cihem/CPRE-488-Labs/MP-2/sw/TPG/ps7_cortexa9_0/standalone_domain/bsp/system.mss with des name system_0
TRACE::2026-02-26.17:13:26::SCWMssOS::Writing the mss file completed C:/Users/cihem/CPRE-488-Labs/MP-2/sw/TPG/ps7_cortexa9_0/standalone_domain/bsp/system.mss
TRACE::2026-02-26.17:13:26::SCWMssOS::Commit changes completed.
TRACE::2026-02-26.17:13:26::SCWPlatform::Trying to open the hw design at C:/Users/cihem/CPRE-488-Labs/MP-2/sw/TPG/hw/system_wrapper.xsa
TRACE::2026-02-26.17:13:26::SCWPlatform::DSA given C:/Users/cihem/CPRE-488-Labs/MP-2/sw/TPG/hw/system_wrapper.xsa
TRACE::2026-02-26.17:13:26::SCWPlatform::DSA absoulate path C:/Users/cihem/CPRE-488-Labs/MP-2/sw/TPG/hw/system_wrapper.xsa
TRACE::2026-02-26.17:13:26::SCWPlatform::DSA directory C:/Users/cihem/CPRE-488-Labs/MP-2/sw/TPG/hw
TRACE::2026-02-26.17:13:26::SCWPlatform:: Platform Path C:/Users/cihem/CPRE-488-Labs/MP-2/sw/TPG/hw/system_wrapper.xsa
TRACE::2026-02-26.17:13:26::SCWPlatform:: Unique name xilinx:zed::0.0
TRACE::2026-02-26.17:13:26::SCWPlatform::Trying to set the existing hwdb with name system_wrapper_1
TRACE::2026-02-26.17:13:26::SCWPlatform::Opened existing hwdb system_wrapper_1
TRACE::2026-02-26.17:13:26::SCWPlatform::Found the Hw Db part of the input DSA
TRACE::2026-02-26.17:13:26::SCWMssOS::Checking the sw design at  C:/Users/cihem/CPRE-488-Labs/MP-2/sw/TPG/zynq_fsbl/zynq_fsbl_bsp/system.mss
TRACE::2026-02-26.17:13:26::SCWMssOS::DEBUG:  swdes dump  C:/Users/cihem/CPRE-488-Labs/MP-2/sw/TPG/ps7_cortexa9_0/standalone_domain/bsp/system.mss|system_0||
C:/Users/cihem/CPRE-488-Labs/MP-2/sw/TPG/zynq_fsbl/zynq_fsbl_bsp/system.mss|system||

TRACE::2026-02-26.17:13:26::SCWMssOS::Sw design exists and opened at  C:/Users/cihem/CPRE-488-Labs/MP-2/sw/TPG/zynq_fsbl/zynq_fsbl_bsp/system.mss
TRACE::2026-02-26.17:13:26::SCWPlatform::Trying to open the hw design at C:/Users/cihem/CPRE-488-Labs/MP-2/sw/TPG/hw/system_wrapper.xsa
TRACE::2026-02-26.17:13:26::SCWPlatform::DSA given C:/Users/cihem/CPRE-488-Labs/MP-2/sw/TPG/hw/system_wrapper.xsa
TRACE::2026-02-26.17:13:26::SCWPlatform::DSA absoulate path C:/Users/cihem/CPRE-488-Labs/MP-2/sw/TPG/hw/system_wrapper.xsa
TRACE::2026-02-26.17:13:26::SCWPlatform::DSA directory C:/Users/cihem/CPRE-488-Labs/MP-2/sw/TPG/hw
TRACE::2026-02-26.17:13:26::SCWPlatform:: Platform Path C:/Users/cihem/CPRE-488-Labs/MP-2/sw/TPG/hw/system_wrapper.xsa
TRACE::2026-02-26.17:13:26::SCWPlatform:: Unique name xilinx:zed::0.0
TRACE::2026-02-26.17:13:26::SCWPlatform::Trying to set the existing hwdb with name system_wrapper_1
TRACE::2026-02-26.17:13:26::SCWPlatform::Opened existing hwdb system_wrapper_1
TRACE::2026-02-26.17:13:26::SCWPlatform::Found the Hw Db part of the input DSA
TRACE::2026-02-26.17:13:26::SCWMssOS::Checking the sw design at  C:/Users/cihem/CPRE-488-Labs/MP-2/sw/TPG/zynq_fsbl/zynq_fsbl_bsp/system.mss
TRACE::2026-02-26.17:13:26::SCWMssOS::DEBUG:  swdes dump  C:/Users/cihem/CPRE-488-Labs/MP-2/sw/TPG/ps7_cortexa9_0/standalone_domain/bsp/system.mss|system_0||
C:/Users/cihem/CPRE-488-Labs/MP-2/sw/TPG/zynq_fsbl/zynq_fsbl_bsp/system.mss|system||

TRACE::2026-02-26.17:13:26::SCWMssOS::Sw design exists and opened at  C:/Users/cihem/CPRE-488-Labs/MP-2/sw/TPG/zynq_fsbl/zynq_fsbl_bsp/system.mss
TRACE::2026-02-26.17:13:26::SCWPlatform::Trying to open the hw design at C:/Users/cihem/CPRE-488-Labs/MP-2/sw/TPG/hw/system_wrapper.xsa
TRACE::2026-02-26.17:13:26::SCWPlatform::DSA given C:/Users/cihem/CPRE-488-Labs/MP-2/sw/TPG/hw/system_wrapper.xsa
TRACE::2026-02-26.17:13:26::SCWPlatform::DSA absoulate path C:/Users/cihem/CPRE-488-Labs/MP-2/sw/TPG/hw/system_wrapper.xsa
TRACE::2026-02-26.17:13:26::SCWPlatform::DSA directory C:/Users/cihem/CPRE-488-Labs/MP-2/sw/TPG/hw
TRACE::2026-02-26.17:13:26::SCWPlatform:: Platform Path C:/Users/cihem/CPRE-488-Labs/MP-2/sw/TPG/hw/system_wrapper.xsa
TRACE::2026-02-26.17:13:26::SCWPlatform:: Unique name xilinx:zed::0.0
TRACE::2026-02-26.17:13:26::SCWPlatform::Trying to set the existing hwdb with name system_wrapper_1
TRACE::2026-02-26.17:13:26::SCWPlatform::Opened existing hwdb system_wrapper_1
TRACE::2026-02-26.17:13:26::SCWPlatform::Found the Hw Db part of the input DSA
TRACE::2026-02-26.17:13:26::SCWMssOS::Checking the sw design at  C:/Users/cihem/CPRE-488-Labs/MP-2/sw/TPG/zynq_fsbl/zynq_fsbl_bsp/system.mss
TRACE::2026-02-26.17:13:26::SCWMssOS::DEBUG:  swdes dump  C:/Users/cihem/CPRE-488-Labs/MP-2/sw/TPG/ps7_cortexa9_0/standalone_domain/bsp/system.mss|system_0||
C:/Users/cihem/CPRE-488-Labs/MP-2/sw/TPG/zynq_fsbl/zynq_fsbl_bsp/system.mss|system||

TRACE::2026-02-26.17:13:26::SCWMssOS::Sw design exists and opened at  C:/Users/cihem/CPRE-488-Labs/MP-2/sw/TPG/zynq_fsbl/zynq_fsbl_bsp/system.mss
TRACE::2026-02-26.17:13:26::SCWPlatform::Trying to open the hw design at C:/Users/cihem/CPRE-488-Labs/MP-2/sw/TPG/hw/system_wrapper.xsa
TRACE::2026-02-26.17:13:26::SCWPlatform::DSA given C:/Users/cihem/CPRE-488-Labs/MP-2/sw/TPG/hw/system_wrapper.xsa
TRACE::2026-02-26.17:13:26::SCWPlatform::DSA absoulate path C:/Users/cihem/CPRE-488-Labs/MP-2/sw/TPG/hw/system_wrapper.xsa
TRACE::2026-02-26.17:13:26::SCWPlatform::DSA directory C:/Users/cihem/CPRE-488-Labs/MP-2/sw/TPG/hw
TRACE::2026-02-26.17:13:26::SCWPlatform:: Platform Path C:/Users/cihem/CPRE-488-Labs/MP-2/sw/TPG/hw/system_wrapper.xsa
TRACE::2026-02-26.17:13:26::SCWPlatform:: Unique name xilinx:zed::0.0
TRACE::2026-02-26.17:13:26::SCWPlatform::Trying to set the existing hwdb with name system_wrapper_1
TRACE::2026-02-26.17:13:26::SCWPlatform::Opened existing hwdb system_wrapper_1
TRACE::2026-02-26.17:13:26::SCWPlatform::Found the Hw Db part of the input DSA
TRACE::2026-02-26.17:13:26::SCWMssOS::Checking the sw design at  C:/Users/cihem/CPRE-488-Labs/MP-2/sw/TPG/ps7_cortexa9_0/standalone_domain/bsp/system.mss
TRACE::2026-02-26.17:13:26::SCWMssOS::DEBUG:  swdes dump  C:/Users/cihem/CPRE-488-Labs/MP-2/sw/TPG/ps7_cortexa9_0/standalone_domain/bsp/system.mss|system_0||
C:/Users/cihem/CPRE-488-Labs/MP-2/sw/TPG/zynq_fsbl/zynq_fsbl_bsp/system.mss|system||

TRACE::2026-02-26.17:13:26::SCWMssOS::Sw design exists and opened at  C:/Users/cihem/CPRE-488-Labs/MP-2/sw/TPG/ps7_cortexa9_0/standalone_domain/bsp/system.mss
TRACE::2026-02-26.17:13:26::SCWPlatform::Trying to open the hw design at C:/Users/cihem/CPRE-488-Labs/MP-2/sw/TPG/hw/system_wrapper.xsa
TRACE::2026-02-26.17:13:26::SCWPlatform::DSA given C:/Users/cihem/CPRE-488-Labs/MP-2/sw/TPG/hw/system_wrapper.xsa
TRACE::2026-02-26.17:13:26::SCWPlatform::DSA absoulate path C:/Users/cihem/CPRE-488-Labs/MP-2/sw/TPG/hw/system_wrapper.xsa
TRACE::2026-02-26.17:13:26::SCWPlatform::DSA directory C:/Users/cihem/CPRE-488-Labs/MP-2/sw/TPG/hw
TRACE::2026-02-26.17:13:26::SCWPlatform:: Platform Path C:/Users/cihem/CPRE-488-Labs/MP-2/sw/TPG/hw/system_wrapper.xsa
TRACE::2026-02-26.17:13:26::SCWPlatform:: Unique name xilinx:zed::0.0
TRACE::2026-02-26.17:13:26::SCWPlatform::Trying to set the existing hwdb with name system_wrapper_1
TRACE::2026-02-26.17:13:26::SCWPlatform::Opened existing hwdb system_wrapper_1
TRACE::2026-02-26.17:13:26::SCWPlatform::Found the Hw Db part of the input DSA
TRACE::2026-02-26.17:13:26::SCWMssOS::Checking the sw design at  C:/Users/cihem/CPRE-488-Labs/MP-2/sw/TPG/ps7_cortexa9_0/standalone_domain/bsp/system.mss
TRACE::2026-02-26.17:13:26::SCWMssOS::DEBUG:  swdes dump  C:/Users/cihem/CPRE-488-Labs/MP-2/sw/TPG/ps7_cortexa9_0/standalone_domain/bsp/system.mss|system_0||
C:/Users/cihem/CPRE-488-Labs/MP-2/sw/TPG/zynq_fsbl/zynq_fsbl_bsp/system.mss|system||

TRACE::2026-02-26.17:13:26::SCWMssOS::Sw design exists and opened at  C:/Users/cihem/CPRE-488-Labs/MP-2/sw/TPG/ps7_cortexa9_0/standalone_domain/bsp/system.mss
TRACE::2026-02-26.17:13:26::SCWPlatform::Trying to open the hw design at C:/Users/cihem/CPRE-488-Labs/MP-2/sw/TPG/hw/system_wrapper.xsa
TRACE::2026-02-26.17:13:26::SCWPlatform::DSA given C:/Users/cihem/CPRE-488-Labs/MP-2/sw/TPG/hw/system_wrapper.xsa
TRACE::2026-02-26.17:13:26::SCWPlatform::DSA absoulate path C:/Users/cihem/CPRE-488-Labs/MP-2/sw/TPG/hw/system_wrapper.xsa
TRACE::2026-02-26.17:13:26::SCWPlatform::DSA directory C:/Users/cihem/CPRE-488-Labs/MP-2/sw/TPG/hw
TRACE::2026-02-26.17:13:26::SCWPlatform:: Platform Path C:/Users/cihem/CPRE-488-Labs/MP-2/sw/TPG/hw/system_wrapper.xsa
TRACE::2026-02-26.17:13:26::SCWPlatform:: Unique name xilinx:zed::0.0
TRACE::2026-02-26.17:13:26::SCWPlatform::Trying to set the existing hwdb with name system_wrapper_1
TRACE::2026-02-26.17:13:26::SCWPlatform::Opened existing hwdb system_wrapper_1
TRACE::2026-02-26.17:13:26::SCWPlatform::Found the Hw Db part of the input DSA
TRACE::2026-02-26.17:13:26::SCWMssOS::Checking the sw design at  C:/Users/cihem/CPRE-488-Labs/MP-2/sw/TPG/ps7_cortexa9_0/standalone_domain/bsp/system.mss
TRACE::2026-02-26.17:13:26::SCWMssOS::DEBUG:  swdes dump  C:/Users/cihem/CPRE-488-Labs/MP-2/sw/TPG/ps7_cortexa9_0/standalone_domain/bsp/system.mss|system_0||
C:/Users/cihem/CPRE-488-Labs/MP-2/sw/TPG/zynq_fsbl/zynq_fsbl_bsp/system.mss|system||

TRACE::2026-02-26.17:13:26::SCWMssOS::Sw design exists and opened at  C:/Users/cihem/CPRE-488-Labs/MP-2/sw/TPG/ps7_cortexa9_0/standalone_domain/bsp/system.mss
TRACE::2026-02-26.17:13:26::SCWWriter::formatted JSON is {
	"platformName":	"TPG",
	"sprVersion":	"2.0",
	"mode":	"gui",
	"dsaType":	"Fixed",
	"platformDesc":	"TPG",
	"platHandOff":	"C:/Users/cihem/CPRE-488-Labs/MP-2/hw/MP-2/MP2.xpr/MP2/system_wrapper.xsa",
	"platIntHandOff":	"<platformDir>/hw/system_wrapper.xsa",
	"deviceType":	"zynq",
	"platIsPrebuiltAutogen":	"false",
	"platIsNoBootBsp":	"false",
	"platFsblTarget":	"ps7_cortexa9_0",
	"hasFsblMakeHasChanges":	"false",
	"hasPmufwMakeHasChanges":	"false",
	"fsblExtraCompilerFlags":	"-MMD -MP       -mcpu=cortex-a9 -mfpu=vfpv3 -mfloat-abi=hard ",
	"platPreBuiltFlag":	false,
	"platformSamplesDir":	"",
	"platActiveSys":	"TPG",
	"systems":	[{
			"systemName":	"TPG",
			"systemDesc":	"TPG",
			"sysIsBootAutoGen":	"true",
			"systemDispName":	"TPG",
			"sysActiveDom":	"standalone_domain",
			"sysDefaultDom":	"standalone_domain",
			"domains":	[{
					"domainName":	"zynq_fsbl",
					"domainDispName":	"zynq_fsbl",
					"domainDesc":	"FSBL Application BSP - Auto Generated.",
					"processors":	"ps7_cortexa9_0",
					"os":	"standalone",
					"sdxOs":	"standalone",
					"debugEnable":	"",
					"domRuntimes":	["cpp"],
					"swRepo":	"",
					"mssOsVer":	"7.2",
					"mssFile":	"",
					"md5Digest":	"05d23043c7eddd964a9d1d14b4675f65",
					"compatibleApp":	"zynq_fsbl",
					"domType":	"bootDomain",
					"appSettings":	{
						"appCompilerFlags":	"",
						"appLinkerFlags":	""
					},
					"addedLibs":	["xilffs:4.3", "xilrsa:1.6"],
					"libOptions":	{
						"libsContainingOptions":	[]
					},
					"prebuiltLibs":	{
						"prebuiltIncPath":	[],
						"prebuiltLibPath":	[]
					},
					"isolation":	{
					}
				}, {
					"domainName":	"standalone_domain",
					"domainDispName":	"standalone_domain",
					"domainDesc":	"standalone_domain",
					"processors":	"ps7_cortexa9_0",
					"os":	"standalone",
					"sdxOs":	"standalone",
					"qemuArgs":	"C:/Xilinx/Vitis/2020.1/data/emulation/platforms/zynq/qemu/qemu_args.txt",
					"qemuData":	"C:/Xilinx/Vitis/2020.1/data/emulation/platforms/zynq/qemu/",
					"debugEnable":	"False",
					"domRuntimes":	["cpp"],
					"swRepo":	"",
					"mssOsVer":	"7.2",
					"mssFile":	"",
					"md5Digest":	"62f8c38c3ad11bbd3578bfcbefc1066c",
					"compatibleApp":	"",
					"domType":	"mssDomain",
					"appSettings":	{
						"appCompilerFlags":	"",
						"appLinkerFlags":	""
					},
					"addedLibs":	[],
					"libOptions":	{
						"libsContainingOptions":	[]
					},
					"prebuiltLibs":	{
						"prebuiltIncPath":	[],
						"prebuiltLibPath":	[]
					},
					"isolation":	{
					}
				}]
		}]
}
LOG::2026-02-26.17:13:26::SCWPlatform::Started generating the artifacts platform TPG
TRACE::2026-02-26.17:13:26::SCWPlatform::Sanity checking of platform is completed
LOG::2026-02-26.17:13:26::SCWPlatform::Started generating the artifacts for system configuration TPG
LOG::2026-02-26.17:13:26::SCWSystem::Checking the domain zynq_fsbl
LOG::2026-02-26.17:13:26::SCWSystem::Doing application build for :  zynq_fsbl
TRACE::2026-02-26.17:13:26::SCWBDomain::Not a forced makefile updation, No changes are present. 
TRACE::2026-02-26.17:13:26::SCWDomain::Skipping the build for domain :  zynq_fsbl
LOG::2026-02-26.17:13:26::SCWSystem::Checking the domain standalone_domain
LOG::2026-02-26.17:13:26::SCWSystem::Not a boot domain 
LOG::2026-02-26.17:13:26::SCWSystem::Started Processing the domain standalone_domain
TRACE::2026-02-26.17:13:26::SCWDomain::Generating domain artifcats
TRACE::2026-02-26.17:13:26::SCWMssOS::Generating standalone artifcats
TRACE::2026-02-26.17:13:26::SCWMssOS::Copying the qemu file from  C:/Xilinx/Vitis/2020.1/data/emulation/platforms/zynq/qemu/qemu_args.txt To C:/Users/cihem/CPRE-488-Labs/MP-2/sw/TPG/export/TPG/sw/TPG/qemu/
TRACE::2026-02-26.17:13:26::SCWMssOS::Copying the qemu file from  C:/Xilinx/Vitis/2020.1/data/emulation/platforms/zynq/qemu/qemu_args.txt To C:/Users/cihem/CPRE-488-Labs/MP-2/sw/TPG/export/TPG/sw/TPG/standalone_domain/qemu/
TRACE::2026-02-26.17:13:26::SCWMssOS:: Copying the user libraries. 
TRACE::2026-02-26.17:13:26::SCWPlatform::Trying to open the hw design at C:/Users/cihem/CPRE-488-Labs/MP-2/sw/TPG/hw/system_wrapper.xsa
TRACE::2026-02-26.17:13:26::SCWPlatform::DSA given C:/Users/cihem/CPRE-488-Labs/MP-2/sw/TPG/hw/system_wrapper.xsa
TRACE::2026-02-26.17:13:26::SCWPlatform::DSA absoulate path C:/Users/cihem/CPRE-488-Labs/MP-2/sw/TPG/hw/system_wrapper.xsa
TRACE::2026-02-26.17:13:26::SCWPlatform::DSA directory C:/Users/cihem/CPRE-488-Labs/MP-2/sw/TPG/hw
TRACE::2026-02-26.17:13:26::SCWPlatform:: Platform Path C:/Users/cihem/CPRE-488-Labs/MP-2/sw/TPG/hw/system_wrapper.xsa
TRACE::2026-02-26.17:13:26::SCWPlatform:: Unique name xilinx:zed::0.0
TRACE::2026-02-26.17:13:26::SCWPlatform::Trying to set the existing hwdb with name system_wrapper_1
TRACE::2026-02-26.17:13:26::SCWPlatform::Opened existing hwdb system_wrapper_1
TRACE::2026-02-26.17:13:26::SCWPlatform::Found the Hw Db part of the input DSA
TRACE::2026-02-26.17:13:26::SCWMssOS::Checking the sw design at  C:/Users/cihem/CPRE-488-Labs/MP-2/sw/TPG/ps7_cortexa9_0/standalone_domain/bsp/system.mss
TRACE::2026-02-26.17:13:26::SCWMssOS::DEBUG:  swdes dump  C:/Users/cihem/CPRE-488-Labs/MP-2/sw/TPG/ps7_cortexa9_0/standalone_domain/bsp/system.mss|system_0||
C:/Users/cihem/CPRE-488-Labs/MP-2/sw/TPG/zynq_fsbl/zynq_fsbl_bsp/system.mss|system||

TRACE::2026-02-26.17:13:26::SCWMssOS::Sw design exists and opened at  C:/Users/cihem/CPRE-488-Labs/MP-2/sw/TPG/ps7_cortexa9_0/standalone_domain/bsp/system.mss
TRACE::2026-02-26.17:13:26::SCWMssOS::Completed writing the mss file at C:/Users/cihem/CPRE-488-Labs/MP-2/sw/TPG/ps7_cortexa9_0/standalone_domain/bsp
TRACE::2026-02-26.17:13:26::SCWMssOS::Mss edits present, copying mssfile into export location C:/Users/cihem/CPRE-488-Labs/MP-2/sw/TPG/ps7_cortexa9_0/standalone_domain/bsp/system.mss
TRACE::2026-02-26.17:13:26::SCWMssOS::bsp generated is upto date with the mss file. Skipping bsp generation.
TRACE::2026-02-26.17:13:26::SCWMssOS::BSP is already built. skipping the bsp build ... 
TRACE::2026-02-26.17:13:26::SCWDomain::Skipping the build for domain :  standalone_domain
TRACE::2026-02-26.17:13:26::SCWMssOS::skipping the bsp build ... 
TRACE::2026-02-26.17:13:26::SCWMssOS::Copying to export directory.
TRACE::2026-02-26.17:13:26::SCWMssOS:: Checking if to create the Supporting Applications
TRACE::2026-02-26.17:13:26::SCWMssOS:: No Linux domain exists, trying to generate FSBL 
TRACE::2026-02-26.17:13:26::SCWMssOS:: Completed Standalone Artifacts creation 
LOG::2026-02-26.17:13:26::SCWSystem::Completed Processing the domain standalone_domain
LOG::2026-02-26.17:13:26::SCWSystem::Completed Processing the sysconfig TPG
LOG::2026-02-26.17:13:26::SCWPlatform::Completed generating the artifacts for system configuration TPG
TRACE::2026-02-26.17:13:26::SCWPlatform::Started preparing the platform 
TRACE::2026-02-26.17:13:26::SCWSystem::Writing the bif file for system config TPG
TRACE::2026-02-26.17:13:26::SCWSystem::dir created 
TRACE::2026-02-26.17:13:26::SCWSystem::Writing the bif 
TRACE::2026-02-26.17:13:26::SCWPlatform::Started writing the spfm file 
TRACE::2026-02-26.17:13:26::SCWPlatform::Started writing the xpfm file 
TRACE::2026-02-26.17:13:26::SCWPlatform::Completed generating the platform
TRACE::2026-02-26.17:13:26::SCWMssOS::Saving the mss changes C:/Users/cihem/CPRE-488-Labs/MP-2/sw/TPG/zynq_fsbl/zynq_fsbl_bsp/system.mss
TRACE::2026-02-26.17:13:26::SCWMssOS::Found a swdesign opened with the mssfile.
TRACE::2026-02-26.17:13:26::SCWMssOS::Completed writemss as part of save.
TRACE::2026-02-26.17:13:26::SCWMssOS::Commit changes completed.
TRACE::2026-02-26.17:13:26::SCWMssOS::Saving the mss changes C:/Users/cihem/CPRE-488-Labs/MP-2/sw/TPG/ps7_cortexa9_0/standalone_domain/bsp/system.mss
TRACE::2026-02-26.17:13:26::SCWMssOS::Found a swdesign opened with the mssfile.
TRACE::2026-02-26.17:13:26::SCWMssOS::Completed writemss as part of save.
TRACE::2026-02-26.17:13:26::SCWMssOS::Commit changes completed.
TRACE::2026-02-26.17:13:26::SCWPlatform::Trying to open the hw design at C:/Users/cihem/CPRE-488-Labs/MP-2/sw/TPG/hw/system_wrapper.xsa
TRACE::2026-02-26.17:13:26::SCWPlatform::DSA given C:/Users/cihem/CPRE-488-Labs/MP-2/sw/TPG/hw/system_wrapper.xsa
TRACE::2026-02-26.17:13:26::SCWPlatform::DSA absoulate path C:/Users/cihem/CPRE-488-Labs/MP-2/sw/TPG/hw/system_wrapper.xsa
TRACE::2026-02-26.17:13:26::SCWPlatform::DSA directory C:/Users/cihem/CPRE-488-Labs/MP-2/sw/TPG/hw
TRACE::2026-02-26.17:13:26::SCWPlatform:: Platform Path C:/Users/cihem/CPRE-488-Labs/MP-2/sw/TPG/hw/system_wrapper.xsa
TRACE::2026-02-26.17:13:26::SCWPlatform:: Unique name xilinx:zed::0.0
TRACE::2026-02-26.17:13:26::SCWPlatform::Trying to set the existing hwdb with name system_wrapper_1
TRACE::2026-02-26.17:13:26::SCWPlatform::Opened existing hwdb system_wrapper_1
TRACE::2026-02-26.17:13:26::SCWPlatform::Found the Hw Db part of the input DSA
TRACE::2026-02-26.17:13:26::SCWMssOS::Checking the sw design at  C:/Users/cihem/CPRE-488-Labs/MP-2/sw/TPG/zynq_fsbl/zynq_fsbl_bsp/system.mss
TRACE::2026-02-26.17:13:26::SCWMssOS::DEBUG:  swdes dump  C:/Users/cihem/CPRE-488-Labs/MP-2/sw/TPG/ps7_cortexa9_0/standalone_domain/bsp/system.mss|system_0||
C:/Users/cihem/CPRE-488-Labs/MP-2/sw/TPG/zynq_fsbl/zynq_fsbl_bsp/system.mss|system||

TRACE::2026-02-26.17:13:26::SCWMssOS::Sw design exists and opened at  C:/Users/cihem/CPRE-488-Labs/MP-2/sw/TPG/zynq_fsbl/zynq_fsbl_bsp/system.mss
TRACE::2026-02-26.17:13:26::SCWPlatform::Trying to open the hw design at C:/Users/cihem/CPRE-488-Labs/MP-2/sw/TPG/hw/system_wrapper.xsa
TRACE::2026-02-26.17:13:26::SCWPlatform::DSA given C:/Users/cihem/CPRE-488-Labs/MP-2/sw/TPG/hw/system_wrapper.xsa
TRACE::2026-02-26.17:13:26::SCWPlatform::DSA absoulate path C:/Users/cihem/CPRE-488-Labs/MP-2/sw/TPG/hw/system_wrapper.xsa
TRACE::2026-02-26.17:13:26::SCWPlatform::DSA directory C:/Users/cihem/CPRE-488-Labs/MP-2/sw/TPG/hw
TRACE::2026-02-26.17:13:26::SCWPlatform:: Platform Path C:/Users/cihem/CPRE-488-Labs/MP-2/sw/TPG/hw/system_wrapper.xsa
TRACE::2026-02-26.17:13:26::SCWPlatform:: Unique name xilinx:zed::0.0
TRACE::2026-02-26.17:13:26::SCWPlatform::Trying to set the existing hwdb with name system_wrapper_1
TRACE::2026-02-26.17:13:26::SCWPlatform::Opened existing hwdb system_wrapper_1
TRACE::2026-02-26.17:13:26::SCWPlatform::Found the Hw Db part of the input DSA
TRACE::2026-02-26.17:13:26::SCWMssOS::Checking the sw design at  C:/Users/cihem/CPRE-488-Labs/MP-2/sw/TPG/zynq_fsbl/zynq_fsbl_bsp/system.mss
TRACE::2026-02-26.17:13:26::SCWMssOS::DEBUG:  swdes dump  C:/Users/cihem/CPRE-488-Labs/MP-2/sw/TPG/ps7_cortexa9_0/standalone_domain/bsp/system.mss|system_0||
C:/Users/cihem/CPRE-488-Labs/MP-2/sw/TPG/zynq_fsbl/zynq_fsbl_bsp/system.mss|system||

TRACE::2026-02-26.17:13:26::SCWMssOS::Sw design exists and opened at  C:/Users/cihem/CPRE-488-Labs/MP-2/sw/TPG/zynq_fsbl/zynq_fsbl_bsp/system.mss
TRACE::2026-02-26.17:13:26::SCWPlatform::Trying to open the hw design at C:/Users/cihem/CPRE-488-Labs/MP-2/sw/TPG/hw/system_wrapper.xsa
TRACE::2026-02-26.17:13:26::SCWPlatform::DSA given C:/Users/cihem/CPRE-488-Labs/MP-2/sw/TPG/hw/system_wrapper.xsa
TRACE::2026-02-26.17:13:26::SCWPlatform::DSA absoulate path C:/Users/cihem/CPRE-488-Labs/MP-2/sw/TPG/hw/system_wrapper.xsa
TRACE::2026-02-26.17:13:26::SCWPlatform::DSA directory C:/Users/cihem/CPRE-488-Labs/MP-2/sw/TPG/hw
TRACE::2026-02-26.17:13:26::SCWPlatform:: Platform Path C:/Users/cihem/CPRE-488-Labs/MP-2/sw/TPG/hw/system_wrapper.xsa
TRACE::2026-02-26.17:13:26::SCWPlatform:: Unique name xilinx:zed::0.0
TRACE::2026-02-26.17:13:26::SCWPlatform::Trying to set the existing hwdb with name system_wrapper_1
TRACE::2026-02-26.17:13:26::SCWPlatform::Opened existing hwdb system_wrapper_1
TRACE::2026-02-26.17:13:26::SCWPlatform::Found the Hw Db part of the input DSA
TRACE::2026-02-26.17:13:26::SCWMssOS::Checking the sw design at  C:/Users/cihem/CPRE-488-Labs/MP-2/sw/TPG/zynq_fsbl/zynq_fsbl_bsp/system.mss
TRACE::2026-02-26.17:13:26::SCWMssOS::DEBUG:  swdes dump  C:/Users/cihem/CPRE-488-Labs/MP-2/sw/TPG/ps7_cortexa9_0/standalone_domain/bsp/system.mss|system_0||
C:/Users/cihem/CPRE-488-Labs/MP-2/sw/TPG/zynq_fsbl/zynq_fsbl_bsp/system.mss|system||

TRACE::2026-02-26.17:13:26::SCWMssOS::Sw design exists and opened at  C:/Users/cihem/CPRE-488-Labs/MP-2/sw/TPG/zynq_fsbl/zynq_fsbl_bsp/system.mss
TRACE::2026-02-26.17:13:26::SCWPlatform::Trying to open the hw design at C:/Users/cihem/CPRE-488-Labs/MP-2/sw/TPG/hw/system_wrapper.xsa
TRACE::2026-02-26.17:13:26::SCWPlatform::DSA given C:/Users/cihem/CPRE-488-Labs/MP-2/sw/TPG/hw/system_wrapper.xsa
TRACE::2026-02-26.17:13:26::SCWPlatform::DSA absoulate path C:/Users/cihem/CPRE-488-Labs/MP-2/sw/TPG/hw/system_wrapper.xsa
TRACE::2026-02-26.17:13:26::SCWPlatform::DSA directory C:/Users/cihem/CPRE-488-Labs/MP-2/sw/TPG/hw
TRACE::2026-02-26.17:13:26::SCWPlatform:: Platform Path C:/Users/cihem/CPRE-488-Labs/MP-2/sw/TPG/hw/system_wrapper.xsa
TRACE::2026-02-26.17:13:26::SCWPlatform:: Unique name xilinx:zed::0.0
TRACE::2026-02-26.17:13:26::SCWPlatform::Trying to set the existing hwdb with name system_wrapper_1
TRACE::2026-02-26.17:13:26::SCWPlatform::Opened existing hwdb system_wrapper_1
TRACE::2026-02-26.17:13:26::SCWPlatform::Found the Hw Db part of the input DSA
TRACE::2026-02-26.17:13:26::SCWMssOS::Checking the sw design at  C:/Users/cihem/CPRE-488-Labs/MP-2/sw/TPG/ps7_cortexa9_0/standalone_domain/bsp/system.mss
TRACE::2026-02-26.17:13:26::SCWMssOS::DEBUG:  swdes dump  C:/Users/cihem/CPRE-488-Labs/MP-2/sw/TPG/ps7_cortexa9_0/standalone_domain/bsp/system.mss|system_0||
C:/Users/cihem/CPRE-488-Labs/MP-2/sw/TPG/zynq_fsbl/zynq_fsbl_bsp/system.mss|system||

TRACE::2026-02-26.17:13:26::SCWMssOS::Sw design exists and opened at  C:/Users/cihem/CPRE-488-Labs/MP-2/sw/TPG/ps7_cortexa9_0/standalone_domain/bsp/system.mss
TRACE::2026-02-26.17:13:26::SCWPlatform::Trying to open the hw design at C:/Users/cihem/CPRE-488-Labs/MP-2/sw/TPG/hw/system_wrapper.xsa
TRACE::2026-02-26.17:13:26::SCWPlatform::DSA given C:/Users/cihem/CPRE-488-Labs/MP-2/sw/TPG/hw/system_wrapper.xsa
TRACE::2026-02-26.17:13:26::SCWPlatform::DSA absoulate path C:/Users/cihem/CPRE-488-Labs/MP-2/sw/TPG/hw/system_wrapper.xsa
TRACE::2026-02-26.17:13:26::SCWPlatform::DSA directory C:/Users/cihem/CPRE-488-Labs/MP-2/sw/TPG/hw
TRACE::2026-02-26.17:13:26::SCWPlatform:: Platform Path C:/Users/cihem/CPRE-488-Labs/MP-2/sw/TPG/hw/system_wrapper.xsa
TRACE::2026-02-26.17:13:26::SCWPlatform:: Unique name xilinx:zed::0.0
TRACE::2026-02-26.17:13:26::SCWPlatform::Trying to set the existing hwdb with name system_wrapper_1
TRACE::2026-02-26.17:13:26::SCWPlatform::Opened existing hwdb system_wrapper_1
TRACE::2026-02-26.17:13:26::SCWPlatform::Found the Hw Db part of the input DSA
TRACE::2026-02-26.17:13:26::SCWMssOS::Checking the sw design at  C:/Users/cihem/CPRE-488-Labs/MP-2/sw/TPG/ps7_cortexa9_0/standalone_domain/bsp/system.mss
TRACE::2026-02-26.17:13:26::SCWMssOS::DEBUG:  swdes dump  C:/Users/cihem/CPRE-488-Labs/MP-2/sw/TPG/ps7_cortexa9_0/standalone_domain/bsp/system.mss|system_0||
C:/Users/cihem/CPRE-488-Labs/MP-2/sw/TPG/zynq_fsbl/zynq_fsbl_bsp/system.mss|system||

TRACE::2026-02-26.17:13:26::SCWMssOS::Sw design exists and opened at  C:/Users/cihem/CPRE-488-Labs/MP-2/sw/TPG/ps7_cortexa9_0/standalone_domain/bsp/system.mss
TRACE::2026-02-26.17:13:26::SCWPlatform::Trying to open the hw design at C:/Users/cihem/CPRE-488-Labs/MP-2/sw/TPG/hw/system_wrapper.xsa
TRACE::2026-02-26.17:13:26::SCWPlatform::DSA given C:/Users/cihem/CPRE-488-Labs/MP-2/sw/TPG/hw/system_wrapper.xsa
TRACE::2026-02-26.17:13:26::SCWPlatform::DSA absoulate path C:/Users/cihem/CPRE-488-Labs/MP-2/sw/TPG/hw/system_wrapper.xsa
TRACE::2026-02-26.17:13:26::SCWPlatform::DSA directory C:/Users/cihem/CPRE-488-Labs/MP-2/sw/TPG/hw
TRACE::2026-02-26.17:13:26::SCWPlatform:: Platform Path C:/Users/cihem/CPRE-488-Labs/MP-2/sw/TPG/hw/system_wrapper.xsa
TRACE::2026-02-26.17:13:26::SCWPlatform:: Unique name xilinx:zed::0.0
TRACE::2026-02-26.17:13:26::SCWPlatform::Trying to set the existing hwdb with name system_wrapper_1
TRACE::2026-02-26.17:13:26::SCWPlatform::Opened existing hwdb system_wrapper_1
TRACE::2026-02-26.17:13:26::SCWPlatform::Found the Hw Db part of the input DSA
TRACE::2026-02-26.17:13:26::SCWMssOS::Checking the sw design at  C:/Users/cihem/CPRE-488-Labs/MP-2/sw/TPG/ps7_cortexa9_0/standalone_domain/bsp/system.mss
TRACE::2026-02-26.17:13:26::SCWMssOS::DEBUG:  swdes dump  C:/Users/cihem/CPRE-488-Labs/MP-2/sw/TPG/ps7_cortexa9_0/standalone_domain/bsp/system.mss|system_0||
C:/Users/cihem/CPRE-488-Labs/MP-2/sw/TPG/zynq_fsbl/zynq_fsbl_bsp/system.mss|system||

TRACE::2026-02-26.17:13:26::SCWMssOS::Sw design exists and opened at  C:/Users/cihem/CPRE-488-Labs/MP-2/sw/TPG/ps7_cortexa9_0/standalone_domain/bsp/system.mss
TRACE::2026-02-26.17:13:26::SCWWriter::formatted JSON is {
	"platformName":	"TPG",
	"sprVersion":	"2.0",
	"mode":	"gui",
	"dsaType":	"Fixed",
	"platformDesc":	"TPG",
	"platHandOff":	"C:/Users/cihem/CPRE-488-Labs/MP-2/hw/MP-2/MP2.xpr/MP2/system_wrapper.xsa",
	"platIntHandOff":	"<platformDir>/hw/system_wrapper.xsa",
	"deviceType":	"zynq",
	"platIsPrebuiltAutogen":	"false",
	"platIsNoBootBsp":	"false",
	"platFsblTarget":	"ps7_cortexa9_0",
	"hasFsblMakeHasChanges":	"false",
	"hasPmufwMakeHasChanges":	"false",
	"fsblExtraCompilerFlags":	"-MMD -MP       -mcpu=cortex-a9 -mfpu=vfpv3 -mfloat-abi=hard ",
	"platPreBuiltFlag":	false,
	"platformSamplesDir":	"",
	"platActiveSys":	"TPG",
	"systems":	[{
			"systemName":	"TPG",
			"systemDesc":	"TPG",
			"sysIsBootAutoGen":	"true",
			"systemDispName":	"TPG",
			"sysActiveDom":	"standalone_domain",
			"sysDefaultDom":	"standalone_domain",
			"domains":	[{
					"domainName":	"zynq_fsbl",
					"domainDispName":	"zynq_fsbl",
					"domainDesc":	"FSBL Application BSP - Auto Generated.",
					"processors":	"ps7_cortexa9_0",
					"os":	"standalone",
					"sdxOs":	"standalone",
					"debugEnable":	"",
					"domRuntimes":	["cpp"],
					"swRepo":	"",
					"mssOsVer":	"7.2",
					"mssFile":	"",
					"md5Digest":	"05d23043c7eddd964a9d1d14b4675f65",
					"compatibleApp":	"zynq_fsbl",
					"domType":	"bootDomain",
					"appSettings":	{
						"appCompilerFlags":	"",
						"appLinkerFlags":	""
					},
					"addedLibs":	["xilffs:4.3", "xilrsa:1.6"],
					"libOptions":	{
						"libsContainingOptions":	[]
					},
					"prebuiltLibs":	{
						"prebuiltIncPath":	[],
						"prebuiltLibPath":	[]
					},
					"isolation":	{
					}
				}, {
					"domainName":	"standalone_domain",
					"domainDispName":	"standalone_domain",
					"domainDesc":	"standalone_domain",
					"processors":	"ps7_cortexa9_0",
					"os":	"standalone",
					"sdxOs":	"standalone",
					"qemuArgs":	"C:/Xilinx/Vitis/2020.1/data/emulation/platforms/zynq/qemu/qemu_args.txt",
					"qemuData":	"C:/Xilinx/Vitis/2020.1/data/emulation/platforms/zynq/qemu/",
					"debugEnable":	"False",
					"domRuntimes":	["cpp"],
					"swRepo":	"",
					"mssOsVer":	"7.2",
					"mssFile":	"",
					"md5Digest":	"62f8c38c3ad11bbd3578bfcbefc1066c",
					"compatibleApp":	"",
					"domType":	"mssDomain",
					"appSettings":	{
						"appCompilerFlags":	"",
						"appLinkerFlags":	""
					},
					"addedLibs":	[],
					"libOptions":	{
						"libsContainingOptions":	[]
					},
					"prebuiltLibs":	{
						"prebuiltIncPath":	[],
						"prebuiltLibPath":	[]
					},
					"isolation":	{
					}
				}]
		}]
}
KEYINFO::2026-02-26.17:13:26::SCWPlatform::updated the xpfm file.
TRACE::2026-02-26.17:13:26::SCWPlatform::Trying to open the hw design at C:/Users/cihem/CPRE-488-Labs/MP-2/sw/TPG/hw/system_wrapper.xsa
TRACE::2026-02-26.17:13:26::SCWPlatform::DSA given C:/Users/cihem/CPRE-488-Labs/MP-2/sw/TPG/hw/system_wrapper.xsa
TRACE::2026-02-26.17:13:26::SCWPlatform::DSA absoulate path C:/Users/cihem/CPRE-488-Labs/MP-2/sw/TPG/hw/system_wrapper.xsa
TRACE::2026-02-26.17:13:26::SCWPlatform::DSA directory C:/Users/cihem/CPRE-488-Labs/MP-2/sw/TPG/hw
TRACE::2026-02-26.17:13:26::SCWPlatform:: Platform Path C:/Users/cihem/CPRE-488-Labs/MP-2/sw/TPG/hw/system_wrapper.xsa
TRACE::2026-02-26.17:13:26::SCWPlatform:: Unique name xilinx:zed::0.0
TRACE::2026-02-26.17:13:26::SCWPlatform::Trying to set the existing hwdb with name system_wrapper_1
TRACE::2026-02-26.17:13:26::SCWPlatform::Opened existing hwdb system_wrapper_1
TRACE::2026-02-26.17:13:26::SCWPlatform::Found the Hw Db part of the input DSA
TRACE::2026-02-26.17:13:26::SCWMssOS::Checking the sw design at  C:/Users/cihem/CPRE-488-Labs/MP-2/sw/TPG/ps7_cortexa9_0/standalone_domain/bsp/system.mss
TRACE::2026-02-26.17:13:26::SCWMssOS::DEBUG:  swdes dump  C:/Users/cihem/CPRE-488-Labs/MP-2/sw/TPG/ps7_cortexa9_0/standalone_domain/bsp/system.mss|system_0||
C:/Users/cihem/CPRE-488-Labs/MP-2/sw/TPG/zynq_fsbl/zynq_fsbl_bsp/system.mss|system||

TRACE::2026-02-26.17:13:26::SCWMssOS::Sw design exists and opened at  C:/Users/cihem/CPRE-488-Labs/MP-2/sw/TPG/ps7_cortexa9_0/standalone_domain/bsp/system.mss
TRACE::2026-02-26.17:13:26::SCWMssOS::Saving the mss changes C:/Users/cihem/CPRE-488-Labs/MP-2/sw/TPG/zynq_fsbl/zynq_fsbl_bsp/system.mss
TRACE::2026-02-26.17:13:26::SCWMssOS::Found a swdesign opened with the mssfile.
TRACE::2026-02-26.17:13:26::SCWMssOS::Completed writemss as part of save.
TRACE::2026-02-26.17:13:26::SCWMssOS::Commit changes completed.
TRACE::2026-02-26.17:13:26::SCWMssOS::Saving the mss changes C:/Users/cihem/CPRE-488-Labs/MP-2/sw/TPG/ps7_cortexa9_0/standalone_domain/bsp/system.mss
TRACE::2026-02-26.17:13:26::SCWMssOS::Found a swdesign opened with the mssfile.
TRACE::2026-02-26.17:13:26::SCWMssOS::Completed writemss as part of save.
TRACE::2026-02-26.17:13:26::SCWMssOS::Commit changes completed.
TRACE::2026-02-26.17:13:26::SCWPlatform::Trying to open the hw design at C:/Users/cihem/CPRE-488-Labs/MP-2/sw/TPG/hw/system_wrapper.xsa
TRACE::2026-02-26.17:13:26::SCWPlatform::DSA given C:/Users/cihem/CPRE-488-Labs/MP-2/sw/TPG/hw/system_wrapper.xsa
TRACE::2026-02-26.17:13:26::SCWPlatform::DSA absoulate path C:/Users/cihem/CPRE-488-Labs/MP-2/sw/TPG/hw/system_wrapper.xsa
TRACE::2026-02-26.17:13:26::SCWPlatform::DSA directory C:/Users/cihem/CPRE-488-Labs/MP-2/sw/TPG/hw
TRACE::2026-02-26.17:13:26::SCWPlatform:: Platform Path C:/Users/cihem/CPRE-488-Labs/MP-2/sw/TPG/hw/system_wrapper.xsa
TRACE::2026-02-26.17:13:26::SCWPlatform:: Unique name xilinx:zed::0.0
TRACE::2026-02-26.17:13:26::SCWPlatform::Trying to set the existing hwdb with name system_wrapper_1
TRACE::2026-02-26.17:13:26::SCWPlatform::Opened existing hwdb system_wrapper_1
TRACE::2026-02-26.17:13:26::SCWPlatform::Found the Hw Db part of the input DSA
TRACE::2026-02-26.17:13:26::SCWMssOS::Checking the sw design at  C:/Users/cihem/CPRE-488-Labs/MP-2/sw/TPG/zynq_fsbl/zynq_fsbl_bsp/system.mss
TRACE::2026-02-26.17:13:26::SCWMssOS::DEBUG:  swdes dump  C:/Users/cihem/CPRE-488-Labs/MP-2/sw/TPG/ps7_cortexa9_0/standalone_domain/bsp/system.mss|system_0||
C:/Users/cihem/CPRE-488-Labs/MP-2/sw/TPG/zynq_fsbl/zynq_fsbl_bsp/system.mss|system||

TRACE::2026-02-26.17:13:26::SCWMssOS::Sw design exists and opened at  C:/Users/cihem/CPRE-488-Labs/MP-2/sw/TPG/zynq_fsbl/zynq_fsbl_bsp/system.mss
TRACE::2026-02-26.17:13:26::SCWPlatform::Trying to open the hw design at C:/Users/cihem/CPRE-488-Labs/MP-2/sw/TPG/hw/system_wrapper.xsa
TRACE::2026-02-26.17:13:26::SCWPlatform::DSA given C:/Users/cihem/CPRE-488-Labs/MP-2/sw/TPG/hw/system_wrapper.xsa
TRACE::2026-02-26.17:13:26::SCWPlatform::DSA absoulate path C:/Users/cihem/CPRE-488-Labs/MP-2/sw/TPG/hw/system_wrapper.xsa
TRACE::2026-02-26.17:13:26::SCWPlatform::DSA directory C:/Users/cihem/CPRE-488-Labs/MP-2/sw/TPG/hw
TRACE::2026-02-26.17:13:26::SCWPlatform:: Platform Path C:/Users/cihem/CPRE-488-Labs/MP-2/sw/TPG/hw/system_wrapper.xsa
TRACE::2026-02-26.17:13:26::SCWPlatform:: Unique name xilinx:zed::0.0
TRACE::2026-02-26.17:13:26::SCWPlatform::Trying to set the existing hwdb with name system_wrapper_1
TRACE::2026-02-26.17:13:26::SCWPlatform::Opened existing hwdb system_wrapper_1
TRACE::2026-02-26.17:13:26::SCWPlatform::Found the Hw Db part of the input DSA
TRACE::2026-02-26.17:13:26::SCWMssOS::Checking the sw design at  C:/Users/cihem/CPRE-488-Labs/MP-2/sw/TPG/zynq_fsbl/zynq_fsbl_bsp/system.mss
TRACE::2026-02-26.17:13:26::SCWMssOS::DEBUG:  swdes dump  C:/Users/cihem/CPRE-488-Labs/MP-2/sw/TPG/ps7_cortexa9_0/standalone_domain/bsp/system.mss|system_0||
C:/Users/cihem/CPRE-488-Labs/MP-2/sw/TPG/zynq_fsbl/zynq_fsbl_bsp/system.mss|system||

TRACE::2026-02-26.17:13:26::SCWMssOS::Sw design exists and opened at  C:/Users/cihem/CPRE-488-Labs/MP-2/sw/TPG/zynq_fsbl/zynq_fsbl_bsp/system.mss
TRACE::2026-02-26.17:13:26::SCWPlatform::Trying to open the hw design at C:/Users/cihem/CPRE-488-Labs/MP-2/sw/TPG/hw/system_wrapper.xsa
TRACE::2026-02-26.17:13:26::SCWPlatform::DSA given C:/Users/cihem/CPRE-488-Labs/MP-2/sw/TPG/hw/system_wrapper.xsa
TRACE::2026-02-26.17:13:26::SCWPlatform::DSA absoulate path C:/Users/cihem/CPRE-488-Labs/MP-2/sw/TPG/hw/system_wrapper.xsa
TRACE::2026-02-26.17:13:26::SCWPlatform::DSA directory C:/Users/cihem/CPRE-488-Labs/MP-2/sw/TPG/hw
TRACE::2026-02-26.17:13:26::SCWPlatform:: Platform Path C:/Users/cihem/CPRE-488-Labs/MP-2/sw/TPG/hw/system_wrapper.xsa
TRACE::2026-02-26.17:13:26::SCWPlatform:: Unique name xilinx:zed::0.0
TRACE::2026-02-26.17:13:26::SCWPlatform::Trying to set the existing hwdb with name system_wrapper_1
TRACE::2026-02-26.17:13:26::SCWPlatform::Opened existing hwdb system_wrapper_1
TRACE::2026-02-26.17:13:26::SCWPlatform::Found the Hw Db part of the input DSA
TRACE::2026-02-26.17:13:26::SCWMssOS::Checking the sw design at  C:/Users/cihem/CPRE-488-Labs/MP-2/sw/TPG/zynq_fsbl/zynq_fsbl_bsp/system.mss
TRACE::2026-02-26.17:13:26::SCWMssOS::DEBUG:  swdes dump  C:/Users/cihem/CPRE-488-Labs/MP-2/sw/TPG/ps7_cortexa9_0/standalone_domain/bsp/system.mss|system_0||
C:/Users/cihem/CPRE-488-Labs/MP-2/sw/TPG/zynq_fsbl/zynq_fsbl_bsp/system.mss|system||

TRACE::2026-02-26.17:13:26::SCWMssOS::Sw design exists and opened at  C:/Users/cihem/CPRE-488-Labs/MP-2/sw/TPG/zynq_fsbl/zynq_fsbl_bsp/system.mss
TRACE::2026-02-26.17:13:26::SCWPlatform::Trying to open the hw design at C:/Users/cihem/CPRE-488-Labs/MP-2/sw/TPG/hw/system_wrapper.xsa
TRACE::2026-02-26.17:13:26::SCWPlatform::DSA given C:/Users/cihem/CPRE-488-Labs/MP-2/sw/TPG/hw/system_wrapper.xsa
TRACE::2026-02-26.17:13:26::SCWPlatform::DSA absoulate path C:/Users/cihem/CPRE-488-Labs/MP-2/sw/TPG/hw/system_wrapper.xsa
TRACE::2026-02-26.17:13:26::SCWPlatform::DSA directory C:/Users/cihem/CPRE-488-Labs/MP-2/sw/TPG/hw
TRACE::2026-02-26.17:13:26::SCWPlatform:: Platform Path C:/Users/cihem/CPRE-488-Labs/MP-2/sw/TPG/hw/system_wrapper.xsa
TRACE::2026-02-26.17:13:26::SCWPlatform:: Unique name xilinx:zed::0.0
TRACE::2026-02-26.17:13:26::SCWPlatform::Trying to set the existing hwdb with name system_wrapper_1
TRACE::2026-02-26.17:13:26::SCWPlatform::Opened existing hwdb system_wrapper_1
TRACE::2026-02-26.17:13:26::SCWPlatform::Found the Hw Db part of the input DSA
TRACE::2026-02-26.17:13:26::SCWMssOS::Checking the sw design at  C:/Users/cihem/CPRE-488-Labs/MP-2/sw/TPG/ps7_cortexa9_0/standalone_domain/bsp/system.mss
TRACE::2026-02-26.17:13:26::SCWMssOS::DEBUG:  swdes dump  C:/Users/cihem/CPRE-488-Labs/MP-2/sw/TPG/ps7_cortexa9_0/standalone_domain/bsp/system.mss|system_0||
C:/Users/cihem/CPRE-488-Labs/MP-2/sw/TPG/zynq_fsbl/zynq_fsbl_bsp/system.mss|system||

TRACE::2026-02-26.17:13:26::SCWMssOS::Sw design exists and opened at  C:/Users/cihem/CPRE-488-Labs/MP-2/sw/TPG/ps7_cortexa9_0/standalone_domain/bsp/system.mss
TRACE::2026-02-26.17:13:26::SCWPlatform::Trying to open the hw design at C:/Users/cihem/CPRE-488-Labs/MP-2/sw/TPG/hw/system_wrapper.xsa
TRACE::2026-02-26.17:13:26::SCWPlatform::DSA given C:/Users/cihem/CPRE-488-Labs/MP-2/sw/TPG/hw/system_wrapper.xsa
TRACE::2026-02-26.17:13:26::SCWPlatform::DSA absoulate path C:/Users/cihem/CPRE-488-Labs/MP-2/sw/TPG/hw/system_wrapper.xsa
TRACE::2026-02-26.17:13:26::SCWPlatform::DSA directory C:/Users/cihem/CPRE-488-Labs/MP-2/sw/TPG/hw
TRACE::2026-02-26.17:13:26::SCWPlatform:: Platform Path C:/Users/cihem/CPRE-488-Labs/MP-2/sw/TPG/hw/system_wrapper.xsa
TRACE::2026-02-26.17:13:26::SCWPlatform:: Unique name xilinx:zed::0.0
TRACE::2026-02-26.17:13:26::SCWPlatform::Trying to set the existing hwdb with name system_wrapper_1
TRACE::2026-02-26.17:13:26::SCWPlatform::Opened existing hwdb system_wrapper_1
TRACE::2026-02-26.17:13:26::SCWPlatform::Found the Hw Db part of the input DSA
TRACE::2026-02-26.17:13:26::SCWMssOS::Checking the sw design at  C:/Users/cihem/CPRE-488-Labs/MP-2/sw/TPG/ps7_cortexa9_0/standalone_domain/bsp/system.mss
TRACE::2026-02-26.17:13:26::SCWMssOS::DEBUG:  swdes dump  C:/Users/cihem/CPRE-488-Labs/MP-2/sw/TPG/ps7_cortexa9_0/standalone_domain/bsp/system.mss|system_0||
C:/Users/cihem/CPRE-488-Labs/MP-2/sw/TPG/zynq_fsbl/zynq_fsbl_bsp/system.mss|system||

TRACE::2026-02-26.17:13:26::SCWMssOS::Sw design exists and opened at  C:/Users/cihem/CPRE-488-Labs/MP-2/sw/TPG/ps7_cortexa9_0/standalone_domain/bsp/system.mss
TRACE::2026-02-26.17:13:26::SCWPlatform::Trying to open the hw design at C:/Users/cihem/CPRE-488-Labs/MP-2/sw/TPG/hw/system_wrapper.xsa
TRACE::2026-02-26.17:13:26::SCWPlatform::DSA given C:/Users/cihem/CPRE-488-Labs/MP-2/sw/TPG/hw/system_wrapper.xsa
TRACE::2026-02-26.17:13:26::SCWPlatform::DSA absoulate path C:/Users/cihem/CPRE-488-Labs/MP-2/sw/TPG/hw/system_wrapper.xsa
TRACE::2026-02-26.17:13:26::SCWPlatform::DSA directory C:/Users/cihem/CPRE-488-Labs/MP-2/sw/TPG/hw
TRACE::2026-02-26.17:13:26::SCWPlatform:: Platform Path C:/Users/cihem/CPRE-488-Labs/MP-2/sw/TPG/hw/system_wrapper.xsa
TRACE::2026-02-26.17:13:26::SCWPlatform:: Unique name xilinx:zed::0.0
TRACE::2026-02-26.17:13:26::SCWPlatform::Trying to set the existing hwdb with name system_wrapper_1
TRACE::2026-02-26.17:13:26::SCWPlatform::Opened existing hwdb system_wrapper_1
TRACE::2026-02-26.17:13:26::SCWPlatform::Found the Hw Db part of the input DSA
TRACE::2026-02-26.17:13:26::SCWMssOS::Checking the sw design at  C:/Users/cihem/CPRE-488-Labs/MP-2/sw/TPG/ps7_cortexa9_0/standalone_domain/bsp/system.mss
TRACE::2026-02-26.17:13:26::SCWMssOS::DEBUG:  swdes dump  C:/Users/cihem/CPRE-488-Labs/MP-2/sw/TPG/ps7_cortexa9_0/standalone_domain/bsp/system.mss|system_0||
C:/Users/cihem/CPRE-488-Labs/MP-2/sw/TPG/zynq_fsbl/zynq_fsbl_bsp/system.mss|system||

TRACE::2026-02-26.17:13:26::SCWMssOS::Sw design exists and opened at  C:/Users/cihem/CPRE-488-Labs/MP-2/sw/TPG/ps7_cortexa9_0/standalone_domain/bsp/system.mss
TRACE::2026-02-26.17:13:26::SCWWriter::formatted JSON is {
	"platformName":	"TPG",
	"sprVersion":	"2.0",
	"mode":	"gui",
	"dsaType":	"Fixed",
	"platformDesc":	"TPG",
	"platHandOff":	"C:/Users/cihem/CPRE-488-Labs/MP-2/hw/MP-2/MP2.xpr/MP2/system_wrapper.xsa",
	"platIntHandOff":	"<platformDir>/hw/system_wrapper.xsa",
	"deviceType":	"zynq",
	"platIsPrebuiltAutogen":	"false",
	"platIsNoBootBsp":	"false",
	"platFsblTarget":	"ps7_cortexa9_0",
	"hasFsblMakeHasChanges":	"false",
	"hasPmufwMakeHasChanges":	"false",
	"fsblExtraCompilerFlags":	"-MMD -MP       -mcpu=cortex-a9 -mfpu=vfpv3 -mfloat-abi=hard ",
	"platPreBuiltFlag":	false,
	"platformSamplesDir":	"",
	"platActiveSys":	"TPG",
	"systems":	[{
			"systemName":	"TPG",
			"systemDesc":	"TPG",
			"sysIsBootAutoGen":	"true",
			"systemDispName":	"TPG",
			"sysActiveDom":	"standalone_domain",
			"sysDefaultDom":	"standalone_domain",
			"domains":	[{
					"domainName":	"zynq_fsbl",
					"domainDispName":	"zynq_fsbl",
					"domainDesc":	"FSBL Application BSP - Auto Generated.",
					"processors":	"ps7_cortexa9_0",
					"os":	"standalone",
					"sdxOs":	"standalone",
					"debugEnable":	"",
					"domRuntimes":	["cpp"],
					"swRepo":	"",
					"mssOsVer":	"7.2",
					"mssFile":	"",
					"md5Digest":	"05d23043c7eddd964a9d1d14b4675f65",
					"compatibleApp":	"zynq_fsbl",
					"domType":	"bootDomain",
					"appSettings":	{
						"appCompilerFlags":	"",
						"appLinkerFlags":	""
					},
					"addedLibs":	["xilffs:4.3", "xilrsa:1.6"],
					"libOptions":	{
						"libsContainingOptions":	[]
					},
					"prebuiltLibs":	{
						"prebuiltIncPath":	[],
						"prebuiltLibPath":	[]
					},
					"isolation":	{
					}
				}, {
					"domainName":	"standalone_domain",
					"domainDispName":	"standalone_domain",
					"domainDesc":	"standalone_domain",
					"processors":	"ps7_cortexa9_0",
					"os":	"standalone",
					"sdxOs":	"standalone",
					"qemuArgs":	"C:/Xilinx/Vitis/2020.1/data/emulation/platforms/zynq/qemu/qemu_args.txt",
					"qemuData":	"C:/Xilinx/Vitis/2020.1/data/emulation/platforms/zynq/qemu/",
					"debugEnable":	"False",
					"domRuntimes":	["cpp"],
					"swRepo":	"",
					"mssOsVer":	"7.2",
					"mssFile":	"",
					"md5Digest":	"62f8c38c3ad11bbd3578bfcbefc1066c",
					"compatibleApp":	"",
					"domType":	"mssDomain",
					"appSettings":	{
						"appCompilerFlags":	"",
						"appLinkerFlags":	""
					},
					"addedLibs":	[],
					"libOptions":	{
						"libsContainingOptions":	[]
					},
					"prebuiltLibs":	{
						"prebuiltIncPath":	[],
						"prebuiltLibPath":	[]
					},
					"isolation":	{
					}
				}]
		}]
}
TRACE::2026-02-26.17:13:26::SCWPlatform::Trying to open the hw design at C:/Users/cihem/CPRE-488-Labs/MP-2/sw/TPG/hw/system_wrapper.xsa
TRACE::2026-02-26.17:13:26::SCWPlatform::DSA given C:/Users/cihem/CPRE-488-Labs/MP-2/sw/TPG/hw/system_wrapper.xsa
TRACE::2026-02-26.17:13:26::SCWPlatform::DSA absoulate path C:/Users/cihem/CPRE-488-Labs/MP-2/sw/TPG/hw/system_wrapper.xsa
TRACE::2026-02-26.17:13:26::SCWPlatform::DSA directory C:/Users/cihem/CPRE-488-Labs/MP-2/sw/TPG/hw
TRACE::2026-02-26.17:13:26::SCWPlatform:: Platform Path C:/Users/cihem/CPRE-488-Labs/MP-2/sw/TPG/hw/system_wrapper.xsa
TRACE::2026-02-26.17:13:26::SCWPlatform:: Unique name xilinx:zed::0.0
TRACE::2026-02-26.17:13:26::SCWPlatform::Trying to set the existing hwdb with name system_wrapper_1
TRACE::2026-02-26.17:13:26::SCWPlatform::Opened existing hwdb system_wrapper_1
TRACE::2026-02-26.17:13:26::SCWPlatform::Found the Hw Db part of the input DSA
TRACE::2026-02-26.17:13:26::SCWMssOS::Checking the sw design at  C:/Users/cihem/CPRE-488-Labs/MP-2/sw/TPG/ps7_cortexa9_0/standalone_domain/bsp/system.mss
TRACE::2026-02-26.17:13:26::SCWMssOS::DEBUG:  swdes dump  C:/Users/cihem/CPRE-488-Labs/MP-2/sw/TPG/ps7_cortexa9_0/standalone_domain/bsp/system.mss|system_0||
C:/Users/cihem/CPRE-488-Labs/MP-2/sw/TPG/zynq_fsbl/zynq_fsbl_bsp/system.mss|system||

TRACE::2026-02-26.17:13:26::SCWMssOS::Sw design exists and opened at  C:/Users/cihem/CPRE-488-Labs/MP-2/sw/TPG/ps7_cortexa9_0/standalone_domain/bsp/system.mss
TRACE::2026-02-26.17:13:26::SCWPlatform::Trying to open the hw design at C:/Users/cihem/CPRE-488-Labs/MP-2/sw/TPG/hw/system_wrapper.xsa
TRACE::2026-02-26.17:13:26::SCWPlatform::DSA given C:/Users/cihem/CPRE-488-Labs/MP-2/sw/TPG/hw/system_wrapper.xsa
TRACE::2026-02-26.17:13:26::SCWPlatform::DSA absoulate path C:/Users/cihem/CPRE-488-Labs/MP-2/sw/TPG/hw/system_wrapper.xsa
TRACE::2026-02-26.17:13:26::SCWPlatform::DSA directory C:/Users/cihem/CPRE-488-Labs/MP-2/sw/TPG/hw
TRACE::2026-02-26.17:13:26::SCWPlatform:: Platform Path C:/Users/cihem/CPRE-488-Labs/MP-2/sw/TPG/hw/system_wrapper.xsa
TRACE::2026-02-26.17:13:26::SCWPlatform:: Unique name xilinx:zed::0.0
TRACE::2026-02-26.17:13:26::SCWPlatform::Trying to set the existing hwdb with name system_wrapper_1
TRACE::2026-02-26.17:13:26::SCWPlatform::Opened existing hwdb system_wrapper_1
TRACE::2026-02-26.17:13:26::SCWPlatform::Found the Hw Db part of the input DSA
TRACE::2026-02-26.17:13:26::SCWMssOS::Checking the sw design at  C:/Users/cihem/CPRE-488-Labs/MP-2/sw/TPG/ps7_cortexa9_0/standalone_domain/bsp/system.mss
TRACE::2026-02-26.17:13:26::SCWMssOS::DEBUG:  swdes dump  C:/Users/cihem/CPRE-488-Labs/MP-2/sw/TPG/ps7_cortexa9_0/standalone_domain/bsp/system.mss|system_0||
C:/Users/cihem/CPRE-488-Labs/MP-2/sw/TPG/zynq_fsbl/zynq_fsbl_bsp/system.mss|system||

TRACE::2026-02-26.17:13:26::SCWMssOS::Sw design exists and opened at  C:/Users/cihem/CPRE-488-Labs/MP-2/sw/TPG/ps7_cortexa9_0/standalone_domain/bsp/system.mss
TRACE::2026-02-26.17:13:26::SCWPlatform::Trying to open the hw design at C:/Users/cihem/CPRE-488-Labs/MP-2/sw/TPG/hw/system_wrapper.xsa
TRACE::2026-02-26.17:13:26::SCWPlatform::DSA given C:/Users/cihem/CPRE-488-Labs/MP-2/sw/TPG/hw/system_wrapper.xsa
TRACE::2026-02-26.17:13:26::SCWPlatform::DSA absoulate path C:/Users/cihem/CPRE-488-Labs/MP-2/sw/TPG/hw/system_wrapper.xsa
TRACE::2026-02-26.17:13:26::SCWPlatform::DSA directory C:/Users/cihem/CPRE-488-Labs/MP-2/sw/TPG/hw
TRACE::2026-02-26.17:13:26::SCWPlatform:: Platform Path C:/Users/cihem/CPRE-488-Labs/MP-2/sw/TPG/hw/system_wrapper.xsa
TRACE::2026-02-26.17:13:26::SCWPlatform:: Unique name xilinx:zed::0.0
TRACE::2026-02-26.17:13:26::SCWPlatform::Trying to set the existing hwdb with name system_wrapper_1
TRACE::2026-02-26.17:13:26::SCWPlatform::Opened existing hwdb system_wrapper_1
TRACE::2026-02-26.17:13:26::SCWPlatform::Found the Hw Db part of the input DSA
TRACE::2026-02-26.17:13:26::SCWMssOS::Checking the sw design at  C:/Users/cihem/CPRE-488-Labs/MP-2/sw/TPG/ps7_cortexa9_0/standalone_domain/bsp/system.mss
TRACE::2026-02-26.17:13:26::SCWMssOS::DEBUG:  swdes dump  C:/Users/cihem/CPRE-488-Labs/MP-2/sw/TPG/ps7_cortexa9_0/standalone_domain/bsp/system.mss|system_0||
C:/Users/cihem/CPRE-488-Labs/MP-2/sw/TPG/zynq_fsbl/zynq_fsbl_bsp/system.mss|system||

TRACE::2026-02-26.17:13:26::SCWMssOS::Sw design exists and opened at  C:/Users/cihem/CPRE-488-Labs/MP-2/sw/TPG/ps7_cortexa9_0/standalone_domain/bsp/system.mss
TRACE::2026-02-26.17:13:26::SCWMssOS::Saving the mss changes C:/Users/cihem/CPRE-488-Labs/MP-2/sw/TPG/zynq_fsbl/zynq_fsbl_bsp/system.mss
TRACE::2026-02-26.17:13:26::SCWMssOS::Found a swdesign opened with the mssfile.
TRACE::2026-02-26.17:13:26::SCWMssOS::Completed writemss as part of save.
TRACE::2026-02-26.17:13:26::SCWMssOS::Commit changes completed.
TRACE::2026-02-26.17:13:26::SCWMssOS::Saving the mss changes C:/Users/cihem/CPRE-488-Labs/MP-2/sw/TPG/ps7_cortexa9_0/standalone_domain/bsp/system.mss
TRACE::2026-02-26.17:13:26::SCWMssOS::Found a swdesign opened with the mssfile.
TRACE::2026-02-26.17:13:26::SCWMssOS::Completed writemss as part of save.
TRACE::2026-02-26.17:13:26::SCWMssOS::Commit changes completed.
TRACE::2026-02-26.17:13:26::SCWPlatform::Trying to open the hw design at C:/Users/cihem/CPRE-488-Labs/MP-2/sw/TPG/hw/system_wrapper.xsa
TRACE::2026-02-26.17:13:26::SCWPlatform::DSA given C:/Users/cihem/CPRE-488-Labs/MP-2/sw/TPG/hw/system_wrapper.xsa
TRACE::2026-02-26.17:13:26::SCWPlatform::DSA absoulate path C:/Users/cihem/CPRE-488-Labs/MP-2/sw/TPG/hw/system_wrapper.xsa
TRACE::2026-02-26.17:13:26::SCWPlatform::DSA directory C:/Users/cihem/CPRE-488-Labs/MP-2/sw/TPG/hw
TRACE::2026-02-26.17:13:26::SCWPlatform:: Platform Path C:/Users/cihem/CPRE-488-Labs/MP-2/sw/TPG/hw/system_wrapper.xsa
TRACE::2026-02-26.17:13:26::SCWPlatform:: Unique name xilinx:zed::0.0
TRACE::2026-02-26.17:13:26::SCWPlatform::Trying to set the existing hwdb with name system_wrapper_1
TRACE::2026-02-26.17:13:26::SCWPlatform::Opened existing hwdb system_wrapper_1
TRACE::2026-02-26.17:13:26::SCWPlatform::Found the Hw Db part of the input DSA
TRACE::2026-02-26.17:13:26::SCWMssOS::Checking the sw design at  C:/Users/cihem/CPRE-488-Labs/MP-2/sw/TPG/zynq_fsbl/zynq_fsbl_bsp/system.mss
TRACE::2026-02-26.17:13:26::SCWMssOS::DEBUG:  swdes dump  C:/Users/cihem/CPRE-488-Labs/MP-2/sw/TPG/ps7_cortexa9_0/standalone_domain/bsp/system.mss|system_0||
C:/Users/cihem/CPRE-488-Labs/MP-2/sw/TPG/zynq_fsbl/zynq_fsbl_bsp/system.mss|system||

TRACE::2026-02-26.17:13:26::SCWMssOS::Sw design exists and opened at  C:/Users/cihem/CPRE-488-Labs/MP-2/sw/TPG/zynq_fsbl/zynq_fsbl_bsp/system.mss
TRACE::2026-02-26.17:13:26::SCWPlatform::Trying to open the hw design at C:/Users/cihem/CPRE-488-Labs/MP-2/sw/TPG/hw/system_wrapper.xsa
TRACE::2026-02-26.17:13:26::SCWPlatform::DSA given C:/Users/cihem/CPRE-488-Labs/MP-2/sw/TPG/hw/system_wrapper.xsa
TRACE::2026-02-26.17:13:26::SCWPlatform::DSA absoulate path C:/Users/cihem/CPRE-488-Labs/MP-2/sw/TPG/hw/system_wrapper.xsa
TRACE::2026-02-26.17:13:26::SCWPlatform::DSA directory C:/Users/cihem/CPRE-488-Labs/MP-2/sw/TPG/hw
TRACE::2026-02-26.17:13:26::SCWPlatform:: Platform Path C:/Users/cihem/CPRE-488-Labs/MP-2/sw/TPG/hw/system_wrapper.xsa
TRACE::2026-02-26.17:13:26::SCWPlatform:: Unique name xilinx:zed::0.0
TRACE::2026-02-26.17:13:26::SCWPlatform::Trying to set the existing hwdb with name system_wrapper_1
TRACE::2026-02-26.17:13:26::SCWPlatform::Opened existing hwdb system_wrapper_1
TRACE::2026-02-26.17:13:26::SCWPlatform::Found the Hw Db part of the input DSA
TRACE::2026-02-26.17:13:26::SCWMssOS::Checking the sw design at  C:/Users/cihem/CPRE-488-Labs/MP-2/sw/TPG/zynq_fsbl/zynq_fsbl_bsp/system.mss
TRACE::2026-02-26.17:13:26::SCWMssOS::DEBUG:  swdes dump  C:/Users/cihem/CPRE-488-Labs/MP-2/sw/TPG/ps7_cortexa9_0/standalone_domain/bsp/system.mss|system_0||
C:/Users/cihem/CPRE-488-Labs/MP-2/sw/TPG/zynq_fsbl/zynq_fsbl_bsp/system.mss|system||

TRACE::2026-02-26.17:13:26::SCWMssOS::Sw design exists and opened at  C:/Users/cihem/CPRE-488-Labs/MP-2/sw/TPG/zynq_fsbl/zynq_fsbl_bsp/system.mss
TRACE::2026-02-26.17:13:26::SCWPlatform::Trying to open the hw design at C:/Users/cihem/CPRE-488-Labs/MP-2/sw/TPG/hw/system_wrapper.xsa
TRACE::2026-02-26.17:13:26::SCWPlatform::DSA given C:/Users/cihem/CPRE-488-Labs/MP-2/sw/TPG/hw/system_wrapper.xsa
TRACE::2026-02-26.17:13:26::SCWPlatform::DSA absoulate path C:/Users/cihem/CPRE-488-Labs/MP-2/sw/TPG/hw/system_wrapper.xsa
TRACE::2026-02-26.17:13:26::SCWPlatform::DSA directory C:/Users/cihem/CPRE-488-Labs/MP-2/sw/TPG/hw
TRACE::2026-02-26.17:13:26::SCWPlatform:: Platform Path C:/Users/cihem/CPRE-488-Labs/MP-2/sw/TPG/hw/system_wrapper.xsa
TRACE::2026-02-26.17:13:26::SCWPlatform:: Unique name xilinx:zed::0.0
TRACE::2026-02-26.17:13:26::SCWPlatform::Trying to set the existing hwdb with name system_wrapper_1
TRACE::2026-02-26.17:13:26::SCWPlatform::Opened existing hwdb system_wrapper_1
TRACE::2026-02-26.17:13:26::SCWPlatform::Found the Hw Db part of the input DSA
TRACE::2026-02-26.17:13:26::SCWMssOS::Checking the sw design at  C:/Users/cihem/CPRE-488-Labs/MP-2/sw/TPG/zynq_fsbl/zynq_fsbl_bsp/system.mss
TRACE::2026-02-26.17:13:26::SCWMssOS::DEBUG:  swdes dump  C:/Users/cihem/CPRE-488-Labs/MP-2/sw/TPG/ps7_cortexa9_0/standalone_domain/bsp/system.mss|system_0||
C:/Users/cihem/CPRE-488-Labs/MP-2/sw/TPG/zynq_fsbl/zynq_fsbl_bsp/system.mss|system||

TRACE::2026-02-26.17:13:26::SCWMssOS::Sw design exists and opened at  C:/Users/cihem/CPRE-488-Labs/MP-2/sw/TPG/zynq_fsbl/zynq_fsbl_bsp/system.mss
TRACE::2026-02-26.17:13:26::SCWPlatform::Trying to open the hw design at C:/Users/cihem/CPRE-488-Labs/MP-2/sw/TPG/hw/system_wrapper.xsa
TRACE::2026-02-26.17:13:26::SCWPlatform::DSA given C:/Users/cihem/CPRE-488-Labs/MP-2/sw/TPG/hw/system_wrapper.xsa
TRACE::2026-02-26.17:13:26::SCWPlatform::DSA absoulate path C:/Users/cihem/CPRE-488-Labs/MP-2/sw/TPG/hw/system_wrapper.xsa
TRACE::2026-02-26.17:13:26::SCWPlatform::DSA directory C:/Users/cihem/CPRE-488-Labs/MP-2/sw/TPG/hw
TRACE::2026-02-26.17:13:26::SCWPlatform:: Platform Path C:/Users/cihem/CPRE-488-Labs/MP-2/sw/TPG/hw/system_wrapper.xsa
TRACE::2026-02-26.17:13:26::SCWPlatform:: Unique name xilinx:zed::0.0
TRACE::2026-02-26.17:13:26::SCWPlatform::Trying to set the existing hwdb with name system_wrapper_1
TRACE::2026-02-26.17:13:26::SCWPlatform::Opened existing hwdb system_wrapper_1
TRACE::2026-02-26.17:13:26::SCWPlatform::Found the Hw Db part of the input DSA
TRACE::2026-02-26.17:13:26::SCWMssOS::Checking the sw design at  C:/Users/cihem/CPRE-488-Labs/MP-2/sw/TPG/ps7_cortexa9_0/standalone_domain/bsp/system.mss
TRACE::2026-02-26.17:13:26::SCWMssOS::DEBUG:  swdes dump  C:/Users/cihem/CPRE-488-Labs/MP-2/sw/TPG/ps7_cortexa9_0/standalone_domain/bsp/system.mss|system_0||
C:/Users/cihem/CPRE-488-Labs/MP-2/sw/TPG/zynq_fsbl/zynq_fsbl_bsp/system.mss|system||

TRACE::2026-02-26.17:13:26::SCWMssOS::Sw design exists and opened at  C:/Users/cihem/CPRE-488-Labs/MP-2/sw/TPG/ps7_cortexa9_0/standalone_domain/bsp/system.mss
TRACE::2026-02-26.17:13:26::SCWPlatform::Trying to open the hw design at C:/Users/cihem/CPRE-488-Labs/MP-2/sw/TPG/hw/system_wrapper.xsa
TRACE::2026-02-26.17:13:26::SCWPlatform::DSA given C:/Users/cihem/CPRE-488-Labs/MP-2/sw/TPG/hw/system_wrapper.xsa
TRACE::2026-02-26.17:13:26::SCWPlatform::DSA absoulate path C:/Users/cihem/CPRE-488-Labs/MP-2/sw/TPG/hw/system_wrapper.xsa
TRACE::2026-02-26.17:13:26::SCWPlatform::DSA directory C:/Users/cihem/CPRE-488-Labs/MP-2/sw/TPG/hw
TRACE::2026-02-26.17:13:26::SCWPlatform:: Platform Path C:/Users/cihem/CPRE-488-Labs/MP-2/sw/TPG/hw/system_wrapper.xsa
TRACE::2026-02-26.17:13:26::SCWPlatform:: Unique name xilinx:zed::0.0
TRACE::2026-02-26.17:13:26::SCWPlatform::Trying to set the existing hwdb with name system_wrapper_1
TRACE::2026-02-26.17:13:26::SCWPlatform::Opened existing hwdb system_wrapper_1
TRACE::2026-02-26.17:13:26::SCWPlatform::Found the Hw Db part of the input DSA
TRACE::2026-02-26.17:13:26::SCWMssOS::Checking the sw design at  C:/Users/cihem/CPRE-488-Labs/MP-2/sw/TPG/ps7_cortexa9_0/standalone_domain/bsp/system.mss
TRACE::2026-02-26.17:13:26::SCWMssOS::DEBUG:  swdes dump  C:/Users/cihem/CPRE-488-Labs/MP-2/sw/TPG/ps7_cortexa9_0/standalone_domain/bsp/system.mss|system_0||
C:/Users/cihem/CPRE-488-Labs/MP-2/sw/TPG/zynq_fsbl/zynq_fsbl_bsp/system.mss|system||

TRACE::2026-02-26.17:13:26::SCWMssOS::Sw design exists and opened at  C:/Users/cihem/CPRE-488-Labs/MP-2/sw/TPG/ps7_cortexa9_0/standalone_domain/bsp/system.mss
TRACE::2026-02-26.17:13:26::SCWPlatform::Trying to open the hw design at C:/Users/cihem/CPRE-488-Labs/MP-2/sw/TPG/hw/system_wrapper.xsa
TRACE::2026-02-26.17:13:26::SCWPlatform::DSA given C:/Users/cihem/CPRE-488-Labs/MP-2/sw/TPG/hw/system_wrapper.xsa
TRACE::2026-02-26.17:13:26::SCWPlatform::DSA absoulate path C:/Users/cihem/CPRE-488-Labs/MP-2/sw/TPG/hw/system_wrapper.xsa
TRACE::2026-02-26.17:13:26::SCWPlatform::DSA directory C:/Users/cihem/CPRE-488-Labs/MP-2/sw/TPG/hw
TRACE::2026-02-26.17:13:26::SCWPlatform:: Platform Path C:/Users/cihem/CPRE-488-Labs/MP-2/sw/TPG/hw/system_wrapper.xsa
TRACE::2026-02-26.17:13:26::SCWPlatform:: Unique name xilinx:zed::0.0
TRACE::2026-02-26.17:13:26::SCWPlatform::Trying to set the existing hwdb with name system_wrapper_1
TRACE::2026-02-26.17:13:26::SCWPlatform::Opened existing hwdb system_wrapper_1
TRACE::2026-02-26.17:13:26::SCWPlatform::Found the Hw Db part of the input DSA
TRACE::2026-02-26.17:13:26::SCWMssOS::Checking the sw design at  C:/Users/cihem/CPRE-488-Labs/MP-2/sw/TPG/ps7_cortexa9_0/standalone_domain/bsp/system.mss
TRACE::2026-02-26.17:13:26::SCWMssOS::DEBUG:  swdes dump  C:/Users/cihem/CPRE-488-Labs/MP-2/sw/TPG/ps7_cortexa9_0/standalone_domain/bsp/system.mss|system_0||
C:/Users/cihem/CPRE-488-Labs/MP-2/sw/TPG/zynq_fsbl/zynq_fsbl_bsp/system.mss|system||

TRACE::2026-02-26.17:13:26::SCWMssOS::Sw design exists and opened at  C:/Users/cihem/CPRE-488-Labs/MP-2/sw/TPG/ps7_cortexa9_0/standalone_domain/bsp/system.mss
TRACE::2026-02-26.17:13:26::SCWWriter::formatted JSON is {
	"platformName":	"TPG",
	"sprVersion":	"2.0",
	"mode":	"gui",
	"dsaType":	"Fixed",
	"platformDesc":	"TPG",
	"platHandOff":	"C:/Users/cihem/CPRE-488-Labs/MP-2/hw/MP-2/MP2.xpr/MP2/system_wrapper.xsa",
	"platIntHandOff":	"<platformDir>/hw/system_wrapper.xsa",
	"deviceType":	"zynq",
	"platIsPrebuiltAutogen":	"false",
	"platIsNoBootBsp":	"false",
	"platFsblTarget":	"ps7_cortexa9_0",
	"hasFsblMakeHasChanges":	"false",
	"hasPmufwMakeHasChanges":	"false",
	"fsblExtraCompilerFlags":	"-MMD -MP       -mcpu=cortex-a9 -mfpu=vfpv3 -mfloat-abi=hard ",
	"platPreBuiltFlag":	false,
	"platformSamplesDir":	"",
	"platActiveSys":	"TPG",
	"systems":	[{
			"systemName":	"TPG",
			"systemDesc":	"TPG",
			"sysIsBootAutoGen":	"true",
			"systemDispName":	"TPG",
			"sysActiveDom":	"standalone_domain",
			"sysDefaultDom":	"standalone_domain",
			"domains":	[{
					"domainName":	"zynq_fsbl",
					"domainDispName":	"zynq_fsbl",
					"domainDesc":	"FSBL Application BSP - Auto Generated.",
					"processors":	"ps7_cortexa9_0",
					"os":	"standalone",
					"sdxOs":	"standalone",
					"debugEnable":	"",
					"domRuntimes":	["cpp"],
					"swRepo":	"",
					"mssOsVer":	"7.2",
					"mssFile":	"",
					"md5Digest":	"05d23043c7eddd964a9d1d14b4675f65",
					"compatibleApp":	"zynq_fsbl",
					"domType":	"bootDomain",
					"appSettings":	{
						"appCompilerFlags":	"",
						"appLinkerFlags":	""
					},
					"addedLibs":	["xilffs:4.3", "xilrsa:1.6"],
					"libOptions":	{
						"libsContainingOptions":	[]
					},
					"prebuiltLibs":	{
						"prebuiltIncPath":	[],
						"prebuiltLibPath":	[]
					},
					"isolation":	{
					}
				}, {
					"domainName":	"standalone_domain",
					"domainDispName":	"standalone on ps7_cortexa9_0",
					"domainDesc":	"standalone_domain",
					"processors":	"ps7_cortexa9_0",
					"os":	"standalone",
					"sdxOs":	"standalone",
					"qemuArgs":	"C:/Xilinx/Vitis/2020.1/data/emulation/platforms/zynq/qemu/qemu_args.txt",
					"qemuData":	"C:/Xilinx/Vitis/2020.1/data/emulation/platforms/zynq/qemu/",
					"debugEnable":	"False",
					"domRuntimes":	["cpp"],
					"swRepo":	"",
					"mssOsVer":	"7.2",
					"mssFile":	"",
					"md5Digest":	"62f8c38c3ad11bbd3578bfcbefc1066c",
					"compatibleApp":	"",
					"domType":	"mssDomain",
					"appSettings":	{
						"appCompilerFlags":	"",
						"appLinkerFlags":	""
					},
					"addedLibs":	[],
					"libOptions":	{
						"libsContainingOptions":	[]
					},
					"prebuiltLibs":	{
						"prebuiltIncPath":	[],
						"prebuiltLibPath":	[]
					},
					"isolation":	{
					}
				}]
		}]
}
TRACE::2026-02-26.17:13:26::SCWMssOS::Saving the mss changes C:/Users/cihem/CPRE-488-Labs/MP-2/sw/TPG/zynq_fsbl/zynq_fsbl_bsp/system.mss
TRACE::2026-02-26.17:13:26::SCWMssOS::Found a swdesign opened with the mssfile.
TRACE::2026-02-26.17:13:26::SCWMssOS::Completed writemss as part of save.
TRACE::2026-02-26.17:13:26::SCWMssOS::Commit changes completed.
TRACE::2026-02-26.17:13:26::SCWMssOS::Saving the mss changes C:/Users/cihem/CPRE-488-Labs/MP-2/sw/TPG/ps7_cortexa9_0/standalone_domain/bsp/system.mss
TRACE::2026-02-26.17:13:26::SCWMssOS::Found a swdesign opened with the mssfile.
TRACE::2026-02-26.17:13:26::SCWMssOS::Completed writemss as part of save.
TRACE::2026-02-26.17:13:26::SCWMssOS::Commit changes completed.
TRACE::2026-02-26.17:13:26::SCWPlatform::Trying to open the hw design at C:/Users/cihem/CPRE-488-Labs/MP-2/sw/TPG/hw/system_wrapper.xsa
TRACE::2026-02-26.17:13:26::SCWPlatform::DSA given C:/Users/cihem/CPRE-488-Labs/MP-2/sw/TPG/hw/system_wrapper.xsa
TRACE::2026-02-26.17:13:26::SCWPlatform::DSA absoulate path C:/Users/cihem/CPRE-488-Labs/MP-2/sw/TPG/hw/system_wrapper.xsa
TRACE::2026-02-26.17:13:26::SCWPlatform::DSA directory C:/Users/cihem/CPRE-488-Labs/MP-2/sw/TPG/hw
TRACE::2026-02-26.17:13:26::SCWPlatform:: Platform Path C:/Users/cihem/CPRE-488-Labs/MP-2/sw/TPG/hw/system_wrapper.xsa
TRACE::2026-02-26.17:13:26::SCWPlatform:: Unique name xilinx:zed::0.0
TRACE::2026-02-26.17:13:26::SCWPlatform::Trying to set the existing hwdb with name system_wrapper_1
TRACE::2026-02-26.17:13:26::SCWPlatform::Opened existing hwdb system_wrapper_1
TRACE::2026-02-26.17:13:26::SCWPlatform::Found the Hw Db part of the input DSA
TRACE::2026-02-26.17:13:26::SCWMssOS::Checking the sw design at  C:/Users/cihem/CPRE-488-Labs/MP-2/sw/TPG/zynq_fsbl/zynq_fsbl_bsp/system.mss
TRACE::2026-02-26.17:13:26::SCWMssOS::DEBUG:  swdes dump  C:/Users/cihem/CPRE-488-Labs/MP-2/sw/TPG/ps7_cortexa9_0/standalone_domain/bsp/system.mss|system_0||
C:/Users/cihem/CPRE-488-Labs/MP-2/sw/TPG/zynq_fsbl/zynq_fsbl_bsp/system.mss|system||

TRACE::2026-02-26.17:13:26::SCWMssOS::Sw design exists and opened at  C:/Users/cihem/CPRE-488-Labs/MP-2/sw/TPG/zynq_fsbl/zynq_fsbl_bsp/system.mss
TRACE::2026-02-26.17:13:26::SCWPlatform::Trying to open the hw design at C:/Users/cihem/CPRE-488-Labs/MP-2/sw/TPG/hw/system_wrapper.xsa
TRACE::2026-02-26.17:13:26::SCWPlatform::DSA given C:/Users/cihem/CPRE-488-Labs/MP-2/sw/TPG/hw/system_wrapper.xsa
TRACE::2026-02-26.17:13:26::SCWPlatform::DSA absoulate path C:/Users/cihem/CPRE-488-Labs/MP-2/sw/TPG/hw/system_wrapper.xsa
TRACE::2026-02-26.17:13:26::SCWPlatform::DSA directory C:/Users/cihem/CPRE-488-Labs/MP-2/sw/TPG/hw
TRACE::2026-02-26.17:13:26::SCWPlatform:: Platform Path C:/Users/cihem/CPRE-488-Labs/MP-2/sw/TPG/hw/system_wrapper.xsa
TRACE::2026-02-26.17:13:26::SCWPlatform:: Unique name xilinx:zed::0.0
TRACE::2026-02-26.17:13:26::SCWPlatform::Trying to set the existing hwdb with name system_wrapper_1
TRACE::2026-02-26.17:13:26::SCWPlatform::Opened existing hwdb system_wrapper_1
TRACE::2026-02-26.17:13:26::SCWPlatform::Found the Hw Db part of the input DSA
TRACE::2026-02-26.17:13:26::SCWMssOS::Checking the sw design at  C:/Users/cihem/CPRE-488-Labs/MP-2/sw/TPG/zynq_fsbl/zynq_fsbl_bsp/system.mss
TRACE::2026-02-26.17:13:26::SCWMssOS::DEBUG:  swdes dump  C:/Users/cihem/CPRE-488-Labs/MP-2/sw/TPG/ps7_cortexa9_0/standalone_domain/bsp/system.mss|system_0||
C:/Users/cihem/CPRE-488-Labs/MP-2/sw/TPG/zynq_fsbl/zynq_fsbl_bsp/system.mss|system||

TRACE::2026-02-26.17:13:26::SCWMssOS::Sw design exists and opened at  C:/Users/cihem/CPRE-488-Labs/MP-2/sw/TPG/zynq_fsbl/zynq_fsbl_bsp/system.mss
TRACE::2026-02-26.17:13:26::SCWPlatform::Trying to open the hw design at C:/Users/cihem/CPRE-488-Labs/MP-2/sw/TPG/hw/system_wrapper.xsa
TRACE::2026-02-26.17:13:26::SCWPlatform::DSA given C:/Users/cihem/CPRE-488-Labs/MP-2/sw/TPG/hw/system_wrapper.xsa
TRACE::2026-02-26.17:13:26::SCWPlatform::DSA absoulate path C:/Users/cihem/CPRE-488-Labs/MP-2/sw/TPG/hw/system_wrapper.xsa
TRACE::2026-02-26.17:13:26::SCWPlatform::DSA directory C:/Users/cihem/CPRE-488-Labs/MP-2/sw/TPG/hw
TRACE::2026-02-26.17:13:26::SCWPlatform:: Platform Path C:/Users/cihem/CPRE-488-Labs/MP-2/sw/TPG/hw/system_wrapper.xsa
TRACE::2026-02-26.17:13:26::SCWPlatform:: Unique name xilinx:zed::0.0
TRACE::2026-02-26.17:13:26::SCWPlatform::Trying to set the existing hwdb with name system_wrapper_1
TRACE::2026-02-26.17:13:26::SCWPlatform::Opened existing hwdb system_wrapper_1
TRACE::2026-02-26.17:13:26::SCWPlatform::Found the Hw Db part of the input DSA
TRACE::2026-02-26.17:13:26::SCWMssOS::Checking the sw design at  C:/Users/cihem/CPRE-488-Labs/MP-2/sw/TPG/zynq_fsbl/zynq_fsbl_bsp/system.mss
TRACE::2026-02-26.17:13:26::SCWMssOS::DEBUG:  swdes dump  C:/Users/cihem/CPRE-488-Labs/MP-2/sw/TPG/ps7_cortexa9_0/standalone_domain/bsp/system.mss|system_0||
C:/Users/cihem/CPRE-488-Labs/MP-2/sw/TPG/zynq_fsbl/zynq_fsbl_bsp/system.mss|system||

TRACE::2026-02-26.17:13:26::SCWMssOS::Sw design exists and opened at  C:/Users/cihem/CPRE-488-Labs/MP-2/sw/TPG/zynq_fsbl/zynq_fsbl_bsp/system.mss
TRACE::2026-02-26.17:13:26::SCWPlatform::Trying to open the hw design at C:/Users/cihem/CPRE-488-Labs/MP-2/sw/TPG/hw/system_wrapper.xsa
TRACE::2026-02-26.17:13:26::SCWPlatform::DSA given C:/Users/cihem/CPRE-488-Labs/MP-2/sw/TPG/hw/system_wrapper.xsa
TRACE::2026-02-26.17:13:26::SCWPlatform::DSA absoulate path C:/Users/cihem/CPRE-488-Labs/MP-2/sw/TPG/hw/system_wrapper.xsa
TRACE::2026-02-26.17:13:26::SCWPlatform::DSA directory C:/Users/cihem/CPRE-488-Labs/MP-2/sw/TPG/hw
TRACE::2026-02-26.17:13:26::SCWPlatform:: Platform Path C:/Users/cihem/CPRE-488-Labs/MP-2/sw/TPG/hw/system_wrapper.xsa
TRACE::2026-02-26.17:13:26::SCWPlatform:: Unique name xilinx:zed::0.0
TRACE::2026-02-26.17:13:26::SCWPlatform::Trying to set the existing hwdb with name system_wrapper_1
TRACE::2026-02-26.17:13:26::SCWPlatform::Opened existing hwdb system_wrapper_1
TRACE::2026-02-26.17:13:26::SCWPlatform::Found the Hw Db part of the input DSA
TRACE::2026-02-26.17:13:26::SCWMssOS::Checking the sw design at  C:/Users/cihem/CPRE-488-Labs/MP-2/sw/TPG/ps7_cortexa9_0/standalone_domain/bsp/system.mss
TRACE::2026-02-26.17:13:26::SCWMssOS::DEBUG:  swdes dump  C:/Users/cihem/CPRE-488-Labs/MP-2/sw/TPG/ps7_cortexa9_0/standalone_domain/bsp/system.mss|system_0||
C:/Users/cihem/CPRE-488-Labs/MP-2/sw/TPG/zynq_fsbl/zynq_fsbl_bsp/system.mss|system||

TRACE::2026-02-26.17:13:26::SCWMssOS::Sw design exists and opened at  C:/Users/cihem/CPRE-488-Labs/MP-2/sw/TPG/ps7_cortexa9_0/standalone_domain/bsp/system.mss
TRACE::2026-02-26.17:13:26::SCWPlatform::Trying to open the hw design at C:/Users/cihem/CPRE-488-Labs/MP-2/sw/TPG/hw/system_wrapper.xsa
TRACE::2026-02-26.17:13:26::SCWPlatform::DSA given C:/Users/cihem/CPRE-488-Labs/MP-2/sw/TPG/hw/system_wrapper.xsa
TRACE::2026-02-26.17:13:26::SCWPlatform::DSA absoulate path C:/Users/cihem/CPRE-488-Labs/MP-2/sw/TPG/hw/system_wrapper.xsa
TRACE::2026-02-26.17:13:26::SCWPlatform::DSA directory C:/Users/cihem/CPRE-488-Labs/MP-2/sw/TPG/hw
TRACE::2026-02-26.17:13:26::SCWPlatform:: Platform Path C:/Users/cihem/CPRE-488-Labs/MP-2/sw/TPG/hw/system_wrapper.xsa
TRACE::2026-02-26.17:13:26::SCWPlatform:: Unique name xilinx:zed::0.0
TRACE::2026-02-26.17:13:26::SCWPlatform::Trying to set the existing hwdb with name system_wrapper_1
TRACE::2026-02-26.17:13:26::SCWPlatform::Opened existing hwdb system_wrapper_1
TRACE::2026-02-26.17:13:26::SCWPlatform::Found the Hw Db part of the input DSA
TRACE::2026-02-26.17:13:26::SCWMssOS::Checking the sw design at  C:/Users/cihem/CPRE-488-Labs/MP-2/sw/TPG/ps7_cortexa9_0/standalone_domain/bsp/system.mss
TRACE::2026-02-26.17:13:26::SCWMssOS::DEBUG:  swdes dump  C:/Users/cihem/CPRE-488-Labs/MP-2/sw/TPG/ps7_cortexa9_0/standalone_domain/bsp/system.mss|system_0||
C:/Users/cihem/CPRE-488-Labs/MP-2/sw/TPG/zynq_fsbl/zynq_fsbl_bsp/system.mss|system||

TRACE::2026-02-26.17:13:26::SCWMssOS::Sw design exists and opened at  C:/Users/cihem/CPRE-488-Labs/MP-2/sw/TPG/ps7_cortexa9_0/standalone_domain/bsp/system.mss
TRACE::2026-02-26.17:13:26::SCWPlatform::Trying to open the hw design at C:/Users/cihem/CPRE-488-Labs/MP-2/sw/TPG/hw/system_wrapper.xsa
TRACE::2026-02-26.17:13:26::SCWPlatform::DSA given C:/Users/cihem/CPRE-488-Labs/MP-2/sw/TPG/hw/system_wrapper.xsa
TRACE::2026-02-26.17:13:26::SCWPlatform::DSA absoulate path C:/Users/cihem/CPRE-488-Labs/MP-2/sw/TPG/hw/system_wrapper.xsa
TRACE::2026-02-26.17:13:26::SCWPlatform::DSA directory C:/Users/cihem/CPRE-488-Labs/MP-2/sw/TPG/hw
TRACE::2026-02-26.17:13:26::SCWPlatform:: Platform Path C:/Users/cihem/CPRE-488-Labs/MP-2/sw/TPG/hw/system_wrapper.xsa
TRACE::2026-02-26.17:13:26::SCWPlatform:: Unique name xilinx:zed::0.0
TRACE::2026-02-26.17:13:26::SCWPlatform::Trying to set the existing hwdb with name system_wrapper_1
TRACE::2026-02-26.17:13:26::SCWPlatform::Opened existing hwdb system_wrapper_1
TRACE::2026-02-26.17:13:26::SCWPlatform::Found the Hw Db part of the input DSA
TRACE::2026-02-26.17:13:26::SCWMssOS::Checking the sw design at  C:/Users/cihem/CPRE-488-Labs/MP-2/sw/TPG/ps7_cortexa9_0/standalone_domain/bsp/system.mss
TRACE::2026-02-26.17:13:26::SCWMssOS::DEBUG:  swdes dump  C:/Users/cihem/CPRE-488-Labs/MP-2/sw/TPG/ps7_cortexa9_0/standalone_domain/bsp/system.mss|system_0||
C:/Users/cihem/CPRE-488-Labs/MP-2/sw/TPG/zynq_fsbl/zynq_fsbl_bsp/system.mss|system||

TRACE::2026-02-26.17:13:26::SCWMssOS::Sw design exists and opened at  C:/Users/cihem/CPRE-488-Labs/MP-2/sw/TPG/ps7_cortexa9_0/standalone_domain/bsp/system.mss
TRACE::2026-02-26.17:13:26::SCWWriter::formatted JSON is {
	"platformName":	"TPG",
	"sprVersion":	"2.0",
	"mode":	"gui",
	"dsaType":	"Fixed",
	"platformDesc":	"TPG",
	"platHandOff":	"C:/Users/cihem/CPRE-488-Labs/MP-2/hw/MP-2/MP2.xpr/MP2/system_wrapper.xsa",
	"platIntHandOff":	"<platformDir>/hw/system_wrapper.xsa",
	"deviceType":	"zynq",
	"platIsPrebuiltAutogen":	"false",
	"platIsNoBootBsp":	"false",
	"platFsblTarget":	"ps7_cortexa9_0",
	"hasFsblMakeHasChanges":	"false",
	"hasPmufwMakeHasChanges":	"false",
	"fsblExtraCompilerFlags":	"-MMD -MP       -mcpu=cortex-a9 -mfpu=vfpv3 -mfloat-abi=hard ",
	"platPreBuiltFlag":	false,
	"platformSamplesDir":	"",
	"platActiveSys":	"TPG",
	"systems":	[{
			"systemName":	"TPG",
			"systemDesc":	"TPG",
			"sysIsBootAutoGen":	"true",
			"systemDispName":	"TPG",
			"sysActiveDom":	"standalone_domain",
			"sysDefaultDom":	"standalone_domain",
			"domains":	[{
					"domainName":	"zynq_fsbl",
					"domainDispName":	"zynq_fsbl",
					"domainDesc":	"FSBL Application BSP - Auto Generated.",
					"processors":	"ps7_cortexa9_0",
					"os":	"standalone",
					"sdxOs":	"standalone",
					"debugEnable":	"",
					"domRuntimes":	["cpp"],
					"swRepo":	"",
					"mssOsVer":	"7.2",
					"mssFile":	"",
					"md5Digest":	"05d23043c7eddd964a9d1d14b4675f65",
					"compatibleApp":	"zynq_fsbl",
					"domType":	"bootDomain",
					"appSettings":	{
						"appCompilerFlags":	"",
						"appLinkerFlags":	""
					},
					"addedLibs":	["xilffs:4.3", "xilrsa:1.6"],
					"libOptions":	{
						"libsContainingOptions":	[]
					},
					"prebuiltLibs":	{
						"prebuiltIncPath":	[],
						"prebuiltLibPath":	[]
					},
					"isolation":	{
					}
				}, {
					"domainName":	"standalone_domain",
					"domainDispName":	"standalone on ps7_cortexa9_0",
					"domainDesc":	"standalone_domain",
					"processors":	"ps7_cortexa9_0",
					"os":	"standalone",
					"sdxOs":	"standalone",
					"qemuArgs":	"C:/Xilinx/Vitis/2020.1/data/emulation/platforms/zynq/qemu/qemu_args.txt",
					"qemuData":	"C:/Xilinx/Vitis/2020.1/data/emulation/platforms/zynq/qemu/",
					"debugEnable":	"False",
					"domRuntimes":	["cpp"],
					"swRepo":	"",
					"mssOsVer":	"7.2",
					"mssFile":	"",
					"md5Digest":	"62f8c38c3ad11bbd3578bfcbefc1066c",
					"compatibleApp":	"",
					"domType":	"mssDomain",
					"appSettings":	{
						"appCompilerFlags":	"",
						"appLinkerFlags":	""
					},
					"addedLibs":	[],
					"libOptions":	{
						"libsContainingOptions":	[]
					},
					"prebuiltLibs":	{
						"prebuiltIncPath":	[],
						"prebuiltLibPath":	[]
					},
					"isolation":	{
					}
				}]
		}]
}
TRACE::2026-02-26.17:13:27::SCWPlatform::Clearing the existing platform
TRACE::2026-02-26.17:13:27::SCWSystem::Clearing the existing sysconfig
TRACE::2026-02-26.17:13:27::SCWBDomain::clearing the fsbl build
TRACE::2026-02-26.17:13:27::SCWMssOS::Removing the swdes entry for  C:/Users/cihem/CPRE-488-Labs/MP-2/sw/TPG/zynq_fsbl/zynq_fsbl_bsp/system.mss
TRACE::2026-02-26.17:13:27::SCWMssOS::Removing the swdes entry for  C:/Users/cihem/CPRE-488-Labs/MP-2/sw/TPG/ps7_cortexa9_0/standalone_domain/bsp/system.mss
TRACE::2026-02-26.17:13:27::SCWSystem::Clearing the domains completed.
TRACE::2026-02-26.17:13:27::SCWPlatform::Clearing the opened hw db.
TRACE::2026-02-26.17:13:27::SCWPlatform::DSA given C:/Users/cihem/CPRE-488-Labs/MP-2/sw/TPG/hw/system_wrapper.xsa
TRACE::2026-02-26.17:13:27::SCWPlatform::DSA absoulate path C:/Users/cihem/CPRE-488-Labs/MP-2/sw/TPG/hw/system_wrapper.xsa
TRACE::2026-02-26.17:13:27::SCWPlatform:: Platform location is C:/Users/cihem/CPRE-488-Labs/MP-2/sw/TPG/hw
TRACE::2026-02-26.17:13:27::SCWPlatform:: Platform Path C:/Users/cihem/CPRE-488-Labs/MP-2/sw/TPG/hw/system_wrapper.xsa
TRACE::2026-02-26.17:13:27::SCWPlatform:: Unique name xilinx:zed::0.0
TRACE::2026-02-26.17:13:27::SCWPlatform::Removing the HwDB with name C:/Users/cihem/CPRE-488-Labs/MP-2/sw/TPG/hw/system_wrapper.xsa
TRACE::2026-02-26.17:13:27::SCWPlatform::Trying to open the hw design at C:/Users/cihem/CPRE-488-Labs/MP-2/sw/TPG/hw/system_wrapper.xsa
TRACE::2026-02-26.17:13:27::SCWPlatform::DSA given C:/Users/cihem/CPRE-488-Labs/MP-2/sw/TPG/hw/system_wrapper.xsa
TRACE::2026-02-26.17:13:27::SCWPlatform::DSA absoulate path C:/Users/cihem/CPRE-488-Labs/MP-2/sw/TPG/hw/system_wrapper.xsa
TRACE::2026-02-26.17:13:27::SCWPlatform::DSA directory C:/Users/cihem/CPRE-488-Labs/MP-2/sw/TPG/hw
TRACE::2026-02-26.17:13:27::SCWPlatform:: Platform Path C:/Users/cihem/CPRE-488-Labs/MP-2/sw/TPG/hw/system_wrapper.xsa
TRACE::2026-02-26.17:13:27::SCWPlatform:: Unique name xilinx:zed::0.0
TRACE::2026-02-26.17:13:27::SCWPlatform::Do not have an existing db opened. 
TRACE::2026-02-26.17:13:29::SCWPlatform::Opened new HwDB with name system_wrapper_2
TRACE::2026-02-26.17:13:29::SCWReader::Active system found as  TPG
TRACE::2026-02-26.17:13:29::SCWReader::Handling sysconfig TPG
TRACE::2026-02-26.17:13:29::SCWDomain::checking for install qemu data   : 
TRACE::2026-02-26.17:13:29::SCWDomain:: Using the QEMU Data from install at  : C:/Xilinx/Vitis/2020.1/data/emulation/platforms/zynq/qemu/
TRACE::2026-02-26.17:13:29::SCWDomain:: Using the QEMU args  from install at  : C:/Xilinx/Vitis/2020.1/data/emulation/platforms/zynq/qemu/qemu_args.txt
TRACE::2026-02-26.17:13:29::SCWPlatform::Trying to open the hw design at C:/Users/cihem/CPRE-488-Labs/MP-2/sw/TPG/hw/system_wrapper.xsa
TRACE::2026-02-26.17:13:29::SCWPlatform::DSA given C:/Users/cihem/CPRE-488-Labs/MP-2/sw/TPG/hw/system_wrapper.xsa
TRACE::2026-02-26.17:13:29::SCWPlatform::DSA absoulate path C:/Users/cihem/CPRE-488-Labs/MP-2/sw/TPG/hw/system_wrapper.xsa
TRACE::2026-02-26.17:13:29::SCWPlatform::DSA directory C:/Users/cihem/CPRE-488-Labs/MP-2/sw/TPG/hw
TRACE::2026-02-26.17:13:29::SCWPlatform:: Platform Path C:/Users/cihem/CPRE-488-Labs/MP-2/sw/TPG/hw/system_wrapper.xsa
TRACE::2026-02-26.17:13:29::SCWPlatform:: Unique name xilinx:zed::0.0
TRACE::2026-02-26.17:13:29::SCWPlatform::Trying to set the existing hwdb with name system_wrapper_2
TRACE::2026-02-26.17:13:29::SCWPlatform::Opened existing hwdb system_wrapper_2
TRACE::2026-02-26.17:13:29::SCWPlatform::Found the Hw Db part of the input DSA
TRACE::2026-02-26.17:13:29::SCWPlatform::Trying to open the hw design at C:/Users/cihem/CPRE-488-Labs/MP-2/sw/TPG/hw/system_wrapper.xsa
TRACE::2026-02-26.17:13:29::SCWPlatform::DSA given C:/Users/cihem/CPRE-488-Labs/MP-2/sw/TPG/hw/system_wrapper.xsa
TRACE::2026-02-26.17:13:29::SCWPlatform::DSA absoulate path C:/Users/cihem/CPRE-488-Labs/MP-2/sw/TPG/hw/system_wrapper.xsa
TRACE::2026-02-26.17:13:29::SCWPlatform::DSA directory C:/Users/cihem/CPRE-488-Labs/MP-2/sw/TPG/hw
TRACE::2026-02-26.17:13:29::SCWPlatform:: Platform Path C:/Users/cihem/CPRE-488-Labs/MP-2/sw/TPG/hw/system_wrapper.xsa
TRACE::2026-02-26.17:13:29::SCWPlatform:: Unique name xilinx:zed::0.0
TRACE::2026-02-26.17:13:29::SCWPlatform::Trying to set the existing hwdb with name system_wrapper_2
TRACE::2026-02-26.17:13:29::SCWPlatform::Opened existing hwdb system_wrapper_2
TRACE::2026-02-26.17:13:29::SCWPlatform::Found the Hw Db part of the input DSA
TRACE::2026-02-26.17:13:29::SCWPlatform::Trying to open the hw design at C:/Users/cihem/CPRE-488-Labs/MP-2/sw/TPG/hw/system_wrapper.xsa
TRACE::2026-02-26.17:13:29::SCWPlatform::DSA given C:/Users/cihem/CPRE-488-Labs/MP-2/sw/TPG/hw/system_wrapper.xsa
TRACE::2026-02-26.17:13:29::SCWPlatform::DSA absoulate path C:/Users/cihem/CPRE-488-Labs/MP-2/sw/TPG/hw/system_wrapper.xsa
TRACE::2026-02-26.17:13:29::SCWPlatform::DSA directory C:/Users/cihem/CPRE-488-Labs/MP-2/sw/TPG/hw
TRACE::2026-02-26.17:13:29::SCWPlatform:: Platform Path C:/Users/cihem/CPRE-488-Labs/MP-2/sw/TPG/hw/system_wrapper.xsa
TRACE::2026-02-26.17:13:29::SCWPlatform:: Unique name xilinx:zed::0.0
TRACE::2026-02-26.17:13:29::SCWPlatform::Trying to set the existing hwdb with name system_wrapper_2
TRACE::2026-02-26.17:13:29::SCWPlatform::Opened existing hwdb system_wrapper_2
TRACE::2026-02-26.17:13:29::SCWPlatform::Found the Hw Db part of the input DSA
TRACE::2026-02-26.17:13:29::SCWReader::Boot application domain added for zynq_fsbl
TRACE::2026-02-26.17:13:29::SCWPlatform::Trying to open the hw design at C:/Users/cihem/CPRE-488-Labs/MP-2/sw/TPG/hw/system_wrapper.xsa
TRACE::2026-02-26.17:13:29::SCWPlatform::DSA given C:/Users/cihem/CPRE-488-Labs/MP-2/sw/TPG/hw/system_wrapper.xsa
TRACE::2026-02-26.17:13:29::SCWPlatform::DSA absoulate path C:/Users/cihem/CPRE-488-Labs/MP-2/sw/TPG/hw/system_wrapper.xsa
TRACE::2026-02-26.17:13:29::SCWPlatform::DSA directory C:/Users/cihem/CPRE-488-Labs/MP-2/sw/TPG/hw
TRACE::2026-02-26.17:13:29::SCWPlatform:: Platform Path C:/Users/cihem/CPRE-488-Labs/MP-2/sw/TPG/hw/system_wrapper.xsa
TRACE::2026-02-26.17:13:29::SCWPlatform:: Unique name xilinx:zed::0.0
TRACE::2026-02-26.17:13:29::SCWPlatform::Trying to set the existing hwdb with name system_wrapper_2
TRACE::2026-02-26.17:13:29::SCWPlatform::Opened existing hwdb system_wrapper_2
TRACE::2026-02-26.17:13:29::SCWPlatform::Found the Hw Db part of the input DSA
TRACE::2026-02-26.17:13:29::SCWMssOS::Checking the sw design at  C:/Users/cihem/CPRE-488-Labs/MP-2/sw/TPG/zynq_fsbl/zynq_fsbl_bsp/system.mss
TRACE::2026-02-26.17:13:29::SCWMssOS::DEBUG:  swdes dump  
TRACE::2026-02-26.17:13:29::SCWMssOS::No sw design opened at  C:/Users/cihem/CPRE-488-Labs/MP-2/sw/TPG/zynq_fsbl/zynq_fsbl_bsp/system.mss
TRACE::2026-02-26.17:13:29::SCWMssOS::mss exists loading the mss file  C:/Users/cihem/CPRE-488-Labs/MP-2/sw/TPG/zynq_fsbl/zynq_fsbl_bsp/system.mss
TRACE::2026-02-26.17:13:29::SCWMssOS::Opened the sw design from mss  C:/Users/cihem/CPRE-488-Labs/MP-2/sw/TPG/zynq_fsbl/zynq_fsbl_bsp/system.mss
TRACE::2026-02-26.17:13:29::SCWMssOS::Adding the swdes entry C:/Users/cihem/CPRE-488-Labs/MP-2/sw/TPG/zynq_fsbl/zynq_fsbl_bsp/system.mss with des name system
TRACE::2026-02-26.17:13:29::SCWMssOS::updating the scw layer about changes
TRACE::2026-02-26.17:13:29::SCWMssOS::Opened the sw design.  C:/Users/cihem/CPRE-488-Labs/MP-2/sw/TPG/zynq_fsbl/zynq_fsbl_bsp/system.mss
TRACE::2026-02-26.17:13:29::SCWPlatform::Trying to open the hw design at C:/Users/cihem/CPRE-488-Labs/MP-2/sw/TPG/hw/system_wrapper.xsa
TRACE::2026-02-26.17:13:29::SCWPlatform::DSA given C:/Users/cihem/CPRE-488-Labs/MP-2/sw/TPG/hw/system_wrapper.xsa
TRACE::2026-02-26.17:13:29::SCWPlatform::DSA absoulate path C:/Users/cihem/CPRE-488-Labs/MP-2/sw/TPG/hw/system_wrapper.xsa
TRACE::2026-02-26.17:13:29::SCWPlatform::DSA directory C:/Users/cihem/CPRE-488-Labs/MP-2/sw/TPG/hw
TRACE::2026-02-26.17:13:29::SCWPlatform:: Platform Path C:/Users/cihem/CPRE-488-Labs/MP-2/sw/TPG/hw/system_wrapper.xsa
TRACE::2026-02-26.17:13:29::SCWPlatform:: Unique name xilinx:zed::0.0
TRACE::2026-02-26.17:13:29::SCWPlatform::Trying to set the existing hwdb with name system_wrapper_2
TRACE::2026-02-26.17:13:29::SCWPlatform::Opened existing hwdb system_wrapper_2
TRACE::2026-02-26.17:13:29::SCWPlatform::Found the Hw Db part of the input DSA
TRACE::2026-02-26.17:13:29::SCWMssOS::Checking the sw design at  C:/Users/cihem/CPRE-488-Labs/MP-2/sw/TPG/zynq_fsbl/zynq_fsbl_bsp/system.mss
TRACE::2026-02-26.17:13:29::SCWMssOS::DEBUG:  swdes dump  C:/Users/cihem/CPRE-488-Labs/MP-2/sw/TPG/zynq_fsbl/zynq_fsbl_bsp/system.mss|system||

TRACE::2026-02-26.17:13:29::SCWMssOS::Sw design exists and opened at  C:/Users/cihem/CPRE-488-Labs/MP-2/sw/TPG/zynq_fsbl/zynq_fsbl_bsp/system.mss
TRACE::2026-02-26.17:13:29::SCWMssOS:: library already available in sw design:  xilffs:4.3
TRACE::2026-02-26.17:13:29::SCWPlatform::Trying to open the hw design at C:/Users/cihem/CPRE-488-Labs/MP-2/sw/TPG/hw/system_wrapper.xsa
TRACE::2026-02-26.17:13:29::SCWPlatform::DSA given C:/Users/cihem/CPRE-488-Labs/MP-2/sw/TPG/hw/system_wrapper.xsa
TRACE::2026-02-26.17:13:29::SCWPlatform::DSA absoulate path C:/Users/cihem/CPRE-488-Labs/MP-2/sw/TPG/hw/system_wrapper.xsa
TRACE::2026-02-26.17:13:29::SCWPlatform::DSA directory C:/Users/cihem/CPRE-488-Labs/MP-2/sw/TPG/hw
TRACE::2026-02-26.17:13:29::SCWPlatform:: Platform Path C:/Users/cihem/CPRE-488-Labs/MP-2/sw/TPG/hw/system_wrapper.xsa
TRACE::2026-02-26.17:13:29::SCWPlatform:: Unique name xilinx:zed::0.0
TRACE::2026-02-26.17:13:29::SCWPlatform::Trying to set the existing hwdb with name system_wrapper_2
TRACE::2026-02-26.17:13:29::SCWPlatform::Opened existing hwdb system_wrapper_2
TRACE::2026-02-26.17:13:29::SCWPlatform::Found the Hw Db part of the input DSA
TRACE::2026-02-26.17:13:29::SCWMssOS::Checking the sw design at  C:/Users/cihem/CPRE-488-Labs/MP-2/sw/TPG/zynq_fsbl/zynq_fsbl_bsp/system.mss
TRACE::2026-02-26.17:13:29::SCWMssOS::DEBUG:  swdes dump  C:/Users/cihem/CPRE-488-Labs/MP-2/sw/TPG/zynq_fsbl/zynq_fsbl_bsp/system.mss|system||

TRACE::2026-02-26.17:13:29::SCWMssOS::Sw design exists and opened at  C:/Users/cihem/CPRE-488-Labs/MP-2/sw/TPG/zynq_fsbl/zynq_fsbl_bsp/system.mss
TRACE::2026-02-26.17:13:29::SCWMssOS:: library already available in sw design:  xilrsa:1.6
TRACE::2026-02-26.17:13:29::SCWMssOS::Saving the mss changes C:/Users/cihem/CPRE-488-Labs/MP-2/sw/TPG/zynq_fsbl/zynq_fsbl_bsp/system.mss
TRACE::2026-02-26.17:13:29::SCWMssOS::Found a swdesign opened with the mssfile.
TRACE::2026-02-26.17:13:29::SCWMssOS::Completed writemss as part of save.
TRACE::2026-02-26.17:13:29::SCWMssOS::Commit changes completed.
TRACE::2026-02-26.17:13:29::SCWReader::Adding prebuilt librarypaths as   
TRACE::2026-02-26.17:13:29::SCWReader::Adding prebuilt incpaths  as   
TRACE::2026-02-26.17:13:29::SCWPlatform::Trying to open the hw design at C:/Users/cihem/CPRE-488-Labs/MP-2/sw/TPG/hw/system_wrapper.xsa
TRACE::2026-02-26.17:13:29::SCWPlatform::DSA given C:/Users/cihem/CPRE-488-Labs/MP-2/sw/TPG/hw/system_wrapper.xsa
TRACE::2026-02-26.17:13:29::SCWPlatform::DSA absoulate path C:/Users/cihem/CPRE-488-Labs/MP-2/sw/TPG/hw/system_wrapper.xsa
TRACE::2026-02-26.17:13:29::SCWPlatform::DSA directory C:/Users/cihem/CPRE-488-Labs/MP-2/sw/TPG/hw
TRACE::2026-02-26.17:13:29::SCWPlatform:: Platform Path C:/Users/cihem/CPRE-488-Labs/MP-2/sw/TPG/hw/system_wrapper.xsa
TRACE::2026-02-26.17:13:29::SCWPlatform:: Unique name xilinx:zed::0.0
TRACE::2026-02-26.17:13:29::SCWPlatform::Trying to set the existing hwdb with name system_wrapper_2
TRACE::2026-02-26.17:13:29::SCWPlatform::Opened existing hwdb system_wrapper_2
TRACE::2026-02-26.17:13:29::SCWPlatform::Found the Hw Db part of the input DSA
TRACE::2026-02-26.17:13:29::SCWMssOS::Checking the sw design at  C:/Users/cihem/CPRE-488-Labs/MP-2/sw/TPG/zynq_fsbl/zynq_fsbl_bsp/system.mss
TRACE::2026-02-26.17:13:29::SCWMssOS::DEBUG:  swdes dump  C:/Users/cihem/CPRE-488-Labs/MP-2/sw/TPG/zynq_fsbl/zynq_fsbl_bsp/system.mss|system||

TRACE::2026-02-26.17:13:29::SCWMssOS::Sw design exists and opened at  C:/Users/cihem/CPRE-488-Labs/MP-2/sw/TPG/zynq_fsbl/zynq_fsbl_bsp/system.mss
TRACE::2026-02-26.17:13:29::SCWReader::No isolation master present  
TRACE::2026-02-26.17:13:29::SCWDomain::checking for install qemu data   : 
TRACE::2026-02-26.17:13:29::SCWDomain:: Using the QEMU Data from install at  : C:/Xilinx/Vitis/2020.1/data/emulation/platforms/zynq/qemu/
TRACE::2026-02-26.17:13:29::SCWDomain:: Using the QEMU args  from install at  : C:/Xilinx/Vitis/2020.1/data/emulation/platforms/zynq/qemu/qemu_args.txt
TRACE::2026-02-26.17:13:29::SCWPlatform::Trying to open the hw design at C:/Users/cihem/CPRE-488-Labs/MP-2/sw/TPG/hw/system_wrapper.xsa
TRACE::2026-02-26.17:13:29::SCWPlatform::DSA given C:/Users/cihem/CPRE-488-Labs/MP-2/sw/TPG/hw/system_wrapper.xsa
TRACE::2026-02-26.17:13:29::SCWPlatform::DSA absoulate path C:/Users/cihem/CPRE-488-Labs/MP-2/sw/TPG/hw/system_wrapper.xsa
TRACE::2026-02-26.17:13:29::SCWPlatform::DSA directory C:/Users/cihem/CPRE-488-Labs/MP-2/sw/TPG/hw
TRACE::2026-02-26.17:13:29::SCWPlatform:: Platform Path C:/Users/cihem/CPRE-488-Labs/MP-2/sw/TPG/hw/system_wrapper.xsa
TRACE::2026-02-26.17:13:29::SCWPlatform:: Unique name xilinx:zed::0.0
TRACE::2026-02-26.17:13:29::SCWPlatform::Trying to set the existing hwdb with name system_wrapper_2
TRACE::2026-02-26.17:13:29::SCWPlatform::Opened existing hwdb system_wrapper_2
TRACE::2026-02-26.17:13:29::SCWPlatform::Found the Hw Db part of the input DSA
TRACE::2026-02-26.17:13:29::SCWPlatform::Trying to open the hw design at C:/Users/cihem/CPRE-488-Labs/MP-2/sw/TPG/hw/system_wrapper.xsa
TRACE::2026-02-26.17:13:29::SCWPlatform::DSA given C:/Users/cihem/CPRE-488-Labs/MP-2/sw/TPG/hw/system_wrapper.xsa
TRACE::2026-02-26.17:13:29::SCWPlatform::DSA absoulate path C:/Users/cihem/CPRE-488-Labs/MP-2/sw/TPG/hw/system_wrapper.xsa
TRACE::2026-02-26.17:13:29::SCWPlatform::DSA directory C:/Users/cihem/CPRE-488-Labs/MP-2/sw/TPG/hw
TRACE::2026-02-26.17:13:29::SCWPlatform:: Platform Path C:/Users/cihem/CPRE-488-Labs/MP-2/sw/TPG/hw/system_wrapper.xsa
TRACE::2026-02-26.17:13:29::SCWPlatform:: Unique name xilinx:zed::0.0
TRACE::2026-02-26.17:13:29::SCWPlatform::Trying to set the existing hwdb with name system_wrapper_2
TRACE::2026-02-26.17:13:29::SCWPlatform::Opened existing hwdb system_wrapper_2
TRACE::2026-02-26.17:13:29::SCWPlatform::Found the Hw Db part of the input DSA
TRACE::2026-02-26.17:13:29::SCWPlatform::Trying to open the hw design at C:/Users/cihem/CPRE-488-Labs/MP-2/sw/TPG/hw/system_wrapper.xsa
TRACE::2026-02-26.17:13:29::SCWPlatform::DSA given C:/Users/cihem/CPRE-488-Labs/MP-2/sw/TPG/hw/system_wrapper.xsa
TRACE::2026-02-26.17:13:29::SCWPlatform::DSA absoulate path C:/Users/cihem/CPRE-488-Labs/MP-2/sw/TPG/hw/system_wrapper.xsa
TRACE::2026-02-26.17:13:29::SCWPlatform::DSA directory C:/Users/cihem/CPRE-488-Labs/MP-2/sw/TPG/hw
TRACE::2026-02-26.17:13:29::SCWPlatform:: Platform Path C:/Users/cihem/CPRE-488-Labs/MP-2/sw/TPG/hw/system_wrapper.xsa
TRACE::2026-02-26.17:13:29::SCWPlatform:: Unique name xilinx:zed::0.0
TRACE::2026-02-26.17:13:29::SCWPlatform::Trying to set the existing hwdb with name system_wrapper_2
TRACE::2026-02-26.17:13:29::SCWPlatform::Opened existing hwdb system_wrapper_2
TRACE::2026-02-26.17:13:29::SCWPlatform::Found the Hw Db part of the input DSA
TRACE::2026-02-26.17:13:29::SCWMssOS::Checking the sw design at  C:/Users/cihem/CPRE-488-Labs/MP-2/sw/TPG/ps7_cortexa9_0/standalone_domain/bsp/system.mss
TRACE::2026-02-26.17:13:29::SCWMssOS::DEBUG:  swdes dump  C:/Users/cihem/CPRE-488-Labs/MP-2/sw/TPG/zynq_fsbl/zynq_fsbl_bsp/system.mss|system||

TRACE::2026-02-26.17:13:29::SCWMssOS::No sw design opened at  C:/Users/cihem/CPRE-488-Labs/MP-2/sw/TPG/ps7_cortexa9_0/standalone_domain/bsp/system.mss
TRACE::2026-02-26.17:13:29::SCWMssOS::mss exists loading the mss file  C:/Users/cihem/CPRE-488-Labs/MP-2/sw/TPG/ps7_cortexa9_0/standalone_domain/bsp/system.mss
TRACE::2026-02-26.17:13:29::SCWMssOS::Opened the sw design from mss  C:/Users/cihem/CPRE-488-Labs/MP-2/sw/TPG/ps7_cortexa9_0/standalone_domain/bsp/system.mss
TRACE::2026-02-26.17:13:29::SCWMssOS::Adding the swdes entry C:/Users/cihem/CPRE-488-Labs/MP-2/sw/TPG/ps7_cortexa9_0/standalone_domain/bsp/system.mss with des name system_0
TRACE::2026-02-26.17:13:29::SCWMssOS::updating the scw layer about changes
TRACE::2026-02-26.17:13:29::SCWMssOS::Opened the sw design.  C:/Users/cihem/CPRE-488-Labs/MP-2/sw/TPG/ps7_cortexa9_0/standalone_domain/bsp/system.mss
TRACE::2026-02-26.17:13:29::SCWMssOS::Saving the mss changes C:/Users/cihem/CPRE-488-Labs/MP-2/sw/TPG/ps7_cortexa9_0/standalone_domain/bsp/system.mss
TRACE::2026-02-26.17:13:29::SCWMssOS::Found a swdesign opened with the mssfile.
TRACE::2026-02-26.17:13:29::SCWMssOS::Completed writemss as part of save.
TRACE::2026-02-26.17:13:29::SCWMssOS::Commit changes completed.
TRACE::2026-02-26.17:13:29::SCWReader::Adding prebuilt librarypaths as   
TRACE::2026-02-26.17:13:29::SCWReader::Adding prebuilt incpaths  as   
TRACE::2026-02-26.17:13:29::SCWPlatform::Trying to open the hw design at C:/Users/cihem/CPRE-488-Labs/MP-2/sw/TPG/hw/system_wrapper.xsa
TRACE::2026-02-26.17:13:29::SCWPlatform::DSA given C:/Users/cihem/CPRE-488-Labs/MP-2/sw/TPG/hw/system_wrapper.xsa
TRACE::2026-02-26.17:13:29::SCWPlatform::DSA absoulate path C:/Users/cihem/CPRE-488-Labs/MP-2/sw/TPG/hw/system_wrapper.xsa
TRACE::2026-02-26.17:13:29::SCWPlatform::DSA directory C:/Users/cihem/CPRE-488-Labs/MP-2/sw/TPG/hw
TRACE::2026-02-26.17:13:29::SCWPlatform:: Platform Path C:/Users/cihem/CPRE-488-Labs/MP-2/sw/TPG/hw/system_wrapper.xsa
TRACE::2026-02-26.17:13:29::SCWPlatform:: Unique name xilinx:zed::0.0
TRACE::2026-02-26.17:13:29::SCWPlatform::Trying to set the existing hwdb with name system_wrapper_2
TRACE::2026-02-26.17:13:29::SCWPlatform::Opened existing hwdb system_wrapper_2
TRACE::2026-02-26.17:13:29::SCWPlatform::Found the Hw Db part of the input DSA
TRACE::2026-02-26.17:13:29::SCWMssOS::Checking the sw design at  C:/Users/cihem/CPRE-488-Labs/MP-2/sw/TPG/ps7_cortexa9_0/standalone_domain/bsp/system.mss
TRACE::2026-02-26.17:13:29::SCWMssOS::DEBUG:  swdes dump  C:/Users/cihem/CPRE-488-Labs/MP-2/sw/TPG/ps7_cortexa9_0/standalone_domain/bsp/system.mss|system_0||
C:/Users/cihem/CPRE-488-Labs/MP-2/sw/TPG/zynq_fsbl/zynq_fsbl_bsp/system.mss|system||

TRACE::2026-02-26.17:13:29::SCWMssOS::Sw design exists and opened at  C:/Users/cihem/CPRE-488-Labs/MP-2/sw/TPG/ps7_cortexa9_0/standalone_domain/bsp/system.mss
TRACE::2026-02-26.17:13:29::SCWReader::No isolation master present  
TRACE::2026-02-26.17:20:10::SCWBDomain::System Command Ran  C:&  cd  C:/Users/cihem/CPRE-488-Labs/MP-2/sw/TPG/zynq_fsbl & make clean
TRACE::2026-02-26.17:20:10::SCWBDomain::rm -rf  sd.o  nand.o  nor.o  image_mover.o  md5.o  fsbl_hooks.o  main.o  rsa.o  qspi.o  ps7_init.o  pcap.o  fsbl_handoff.o zynq
TRACE::2026-02-26.17:20:10::SCWBDomain::_fsbl_bsp/ps7_cortexa9_0/lib/libxil.a executable.elf *.o

ERROR::2026-02-26.17:20:10::SCWSystem::Error in Processing the domain zynq_fsbl
LOG::2026-02-26.17:20:19::SCWPlatform::Started generating the artifacts platform TPG
TRACE::2026-02-26.17:20:19::SCWPlatform::Sanity checking of platform is completed
LOG::2026-02-26.17:20:19::SCWPlatform::Started generating the artifacts for system configuration TPG
LOG::2026-02-26.17:20:19::SCWSystem::Checking the domain zynq_fsbl
LOG::2026-02-26.17:20:19::SCWSystem::Doing application build for :  zynq_fsbl
TRACE::2026-02-26.17:20:19::SCWBDomain::Not a forced makefile updation, No changes are present. 
TRACE::2026-02-26.17:20:19::SCWDomain::Building the domain as part of full build :  zynq_fsbl
TRACE::2026-02-26.17:20:19::SCWPlatform::Trying to open the hw design at C:/Users/cihem/CPRE-488-Labs/MP-2/sw/TPG/hw/system_wrapper.xsa
TRACE::2026-02-26.17:20:19::SCWPlatform::DSA given C:/Users/cihem/CPRE-488-Labs/MP-2/sw/TPG/hw/system_wrapper.xsa
TRACE::2026-02-26.17:20:19::SCWPlatform::DSA absoulate path C:/Users/cihem/CPRE-488-Labs/MP-2/sw/TPG/hw/system_wrapper.xsa
TRACE::2026-02-26.17:20:19::SCWPlatform::DSA directory C:/Users/cihem/CPRE-488-Labs/MP-2/sw/TPG/hw
TRACE::2026-02-26.17:20:19::SCWPlatform:: Platform Path C:/Users/cihem/CPRE-488-Labs/MP-2/sw/TPG/hw/system_wrapper.xsa
TRACE::2026-02-26.17:20:19::SCWPlatform:: Unique name xilinx:zed::0.0
TRACE::2026-02-26.17:20:19::SCWPlatform::Trying to set the existing hwdb with name system_wrapper_2
TRACE::2026-02-26.17:20:19::SCWPlatform::Opened existing hwdb system_wrapper_2
TRACE::2026-02-26.17:20:19::SCWPlatform::Found the Hw Db part of the input DSA
TRACE::2026-02-26.17:20:19::SCWMssOS::Checking the sw design at  C:/Users/cihem/CPRE-488-Labs/MP-2/sw/TPG/zynq_fsbl/zynq_fsbl_bsp/system.mss
TRACE::2026-02-26.17:20:19::SCWMssOS::DEBUG:  swdes dump  C:/Users/cihem/CPRE-488-Labs/MP-2/sw/TPG/ps7_cortexa9_0/standalone_domain/bsp/system.mss|system_0||
C:/Users/cihem/CPRE-488-Labs/MP-2/sw/TPG/zynq_fsbl/zynq_fsbl_bsp/system.mss|system||

TRACE::2026-02-26.17:20:19::SCWMssOS::Sw design exists and opened at  C:/Users/cihem/CPRE-488-Labs/MP-2/sw/TPG/zynq_fsbl/zynq_fsbl_bsp/system.mss
TRACE::2026-02-26.17:20:19::SCWBDomain::Completed writing the mss file at C:/Users/cihem/CPRE-488-Labs/MP-2/sw/TPG/zynq_fsbl/zynq_fsbl_bsp
TRACE::2026-02-26.17:20:19::SCWBDomain::bsp generated is upto date with the mss file. Skipping bsp generation.
TRACE::2026-02-26.17:20:19::SCWBDomain::Not a forced makefile updation, No changes are present. 
TRACE::2026-02-26.17:20:19::SCWBDomain::System Command Ran  C:&  cd  C:/Users/cihem/CPRE-488-Labs/MP-2/sw/TPG/zynq_fsbl & make 
TRACE::2026-02-26.17:20:19::SCWBDomain::make -C zynq_fsbl_bsp

TRACE::2026-02-26.17:20:19::SCWBDomain::make[1]: Entering directory 'C:/Users/cihem/CPRE-488-Labs/MP-2/sw/TPG/zynq_fsbl/zynq_fsbl_bsp'

TRACE::2026-02-26.17:20:19::SCWBDomain::"Running Make include in ps7_cortexa9_0/libsrc/axivdma_v6_7/src"

TRACE::2026-02-26.17:20:19::SCWBDomain::make -C ps7_cortexa9_0/libsrc/axivdma_v6_7/src -s include  "SHELL=CMD" "COMPILER=arm-none-eabi-gcc" "ASSEMBLER=arm-none-eabi-as
TRACE::2026-02-26.17:20:19::SCWBDomain::" "ARCHIVER=arm-none-eabi-ar" "COMPILER_FLAGS=  -O2 -c" "EXTRA_COMPILER_FLAGS=-mcpu=cortex-a9 -mfpu=vfpv3 -mfloat-abi=hard -nos
TRACE::2026-02-26.17:20:19::SCWBDomain::tartfiles -g -Wall -Wextra"

TRACE::2026-02-26.17:20:19::SCWBDomain::make[2]: Entering directory 'C:/Users/cihem/CPRE-488-Labs/MP-2/sw/TPG/zynq_fsbl/zynq_fsbl_bsp/ps7_cortexa9_0/libsrc/axivdma_v6_
TRACE::2026-02-26.17:20:19::SCWBDomain::7/src'

TRACE::2026-02-26.17:20:19::SCWBDomain::make[2]: Leaving directory 'C:/Users/cihem/CPRE-488-Labs/MP-2/sw/TPG/zynq_fsbl/zynq_fsbl_bsp/ps7_cortexa9_0/libsrc/axivdma_v6_7
TRACE::2026-02-26.17:20:19::SCWBDomain::/src'

TRACE::2026-02-26.17:20:19::SCWBDomain::"Running Make include in ps7_cortexa9_0/libsrc/clk_wiz_v1_3/src"

TRACE::2026-02-26.17:20:19::SCWBDomain::make -C ps7_cortexa9_0/libsrc/clk_wiz_v1_3/src -s include  "SHELL=CMD" "COMPILER=arm-none-eabi-gcc" "ASSEMBLER=arm-none-eabi-as
TRACE::2026-02-26.17:20:19::SCWBDomain::" "ARCHIVER=arm-none-eabi-ar" "COMPILER_FLAGS=  -O2 -c" "EXTRA_COMPILER_FLAGS=-mcpu=cortex-a9 -mfpu=vfpv3 -mfloat-abi=hard -nos
TRACE::2026-02-26.17:20:19::SCWBDomain::tartfiles -g -Wall -Wextra"

TRACE::2026-02-26.17:20:19::SCWBDomain::make[2]: Entering directory 'C:/Users/cihem/CPRE-488-Labs/MP-2/sw/TPG/zynq_fsbl/zynq_fsbl_bsp/ps7_cortexa9_0/libsrc/clk_wiz_v1_
TRACE::2026-02-26.17:20:19::SCWBDomain::3/src'

TRACE::2026-02-26.17:20:19::SCWBDomain::make[2]: Leaving directory 'C:/Users/cihem/CPRE-488-Labs/MP-2/sw/TPG/zynq_fsbl/zynq_fsbl_bsp/ps7_cortexa9_0/libsrc/clk_wiz_v1_3
TRACE::2026-02-26.17:20:19::SCWBDomain::/src'

TRACE::2026-02-26.17:20:19::SCWBDomain::"Running Make include in ps7_cortexa9_0/libsrc/coresightps_dcc_v1_7/src"

TRACE::2026-02-26.17:20:19::SCWBDomain::make -C ps7_cortexa9_0/libsrc/coresightps_dcc_v1_7/src -s include  "SHELL=CMD" "COMPILER=arm-none-eabi-gcc" "ASSEMBLER=arm-none
TRACE::2026-02-26.17:20:19::SCWBDomain::-eabi-as" "ARCHIVER=arm-none-eabi-ar" "COMPILER_FLAGS=  -O2 -c" "EXTRA_COMPILER_FLAGS=-mcpu=cortex-a9 -mfpu=vfpv3 -mfloat-abi=h
TRACE::2026-02-26.17:20:19::SCWBDomain::ard -nostartfiles -g -Wall -Wextra"

TRACE::2026-02-26.17:20:20::SCWBDomain::make[2]: Entering directory 'C:/Users/cihem/CPRE-488-Labs/MP-2/sw/TPG/zynq_fsbl/zynq_fsbl_bsp/ps7_cortexa9_0/libsrc/coresightps
TRACE::2026-02-26.17:20:20::SCWBDomain::_dcc_v1_7/src'

TRACE::2026-02-26.17:20:20::SCWBDomain::make[2]: Leaving directory 'C:/Users/cihem/CPRE-488-Labs/MP-2/sw/TPG/zynq_fsbl/zynq_fsbl_bsp/ps7_cortexa9_0/libsrc/coresightps_
TRACE::2026-02-26.17:20:20::SCWBDomain::dcc_v1_7/src'

TRACE::2026-02-26.17:20:20::SCWBDomain::"Running Make include in ps7_cortexa9_0/libsrc/cpu_cortexa9_v2_9/src"

TRACE::2026-02-26.17:20:20::SCWBDomain::make -C ps7_cortexa9_0/libsrc/cpu_cortexa9_v2_9/src -s include  "SHELL=CMD" "COMPILER=arm-none-eabi-gcc" "ASSEMBLER=arm-none-ea
TRACE::2026-02-26.17:20:20::SCWBDomain::bi-as" "ARCHIVER=arm-none-eabi-ar" "COMPILER_FLAGS=  -O2 -c" "EXTRA_COMPILER_FLAGS=-mcpu=cortex-a9 -mfpu=vfpv3 -mfloat-abi=hard
TRACE::2026-02-26.17:20:20::SCWBDomain:: -nostartfiles -g -Wall -Wextra"

TRACE::2026-02-26.17:20:20::SCWBDomain::make[2]: Entering directory 'C:/Users/cihem/CPRE-488-Labs/MP-2/sw/TPG/zynq_fsbl/zynq_fsbl_bsp/ps7_cortexa9_0/libsrc/cpu_cortexa
TRACE::2026-02-26.17:20:20::SCWBDomain::9_v2_9/src'

TRACE::2026-02-26.17:20:20::SCWBDomain::make[2]: Leaving directory 'C:/Users/cihem/CPRE-488-Labs/MP-2/sw/TPG/zynq_fsbl/zynq_fsbl_bsp/ps7_cortexa9_0/libsrc/cpu_cortexa9
TRACE::2026-02-26.17:20:20::SCWBDomain::_v2_9/src'

TRACE::2026-02-26.17:20:20::SCWBDomain::"Running Make include in ps7_cortexa9_0/libsrc/ddrps_v1_1/src"

TRACE::2026-02-26.17:20:20::SCWBDomain::make -C ps7_cortexa9_0/libsrc/ddrps_v1_1/src -s include  "SHELL=CMD" "COMPILER=arm-none-eabi-gcc" "ASSEMBLER=arm-none-eabi-as" 
TRACE::2026-02-26.17:20:20::SCWBDomain::"ARCHIVER=arm-none-eabi-ar" "COMPILER_FLAGS=  -O2 -c" "EXTRA_COMPILER_FLAGS=-mcpu=cortex-a9 -mfpu=vfpv3 -mfloat-abi=hard -nosta
TRACE::2026-02-26.17:20:20::SCWBDomain::rtfiles -g -Wall -Wextra"

TRACE::2026-02-26.17:20:20::SCWBDomain::make[2]: Entering directory 'C:/Users/cihem/CPRE-488-Labs/MP-2/sw/TPG/zynq_fsbl/zynq_fsbl_bsp/ps7_cortexa9_0/libsrc/ddrps_v1_1/
TRACE::2026-02-26.17:20:20::SCWBDomain::src'

TRACE::2026-02-26.17:20:20::SCWBDomain::make[2]: Leaving directory 'C:/Users/cihem/CPRE-488-Labs/MP-2/sw/TPG/zynq_fsbl/zynq_fsbl_bsp/ps7_cortexa9_0/libsrc/ddrps_v1_1/s
TRACE::2026-02-26.17:20:20::SCWBDomain::rc'

TRACE::2026-02-26.17:20:20::SCWBDomain::"Running Make include in ps7_cortexa9_0/libsrc/devcfg_v3_6/src"

TRACE::2026-02-26.17:20:20::SCWBDomain::make -C ps7_cortexa9_0/libsrc/devcfg_v3_6/src -s include  "SHELL=CMD" "COMPILER=arm-none-eabi-gcc" "ASSEMBLER=arm-none-eabi-as"
TRACE::2026-02-26.17:20:20::SCWBDomain:: "ARCHIVER=arm-none-eabi-ar" "COMPILER_FLAGS=  -O2 -c" "EXTRA_COMPILER_FLAGS=-mcpu=cortex-a9 -mfpu=vfpv3 -mfloat-abi=hard -nost
TRACE::2026-02-26.17:20:20::SCWBDomain::artfiles -g -Wall -Wextra"

TRACE::2026-02-26.17:20:20::SCWBDomain::make[2]: Entering directory 'C:/Users/cihem/CPRE-488-Labs/MP-2/sw/TPG/zynq_fsbl/zynq_fsbl_bsp/ps7_cortexa9_0/libsrc/devcfg_v3_6
TRACE::2026-02-26.17:20:20::SCWBDomain::/src'

TRACE::2026-02-26.17:20:20::SCWBDomain::make[2]: Leaving directory 'C:/Users/cihem/CPRE-488-Labs/MP-2/sw/TPG/zynq_fsbl/zynq_fsbl_bsp/ps7_cortexa9_0/libsrc/devcfg_v3_6/
TRACE::2026-02-26.17:20:20::SCWBDomain::src'

TRACE::2026-02-26.17:20:20::SCWBDomain::"Running Make include in ps7_cortexa9_0/libsrc/dmaps_v2_6/src"

TRACE::2026-02-26.17:20:20::SCWBDomain::make -C ps7_cortexa9_0/libsrc/dmaps_v2_6/src -s include  "SHELL=CMD" "COMPILER=arm-none-eabi-gcc" "ASSEMBLER=arm-none-eabi-as" 
TRACE::2026-02-26.17:20:20::SCWBDomain::"ARCHIVER=arm-none-eabi-ar" "COMPILER_FLAGS=  -O2 -c" "EXTRA_COMPILER_FLAGS=-mcpu=cortex-a9 -mfpu=vfpv3 -mfloat-abi=hard -nosta
TRACE::2026-02-26.17:20:20::SCWBDomain::rtfiles -g -Wall -Wextra"

TRACE::2026-02-26.17:20:20::SCWBDomain::make[2]: Entering directory 'C:/Users/cihem/CPRE-488-Labs/MP-2/sw/TPG/zynq_fsbl/zynq_fsbl_bsp/ps7_cortexa9_0/libsrc/dmaps_v2_6/
TRACE::2026-02-26.17:20:20::SCWBDomain::src'

TRACE::2026-02-26.17:20:20::SCWBDomain::make[2]: Leaving directory 'C:/Users/cihem/CPRE-488-Labs/MP-2/sw/TPG/zynq_fsbl/zynq_fsbl_bsp/ps7_cortexa9_0/libsrc/dmaps_v2_6/s
TRACE::2026-02-26.17:20:20::SCWBDomain::rc'

TRACE::2026-02-26.17:20:20::SCWBDomain::"Running Make include in ps7_cortexa9_0/libsrc/emacps_v3_11/src"

TRACE::2026-02-26.17:20:20::SCWBDomain::make -C ps7_cortexa9_0/libsrc/emacps_v3_11/src -s include  "SHELL=CMD" "COMPILER=arm-none-eabi-gcc" "ASSEMBLER=arm-none-eabi-as
TRACE::2026-02-26.17:20:20::SCWBDomain::" "ARCHIVER=arm-none-eabi-ar" "COMPILER_FLAGS=  -O2 -c" "EXTRA_COMPILER_FLAGS=-mcpu=cortex-a9 -mfpu=vfpv3 -mfloat-abi=hard -nos
TRACE::2026-02-26.17:20:20::SCWBDomain::tartfiles -g -Wall -Wextra"

TRACE::2026-02-26.17:20:20::SCWBDomain::make[2]: Entering directory 'C:/Users/cihem/CPRE-488-Labs/MP-2/sw/TPG/zynq_fsbl/zynq_fsbl_bsp/ps7_cortexa9_0/libsrc/emacps_v3_1
TRACE::2026-02-26.17:20:20::SCWBDomain::1/src'

TRACE::2026-02-26.17:20:20::SCWBDomain::make[2]: Leaving directory 'C:/Users/cihem/CPRE-488-Labs/MP-2/sw/TPG/zynq_fsbl/zynq_fsbl_bsp/ps7_cortexa9_0/libsrc/emacps_v3_11
TRACE::2026-02-26.17:20:20::SCWBDomain::/src'

TRACE::2026-02-26.17:20:20::SCWBDomain::"Running Make include in ps7_cortexa9_0/libsrc/gpiops_v3_7/src"

TRACE::2026-02-26.17:20:20::SCWBDomain::make -C ps7_cortexa9_0/libsrc/gpiops_v3_7/src -s include  "SHELL=CMD" "COMPILER=arm-none-eabi-gcc" "ASSEMBLER=arm-none-eabi-as"
TRACE::2026-02-26.17:20:20::SCWBDomain:: "ARCHIVER=arm-none-eabi-ar" "COMPILER_FLAGS=  -O2 -c" "EXTRA_COMPILER_FLAGS=-mcpu=cortex-a9 -mfpu=vfpv3 -mfloat-abi=hard -nost
TRACE::2026-02-26.17:20:20::SCWBDomain::artfiles -g -Wall -Wextra"

TRACE::2026-02-26.17:20:20::SCWBDomain::make[2]: Entering directory 'C:/Users/cihem/CPRE-488-Labs/MP-2/sw/TPG/zynq_fsbl/zynq_fsbl_bsp/ps7_cortexa9_0/libsrc/gpiops_v3_7
TRACE::2026-02-26.17:20:20::SCWBDomain::/src'

TRACE::2026-02-26.17:20:20::SCWBDomain::make[2]: Leaving directory 'C:/Users/cihem/CPRE-488-Labs/MP-2/sw/TPG/zynq_fsbl/zynq_fsbl_bsp/ps7_cortexa9_0/libsrc/gpiops_v3_7/
TRACE::2026-02-26.17:20:20::SCWBDomain::src'

TRACE::2026-02-26.17:20:20::SCWBDomain::"Running Make include in ps7_cortexa9_0/libsrc/gpio_v4_6/src"

TRACE::2026-02-26.17:20:20::SCWBDomain::make -C ps7_cortexa9_0/libsrc/gpio_v4_6/src -s include  "SHELL=CMD" "COMPILER=arm-none-eabi-gcc" "ASSEMBLER=arm-none-eabi-as" "
TRACE::2026-02-26.17:20:20::SCWBDomain::ARCHIVER=arm-none-eabi-ar" "COMPILER_FLAGS=  -O2 -c" "EXTRA_COMPILER_FLAGS=-mcpu=cortex-a9 -mfpu=vfpv3 -mfloat-abi=hard -nostar
TRACE::2026-02-26.17:20:20::SCWBDomain::tfiles -g -Wall -Wextra"

TRACE::2026-02-26.17:20:20::SCWBDomain::make[2]: Entering directory 'C:/Users/cihem/CPRE-488-Labs/MP-2/sw/TPG/zynq_fsbl/zynq_fsbl_bsp/ps7_cortexa9_0/libsrc/gpio_v4_6/s
TRACE::2026-02-26.17:20:20::SCWBDomain::rc'

TRACE::2026-02-26.17:20:20::SCWBDomain::make[2]: Leaving directory 'C:/Users/cihem/CPRE-488-Labs/MP-2/sw/TPG/zynq_fsbl/zynq_fsbl_bsp/ps7_cortexa9_0/libsrc/gpio_v4_6/sr
TRACE::2026-02-26.17:20:20::SCWBDomain::c'

TRACE::2026-02-26.17:20:20::SCWBDomain::"Running Make include in ps7_cortexa9_0/libsrc/iicps_v3_11/src"

TRACE::2026-02-26.17:20:20::SCWBDomain::make -C ps7_cortexa9_0/libsrc/iicps_v3_11/src -s include  "SHELL=CMD" "COMPILER=arm-none-eabi-gcc" "ASSEMBLER=arm-none-eabi-as"
TRACE::2026-02-26.17:20:20::SCWBDomain:: "ARCHIVER=arm-none-eabi-ar" "COMPILER_FLAGS=  -O2 -c" "EXTRA_COMPILER_FLAGS=-mcpu=cortex-a9 -mfpu=vfpv3 -mfloat-abi=hard -nost
TRACE::2026-02-26.17:20:20::SCWBDomain::artfiles -g -Wall -Wextra"

TRACE::2026-02-26.17:20:20::SCWBDomain::make[2]: Entering directory 'C:/Users/cihem/CPRE-488-Labs/MP-2/sw/TPG/zynq_fsbl/zynq_fsbl_bsp/ps7_cortexa9_0/libsrc/iicps_v3_11
TRACE::2026-02-26.17:20:20::SCWBDomain::/src'

TRACE::2026-02-26.17:20:20::SCWBDomain::make[2]: Leaving directory 'C:/Users/cihem/CPRE-488-Labs/MP-2/sw/TPG/zynq_fsbl/zynq_fsbl_bsp/ps7_cortexa9_0/libsrc/iicps_v3_11/
TRACE::2026-02-26.17:20:20::SCWBDomain::src'

TRACE::2026-02-26.17:20:20::SCWBDomain::"Running Make include in ps7_cortexa9_0/libsrc/iic_v3_6/src"

TRACE::2026-02-26.17:20:20::SCWBDomain::make -C ps7_cortexa9_0/libsrc/iic_v3_6/src -s include  "SHELL=CMD" "COMPILER=arm-none-eabi-gcc" "ASSEMBLER=arm-none-eabi-as" "A
TRACE::2026-02-26.17:20:20::SCWBDomain::RCHIVER=arm-none-eabi-ar" "COMPILER_FLAGS=  -O2 -c" "EXTRA_COMPILER_FLAGS=-mcpu=cortex-a9 -mfpu=vfpv3 -mfloat-abi=hard -nostart
TRACE::2026-02-26.17:20:20::SCWBDomain::files -g -Wall -Wextra"

TRACE::2026-02-26.17:20:20::SCWBDomain::make[2]: Entering directory 'C:/Users/cihem/CPRE-488-Labs/MP-2/sw/TPG/zynq_fsbl/zynq_fsbl_bsp/ps7_cortexa9_0/libsrc/iic_v3_6/sr
TRACE::2026-02-26.17:20:20::SCWBDomain::c'

TRACE::2026-02-26.17:20:20::SCWBDomain::make[2]: Leaving directory 'C:/Users/cihem/CPRE-488-Labs/MP-2/sw/TPG/zynq_fsbl/zynq_fsbl_bsp/ps7_cortexa9_0/libsrc/iic_v3_6/src
TRACE::2026-02-26.17:20:20::SCWBDomain::'

TRACE::2026-02-26.17:20:20::SCWBDomain::"Running Make include in ps7_cortexa9_0/libsrc/qspips_v3_7/src"

TRACE::2026-02-26.17:20:20::SCWBDomain::make -C ps7_cortexa9_0/libsrc/qspips_v3_7/src -s include  "SHELL=CMD" "COMPILER=arm-none-eabi-gcc" "ASSEMBLER=arm-none-eabi-as"
TRACE::2026-02-26.17:20:20::SCWBDomain:: "ARCHIVER=arm-none-eabi-ar" "COMPILER_FLAGS=  -O2 -c" "EXTRA_COMPILER_FLAGS=-mcpu=cortex-a9 -mfpu=vfpv3 -mfloat-abi=hard -nost
TRACE::2026-02-26.17:20:20::SCWBDomain::artfiles -g -Wall -Wextra"

TRACE::2026-02-26.17:20:20::SCWBDomain::make[2]: Entering directory 'C:/Users/cihem/CPRE-488-Labs/MP-2/sw/TPG/zynq_fsbl/zynq_fsbl_bsp/ps7_cortexa9_0/libsrc/qspips_v3_7
TRACE::2026-02-26.17:20:20::SCWBDomain::/src'

TRACE::2026-02-26.17:20:20::SCWBDomain::make[2]: Leaving directory 'C:/Users/cihem/CPRE-488-Labs/MP-2/sw/TPG/zynq_fsbl/zynq_fsbl_bsp/ps7_cortexa9_0/libsrc/qspips_v3_7/
TRACE::2026-02-26.17:20:20::SCWBDomain::src'

TRACE::2026-02-26.17:20:20::SCWBDomain::"Running Make include in ps7_cortexa9_0/libsrc/scugic_v4_2/src"

TRACE::2026-02-26.17:20:20::SCWBDomain::make -C ps7_cortexa9_0/libsrc/scugic_v4_2/src -s include  "SHELL=CMD" "COMPILER=arm-none-eabi-gcc" "ASSEMBLER=arm-none-eabi-as"
TRACE::2026-02-26.17:20:20::SCWBDomain:: "ARCHIVER=arm-none-eabi-ar" "COMPILER_FLAGS=  -O2 -c" "EXTRA_COMPILER_FLAGS=-mcpu=cortex-a9 -mfpu=vfpv3 -mfloat-abi=hard -nost
TRACE::2026-02-26.17:20:20::SCWBDomain::artfiles -g -Wall -Wextra"

TRACE::2026-02-26.17:20:20::SCWBDomain::make[2]: Entering directory 'C:/Users/cihem/CPRE-488-Labs/MP-2/sw/TPG/zynq_fsbl/zynq_fsbl_bsp/ps7_cortexa9_0/libsrc/scugic_v4_2
TRACE::2026-02-26.17:20:20::SCWBDomain::/src'

TRACE::2026-02-26.17:20:20::SCWBDomain::make[2]: Leaving directory 'C:/Users/cihem/CPRE-488-Labs/MP-2/sw/TPG/zynq_fsbl/zynq_fsbl_bsp/ps7_cortexa9_0/libsrc/scugic_v4_2/
TRACE::2026-02-26.17:20:20::SCWBDomain::src'

TRACE::2026-02-26.17:20:20::SCWBDomain::"Running Make include in ps7_cortexa9_0/libsrc/scutimer_v2_2/src"

TRACE::2026-02-26.17:20:20::SCWBDomain::make -C ps7_cortexa9_0/libsrc/scutimer_v2_2/src -s include  "SHELL=CMD" "COMPILER=arm-none-eabi-gcc" "ASSEMBLER=arm-none-eabi-a
TRACE::2026-02-26.17:20:20::SCWBDomain::s" "ARCHIVER=arm-none-eabi-ar" "COMPILER_FLAGS=  -O2 -c" "EXTRA_COMPILER_FLAGS=-mcpu=cortex-a9 -mfpu=vfpv3 -mfloat-abi=hard -no
TRACE::2026-02-26.17:20:20::SCWBDomain::startfiles -g -Wall -Wextra"

TRACE::2026-02-26.17:20:20::SCWBDomain::make[2]: Entering directory 'C:/Users/cihem/CPRE-488-Labs/MP-2/sw/TPG/zynq_fsbl/zynq_fsbl_bsp/ps7_cortexa9_0/libsrc/scutimer_v2
TRACE::2026-02-26.17:20:20::SCWBDomain::_2/src'

TRACE::2026-02-26.17:20:20::SCWBDomain::make[2]: Leaving directory 'C:/Users/cihem/CPRE-488-Labs/MP-2/sw/TPG/zynq_fsbl/zynq_fsbl_bsp/ps7_cortexa9_0/libsrc/scutimer_v2_
TRACE::2026-02-26.17:20:20::SCWBDomain::2/src'

TRACE::2026-02-26.17:20:20::SCWBDomain::"Running Make include in ps7_cortexa9_0/libsrc/scuwdt_v2_2/src"

TRACE::2026-02-26.17:20:20::SCWBDomain::make -C ps7_cortexa9_0/libsrc/scuwdt_v2_2/src -s include  "SHELL=CMD" "COMPILER=arm-none-eabi-gcc" "ASSEMBLER=arm-none-eabi-as"
TRACE::2026-02-26.17:20:20::SCWBDomain:: "ARCHIVER=arm-none-eabi-ar" "COMPILER_FLAGS=  -O2 -c" "EXTRA_COMPILER_FLAGS=-mcpu=cortex-a9 -mfpu=vfpv3 -mfloat-abi=hard -nost
TRACE::2026-02-26.17:20:20::SCWBDomain::artfiles -g -Wall -Wextra"

TRACE::2026-02-26.17:20:20::SCWBDomain::make[2]: Entering directory 'C:/Users/cihem/CPRE-488-Labs/MP-2/sw/TPG/zynq_fsbl/zynq_fsbl_bsp/ps7_cortexa9_0/libsrc/scuwdt_v2_2
TRACE::2026-02-26.17:20:20::SCWBDomain::/src'

TRACE::2026-02-26.17:20:20::SCWBDomain::make[2]: Leaving directory 'C:/Users/cihem/CPRE-488-Labs/MP-2/sw/TPG/zynq_fsbl/zynq_fsbl_bsp/ps7_cortexa9_0/libsrc/scuwdt_v2_2/
TRACE::2026-02-26.17:20:20::SCWBDomain::src'

TRACE::2026-02-26.17:20:21::SCWBDomain::"Running Make include in ps7_cortexa9_0/libsrc/sdps_v3_9/src"

TRACE::2026-02-26.17:20:21::SCWBDomain::make -C ps7_cortexa9_0/libsrc/sdps_v3_9/src -s include  "SHELL=CMD" "COMPILER=arm-none-eabi-gcc" "ASSEMBLER=arm-none-eabi-as" "
TRACE::2026-02-26.17:20:21::SCWBDomain::ARCHIVER=arm-none-eabi-ar" "COMPILER_FLAGS=  -O2 -c" "EXTRA_COMPILER_FLAGS=-mcpu=cortex-a9 -mfpu=vfpv3 -mfloat-abi=hard -nostar
TRACE::2026-02-26.17:20:21::SCWBDomain::tfiles -g -Wall -Wextra"

TRACE::2026-02-26.17:20:21::SCWBDomain::make[2]: Entering directory 'C:/Users/cihem/CPRE-488-Labs/MP-2/sw/TPG/zynq_fsbl/zynq_fsbl_bsp/ps7_cortexa9_0/libsrc/sdps_v3_9/s
TRACE::2026-02-26.17:20:21::SCWBDomain::rc'

TRACE::2026-02-26.17:20:21::SCWBDomain::make[2]: Leaving directory 'C:/Users/cihem/CPRE-488-Labs/MP-2/sw/TPG/zynq_fsbl/zynq_fsbl_bsp/ps7_cortexa9_0/libsrc/sdps_v3_9/sr
TRACE::2026-02-26.17:20:21::SCWBDomain::c'

TRACE::2026-02-26.17:20:21::SCWBDomain::"Running Make include in ps7_cortexa9_0/libsrc/standalone_v7_2/src"

TRACE::2026-02-26.17:20:21::SCWBDomain::make -C ps7_cortexa9_0/libsrc/standalone_v7_2/src -s include  "SHELL=CMD" "COMPILER=arm-none-eabi-gcc" "ASSEMBLER=arm-none-eabi
TRACE::2026-02-26.17:20:21::SCWBDomain::-as" "ARCHIVER=arm-none-eabi-ar" "COMPILER_FLAGS=  -O2 -c" "EXTRA_COMPILER_FLAGS=-mcpu=cortex-a9 -mfpu=vfpv3 -mfloat-abi=hard -
TRACE::2026-02-26.17:20:21::SCWBDomain::nostartfiles -g -Wall -Wextra"

TRACE::2026-02-26.17:20:21::SCWBDomain::make[2]: Entering directory 'C:/Users/cihem/CPRE-488-Labs/MP-2/sw/TPG/zynq_fsbl/zynq_fsbl_bsp/ps7_cortexa9_0/libsrc/standalone_
TRACE::2026-02-26.17:20:21::SCWBDomain::v7_2/src'

TRACE::2026-02-26.17:20:21::SCWBDomain::make[3]: Entering directory 'C:/Users/cihem/CPRE-488-Labs/MP-2/sw/TPG/zynq_fsbl/zynq_fsbl_bsp/ps7_cortexa9_0/libsrc/standalone_
TRACE::2026-02-26.17:20:21::SCWBDomain::v7_2/src/profile'

TRACE::2026-02-26.17:20:21::SCWBDomain::make[3]: Leaving directory 'C:/Users/cihem/CPRE-488-Labs/MP-2/sw/TPG/zynq_fsbl/zynq_fsbl_bsp/ps7_cortexa9_0/libsrc/standalone_v
TRACE::2026-02-26.17:20:21::SCWBDomain::7_2/src/profile'

TRACE::2026-02-26.17:20:21::SCWBDomain::make[2]: Leaving directory 'C:/Users/cihem/CPRE-488-Labs/MP-2/sw/TPG/zynq_fsbl/zynq_fsbl_bsp/ps7_cortexa9_0/libsrc/standalone_v
TRACE::2026-02-26.17:20:21::SCWBDomain::7_2/src'

TRACE::2026-02-26.17:20:21::SCWBDomain::"Running Make include in ps7_cortexa9_0/libsrc/uartps_v3_9/src"

TRACE::2026-02-26.17:20:21::SCWBDomain::make -C ps7_cortexa9_0/libsrc/uartps_v3_9/src -s include  "SHELL=CMD" "COMPILER=arm-none-eabi-gcc" "ASSEMBLER=arm-none-eabi-as"
TRACE::2026-02-26.17:20:21::SCWBDomain:: "ARCHIVER=arm-none-eabi-ar" "COMPILER_FLAGS=  -O2 -c" "EXTRA_COMPILER_FLAGS=-mcpu=cortex-a9 -mfpu=vfpv3 -mfloat-abi=hard -nost
TRACE::2026-02-26.17:20:21::SCWBDomain::artfiles -g -Wall -Wextra"

TRACE::2026-02-26.17:20:21::SCWBDomain::make[2]: Entering directory 'C:/Users/cihem/CPRE-488-Labs/MP-2/sw/TPG/zynq_fsbl/zynq_fsbl_bsp/ps7_cortexa9_0/libsrc/uartps_v3_9
TRACE::2026-02-26.17:20:21::SCWBDomain::/src'

TRACE::2026-02-26.17:20:21::SCWBDomain::make[2]: Leaving directory 'C:/Users/cihem/CPRE-488-Labs/MP-2/sw/TPG/zynq_fsbl/zynq_fsbl_bsp/ps7_cortexa9_0/libsrc/uartps_v3_9/
TRACE::2026-02-26.17:20:21::SCWBDomain::src'

TRACE::2026-02-26.17:20:21::SCWBDomain::"Running Make include in ps7_cortexa9_0/libsrc/usbps_v2_5/src"

TRACE::2026-02-26.17:20:21::SCWBDomain::make -C ps7_cortexa9_0/libsrc/usbps_v2_5/src -s include  "SHELL=CMD" "COMPILER=arm-none-eabi-gcc" "ASSEMBLER=arm-none-eabi-as" 
TRACE::2026-02-26.17:20:21::SCWBDomain::"ARCHIVER=arm-none-eabi-ar" "COMPILER_FLAGS=  -O2 -c" "EXTRA_COMPILER_FLAGS=-mcpu=cortex-a9 -mfpu=vfpv3 -mfloat-abi=hard -nosta
TRACE::2026-02-26.17:20:21::SCWBDomain::rtfiles -g -Wall -Wextra"

TRACE::2026-02-26.17:20:21::SCWBDomain::make[2]: Entering directory 'C:/Users/cihem/CPRE-488-Labs/MP-2/sw/TPG/zynq_fsbl/zynq_fsbl_bsp/ps7_cortexa9_0/libsrc/usbps_v2_5/
TRACE::2026-02-26.17:20:21::SCWBDomain::src'

TRACE::2026-02-26.17:20:21::SCWBDomain::make[2]: Leaving directory 'C:/Users/cihem/CPRE-488-Labs/MP-2/sw/TPG/zynq_fsbl/zynq_fsbl_bsp/ps7_cortexa9_0/libsrc/usbps_v2_5/s
TRACE::2026-02-26.17:20:21::SCWBDomain::rc'

TRACE::2026-02-26.17:20:21::SCWBDomain::"Running Make include in ps7_cortexa9_0/libsrc/video_common_v4_9/src"

TRACE::2026-02-26.17:20:21::SCWBDomain::make -C ps7_cortexa9_0/libsrc/video_common_v4_9/src -s include  "SHELL=CMD" "COMPILER=arm-none-eabi-gcc" "ASSEMBLER=arm-none-ea
TRACE::2026-02-26.17:20:21::SCWBDomain::bi-as" "ARCHIVER=arm-none-eabi-ar" "COMPILER_FLAGS=  -O2 -c" "EXTRA_COMPILER_FLAGS=-mcpu=cortex-a9 -mfpu=vfpv3 -mfloat-abi=hard
TRACE::2026-02-26.17:20:21::SCWBDomain:: -nostartfiles -g -Wall -Wextra"

TRACE::2026-02-26.17:20:21::SCWBDomain::make[2]: Entering directory 'C:/Users/cihem/CPRE-488-Labs/MP-2/sw/TPG/zynq_fsbl/zynq_fsbl_bsp/ps7_cortexa9_0/libsrc/video_commo
TRACE::2026-02-26.17:20:21::SCWBDomain::n_v4_9/src'

TRACE::2026-02-26.17:20:21::SCWBDomain::make[2]: Leaving directory 'C:/Users/cihem/CPRE-488-Labs/MP-2/sw/TPG/zynq_fsbl/zynq_fsbl_bsp/ps7_cortexa9_0/libsrc/video_common
TRACE::2026-02-26.17:20:21::SCWBDomain::_v4_9/src'

TRACE::2026-02-26.17:20:21::SCWBDomain::"Running Make include in ps7_cortexa9_0/libsrc/vtc_v8_2/src"

TRACE::2026-02-26.17:20:21::SCWBDomain::make -C ps7_cortexa9_0/libsrc/vtc_v8_2/src -s include  "SHELL=CMD" "COMPILER=arm-none-eabi-gcc" "ASSEMBLER=arm-none-eabi-as" "A
TRACE::2026-02-26.17:20:21::SCWBDomain::RCHIVER=arm-none-eabi-ar" "COMPILER_FLAGS=  -O2 -c" "EXTRA_COMPILER_FLAGS=-mcpu=cortex-a9 -mfpu=vfpv3 -mfloat-abi=hard -nostart
TRACE::2026-02-26.17:20:21::SCWBDomain::files -g -Wall -Wextra"

TRACE::2026-02-26.17:20:21::SCWBDomain::make[2]: Entering directory 'C:/Users/cihem/CPRE-488-Labs/MP-2/sw/TPG/zynq_fsbl/zynq_fsbl_bsp/ps7_cortexa9_0/libsrc/vtc_v8_2/sr
TRACE::2026-02-26.17:20:21::SCWBDomain::c'

TRACE::2026-02-26.17:20:21::SCWBDomain::make[2]: Leaving directory 'C:/Users/cihem/CPRE-488-Labs/MP-2/sw/TPG/zynq_fsbl/zynq_fsbl_bsp/ps7_cortexa9_0/libsrc/vtc_v8_2/src
TRACE::2026-02-26.17:20:21::SCWBDomain::'

TRACE::2026-02-26.17:20:21::SCWBDomain::"Running Make include in ps7_cortexa9_0/libsrc/v_tpg_v8_2/src"

TRACE::2026-02-26.17:20:21::SCWBDomain::make -C ps7_cortexa9_0/libsrc/v_tpg_v8_2/src -s include  "SHELL=CMD" "COMPILER=arm-none-eabi-gcc" "ASSEMBLER=arm-none-eabi-as" 
TRACE::2026-02-26.17:20:21::SCWBDomain::"ARCHIVER=arm-none-eabi-ar" "COMPILER_FLAGS=  -O2 -c" "EXTRA_COMPILER_FLAGS=-mcpu=cortex-a9 -mfpu=vfpv3 -mfloat-abi=hard -nosta
TRACE::2026-02-26.17:20:21::SCWBDomain::rtfiles -g -Wall -Wextra"

TRACE::2026-02-26.17:20:21::SCWBDomain::make[2]: Entering directory 'C:/Users/cihem/CPRE-488-Labs/MP-2/sw/TPG/zynq_fsbl/zynq_fsbl_bsp/ps7_cortexa9_0/libsrc/v_tpg_v8_2/
TRACE::2026-02-26.17:20:21::SCWBDomain::src'

TRACE::2026-02-26.17:20:21::SCWBDomain::make[2]: Leaving directory 'C:/Users/cihem/CPRE-488-Labs/MP-2/sw/TPG/zynq_fsbl/zynq_fsbl_bsp/ps7_cortexa9_0/libsrc/v_tpg_v8_2/s
TRACE::2026-02-26.17:20:21::SCWBDomain::rc'

TRACE::2026-02-26.17:20:21::SCWBDomain::"Running Make include in ps7_cortexa9_0/libsrc/xadcps_v2_4/src"

TRACE::2026-02-26.17:20:21::SCWBDomain::make -C ps7_cortexa9_0/libsrc/xadcps_v2_4/src -s include  "SHELL=CMD" "COMPILER=arm-none-eabi-gcc" "ASSEMBLER=arm-none-eabi-as"
TRACE::2026-02-26.17:20:21::SCWBDomain:: "ARCHIVER=arm-none-eabi-ar" "COMPILER_FLAGS=  -O2 -c" "EXTRA_COMPILER_FLAGS=-mcpu=cortex-a9 -mfpu=vfpv3 -mfloat-abi=hard -nost
TRACE::2026-02-26.17:20:21::SCWBDomain::artfiles -g -Wall -Wextra"

TRACE::2026-02-26.17:20:21::SCWBDomain::make[2]: Entering directory 'C:/Users/cihem/CPRE-488-Labs/MP-2/sw/TPG/zynq_fsbl/zynq_fsbl_bsp/ps7_cortexa9_0/libsrc/xadcps_v2_4
TRACE::2026-02-26.17:20:21::SCWBDomain::/src'

TRACE::2026-02-26.17:20:21::SCWBDomain::make[2]: Leaving directory 'C:/Users/cihem/CPRE-488-Labs/MP-2/sw/TPG/zynq_fsbl/zynq_fsbl_bsp/ps7_cortexa9_0/libsrc/xadcps_v2_4/
TRACE::2026-02-26.17:20:21::SCWBDomain::src'

TRACE::2026-02-26.17:20:21::SCWBDomain::"Running Make include in ps7_cortexa9_0/libsrc/xilffs_v4_3/src"

TRACE::2026-02-26.17:20:21::SCWBDomain::make -C ps7_cortexa9_0/libsrc/xilffs_v4_3/src -s include  "SHELL=CMD" "COMPILER=arm-none-eabi-gcc" "ASSEMBLER=arm-none-eabi-as"
TRACE::2026-02-26.17:20:21::SCWBDomain:: "ARCHIVER=arm-none-eabi-ar" "COMPILER_FLAGS=  -O2 -c" "EXTRA_COMPILER_FLAGS=-mcpu=cortex-a9 -mfpu=vfpv3 -mfloat-abi=hard -nost
TRACE::2026-02-26.17:20:21::SCWBDomain::artfiles -g -Wall -Wextra"

TRACE::2026-02-26.17:20:21::SCWBDomain::make[2]: Entering directory 'C:/Users/cihem/CPRE-488-Labs/MP-2/sw/TPG/zynq_fsbl/zynq_fsbl_bsp/ps7_cortexa9_0/libsrc/xilffs_v4_3
TRACE::2026-02-26.17:20:21::SCWBDomain::/src'

TRACE::2026-02-26.17:20:21::SCWBDomain::make[2]: Leaving directory 'C:/Users/cihem/CPRE-488-Labs/MP-2/sw/TPG/zynq_fsbl/zynq_fsbl_bsp/ps7_cortexa9_0/libsrc/xilffs_v4_3/
TRACE::2026-02-26.17:20:21::SCWBDomain::src'

TRACE::2026-02-26.17:20:21::SCWBDomain::"Running Make include in ps7_cortexa9_0/libsrc/xilrsa_v1_6/src"

TRACE::2026-02-26.17:20:21::SCWBDomain::make -C ps7_cortexa9_0/libsrc/xilrsa_v1_6/src -s include  "SHELL=CMD" "COMPILER=arm-none-eabi-gcc" "ASSEMBLER=arm-none-eabi-as"
TRACE::2026-02-26.17:20:21::SCWBDomain:: "ARCHIVER=arm-none-eabi-ar" "COMPILER_FLAGS=  -O2 -c" "EXTRA_COMPILER_FLAGS=-mcpu=cortex-a9 -mfpu=vfpv3 -mfloat-abi=hard -nost
TRACE::2026-02-26.17:20:21::SCWBDomain::artfiles -g -Wall -Wextra"

TRACE::2026-02-26.17:20:21::SCWBDomain::make[2]: Entering directory 'C:/Users/cihem/CPRE-488-Labs/MP-2/sw/TPG/zynq_fsbl/zynq_fsbl_bsp/ps7_cortexa9_0/libsrc/xilrsa_v1_6
TRACE::2026-02-26.17:20:21::SCWBDomain::/src'

TRACE::2026-02-26.17:20:21::SCWBDomain::make[2]: Leaving directory 'C:/Users/cihem/CPRE-488-Labs/MP-2/sw/TPG/zynq_fsbl/zynq_fsbl_bsp/ps7_cortexa9_0/libsrc/xilrsa_v1_6/
TRACE::2026-02-26.17:20:21::SCWBDomain::src'

TRACE::2026-02-26.17:20:21::SCWBDomain::"Running Make libs in ps7_cortexa9_0/libsrc/axivdma_v6_7/src"

TRACE::2026-02-26.17:20:21::SCWBDomain::make -C ps7_cortexa9_0/libsrc/axivdma_v6_7/src -s libs  "SHELL=CMD" "COMPILER=arm-none-eabi-gcc" "ASSEMBLER=arm-none-eabi-as" "
TRACE::2026-02-26.17:20:21::SCWBDomain::ARCHIVER=arm-none-eabi-ar" "COMPILER_FLAGS=  -O2 -c" "EXTRA_COMPILER_FLAGS=-mcpu=cortex-a9 -mfpu=vfpv3 -mfloat-abi=hard -nostar
TRACE::2026-02-26.17:20:21::SCWBDomain::tfiles -g -Wall -Wextra"

TRACE::2026-02-26.17:20:21::SCWBDomain::make[2]: Entering directory 'C:/Users/cihem/CPRE-488-Labs/MP-2/sw/TPG/zynq_fsbl/zynq_fsbl_bsp/ps7_cortexa9_0/libsrc/axivdma_v6_
TRACE::2026-02-26.17:20:21::SCWBDomain::7/src'

TRACE::2026-02-26.17:20:22::SCWBDomain::"Compiling axivdma"

TRACE::2026-02-26.17:20:23::SCWBDomain::make[2]: Leaving directory 'C:/Users/cihem/CPRE-488-Labs/MP-2/sw/TPG/zynq_fsbl/zynq_fsbl_bsp/ps7_cortexa9_0/libsrc/axivdma_v6_7
TRACE::2026-02-26.17:20:23::SCWBDomain::/src'

TRACE::2026-02-26.17:20:23::SCWBDomain::"Running Make libs in ps7_cortexa9_0/libsrc/clk_wiz_v1_3/src"

TRACE::2026-02-26.17:20:23::SCWBDomain::make -C ps7_cortexa9_0/libsrc/clk_wiz_v1_3/src -s libs  "SHELL=CMD" "COMPILER=arm-none-eabi-gcc" "ASSEMBLER=arm-none-eabi-as" "
TRACE::2026-02-26.17:20:23::SCWBDomain::ARCHIVER=arm-none-eabi-ar" "COMPILER_FLAGS=  -O2 -c" "EXTRA_COMPILER_FLAGS=-mcpu=cortex-a9 -mfpu=vfpv3 -mfloat-abi=hard -nostar
TRACE::2026-02-26.17:20:23::SCWBDomain::tfiles -g -Wall -Wextra"

TRACE::2026-02-26.17:20:23::SCWBDomain::make[2]: Entering directory 'C:/Users/cihem/CPRE-488-Labs/MP-2/sw/TPG/zynq_fsbl/zynq_fsbl_bsp/ps7_cortexa9_0/libsrc/clk_wiz_v1_
TRACE::2026-02-26.17:20:23::SCWBDomain::3/src'

TRACE::2026-02-26.17:20:23::SCWBDomain::"Compiling Clkocking Wizard"

TRACE::2026-02-26.17:20:23::SCWBDomain::make[2]: Leaving directory 'C:/Users/cihem/CPRE-488-Labs/MP-2/sw/TPG/zynq_fsbl/zynq_fsbl_bsp/ps7_cortexa9_0/libsrc/clk_wiz_v1_3
TRACE::2026-02-26.17:20:23::SCWBDomain::/src'

TRACE::2026-02-26.17:20:23::SCWBDomain::"Running Make libs in ps7_cortexa9_0/libsrc/coresightps_dcc_v1_7/src"

TRACE::2026-02-26.17:20:23::SCWBDomain::make -C ps7_cortexa9_0/libsrc/coresightps_dcc_v1_7/src -s libs  "SHELL=CMD" "COMPILER=arm-none-eabi-gcc" "ASSEMBLER=arm-none-ea
TRACE::2026-02-26.17:20:23::SCWBDomain::bi-as" "ARCHIVER=arm-none-eabi-ar" "COMPILER_FLAGS=  -O2 -c" "EXTRA_COMPILER_FLAGS=-mcpu=cortex-a9 -mfpu=vfpv3 -mfloat-abi=hard
TRACE::2026-02-26.17:20:23::SCWBDomain:: -nostartfiles -g -Wall -Wextra"

TRACE::2026-02-26.17:20:23::SCWBDomain::make[2]: Entering directory 'C:/Users/cihem/CPRE-488-Labs/MP-2/sw/TPG/zynq_fsbl/zynq_fsbl_bsp/ps7_cortexa9_0/libsrc/coresightps
TRACE::2026-02-26.17:20:23::SCWBDomain::_dcc_v1_7/src'

TRACE::2026-02-26.17:20:23::SCWBDomain::"Compiling coresightps_dcc"

TRACE::2026-02-26.17:20:23::SCWBDomain::make[2]: Leaving directory 'C:/Users/cihem/CPRE-488-Labs/MP-2/sw/TPG/zynq_fsbl/zynq_fsbl_bsp/ps7_cortexa9_0/libsrc/coresightps_
TRACE::2026-02-26.17:20:23::SCWBDomain::dcc_v1_7/src'

TRACE::2026-02-26.17:20:23::SCWBDomain::"Running Make libs in ps7_cortexa9_0/libsrc/cpu_cortexa9_v2_9/src"

TRACE::2026-02-26.17:20:23::SCWBDomain::make -C ps7_cortexa9_0/libsrc/cpu_cortexa9_v2_9/src -s libs  "SHELL=CMD" "COMPILER=arm-none-eabi-gcc" "ASSEMBLER=arm-none-eabi-
TRACE::2026-02-26.17:20:23::SCWBDomain::as" "ARCHIVER=arm-none-eabi-ar" "COMPILER_FLAGS=  -O2 -c" "EXTRA_COMPILER_FLAGS=-mcpu=cortex-a9 -mfpu=vfpv3 -mfloat-abi=hard -n
TRACE::2026-02-26.17:20:23::SCWBDomain::ostartfiles -g -Wall -Wextra"

TRACE::2026-02-26.17:20:23::SCWBDomain::make[2]: Entering directory 'C:/Users/cihem/CPRE-488-Labs/MP-2/sw/TPG/zynq_fsbl/zynq_fsbl_bsp/ps7_cortexa9_0/libsrc/cpu_cortexa
TRACE::2026-02-26.17:20:23::SCWBDomain::9_v2_9/src'

TRACE::2026-02-26.17:20:23::SCWBDomain::"Compiling cpu_cortexa9"

TRACE::2026-02-26.17:20:23::SCWBDomain::make[2]: Leaving directory 'C:/Users/cihem/CPRE-488-Labs/MP-2/sw/TPG/zynq_fsbl/zynq_fsbl_bsp/ps7_cortexa9_0/libsrc/cpu_cortexa9
TRACE::2026-02-26.17:20:23::SCWBDomain::_v2_9/src'

TRACE::2026-02-26.17:20:23::SCWBDomain::"Running Make libs in ps7_cortexa9_0/libsrc/ddrps_v1_1/src"

TRACE::2026-02-26.17:20:23::SCWBDomain::make -C ps7_cortexa9_0/libsrc/ddrps_v1_1/src -s libs  "SHELL=CMD" "COMPILER=arm-none-eabi-gcc" "ASSEMBLER=arm-none-eabi-as" "AR
TRACE::2026-02-26.17:20:23::SCWBDomain::CHIVER=arm-none-eabi-ar" "COMPILER_FLAGS=  -O2 -c" "EXTRA_COMPILER_FLAGS=-mcpu=cortex-a9 -mfpu=vfpv3 -mfloat-abi=hard -nostartf
TRACE::2026-02-26.17:20:23::SCWBDomain::iles -g -Wall -Wextra"

TRACE::2026-02-26.17:20:23::SCWBDomain::make[2]: Entering directory 'C:/Users/cihem/CPRE-488-Labs/MP-2/sw/TPG/zynq_fsbl/zynq_fsbl_bsp/ps7_cortexa9_0/libsrc/ddrps_v1_1/
TRACE::2026-02-26.17:20:23::SCWBDomain::src'

TRACE::2026-02-26.17:20:23::SCWBDomain::"Compiling ddrps"

TRACE::2026-02-26.17:20:23::SCWBDomain::make[2]: Leaving directory 'C:/Users/cihem/CPRE-488-Labs/MP-2/sw/TPG/zynq_fsbl/zynq_fsbl_bsp/ps7_cortexa9_0/libsrc/ddrps_v1_1/s
TRACE::2026-02-26.17:20:23::SCWBDomain::rc'

TRACE::2026-02-26.17:20:23::SCWBDomain::"Running Make libs in ps7_cortexa9_0/libsrc/devcfg_v3_6/src"

TRACE::2026-02-26.17:20:23::SCWBDomain::make -C ps7_cortexa9_0/libsrc/devcfg_v3_6/src -s libs  "SHELL=CMD" "COMPILER=arm-none-eabi-gcc" "ASSEMBLER=arm-none-eabi-as" "A
TRACE::2026-02-26.17:20:23::SCWBDomain::RCHIVER=arm-none-eabi-ar" "COMPILER_FLAGS=  -O2 -c" "EXTRA_COMPILER_FLAGS=-mcpu=cortex-a9 -mfpu=vfpv3 -mfloat-abi=hard -nostart
TRACE::2026-02-26.17:20:23::SCWBDomain::files -g -Wall -Wextra"

TRACE::2026-02-26.17:20:23::SCWBDomain::make[2]: Entering directory 'C:/Users/cihem/CPRE-488-Labs/MP-2/sw/TPG/zynq_fsbl/zynq_fsbl_bsp/ps7_cortexa9_0/libsrc/devcfg_v3_6
TRACE::2026-02-26.17:20:23::SCWBDomain::/src'

TRACE::2026-02-26.17:20:23::SCWBDomain::"Compiling devcfg"

TRACE::2026-02-26.17:20:24::SCWBDomain::make[2]: Leaving directory 'C:/Users/cihem/CPRE-488-Labs/MP-2/sw/TPG/zynq_fsbl/zynq_fsbl_bsp/ps7_cortexa9_0/libsrc/devcfg_v3_6/
TRACE::2026-02-26.17:20:24::SCWBDomain::src'

TRACE::2026-02-26.17:20:24::SCWBDomain::"Running Make libs in ps7_cortexa9_0/libsrc/dmaps_v2_6/src"

TRACE::2026-02-26.17:20:24::SCWBDomain::make -C ps7_cortexa9_0/libsrc/dmaps_v2_6/src -s libs  "SHELL=CMD" "COMPILER=arm-none-eabi-gcc" "ASSEMBLER=arm-none-eabi-as" "AR
TRACE::2026-02-26.17:20:24::SCWBDomain::CHIVER=arm-none-eabi-ar" "COMPILER_FLAGS=  -O2 -c" "EXTRA_COMPILER_FLAGS=-mcpu=cortex-a9 -mfpu=vfpv3 -mfloat-abi=hard -nostartf
TRACE::2026-02-26.17:20:24::SCWBDomain::iles -g -Wall -Wextra"

TRACE::2026-02-26.17:20:24::SCWBDomain::make[2]: Entering directory 'C:/Users/cihem/CPRE-488-Labs/MP-2/sw/TPG/zynq_fsbl/zynq_fsbl_bsp/ps7_cortexa9_0/libsrc/dmaps_v2_6/
TRACE::2026-02-26.17:20:24::SCWBDomain::src'

TRACE::2026-02-26.17:20:24::SCWBDomain::"Compiling dmaps"

TRACE::2026-02-26.17:20:24::SCWBDomain::make[2]: Leaving directory 'C:/Users/cihem/CPRE-488-Labs/MP-2/sw/TPG/zynq_fsbl/zynq_fsbl_bsp/ps7_cortexa9_0/libsrc/dmaps_v2_6/s
TRACE::2026-02-26.17:20:24::SCWBDomain::rc'

TRACE::2026-02-26.17:20:25::SCWBDomain::"Running Make libs in ps7_cortexa9_0/libsrc/emacps_v3_11/src"

TRACE::2026-02-26.17:20:25::SCWBDomain::make -C ps7_cortexa9_0/libsrc/emacps_v3_11/src -s libs  "SHELL=CMD" "COMPILER=arm-none-eabi-gcc" "ASSEMBLER=arm-none-eabi-as" "
TRACE::2026-02-26.17:20:25::SCWBDomain::ARCHIVER=arm-none-eabi-ar" "COMPILER_FLAGS=  -O2 -c" "EXTRA_COMPILER_FLAGS=-mcpu=cortex-a9 -mfpu=vfpv3 -mfloat-abi=hard -nostar
TRACE::2026-02-26.17:20:25::SCWBDomain::tfiles -g -Wall -Wextra"

TRACE::2026-02-26.17:20:25::SCWBDomain::make[2]: Entering directory 'C:/Users/cihem/CPRE-488-Labs/MP-2/sw/TPG/zynq_fsbl/zynq_fsbl_bsp/ps7_cortexa9_0/libsrc/emacps_v3_1
TRACE::2026-02-26.17:20:25::SCWBDomain::1/src'

TRACE::2026-02-26.17:20:25::SCWBDomain::"Compiling emacps"

TRACE::2026-02-26.17:20:25::SCWBDomain::make[2]: Leaving directory 'C:/Users/cihem/CPRE-488-Labs/MP-2/sw/TPG/zynq_fsbl/zynq_fsbl_bsp/ps7_cortexa9_0/libsrc/emacps_v3_11
TRACE::2026-02-26.17:20:25::SCWBDomain::/src'

TRACE::2026-02-26.17:20:25::SCWBDomain::"Running Make libs in ps7_cortexa9_0/libsrc/gpiops_v3_7/src"

TRACE::2026-02-26.17:20:25::SCWBDomain::make -C ps7_cortexa9_0/libsrc/gpiops_v3_7/src -s libs  "SHELL=CMD" "COMPILER=arm-none-eabi-gcc" "ASSEMBLER=arm-none-eabi-as" "A
TRACE::2026-02-26.17:20:25::SCWBDomain::RCHIVER=arm-none-eabi-ar" "COMPILER_FLAGS=  -O2 -c" "EXTRA_COMPILER_FLAGS=-mcpu=cortex-a9 -mfpu=vfpv3 -mfloat-abi=hard -nostart
TRACE::2026-02-26.17:20:25::SCWBDomain::files -g -Wall -Wextra"

TRACE::2026-02-26.17:20:25::SCWBDomain::make[2]: Entering directory 'C:/Users/cihem/CPRE-488-Labs/MP-2/sw/TPG/zynq_fsbl/zynq_fsbl_bsp/ps7_cortexa9_0/libsrc/gpiops_v3_7
TRACE::2026-02-26.17:20:25::SCWBDomain::/src'

TRACE::2026-02-26.17:20:25::SCWBDomain::"Compiling gpiops"

TRACE::2026-02-26.17:20:26::SCWBDomain::make[2]: Leaving directory 'C:/Users/cihem/CPRE-488-Labs/MP-2/sw/TPG/zynq_fsbl/zynq_fsbl_bsp/ps7_cortexa9_0/libsrc/gpiops_v3_7/
TRACE::2026-02-26.17:20:26::SCWBDomain::src'

TRACE::2026-02-26.17:20:26::SCWBDomain::"Running Make libs in ps7_cortexa9_0/libsrc/gpio_v4_6/src"

TRACE::2026-02-26.17:20:26::SCWBDomain::make -C ps7_cortexa9_0/libsrc/gpio_v4_6/src -s libs  "SHELL=CMD" "COMPILER=arm-none-eabi-gcc" "ASSEMBLER=arm-none-eabi-as" "ARC
TRACE::2026-02-26.17:20:26::SCWBDomain::HIVER=arm-none-eabi-ar" "COMPILER_FLAGS=  -O2 -c" "EXTRA_COMPILER_FLAGS=-mcpu=cortex-a9 -mfpu=vfpv3 -mfloat-abi=hard -nostartfi
TRACE::2026-02-26.17:20:26::SCWBDomain::les -g -Wall -Wextra"

TRACE::2026-02-26.17:20:26::SCWBDomain::make[2]: Entering directory 'C:/Users/cihem/CPRE-488-Labs/MP-2/sw/TPG/zynq_fsbl/zynq_fsbl_bsp/ps7_cortexa9_0/libsrc/gpio_v4_6/s
TRACE::2026-02-26.17:20:26::SCWBDomain::rc'

TRACE::2026-02-26.17:20:26::SCWBDomain::"Compiling gpio"

TRACE::2026-02-26.17:20:26::SCWBDomain::make[2]: Leaving directory 'C:/Users/cihem/CPRE-488-Labs/MP-2/sw/TPG/zynq_fsbl/zynq_fsbl_bsp/ps7_cortexa9_0/libsrc/gpio_v4_6/sr
TRACE::2026-02-26.17:20:26::SCWBDomain::c'

TRACE::2026-02-26.17:20:26::SCWBDomain::"Running Make libs in ps7_cortexa9_0/libsrc/iicps_v3_11/src"

TRACE::2026-02-26.17:20:26::SCWBDomain::make -C ps7_cortexa9_0/libsrc/iicps_v3_11/src -s libs  "SHELL=CMD" "COMPILER=arm-none-eabi-gcc" "ASSEMBLER=arm-none-eabi-as" "A
TRACE::2026-02-26.17:20:26::SCWBDomain::RCHIVER=arm-none-eabi-ar" "COMPILER_FLAGS=  -O2 -c" "EXTRA_COMPILER_FLAGS=-mcpu=cortex-a9 -mfpu=vfpv3 -mfloat-abi=hard -nostart
TRACE::2026-02-26.17:20:26::SCWBDomain::files -g -Wall -Wextra"

TRACE::2026-02-26.17:20:26::SCWBDomain::make[2]: Entering directory 'C:/Users/cihem/CPRE-488-Labs/MP-2/sw/TPG/zynq_fsbl/zynq_fsbl_bsp/ps7_cortexa9_0/libsrc/iicps_v3_11
TRACE::2026-02-26.17:20:26::SCWBDomain::/src'

TRACE::2026-02-26.17:20:26::SCWBDomain::"Compiling iicps"

TRACE::2026-02-26.17:20:27::SCWBDomain::make[2]: Leaving directory 'C:/Users/cihem/CPRE-488-Labs/MP-2/sw/TPG/zynq_fsbl/zynq_fsbl_bsp/ps7_cortexa9_0/libsrc/iicps_v3_11/
TRACE::2026-02-26.17:20:27::SCWBDomain::src'

TRACE::2026-02-26.17:20:27::SCWBDomain::"Running Make libs in ps7_cortexa9_0/libsrc/iic_v3_6/src"

TRACE::2026-02-26.17:20:27::SCWBDomain::make -C ps7_cortexa9_0/libsrc/iic_v3_6/src -s libs  "SHELL=CMD" "COMPILER=arm-none-eabi-gcc" "ASSEMBLER=arm-none-eabi-as" "ARCH
TRACE::2026-02-26.17:20:27::SCWBDomain::IVER=arm-none-eabi-ar" "COMPILER_FLAGS=  -O2 -c" "EXTRA_COMPILER_FLAGS=-mcpu=cortex-a9 -mfpu=vfpv3 -mfloat-abi=hard -nostartfil
TRACE::2026-02-26.17:20:27::SCWBDomain::es -g -Wall -Wextra"

TRACE::2026-02-26.17:20:27::SCWBDomain::make[2]: Entering directory 'C:/Users/cihem/CPRE-488-Labs/MP-2/sw/TPG/zynq_fsbl/zynq_fsbl_bsp/ps7_cortexa9_0/libsrc/iic_v3_6/sr
TRACE::2026-02-26.17:20:27::SCWBDomain::c'

TRACE::2026-02-26.17:20:27::SCWBDomain::"Compiling iic"

TRACE::2026-02-26.17:20:28::SCWBDomain::make[2]: Leaving directory 'C:/Users/cihem/CPRE-488-Labs/MP-2/sw/TPG/zynq_fsbl/zynq_fsbl_bsp/ps7_cortexa9_0/libsrc/iic_v3_6/src
TRACE::2026-02-26.17:20:28::SCWBDomain::'

TRACE::2026-02-26.17:20:29::SCWBDomain::"Running Make libs in ps7_cortexa9_0/libsrc/qspips_v3_7/src"

TRACE::2026-02-26.17:20:29::SCWBDomain::make -C ps7_cortexa9_0/libsrc/qspips_v3_7/src -s libs  "SHELL=CMD" "COMPILER=arm-none-eabi-gcc" "ASSEMBLER=arm-none-eabi-as" "A
TRACE::2026-02-26.17:20:29::SCWBDomain::RCHIVER=arm-none-eabi-ar" "COMPILER_FLAGS=  -O2 -c" "EXTRA_COMPILER_FLAGS=-mcpu=cortex-a9 -mfpu=vfpv3 -mfloat-abi=hard -nostart
TRACE::2026-02-26.17:20:29::SCWBDomain::files -g -Wall -Wextra"

TRACE::2026-02-26.17:20:29::SCWBDomain::make[2]: Entering directory 'C:/Users/cihem/CPRE-488-Labs/MP-2/sw/TPG/zynq_fsbl/zynq_fsbl_bsp/ps7_cortexa9_0/libsrc/qspips_v3_7
TRACE::2026-02-26.17:20:29::SCWBDomain::/src'

TRACE::2026-02-26.17:20:29::SCWBDomain::"Compiling qspips"

TRACE::2026-02-26.17:20:29::SCWBDomain::make[2]: Leaving directory 'C:/Users/cihem/CPRE-488-Labs/MP-2/sw/TPG/zynq_fsbl/zynq_fsbl_bsp/ps7_cortexa9_0/libsrc/qspips_v3_7/
TRACE::2026-02-26.17:20:29::SCWBDomain::src'

TRACE::2026-02-26.17:20:29::SCWBDomain::"Running Make libs in ps7_cortexa9_0/libsrc/scugic_v4_2/src"

TRACE::2026-02-26.17:20:29::SCWBDomain::make -C ps7_cortexa9_0/libsrc/scugic_v4_2/src -s libs  "SHELL=CMD" "COMPILER=arm-none-eabi-gcc" "ASSEMBLER=arm-none-eabi-as" "A
TRACE::2026-02-26.17:20:29::SCWBDomain::RCHIVER=arm-none-eabi-ar" "COMPILER_FLAGS=  -O2 -c" "EXTRA_COMPILER_FLAGS=-mcpu=cortex-a9 -mfpu=vfpv3 -mfloat-abi=hard -nostart
TRACE::2026-02-26.17:20:29::SCWBDomain::files -g -Wall -Wextra"

TRACE::2026-02-26.17:20:29::SCWBDomain::make[2]: Entering directory 'C:/Users/cihem/CPRE-488-Labs/MP-2/sw/TPG/zynq_fsbl/zynq_fsbl_bsp/ps7_cortexa9_0/libsrc/scugic_v4_2
TRACE::2026-02-26.17:20:29::SCWBDomain::/src'

TRACE::2026-02-26.17:20:29::SCWBDomain::"Compiling scugic"

TRACE::2026-02-26.17:20:30::SCWBDomain::make[2]: Leaving directory 'C:/Users/cihem/CPRE-488-Labs/MP-2/sw/TPG/zynq_fsbl/zynq_fsbl_bsp/ps7_cortexa9_0/libsrc/scugic_v4_2/
TRACE::2026-02-26.17:20:30::SCWBDomain::src'

TRACE::2026-02-26.17:20:30::SCWBDomain::"Running Make libs in ps7_cortexa9_0/libsrc/scutimer_v2_2/src"

TRACE::2026-02-26.17:20:30::SCWBDomain::make -C ps7_cortexa9_0/libsrc/scutimer_v2_2/src -s libs  "SHELL=CMD" "COMPILER=arm-none-eabi-gcc" "ASSEMBLER=arm-none-eabi-as" 
TRACE::2026-02-26.17:20:30::SCWBDomain::"ARCHIVER=arm-none-eabi-ar" "COMPILER_FLAGS=  -O2 -c" "EXTRA_COMPILER_FLAGS=-mcpu=cortex-a9 -mfpu=vfpv3 -mfloat-abi=hard -nosta
TRACE::2026-02-26.17:20:30::SCWBDomain::rtfiles -g -Wall -Wextra"

TRACE::2026-02-26.17:20:30::SCWBDomain::make[2]: Entering directory 'C:/Users/cihem/CPRE-488-Labs/MP-2/sw/TPG/zynq_fsbl/zynq_fsbl_bsp/ps7_cortexa9_0/libsrc/scutimer_v2
TRACE::2026-02-26.17:20:30::SCWBDomain::_2/src'

TRACE::2026-02-26.17:20:30::SCWBDomain::"Compiling scutimer"

TRACE::2026-02-26.17:20:30::SCWBDomain::make[2]: Leaving directory 'C:/Users/cihem/CPRE-488-Labs/MP-2/sw/TPG/zynq_fsbl/zynq_fsbl_bsp/ps7_cortexa9_0/libsrc/scutimer_v2_
TRACE::2026-02-26.17:20:30::SCWBDomain::2/src'

TRACE::2026-02-26.17:20:30::SCWBDomain::"Running Make libs in ps7_cortexa9_0/libsrc/scuwdt_v2_2/src"

TRACE::2026-02-26.17:20:30::SCWBDomain::make -C ps7_cortexa9_0/libsrc/scuwdt_v2_2/src -s libs  "SHELL=CMD" "COMPILER=arm-none-eabi-gcc" "ASSEMBLER=arm-none-eabi-as" "A
TRACE::2026-02-26.17:20:30::SCWBDomain::RCHIVER=arm-none-eabi-ar" "COMPILER_FLAGS=  -O2 -c" "EXTRA_COMPILER_FLAGS=-mcpu=cortex-a9 -mfpu=vfpv3 -mfloat-abi=hard -nostart
TRACE::2026-02-26.17:20:30::SCWBDomain::files -g -Wall -Wextra"

TRACE::2026-02-26.17:20:30::SCWBDomain::make[2]: Entering directory 'C:/Users/cihem/CPRE-488-Labs/MP-2/sw/TPG/zynq_fsbl/zynq_fsbl_bsp/ps7_cortexa9_0/libsrc/scuwdt_v2_2
TRACE::2026-02-26.17:20:30::SCWBDomain::/src'

TRACE::2026-02-26.17:20:30::SCWBDomain::"Compiling scuwdt"

TRACE::2026-02-26.17:20:30::SCWBDomain::make[2]: Leaving directory 'C:/Users/cihem/CPRE-488-Labs/MP-2/sw/TPG/zynq_fsbl/zynq_fsbl_bsp/ps7_cortexa9_0/libsrc/scuwdt_v2_2/
TRACE::2026-02-26.17:20:30::SCWBDomain::src'

TRACE::2026-02-26.17:20:31::SCWBDomain::"Running Make libs in ps7_cortexa9_0/libsrc/sdps_v3_9/src"

TRACE::2026-02-26.17:20:31::SCWBDomain::make -C ps7_cortexa9_0/libsrc/sdps_v3_9/src -s libs  "SHELL=CMD" "COMPILER=arm-none-eabi-gcc" "ASSEMBLER=arm-none-eabi-as" "ARC
TRACE::2026-02-26.17:20:31::SCWBDomain::HIVER=arm-none-eabi-ar" "COMPILER_FLAGS=  -O2 -c" "EXTRA_COMPILER_FLAGS=-mcpu=cortex-a9 -mfpu=vfpv3 -mfloat-abi=hard -nostartfi
TRACE::2026-02-26.17:20:31::SCWBDomain::les -g -Wall -Wextra"

TRACE::2026-02-26.17:20:31::SCWBDomain::make[2]: Entering directory 'C:/Users/cihem/CPRE-488-Labs/MP-2/sw/TPG/zynq_fsbl/zynq_fsbl_bsp/ps7_cortexa9_0/libsrc/sdps_v3_9/s
TRACE::2026-02-26.17:20:31::SCWBDomain::rc'

TRACE::2026-02-26.17:20:31::SCWBDomain::"Compiling sdps"

TRACE::2026-02-26.17:20:31::SCWBDomain::make[2]: Leaving directory 'C:/Users/cihem/CPRE-488-Labs/MP-2/sw/TPG/zynq_fsbl/zynq_fsbl_bsp/ps7_cortexa9_0/libsrc/sdps_v3_9/sr
TRACE::2026-02-26.17:20:31::SCWBDomain::c'

TRACE::2026-02-26.17:20:31::SCWBDomain::"Running Make libs in ps7_cortexa9_0/libsrc/standalone_v7_2/src"

TRACE::2026-02-26.17:20:31::SCWBDomain::make -C ps7_cortexa9_0/libsrc/standalone_v7_2/src -s libs  "SHELL=CMD" "COMPILER=arm-none-eabi-gcc" "ASSEMBLER=arm-none-eabi-as
TRACE::2026-02-26.17:20:31::SCWBDomain::" "ARCHIVER=arm-none-eabi-ar" "COMPILER_FLAGS=  -O2 -c" "EXTRA_COMPILER_FLAGS=-mcpu=cortex-a9 -mfpu=vfpv3 -mfloat-abi=hard -nos
TRACE::2026-02-26.17:20:31::SCWBDomain::tartfiles -g -Wall -Wextra"

TRACE::2026-02-26.17:20:31::SCWBDomain::make[2]: Entering directory 'C:/Users/cihem/CPRE-488-Labs/MP-2/sw/TPG/zynq_fsbl/zynq_fsbl_bsp/ps7_cortexa9_0/libsrc/standalone_
TRACE::2026-02-26.17:20:31::SCWBDomain::v7_2/src'

TRACE::2026-02-26.17:20:31::SCWBDomain::"Compiling standalone"

TRACE::2026-02-26.17:20:33::SCWBDomain::make[3]: Entering directory 'C:/Users/cihem/CPRE-488-Labs/MP-2/sw/TPG/zynq_fsbl/zynq_fsbl_bsp/ps7_cortexa9_0/libsrc/standalone_
TRACE::2026-02-26.17:20:33::SCWBDomain::v7_2/src/profile'

TRACE::2026-02-26.17:20:33::SCWBDomain::make[3]: Leaving directory 'C:/Users/cihem/CPRE-488-Labs/MP-2/sw/TPG/zynq_fsbl/zynq_fsbl_bsp/ps7_cortexa9_0/libsrc/standalone_v
TRACE::2026-02-26.17:20:33::SCWBDomain::7_2/src/profile'

TRACE::2026-02-26.17:20:33::SCWBDomain::make[2]: Leaving directory 'C:/Users/cihem/CPRE-488-Labs/MP-2/sw/TPG/zynq_fsbl/zynq_fsbl_bsp/ps7_cortexa9_0/libsrc/standalone_v
TRACE::2026-02-26.17:20:33::SCWBDomain::7_2/src'

TRACE::2026-02-26.17:20:33::SCWBDomain::"Running Make libs in ps7_cortexa9_0/libsrc/uartps_v3_9/src"

TRACE::2026-02-26.17:20:33::SCWBDomain::make -C ps7_cortexa9_0/libsrc/uartps_v3_9/src -s libs  "SHELL=CMD" "COMPILER=arm-none-eabi-gcc" "ASSEMBLER=arm-none-eabi-as" "A
TRACE::2026-02-26.17:20:33::SCWBDomain::RCHIVER=arm-none-eabi-ar" "COMPILER_FLAGS=  -O2 -c" "EXTRA_COMPILER_FLAGS=-mcpu=cortex-a9 -mfpu=vfpv3 -mfloat-abi=hard -nostart
TRACE::2026-02-26.17:20:33::SCWBDomain::files -g -Wall -Wextra"

TRACE::2026-02-26.17:20:33::SCWBDomain::make[2]: Entering directory 'C:/Users/cihem/CPRE-488-Labs/MP-2/sw/TPG/zynq_fsbl/zynq_fsbl_bsp/ps7_cortexa9_0/libsrc/uartps_v3_9
TRACE::2026-02-26.17:20:33::SCWBDomain::/src'

TRACE::2026-02-26.17:20:34::SCWBDomain::"Compiling uartps"

TRACE::2026-02-26.17:20:34::SCWBDomain::make[2]: Leaving directory 'C:/Users/cihem/CPRE-488-Labs/MP-2/sw/TPG/zynq_fsbl/zynq_fsbl_bsp/ps7_cortexa9_0/libsrc/uartps_v3_9/
TRACE::2026-02-26.17:20:34::SCWBDomain::src'

TRACE::2026-02-26.17:20:34::SCWBDomain::"Running Make libs in ps7_cortexa9_0/libsrc/usbps_v2_5/src"

TRACE::2026-02-26.17:20:34::SCWBDomain::make -C ps7_cortexa9_0/libsrc/usbps_v2_5/src -s libs  "SHELL=CMD" "COMPILER=arm-none-eabi-gcc" "ASSEMBLER=arm-none-eabi-as" "AR
TRACE::2026-02-26.17:20:34::SCWBDomain::CHIVER=arm-none-eabi-ar" "COMPILER_FLAGS=  -O2 -c" "EXTRA_COMPILER_FLAGS=-mcpu=cortex-a9 -mfpu=vfpv3 -mfloat-abi=hard -nostartf
TRACE::2026-02-26.17:20:34::SCWBDomain::iles -g -Wall -Wextra"

TRACE::2026-02-26.17:20:34::SCWBDomain::make[2]: Entering directory 'C:/Users/cihem/CPRE-488-Labs/MP-2/sw/TPG/zynq_fsbl/zynq_fsbl_bsp/ps7_cortexa9_0/libsrc/usbps_v2_5/
TRACE::2026-02-26.17:20:34::SCWBDomain::src'

TRACE::2026-02-26.17:20:34::SCWBDomain::"Compiling usbps"

TRACE::2026-02-26.17:20:35::SCWBDomain::make[2]: Leaving directory 'C:/Users/cihem/CPRE-488-Labs/MP-2/sw/TPG/zynq_fsbl/zynq_fsbl_bsp/ps7_cortexa9_0/libsrc/usbps_v2_5/s
TRACE::2026-02-26.17:20:35::SCWBDomain::rc'

TRACE::2026-02-26.17:20:35::SCWBDomain::"Running Make libs in ps7_cortexa9_0/libsrc/video_common_v4_9/src"

TRACE::2026-02-26.17:20:35::SCWBDomain::make -C ps7_cortexa9_0/libsrc/video_common_v4_9/src -s libs  "SHELL=CMD" "COMPILER=arm-none-eabi-gcc" "ASSEMBLER=arm-none-eabi-
TRACE::2026-02-26.17:20:35::SCWBDomain::as" "ARCHIVER=arm-none-eabi-ar" "COMPILER_FLAGS=  -O2 -c" "EXTRA_COMPILER_FLAGS=-mcpu=cortex-a9 -mfpu=vfpv3 -mfloat-abi=hard -n
TRACE::2026-02-26.17:20:35::SCWBDomain::ostartfiles -g -Wall -Wextra"

TRACE::2026-02-26.17:20:35::SCWBDomain::make[2]: Entering directory 'C:/Users/cihem/CPRE-488-Labs/MP-2/sw/TPG/zynq_fsbl/zynq_fsbl_bsp/ps7_cortexa9_0/libsrc/video_commo
TRACE::2026-02-26.17:20:35::SCWBDomain::n_v4_9/src'

TRACE::2026-02-26.17:20:35::SCWBDomain::"Compiling video_common"

TRACE::2026-02-26.17:20:35::SCWBDomain::make[2]: Leaving directory 'C:/Users/cihem/CPRE-488-Labs/MP-2/sw/TPG/zynq_fsbl/zynq_fsbl_bsp/ps7_cortexa9_0/libsrc/video_common
TRACE::2026-02-26.17:20:35::SCWBDomain::_v4_9/src'

TRACE::2026-02-26.17:20:35::SCWBDomain::"Running Make libs in ps7_cortexa9_0/libsrc/vtc_v8_2/src"

TRACE::2026-02-26.17:20:35::SCWBDomain::make -C ps7_cortexa9_0/libsrc/vtc_v8_2/src -s libs  "SHELL=CMD" "COMPILER=arm-none-eabi-gcc" "ASSEMBLER=arm-none-eabi-as" "ARCH
TRACE::2026-02-26.17:20:35::SCWBDomain::IVER=arm-none-eabi-ar" "COMPILER_FLAGS=  -O2 -c" "EXTRA_COMPILER_FLAGS=-mcpu=cortex-a9 -mfpu=vfpv3 -mfloat-abi=hard -nostartfil
TRACE::2026-02-26.17:20:35::SCWBDomain::es -g -Wall -Wextra"

TRACE::2026-02-26.17:20:36::SCWBDomain::make[2]: Entering directory 'C:/Users/cihem/CPRE-488-Labs/MP-2/sw/TPG/zynq_fsbl/zynq_fsbl_bsp/ps7_cortexa9_0/libsrc/vtc_v8_2/sr
TRACE::2026-02-26.17:20:36::SCWBDomain::c'

TRACE::2026-02-26.17:20:36::SCWBDomain::"Compiling video timing controller"

TRACE::2026-02-26.17:20:36::SCWBDomain::make[3]: Entering directory 'C:/Users/cihem/CPRE-488-Labs/MP-2/sw/TPG/zynq_fsbl/zynq_fsbl_bsp/ps7_cortexa9_0/libsrc/vtc_v8_2/sr
TRACE::2026-02-26.17:20:36::SCWBDomain::c'

TRACE::2026-02-26.17:20:36::SCWBDomain::make[3]: Leaving directory 'C:/Users/cihem/CPRE-488-Labs/MP-2/sw/TPG/zynq_fsbl/zynq_fsbl_bsp/ps7_cortexa9_0/libsrc/vtc_v8_2/src
TRACE::2026-02-26.17:20:36::SCWBDomain::'

TRACE::2026-02-26.17:20:36::SCWBDomain::make[2]: Leaving directory 'C:/Users/cihem/CPRE-488-Labs/MP-2/sw/TPG/zynq_fsbl/zynq_fsbl_bsp/ps7_cortexa9_0/libsrc/vtc_v8_2/src
TRACE::2026-02-26.17:20:36::SCWBDomain::'

TRACE::2026-02-26.17:20:36::SCWBDomain::"Running Make libs in ps7_cortexa9_0/libsrc/v_tpg_v8_2/src"

TRACE::2026-02-26.17:20:36::SCWBDomain::make -C ps7_cortexa9_0/libsrc/v_tpg_v8_2/src -s libs  "SHELL=CMD" "COMPILER=arm-none-eabi-gcc" "ASSEMBLER=arm-none-eabi-as" "AR
TRACE::2026-02-26.17:20:36::SCWBDomain::CHIVER=arm-none-eabi-ar" "COMPILER_FLAGS=  -O2 -c" "EXTRA_COMPILER_FLAGS=-mcpu=cortex-a9 -mfpu=vfpv3 -mfloat-abi=hard -nostartf
TRACE::2026-02-26.17:20:36::SCWBDomain::iles -g -Wall -Wextra"

TRACE::2026-02-26.17:20:36::SCWBDomain::make[2]: Entering directory 'C:/Users/cihem/CPRE-488-Labs/MP-2/sw/TPG/zynq_fsbl/zynq_fsbl_bsp/ps7_cortexa9_0/libsrc/v_tpg_v8_2/
TRACE::2026-02-26.17:20:36::SCWBDomain::src'

TRACE::2026-02-26.17:20:36::SCWBDomain::"Compiling v_tpg"

TRACE::2026-02-26.17:20:36::SCWBDomain::make[3]: Entering directory 'C:/Users/cihem/CPRE-488-Labs/MP-2/sw/TPG/zynq_fsbl/zynq_fsbl_bsp/ps7_cortexa9_0/libsrc/v_tpg_v8_2/
TRACE::2026-02-26.17:20:36::SCWBDomain::src'

TRACE::2026-02-26.17:20:36::SCWBDomain::make[3]: Leaving directory 'C:/Users/cihem/CPRE-488-Labs/MP-2/sw/TPG/zynq_fsbl/zynq_fsbl_bsp/ps7_cortexa9_0/libsrc/v_tpg_v8_2/s
TRACE::2026-02-26.17:20:36::SCWBDomain::rc'

TRACE::2026-02-26.17:20:36::SCWBDomain::make[2]: Leaving directory 'C:/Users/cihem/CPRE-488-Labs/MP-2/sw/TPG/zynq_fsbl/zynq_fsbl_bsp/ps7_cortexa9_0/libsrc/v_tpg_v8_2/s
TRACE::2026-02-26.17:20:36::SCWBDomain::rc'

TRACE::2026-02-26.17:20:36::SCWBDomain::"Running Make libs in ps7_cortexa9_0/libsrc/xadcps_v2_4/src"

TRACE::2026-02-26.17:20:36::SCWBDomain::make -C ps7_cortexa9_0/libsrc/xadcps_v2_4/src -s libs  "SHELL=CMD" "COMPILER=arm-none-eabi-gcc" "ASSEMBLER=arm-none-eabi-as" "A
TRACE::2026-02-26.17:20:36::SCWBDomain::RCHIVER=arm-none-eabi-ar" "COMPILER_FLAGS=  -O2 -c" "EXTRA_COMPILER_FLAGS=-mcpu=cortex-a9 -mfpu=vfpv3 -mfloat-abi=hard -nostart
TRACE::2026-02-26.17:20:36::SCWBDomain::files -g -Wall -Wextra"

TRACE::2026-02-26.17:20:36::SCWBDomain::make[2]: Entering directory 'C:/Users/cihem/CPRE-488-Labs/MP-2/sw/TPG/zynq_fsbl/zynq_fsbl_bsp/ps7_cortexa9_0/libsrc/xadcps_v2_4
TRACE::2026-02-26.17:20:36::SCWBDomain::/src'

TRACE::2026-02-26.17:20:36::SCWBDomain::"Compiling xadcps"

TRACE::2026-02-26.17:20:37::SCWBDomain::make[2]: Leaving directory 'C:/Users/cihem/CPRE-488-Labs/MP-2/sw/TPG/zynq_fsbl/zynq_fsbl_bsp/ps7_cortexa9_0/libsrc/xadcps_v2_4/
TRACE::2026-02-26.17:20:37::SCWBDomain::src'

TRACE::2026-02-26.17:20:37::SCWBDomain::"Running Make libs in ps7_cortexa9_0/libsrc/xilffs_v4_3/src"

TRACE::2026-02-26.17:20:37::SCWBDomain::make -C ps7_cortexa9_0/libsrc/xilffs_v4_3/src -s libs  "SHELL=CMD" "COMPILER=arm-none-eabi-gcc" "ASSEMBLER=arm-none-eabi-as" "A
TRACE::2026-02-26.17:20:37::SCWBDomain::RCHIVER=arm-none-eabi-ar" "COMPILER_FLAGS=  -O2 -c" "EXTRA_COMPILER_FLAGS=-mcpu=cortex-a9 -mfpu=vfpv3 -mfloat-abi=hard -nostart
TRACE::2026-02-26.17:20:37::SCWBDomain::files -g -Wall -Wextra"

TRACE::2026-02-26.17:20:37::SCWBDomain::make[2]: Entering directory 'C:/Users/cihem/CPRE-488-Labs/MP-2/sw/TPG/zynq_fsbl/zynq_fsbl_bsp/ps7_cortexa9_0/libsrc/xilffs_v4_3
TRACE::2026-02-26.17:20:37::SCWBDomain::/src'

TRACE::2026-02-26.17:20:37::SCWBDomain::"Compiling XilFFs Library"

TRACE::2026-02-26.17:20:38::SCWBDomain::make[2]: Leaving directory 'C:/Users/cihem/CPRE-488-Labs/MP-2/sw/TPG/zynq_fsbl/zynq_fsbl_bsp/ps7_cortexa9_0/libsrc/xilffs_v4_3/
TRACE::2026-02-26.17:20:38::SCWBDomain::src'

TRACE::2026-02-26.17:20:38::SCWBDomain::"Running Make libs in ps7_cortexa9_0/libsrc/xilrsa_v1_6/src"

TRACE::2026-02-26.17:20:38::SCWBDomain::make -C ps7_cortexa9_0/libsrc/xilrsa_v1_6/src -s libs  "SHELL=CMD" "COMPILER=arm-none-eabi-gcc" "ASSEMBLER=arm-none-eabi-as" "A
TRACE::2026-02-26.17:20:38::SCWBDomain::RCHIVER=arm-none-eabi-ar" "COMPILER_FLAGS=  -O2 -c" "EXTRA_COMPILER_FLAGS=-mcpu=cortex-a9 -mfpu=vfpv3 -mfloat-abi=hard -nostart
TRACE::2026-02-26.17:20:38::SCWBDomain::files -g -Wall -Wextra"

TRACE::2026-02-26.17:20:38::SCWBDomain::make[2]: Entering directory 'C:/Users/cihem/CPRE-488-Labs/MP-2/sw/TPG/zynq_fsbl/zynq_fsbl_bsp/ps7_cortexa9_0/libsrc/xilrsa_v1_6
TRACE::2026-02-26.17:20:38::SCWBDomain::/src'

TRACE::2026-02-26.17:20:38::SCWBDomain::make[2]: Leaving directory 'C:/Users/cihem/CPRE-488-Labs/MP-2/sw/TPG/zynq_fsbl/zynq_fsbl_bsp/ps7_cortexa9_0/libsrc/xilrsa_v1_6/
TRACE::2026-02-26.17:20:38::SCWBDomain::src'

TRACE::2026-02-26.17:20:38::SCWBDomain::'Finished building libraries'

TRACE::2026-02-26.17:20:38::SCWBDomain::make[1]: Leaving directory 'C:/Users/cihem/CPRE-488-Labs/MP-2/sw/TPG/zynq_fsbl/zynq_fsbl_bsp'

TRACE::2026-02-26.17:20:38::SCWBDomain::arm-none-eabi-gcc -MMD -MP       -mcpu=cortex-a9 -mfpu=vfpv3 -mfloat-abi=hard   -O2 -c -c sd.c -o sd.o -Izynq_fsbl_bsp/ps7_cort
TRACE::2026-02-26.17:20:38::SCWBDomain::exa9_0/include -I.

TRACE::2026-02-26.17:20:38::SCWBDomain::arm-none-eabi-gcc -MMD -MP       -mcpu=cortex-a9 -mfpu=vfpv3 -mfloat-abi=hard   -O2 -c -c nand.c -o nand.o -Izynq_fsbl_bsp/ps7_
TRACE::2026-02-26.17:20:38::SCWBDomain::cortexa9_0/include -I.

TRACE::2026-02-26.17:20:38::SCWBDomain::arm-none-eabi-gcc -MMD -MP       -mcpu=cortex-a9 -mfpu=vfpv3 -mfloat-abi=hard   -O2 -c -c nor.c -o nor.o -Izynq_fsbl_bsp/ps7_co
TRACE::2026-02-26.17:20:38::SCWBDomain::rtexa9_0/include -I.

TRACE::2026-02-26.17:20:38::SCWBDomain::arm-none-eabi-gcc -MMD -MP       -mcpu=cortex-a9 -mfpu=vfpv3 -mfloat-abi=hard   -O2 -c -c image_mover.c -o image_mover.o -Izynq
TRACE::2026-02-26.17:20:38::SCWBDomain::_fsbl_bsp/ps7_cortexa9_0/include -I.

TRACE::2026-02-26.17:20:38::SCWBDomain::arm-none-eabi-gcc -MMD -MP       -mcpu=cortex-a9 -mfpu=vfpv3 -mfloat-abi=hard   -O2 -c -c md5.c -o md5.o -Izynq_fsbl_bsp/ps7_co
TRACE::2026-02-26.17:20:38::SCWBDomain::rtexa9_0/include -I.

TRACE::2026-02-26.17:20:38::SCWBDomain::arm-none-eabi-gcc -MMD -MP       -mcpu=cortex-a9 -mfpu=vfpv3 -mfloat-abi=hard   -O2 -c -c fsbl_hooks.c -o fsbl_hooks.o -Izynq_f
TRACE::2026-02-26.17:20:38::SCWBDomain::sbl_bsp/ps7_cortexa9_0/include -I.

TRACE::2026-02-26.17:20:38::SCWBDomain::arm-none-eabi-gcc -MMD -MP       -mcpu=cortex-a9 -mfpu=vfpv3 -mfloat-abi=hard   -O2 -c -c main.c -o main.o -Izynq_fsbl_bsp/ps7_
TRACE::2026-02-26.17:20:38::SCWBDomain::cortexa9_0/include -I.

TRACE::2026-02-26.17:20:38::SCWBDomain::arm-none-eabi-gcc -MMD -MP       -mcpu=cortex-a9 -mfpu=vfpv3 -mfloat-abi=hard   -O2 -c -c rsa.c -o rsa.o -Izynq_fsbl_bsp/ps7_co
TRACE::2026-02-26.17:20:38::SCWBDomain::rtexa9_0/include -I.

TRACE::2026-02-26.17:20:38::SCWBDomain::arm-none-eabi-gcc -MMD -MP       -mcpu=cortex-a9 -mfpu=vfpv3 -mfloat-abi=hard   -O2 -c -c qspi.c -o qspi.o -Izynq_fsbl_bsp/ps7_
TRACE::2026-02-26.17:20:38::SCWBDomain::cortexa9_0/include -I.

TRACE::2026-02-26.17:20:39::SCWBDomain::arm-none-eabi-gcc -MMD -MP       -mcpu=cortex-a9 -mfpu=vfpv3 -mfloat-abi=hard   -O2 -c -c ps7_init.c -o ps7_init.o -Izynq_fsbl_
TRACE::2026-02-26.17:20:39::SCWBDomain::bsp/ps7_cortexa9_0/include -I.

TRACE::2026-02-26.17:20:39::SCWBDomain::arm-none-eabi-gcc -MMD -MP       -mcpu=cortex-a9 -mfpu=vfpv3 -mfloat-abi=hard   -O2 -c -c pcap.c -o pcap.o -Izynq_fsbl_bsp/ps7_
TRACE::2026-02-26.17:20:39::SCWBDomain::cortexa9_0/include -I.

TRACE::2026-02-26.17:20:39::SCWBDomain::arm-none-eabi-gcc -MMD -MP       -mcpu=cortex-a9 -mfpu=vfpv3 -mfloat-abi=hard   -O2 -c -c fsbl_handoff.S -o fsbl_handoff.o -Izy
TRACE::2026-02-26.17:20:39::SCWBDomain::nq_fsbl_bsp/ps7_cortexa9_0/include -I.

TRACE::2026-02-26.17:20:39::SCWBDomain::arm-none-eabi-gcc -o executable.elf  sd.o  nand.o  nor.o  image_mover.o  md5.o  fsbl_hooks.o  main.o  rsa.o  qspi.o  ps7_init.o
TRACE::2026-02-26.17:20:39::SCWBDomain::  pcap.o  fsbl_handoff.o -MMD -MP       -mcpu=cortex-a9 -mfpu=vfpv3 -mfloat-abi=hard   -mcpu=cortex-a9 -mfpu=vfpv3 -mfloat-abi=
TRACE::2026-02-26.17:20:39::SCWBDomain::hard -Wl,-build-id=none -specs=Xilinx.spec  -lrsa -Wl,--start-group,-lxil,-lgcc,-lc,--end-group -Wl,--start-group,-lxilffs,-lxi
TRACE::2026-02-26.17:20:39::SCWBDomain::l,-lgcc,-lc,--end-group -Wl,--start-group,-lrsa,-lxil,-lgcc,-lc,--end-group                                           -Wl,--gc-
TRACE::2026-02-26.17:20:39::SCWBDomain::sections -Lzynq_fsbl_bsp/ps7_cortexa9_0/lib -L./ -Tlscript.ld

LOG::2026-02-26.17:20:39::SCWSystem::Checking the domain standalone_domain
LOG::2026-02-26.17:20:39::SCWSystem::Not a boot domain 
LOG::2026-02-26.17:20:39::SCWSystem::Started Processing the domain standalone_domain
TRACE::2026-02-26.17:20:39::SCWDomain::Generating domain artifcats
TRACE::2026-02-26.17:20:39::SCWMssOS::Generating standalone artifcats
TRACE::2026-02-26.17:20:39::SCWMssOS::Copying the qemu file from  C:/Xilinx/Vitis/2020.1/data/emulation/platforms/zynq/qemu/qemu_args.txt To C:/Users/cihem/CPRE-488-Labs/MP-2/sw/TPG/export/TPG/sw/TPG/qemu/
TRACE::2026-02-26.17:20:39::SCWMssOS::Copying the qemu file from  C:/Xilinx/Vitis/2020.1/data/emulation/platforms/zynq/qemu/qemu_args.txt To C:/Users/cihem/CPRE-488-Labs/MP-2/sw/TPG/export/TPG/sw/TPG/standalone_domain/qemu/
TRACE::2026-02-26.17:20:39::SCWMssOS:: Copying the user libraries. 
TRACE::2026-02-26.17:20:39::SCWPlatform::Trying to open the hw design at C:/Users/cihem/CPRE-488-Labs/MP-2/sw/TPG/hw/system_wrapper.xsa
TRACE::2026-02-26.17:20:39::SCWPlatform::DSA given C:/Users/cihem/CPRE-488-Labs/MP-2/sw/TPG/hw/system_wrapper.xsa
TRACE::2026-02-26.17:20:39::SCWPlatform::DSA absoulate path C:/Users/cihem/CPRE-488-Labs/MP-2/sw/TPG/hw/system_wrapper.xsa
TRACE::2026-02-26.17:20:39::SCWPlatform::DSA directory C:/Users/cihem/CPRE-488-Labs/MP-2/sw/TPG/hw
TRACE::2026-02-26.17:20:39::SCWPlatform:: Platform Path C:/Users/cihem/CPRE-488-Labs/MP-2/sw/TPG/hw/system_wrapper.xsa
TRACE::2026-02-26.17:20:39::SCWPlatform:: Unique name xilinx:zed::0.0
TRACE::2026-02-26.17:20:39::SCWPlatform::Trying to set the existing hwdb with name system_wrapper_2
TRACE::2026-02-26.17:20:39::SCWPlatform::Opened existing hwdb system_wrapper_2
TRACE::2026-02-26.17:20:39::SCWPlatform::Found the Hw Db part of the input DSA
TRACE::2026-02-26.17:20:39::SCWMssOS::Checking the sw design at  C:/Users/cihem/CPRE-488-Labs/MP-2/sw/TPG/ps7_cortexa9_0/standalone_domain/bsp/system.mss
TRACE::2026-02-26.17:20:39::SCWMssOS::DEBUG:  swdes dump  C:/Users/cihem/CPRE-488-Labs/MP-2/sw/TPG/ps7_cortexa9_0/standalone_domain/bsp/system.mss|system_0||
C:/Users/cihem/CPRE-488-Labs/MP-2/sw/TPG/zynq_fsbl/zynq_fsbl_bsp/system.mss|system||

TRACE::2026-02-26.17:20:39::SCWMssOS::Sw design exists and opened at  C:/Users/cihem/CPRE-488-Labs/MP-2/sw/TPG/ps7_cortexa9_0/standalone_domain/bsp/system.mss
TRACE::2026-02-26.17:20:39::SCWMssOS::Completed writing the mss file at C:/Users/cihem/CPRE-488-Labs/MP-2/sw/TPG/ps7_cortexa9_0/standalone_domain/bsp
TRACE::2026-02-26.17:20:39::SCWMssOS::Mss edits present, copying mssfile into export location C:/Users/cihem/CPRE-488-Labs/MP-2/sw/TPG/ps7_cortexa9_0/standalone_domain/bsp/system.mss
TRACE::2026-02-26.17:20:39::SCWMssOS::bsp generated is upto date with the mss file. Skipping bsp generation.
TRACE::2026-02-26.17:20:39::SCWMssOS::BSP is already built. skipping the bsp build ... 
TRACE::2026-02-26.17:20:39::SCWDomain::Building the domain as part of full build :  standalone_domain
TRACE::2026-02-26.17:20:39::SCWMssOS::doing bsp build ... 
TRACE::2026-02-26.17:20:39::SCWMssOS::System Command Ran  C: & cd  C:/Users/cihem/CPRE-488-Labs/MP-2/sw/TPG/ps7_cortexa9_0/standalone_domain/bsp & make 
TRACE::2026-02-26.17:20:39::SCWMssOS::"Running Make include in ps7_cortexa9_0/libsrc/axivdma_v6_7/src"

TRACE::2026-02-26.17:20:39::SCWMssOS::make -C ps7_cortexa9_0/libsrc/axivdma_v6_7/src -s include  "SHELL=CMD" "COMPILER=arm-none-eabi-gcc" "ASSEMBLER=arm-none-eabi-as
TRACE::2026-02-26.17:20:39::SCWMssOS::" "ARCHIVER=arm-none-eabi-ar" "COMPILER_FLAGS=  -O2 -c" "EXTRA_COMPILER_FLAGS=-mcpu=cortex-a9 -mfpu=vfpv3 -mfloat-abi=hard -nos
TRACE::2026-02-26.17:20:39::SCWMssOS::tartfiles -g -Wall -Wextra"

TRACE::2026-02-26.17:20:39::SCWMssOS::"Running Make include in ps7_cortexa9_0/libsrc/clk_wiz_v1_3/src"

TRACE::2026-02-26.17:20:39::SCWMssOS::make -C ps7_cortexa9_0/libsrc/clk_wiz_v1_3/src -s include  "SHELL=CMD" "COMPILER=arm-none-eabi-gcc" "ASSEMBLER=arm-none-eabi-as
TRACE::2026-02-26.17:20:39::SCWMssOS::" "ARCHIVER=arm-none-eabi-ar" "COMPILER_FLAGS=  -O2 -c" "EXTRA_COMPILER_FLAGS=-mcpu=cortex-a9 -mfpu=vfpv3 -mfloat-abi=hard -nos
TRACE::2026-02-26.17:20:39::SCWMssOS::tartfiles -g -Wall -Wextra"

TRACE::2026-02-26.17:20:39::SCWMssOS::"Running Make include in ps7_cortexa9_0/libsrc/coresightps_dcc_v1_7/src"

TRACE::2026-02-26.17:20:39::SCWMssOS::make -C ps7_cortexa9_0/libsrc/coresightps_dcc_v1_7/src -s include  "SHELL=CMD" "COMPILER=arm-none-eabi-gcc" "ASSEMBLER=arm-none
TRACE::2026-02-26.17:20:39::SCWMssOS::-eabi-as" "ARCHIVER=arm-none-eabi-ar" "COMPILER_FLAGS=  -O2 -c" "EXTRA_COMPILER_FLAGS=-mcpu=cortex-a9 -mfpu=vfpv3 -mfloat-abi=h
TRACE::2026-02-26.17:20:39::SCWMssOS::ard -nostartfiles -g -Wall -Wextra"

TRACE::2026-02-26.17:20:39::SCWMssOS::"Running Make include in ps7_cortexa9_0/libsrc/cpu_cortexa9_v2_9/src"

TRACE::2026-02-26.17:20:39::SCWMssOS::make -C ps7_cortexa9_0/libsrc/cpu_cortexa9_v2_9/src -s include  "SHELL=CMD" "COMPILER=arm-none-eabi-gcc" "ASSEMBLER=arm-none-ea
TRACE::2026-02-26.17:20:39::SCWMssOS::bi-as" "ARCHIVER=arm-none-eabi-ar" "COMPILER_FLAGS=  -O2 -c" "EXTRA_COMPILER_FLAGS=-mcpu=cortex-a9 -mfpu=vfpv3 -mfloat-abi=hard
TRACE::2026-02-26.17:20:39::SCWMssOS:: -nostartfiles -g -Wall -Wextra"

TRACE::2026-02-26.17:20:39::SCWMssOS::"Running Make include in ps7_cortexa9_0/libsrc/ddrps_v1_1/src"

TRACE::2026-02-26.17:20:39::SCWMssOS::make -C ps7_cortexa9_0/libsrc/ddrps_v1_1/src -s include  "SHELL=CMD" "COMPILER=arm-none-eabi-gcc" "ASSEMBLER=arm-none-eabi-as" 
TRACE::2026-02-26.17:20:39::SCWMssOS::"ARCHIVER=arm-none-eabi-ar" "COMPILER_FLAGS=  -O2 -c" "EXTRA_COMPILER_FLAGS=-mcpu=cortex-a9 -mfpu=vfpv3 -mfloat-abi=hard -nosta
TRACE::2026-02-26.17:20:39::SCWMssOS::rtfiles -g -Wall -Wextra"

TRACE::2026-02-26.17:20:39::SCWMssOS::"Running Make include in ps7_cortexa9_0/libsrc/devcfg_v3_6/src"

TRACE::2026-02-26.17:20:39::SCWMssOS::make -C ps7_cortexa9_0/libsrc/devcfg_v3_6/src -s include  "SHELL=CMD" "COMPILER=arm-none-eabi-gcc" "ASSEMBLER=arm-none-eabi-as"
TRACE::2026-02-26.17:20:39::SCWMssOS:: "ARCHIVER=arm-none-eabi-ar" "COMPILER_FLAGS=  -O2 -c" "EXTRA_COMPILER_FLAGS=-mcpu=cortex-a9 -mfpu=vfpv3 -mfloat-abi=hard -nost
TRACE::2026-02-26.17:20:39::SCWMssOS::artfiles -g -Wall -Wextra"

TRACE::2026-02-26.17:20:39::SCWMssOS::"Running Make include in ps7_cortexa9_0/libsrc/dmaps_v2_6/src"

TRACE::2026-02-26.17:20:39::SCWMssOS::make -C ps7_cortexa9_0/libsrc/dmaps_v2_6/src -s include  "SHELL=CMD" "COMPILER=arm-none-eabi-gcc" "ASSEMBLER=arm-none-eabi-as" 
TRACE::2026-02-26.17:20:39::SCWMssOS::"ARCHIVER=arm-none-eabi-ar" "COMPILER_FLAGS=  -O2 -c" "EXTRA_COMPILER_FLAGS=-mcpu=cortex-a9 -mfpu=vfpv3 -mfloat-abi=hard -nosta
TRACE::2026-02-26.17:20:39::SCWMssOS::rtfiles -g -Wall -Wextra"

TRACE::2026-02-26.17:20:40::SCWMssOS::"Running Make include in ps7_cortexa9_0/libsrc/emacps_v3_11/src"

TRACE::2026-02-26.17:20:40::SCWMssOS::make -C ps7_cortexa9_0/libsrc/emacps_v3_11/src -s include  "SHELL=CMD" "COMPILER=arm-none-eabi-gcc" "ASSEMBLER=arm-none-eabi-as
TRACE::2026-02-26.17:20:40::SCWMssOS::" "ARCHIVER=arm-none-eabi-ar" "COMPILER_FLAGS=  -O2 -c" "EXTRA_COMPILER_FLAGS=-mcpu=cortex-a9 -mfpu=vfpv3 -mfloat-abi=hard -nos
TRACE::2026-02-26.17:20:40::SCWMssOS::tartfiles -g -Wall -Wextra"

TRACE::2026-02-26.17:20:40::SCWMssOS::"Running Make include in ps7_cortexa9_0/libsrc/gpiops_v3_7/src"

TRACE::2026-02-26.17:20:40::SCWMssOS::make -C ps7_cortexa9_0/libsrc/gpiops_v3_7/src -s include  "SHELL=CMD" "COMPILER=arm-none-eabi-gcc" "ASSEMBLER=arm-none-eabi-as"
TRACE::2026-02-26.17:20:40::SCWMssOS:: "ARCHIVER=arm-none-eabi-ar" "COMPILER_FLAGS=  -O2 -c" "EXTRA_COMPILER_FLAGS=-mcpu=cortex-a9 -mfpu=vfpv3 -mfloat-abi=hard -nost
TRACE::2026-02-26.17:20:40::SCWMssOS::artfiles -g -Wall -Wextra"

TRACE::2026-02-26.17:20:40::SCWMssOS::"Running Make include in ps7_cortexa9_0/libsrc/gpio_v4_6/src"

TRACE::2026-02-26.17:20:40::SCWMssOS::make -C ps7_cortexa9_0/libsrc/gpio_v4_6/src -s include  "SHELL=CMD" "COMPILER=arm-none-eabi-gcc" "ASSEMBLER=arm-none-eabi-as" "
TRACE::2026-02-26.17:20:40::SCWMssOS::ARCHIVER=arm-none-eabi-ar" "COMPILER_FLAGS=  -O2 -c" "EXTRA_COMPILER_FLAGS=-mcpu=cortex-a9 -mfpu=vfpv3 -mfloat-abi=hard -nostar
TRACE::2026-02-26.17:20:40::SCWMssOS::tfiles -g -Wall -Wextra"

TRACE::2026-02-26.17:20:40::SCWMssOS::"Running Make include in ps7_cortexa9_0/libsrc/iicps_v3_11/src"

TRACE::2026-02-26.17:20:40::SCWMssOS::make -C ps7_cortexa9_0/libsrc/iicps_v3_11/src -s include  "SHELL=CMD" "COMPILER=arm-none-eabi-gcc" "ASSEMBLER=arm-none-eabi-as"
TRACE::2026-02-26.17:20:40::SCWMssOS:: "ARCHIVER=arm-none-eabi-ar" "COMPILER_FLAGS=  -O2 -c" "EXTRA_COMPILER_FLAGS=-mcpu=cortex-a9 -mfpu=vfpv3 -mfloat-abi=hard -nost
TRACE::2026-02-26.17:20:40::SCWMssOS::artfiles -g -Wall -Wextra"

TRACE::2026-02-26.17:20:40::SCWMssOS::"Running Make include in ps7_cortexa9_0/libsrc/iic_v3_6/src"

TRACE::2026-02-26.17:20:40::SCWMssOS::make -C ps7_cortexa9_0/libsrc/iic_v3_6/src -s include  "SHELL=CMD" "COMPILER=arm-none-eabi-gcc" "ASSEMBLER=arm-none-eabi-as" "A
TRACE::2026-02-26.17:20:40::SCWMssOS::RCHIVER=arm-none-eabi-ar" "COMPILER_FLAGS=  -O2 -c" "EXTRA_COMPILER_FLAGS=-mcpu=cortex-a9 -mfpu=vfpv3 -mfloat-abi=hard -nostart
TRACE::2026-02-26.17:20:40::SCWMssOS::files -g -Wall -Wextra"

TRACE::2026-02-26.17:20:40::SCWMssOS::"Running Make include in ps7_cortexa9_0/libsrc/qspips_v3_7/src"

TRACE::2026-02-26.17:20:40::SCWMssOS::make -C ps7_cortexa9_0/libsrc/qspips_v3_7/src -s include  "SHELL=CMD" "COMPILER=arm-none-eabi-gcc" "ASSEMBLER=arm-none-eabi-as"
TRACE::2026-02-26.17:20:40::SCWMssOS:: "ARCHIVER=arm-none-eabi-ar" "COMPILER_FLAGS=  -O2 -c" "EXTRA_COMPILER_FLAGS=-mcpu=cortex-a9 -mfpu=vfpv3 -mfloat-abi=hard -nost
TRACE::2026-02-26.17:20:40::SCWMssOS::artfiles -g -Wall -Wextra"

TRACE::2026-02-26.17:20:40::SCWMssOS::"Running Make include in ps7_cortexa9_0/libsrc/scugic_v4_2/src"

TRACE::2026-02-26.17:20:40::SCWMssOS::make -C ps7_cortexa9_0/libsrc/scugic_v4_2/src -s include  "SHELL=CMD" "COMPILER=arm-none-eabi-gcc" "ASSEMBLER=arm-none-eabi-as"
TRACE::2026-02-26.17:20:40::SCWMssOS:: "ARCHIVER=arm-none-eabi-ar" "COMPILER_FLAGS=  -O2 -c" "EXTRA_COMPILER_FLAGS=-mcpu=cortex-a9 -mfpu=vfpv3 -mfloat-abi=hard -nost
TRACE::2026-02-26.17:20:40::SCWMssOS::artfiles -g -Wall -Wextra"

TRACE::2026-02-26.17:20:40::SCWMssOS::"Running Make include in ps7_cortexa9_0/libsrc/scutimer_v2_2/src"

TRACE::2026-02-26.17:20:40::SCWMssOS::make -C ps7_cortexa9_0/libsrc/scutimer_v2_2/src -s include  "SHELL=CMD" "COMPILER=arm-none-eabi-gcc" "ASSEMBLER=arm-none-eabi-a
TRACE::2026-02-26.17:20:40::SCWMssOS::s" "ARCHIVER=arm-none-eabi-ar" "COMPILER_FLAGS=  -O2 -c" "EXTRA_COMPILER_FLAGS=-mcpu=cortex-a9 -mfpu=vfpv3 -mfloat-abi=hard -no
TRACE::2026-02-26.17:20:40::SCWMssOS::startfiles -g -Wall -Wextra"

TRACE::2026-02-26.17:20:40::SCWMssOS::"Running Make include in ps7_cortexa9_0/libsrc/scuwdt_v2_2/src"

TRACE::2026-02-26.17:20:40::SCWMssOS::make -C ps7_cortexa9_0/libsrc/scuwdt_v2_2/src -s include  "SHELL=CMD" "COMPILER=arm-none-eabi-gcc" "ASSEMBLER=arm-none-eabi-as"
TRACE::2026-02-26.17:20:40::SCWMssOS:: "ARCHIVER=arm-none-eabi-ar" "COMPILER_FLAGS=  -O2 -c" "EXTRA_COMPILER_FLAGS=-mcpu=cortex-a9 -mfpu=vfpv3 -mfloat-abi=hard -nost
TRACE::2026-02-26.17:20:40::SCWMssOS::artfiles -g -Wall -Wextra"

TRACE::2026-02-26.17:20:40::SCWMssOS::"Running Make include in ps7_cortexa9_0/libsrc/sdps_v3_9/src"

TRACE::2026-02-26.17:20:40::SCWMssOS::make -C ps7_cortexa9_0/libsrc/sdps_v3_9/src -s include  "SHELL=CMD" "COMPILER=arm-none-eabi-gcc" "ASSEMBLER=arm-none-eabi-as" "
TRACE::2026-02-26.17:20:40::SCWMssOS::ARCHIVER=arm-none-eabi-ar" "COMPILER_FLAGS=  -O2 -c" "EXTRA_COMPILER_FLAGS=-mcpu=cortex-a9 -mfpu=vfpv3 -mfloat-abi=hard -nostar
TRACE::2026-02-26.17:20:40::SCWMssOS::tfiles -g -Wall -Wextra"

TRACE::2026-02-26.17:20:40::SCWMssOS::"Running Make include in ps7_cortexa9_0/libsrc/standalone_v7_2/src"

TRACE::2026-02-26.17:20:40::SCWMssOS::make -C ps7_cortexa9_0/libsrc/standalone_v7_2/src -s include  "SHELL=CMD" "COMPILER=arm-none-eabi-gcc" "ASSEMBLER=arm-none-eabi
TRACE::2026-02-26.17:20:40::SCWMssOS::-as" "ARCHIVER=arm-none-eabi-ar" "COMPILER_FLAGS=  -O2 -c" "EXTRA_COMPILER_FLAGS=-mcpu=cortex-a9 -mfpu=vfpv3 -mfloat-abi=hard -
TRACE::2026-02-26.17:20:40::SCWMssOS::nostartfiles -g -Wall -Wextra"

TRACE::2026-02-26.17:20:40::SCWMssOS::"Running Make include in ps7_cortexa9_0/libsrc/uartps_v3_9/src"

TRACE::2026-02-26.17:20:40::SCWMssOS::make -C ps7_cortexa9_0/libsrc/uartps_v3_9/src -s include  "SHELL=CMD" "COMPILER=arm-none-eabi-gcc" "ASSEMBLER=arm-none-eabi-as"
TRACE::2026-02-26.17:20:40::SCWMssOS:: "ARCHIVER=arm-none-eabi-ar" "COMPILER_FLAGS=  -O2 -c" "EXTRA_COMPILER_FLAGS=-mcpu=cortex-a9 -mfpu=vfpv3 -mfloat-abi=hard -nost
TRACE::2026-02-26.17:20:40::SCWMssOS::artfiles -g -Wall -Wextra"

TRACE::2026-02-26.17:20:40::SCWMssOS::"Running Make include in ps7_cortexa9_0/libsrc/usbps_v2_5/src"

TRACE::2026-02-26.17:20:40::SCWMssOS::make -C ps7_cortexa9_0/libsrc/usbps_v2_5/src -s include  "SHELL=CMD" "COMPILER=arm-none-eabi-gcc" "ASSEMBLER=arm-none-eabi-as" 
TRACE::2026-02-26.17:20:40::SCWMssOS::"ARCHIVER=arm-none-eabi-ar" "COMPILER_FLAGS=  -O2 -c" "EXTRA_COMPILER_FLAGS=-mcpu=cortex-a9 -mfpu=vfpv3 -mfloat-abi=hard -nosta
TRACE::2026-02-26.17:20:40::SCWMssOS::rtfiles -g -Wall -Wextra"

TRACE::2026-02-26.17:20:41::SCWMssOS::"Running Make include in ps7_cortexa9_0/libsrc/video_common_v4_9/src"

TRACE::2026-02-26.17:20:41::SCWMssOS::make -C ps7_cortexa9_0/libsrc/video_common_v4_9/src -s include  "SHELL=CMD" "COMPILER=arm-none-eabi-gcc" "ASSEMBLER=arm-none-ea
TRACE::2026-02-26.17:20:41::SCWMssOS::bi-as" "ARCHIVER=arm-none-eabi-ar" "COMPILER_FLAGS=  -O2 -c" "EXTRA_COMPILER_FLAGS=-mcpu=cortex-a9 -mfpu=vfpv3 -mfloat-abi=hard
TRACE::2026-02-26.17:20:41::SCWMssOS:: -nostartfiles -g -Wall -Wextra"

TRACE::2026-02-26.17:20:41::SCWMssOS::"Running Make include in ps7_cortexa9_0/libsrc/vtc_v8_2/src"

TRACE::2026-02-26.17:20:41::SCWMssOS::make -C ps7_cortexa9_0/libsrc/vtc_v8_2/src -s include  "SHELL=CMD" "COMPILER=arm-none-eabi-gcc" "ASSEMBLER=arm-none-eabi-as" "A
TRACE::2026-02-26.17:20:41::SCWMssOS::RCHIVER=arm-none-eabi-ar" "COMPILER_FLAGS=  -O2 -c" "EXTRA_COMPILER_FLAGS=-mcpu=cortex-a9 -mfpu=vfpv3 -mfloat-abi=hard -nostart
TRACE::2026-02-26.17:20:41::SCWMssOS::files -g -Wall -Wextra"

TRACE::2026-02-26.17:20:41::SCWMssOS::"Running Make include in ps7_cortexa9_0/libsrc/v_tpg_v8_2/src"

TRACE::2026-02-26.17:20:41::SCWMssOS::make -C ps7_cortexa9_0/libsrc/v_tpg_v8_2/src -s include  "SHELL=CMD" "COMPILER=arm-none-eabi-gcc" "ASSEMBLER=arm-none-eabi-as" 
TRACE::2026-02-26.17:20:41::SCWMssOS::"ARCHIVER=arm-none-eabi-ar" "COMPILER_FLAGS=  -O2 -c" "EXTRA_COMPILER_FLAGS=-mcpu=cortex-a9 -mfpu=vfpv3 -mfloat-abi=hard -nosta
TRACE::2026-02-26.17:20:41::SCWMssOS::rtfiles -g -Wall -Wextra"

TRACE::2026-02-26.17:20:41::SCWMssOS::"Running Make include in ps7_cortexa9_0/libsrc/xadcps_v2_4/src"

TRACE::2026-02-26.17:20:41::SCWMssOS::make -C ps7_cortexa9_0/libsrc/xadcps_v2_4/src -s include  "SHELL=CMD" "COMPILER=arm-none-eabi-gcc" "ASSEMBLER=arm-none-eabi-as"
TRACE::2026-02-26.17:20:41::SCWMssOS:: "ARCHIVER=arm-none-eabi-ar" "COMPILER_FLAGS=  -O2 -c" "EXTRA_COMPILER_FLAGS=-mcpu=cortex-a9 -mfpu=vfpv3 -mfloat-abi=hard -nost
TRACE::2026-02-26.17:20:41::SCWMssOS::artfiles -g -Wall -Wextra"

TRACE::2026-02-26.17:20:41::SCWMssOS::"Running Make libs in ps7_cortexa9_0/libsrc/axivdma_v6_7/src"

TRACE::2026-02-26.17:20:41::SCWMssOS::make -C ps7_cortexa9_0/libsrc/axivdma_v6_7/src -s libs  "SHELL=CMD" "COMPILER=arm-none-eabi-gcc" "ASSEMBLER=arm-none-eabi-as" "
TRACE::2026-02-26.17:20:41::SCWMssOS::ARCHIVER=arm-none-eabi-ar" "COMPILER_FLAGS=  -O2 -c" "EXTRA_COMPILER_FLAGS=-mcpu=cortex-a9 -mfpu=vfpv3 -mfloat-abi=hard -nostar
TRACE::2026-02-26.17:20:41::SCWMssOS::tfiles -g -Wall -Wextra"

TRACE::2026-02-26.17:20:41::SCWMssOS::"Compiling axivdma"

TRACE::2026-02-26.17:20:41::SCWMssOS::"Running Make libs in ps7_cortexa9_0/libsrc/clk_wiz_v1_3/src"

TRACE::2026-02-26.17:20:41::SCWMssOS::make -C ps7_cortexa9_0/libsrc/clk_wiz_v1_3/src -s libs  "SHELL=CMD" "COMPILER=arm-none-eabi-gcc" "ASSEMBLER=arm-none-eabi-as" "
TRACE::2026-02-26.17:20:41::SCWMssOS::ARCHIVER=arm-none-eabi-ar" "COMPILER_FLAGS=  -O2 -c" "EXTRA_COMPILER_FLAGS=-mcpu=cortex-a9 -mfpu=vfpv3 -mfloat-abi=hard -nostar
TRACE::2026-02-26.17:20:41::SCWMssOS::tfiles -g -Wall -Wextra"

TRACE::2026-02-26.17:20:41::SCWMssOS::"Compiling Clkocking Wizard"

TRACE::2026-02-26.17:20:42::SCWMssOS::"Running Make libs in ps7_cortexa9_0/libsrc/coresightps_dcc_v1_7/src"

TRACE::2026-02-26.17:20:42::SCWMssOS::make -C ps7_cortexa9_0/libsrc/coresightps_dcc_v1_7/src -s libs  "SHELL=CMD" "COMPILER=arm-none-eabi-gcc" "ASSEMBLER=arm-none-ea
TRACE::2026-02-26.17:20:42::SCWMssOS::bi-as" "ARCHIVER=arm-none-eabi-ar" "COMPILER_FLAGS=  -O2 -c" "EXTRA_COMPILER_FLAGS=-mcpu=cortex-a9 -mfpu=vfpv3 -mfloat-abi=hard
TRACE::2026-02-26.17:20:42::SCWMssOS:: -nostartfiles -g -Wall -Wextra"

TRACE::2026-02-26.17:20:42::SCWMssOS::"Compiling coresightps_dcc"

TRACE::2026-02-26.17:20:42::SCWMssOS::"Running Make libs in ps7_cortexa9_0/libsrc/cpu_cortexa9_v2_9/src"

TRACE::2026-02-26.17:20:42::SCWMssOS::make -C ps7_cortexa9_0/libsrc/cpu_cortexa9_v2_9/src -s libs  "SHELL=CMD" "COMPILER=arm-none-eabi-gcc" "ASSEMBLER=arm-none-eabi-
TRACE::2026-02-26.17:20:42::SCWMssOS::as" "ARCHIVER=arm-none-eabi-ar" "COMPILER_FLAGS=  -O2 -c" "EXTRA_COMPILER_FLAGS=-mcpu=cortex-a9 -mfpu=vfpv3 -mfloat-abi=hard -n
TRACE::2026-02-26.17:20:42::SCWMssOS::ostartfiles -g -Wall -Wextra"

TRACE::2026-02-26.17:20:42::SCWMssOS::"Compiling cpu_cortexa9"

TRACE::2026-02-26.17:20:42::SCWMssOS::"Running Make libs in ps7_cortexa9_0/libsrc/ddrps_v1_1/src"

TRACE::2026-02-26.17:20:42::SCWMssOS::make -C ps7_cortexa9_0/libsrc/ddrps_v1_1/src -s libs  "SHELL=CMD" "COMPILER=arm-none-eabi-gcc" "ASSEMBLER=arm-none-eabi-as" "AR
TRACE::2026-02-26.17:20:42::SCWMssOS::CHIVER=arm-none-eabi-ar" "COMPILER_FLAGS=  -O2 -c" "EXTRA_COMPILER_FLAGS=-mcpu=cortex-a9 -mfpu=vfpv3 -mfloat-abi=hard -nostartf
TRACE::2026-02-26.17:20:42::SCWMssOS::iles -g -Wall -Wextra"

TRACE::2026-02-26.17:20:42::SCWMssOS::"Compiling ddrps"

TRACE::2026-02-26.17:20:42::SCWMssOS::"Running Make libs in ps7_cortexa9_0/libsrc/devcfg_v3_6/src"

TRACE::2026-02-26.17:20:42::SCWMssOS::make -C ps7_cortexa9_0/libsrc/devcfg_v3_6/src -s libs  "SHELL=CMD" "COMPILER=arm-none-eabi-gcc" "ASSEMBLER=arm-none-eabi-as" "A
TRACE::2026-02-26.17:20:42::SCWMssOS::RCHIVER=arm-none-eabi-ar" "COMPILER_FLAGS=  -O2 -c" "EXTRA_COMPILER_FLAGS=-mcpu=cortex-a9 -mfpu=vfpv3 -mfloat-abi=hard -nostart
TRACE::2026-02-26.17:20:42::SCWMssOS::files -g -Wall -Wextra"

TRACE::2026-02-26.17:20:42::SCWMssOS::"Compiling devcfg"

TRACE::2026-02-26.17:20:43::SCWMssOS::"Running Make libs in ps7_cortexa9_0/libsrc/dmaps_v2_6/src"

TRACE::2026-02-26.17:20:43::SCWMssOS::make -C ps7_cortexa9_0/libsrc/dmaps_v2_6/src -s libs  "SHELL=CMD" "COMPILER=arm-none-eabi-gcc" "ASSEMBLER=arm-none-eabi-as" "AR
TRACE::2026-02-26.17:20:43::SCWMssOS::CHIVER=arm-none-eabi-ar" "COMPILER_FLAGS=  -O2 -c" "EXTRA_COMPILER_FLAGS=-mcpu=cortex-a9 -mfpu=vfpv3 -mfloat-abi=hard -nostartf
TRACE::2026-02-26.17:20:43::SCWMssOS::iles -g -Wall -Wextra"

TRACE::2026-02-26.17:20:43::SCWMssOS::"Compiling dmaps"

TRACE::2026-02-26.17:20:43::SCWMssOS::"Running Make libs in ps7_cortexa9_0/libsrc/emacps_v3_11/src"

TRACE::2026-02-26.17:20:43::SCWMssOS::make -C ps7_cortexa9_0/libsrc/emacps_v3_11/src -s libs  "SHELL=CMD" "COMPILER=arm-none-eabi-gcc" "ASSEMBLER=arm-none-eabi-as" "
TRACE::2026-02-26.17:20:43::SCWMssOS::ARCHIVER=arm-none-eabi-ar" "COMPILER_FLAGS=  -O2 -c" "EXTRA_COMPILER_FLAGS=-mcpu=cortex-a9 -mfpu=vfpv3 -mfloat-abi=hard -nostar
TRACE::2026-02-26.17:20:43::SCWMssOS::tfiles -g -Wall -Wextra"

TRACE::2026-02-26.17:20:43::SCWMssOS::"Compiling emacps"

TRACE::2026-02-26.17:20:44::SCWMssOS::"Running Make libs in ps7_cortexa9_0/libsrc/gpiops_v3_7/src"

TRACE::2026-02-26.17:20:44::SCWMssOS::make -C ps7_cortexa9_0/libsrc/gpiops_v3_7/src -s libs  "SHELL=CMD" "COMPILER=arm-none-eabi-gcc" "ASSEMBLER=arm-none-eabi-as" "A
TRACE::2026-02-26.17:20:44::SCWMssOS::RCHIVER=arm-none-eabi-ar" "COMPILER_FLAGS=  -O2 -c" "EXTRA_COMPILER_FLAGS=-mcpu=cortex-a9 -mfpu=vfpv3 -mfloat-abi=hard -nostart
TRACE::2026-02-26.17:20:44::SCWMssOS::files -g -Wall -Wextra"

TRACE::2026-02-26.17:20:44::SCWMssOS::"Compiling gpiops"

TRACE::2026-02-26.17:20:45::SCWMssOS::"Running Make libs in ps7_cortexa9_0/libsrc/gpio_v4_6/src"

TRACE::2026-02-26.17:20:45::SCWMssOS::make -C ps7_cortexa9_0/libsrc/gpio_v4_6/src -s libs  "SHELL=CMD" "COMPILER=arm-none-eabi-gcc" "ASSEMBLER=arm-none-eabi-as" "ARC
TRACE::2026-02-26.17:20:45::SCWMssOS::HIVER=arm-none-eabi-ar" "COMPILER_FLAGS=  -O2 -c" "EXTRA_COMPILER_FLAGS=-mcpu=cortex-a9 -mfpu=vfpv3 -mfloat-abi=hard -nostartfi
TRACE::2026-02-26.17:20:45::SCWMssOS::les -g -Wall -Wextra"

TRACE::2026-02-26.17:20:45::SCWMssOS::"Compiling gpio"

TRACE::2026-02-26.17:20:45::SCWMssOS::"Running Make libs in ps7_cortexa9_0/libsrc/iicps_v3_11/src"

TRACE::2026-02-26.17:20:45::SCWMssOS::make -C ps7_cortexa9_0/libsrc/iicps_v3_11/src -s libs  "SHELL=CMD" "COMPILER=arm-none-eabi-gcc" "ASSEMBLER=arm-none-eabi-as" "A
TRACE::2026-02-26.17:20:45::SCWMssOS::RCHIVER=arm-none-eabi-ar" "COMPILER_FLAGS=  -O2 -c" "EXTRA_COMPILER_FLAGS=-mcpu=cortex-a9 -mfpu=vfpv3 -mfloat-abi=hard -nostart
TRACE::2026-02-26.17:20:45::SCWMssOS::files -g -Wall -Wextra"

TRACE::2026-02-26.17:20:45::SCWMssOS::"Compiling iicps"

TRACE::2026-02-26.17:20:46::SCWMssOS::"Running Make libs in ps7_cortexa9_0/libsrc/iic_v3_6/src"

TRACE::2026-02-26.17:20:46::SCWMssOS::make -C ps7_cortexa9_0/libsrc/iic_v3_6/src -s libs  "SHELL=CMD" "COMPILER=arm-none-eabi-gcc" "ASSEMBLER=arm-none-eabi-as" "ARCH
TRACE::2026-02-26.17:20:46::SCWMssOS::IVER=arm-none-eabi-ar" "COMPILER_FLAGS=  -O2 -c" "EXTRA_COMPILER_FLAGS=-mcpu=cortex-a9 -mfpu=vfpv3 -mfloat-abi=hard -nostartfil
TRACE::2026-02-26.17:20:46::SCWMssOS::es -g -Wall -Wextra"

TRACE::2026-02-26.17:20:46::SCWMssOS::"Compiling iic"

TRACE::2026-02-26.17:20:47::SCWMssOS::"Running Make libs in ps7_cortexa9_0/libsrc/qspips_v3_7/src"

TRACE::2026-02-26.17:20:47::SCWMssOS::make -C ps7_cortexa9_0/libsrc/qspips_v3_7/src -s libs  "SHELL=CMD" "COMPILER=arm-none-eabi-gcc" "ASSEMBLER=arm-none-eabi-as" "A
TRACE::2026-02-26.17:20:47::SCWMssOS::RCHIVER=arm-none-eabi-ar" "COMPILER_FLAGS=  -O2 -c" "EXTRA_COMPILER_FLAGS=-mcpu=cortex-a9 -mfpu=vfpv3 -mfloat-abi=hard -nostart
TRACE::2026-02-26.17:20:47::SCWMssOS::files -g -Wall -Wextra"

TRACE::2026-02-26.17:20:47::SCWMssOS::"Compiling qspips"

TRACE::2026-02-26.17:20:48::SCWMssOS::"Running Make libs in ps7_cortexa9_0/libsrc/scugic_v4_2/src"

TRACE::2026-02-26.17:20:48::SCWMssOS::make -C ps7_cortexa9_0/libsrc/scugic_v4_2/src -s libs  "SHELL=CMD" "COMPILER=arm-none-eabi-gcc" "ASSEMBLER=arm-none-eabi-as" "A
TRACE::2026-02-26.17:20:48::SCWMssOS::RCHIVER=arm-none-eabi-ar" "COMPILER_FLAGS=  -O2 -c" "EXTRA_COMPILER_FLAGS=-mcpu=cortex-a9 -mfpu=vfpv3 -mfloat-abi=hard -nostart
TRACE::2026-02-26.17:20:48::SCWMssOS::files -g -Wall -Wextra"

TRACE::2026-02-26.17:20:48::SCWMssOS::"Compiling scugic"

TRACE::2026-02-26.17:20:48::SCWMssOS::"Running Make libs in ps7_cortexa9_0/libsrc/scutimer_v2_2/src"

TRACE::2026-02-26.17:20:48::SCWMssOS::make -C ps7_cortexa9_0/libsrc/scutimer_v2_2/src -s libs  "SHELL=CMD" "COMPILER=arm-none-eabi-gcc" "ASSEMBLER=arm-none-eabi-as" 
TRACE::2026-02-26.17:20:48::SCWMssOS::"ARCHIVER=arm-none-eabi-ar" "COMPILER_FLAGS=  -O2 -c" "EXTRA_COMPILER_FLAGS=-mcpu=cortex-a9 -mfpu=vfpv3 -mfloat-abi=hard -nosta
TRACE::2026-02-26.17:20:48::SCWMssOS::rtfiles -g -Wall -Wextra"

TRACE::2026-02-26.17:20:48::SCWMssOS::"Compiling scutimer"

TRACE::2026-02-26.17:20:49::SCWMssOS::"Running Make libs in ps7_cortexa9_0/libsrc/scuwdt_v2_2/src"

TRACE::2026-02-26.17:20:49::SCWMssOS::make -C ps7_cortexa9_0/libsrc/scuwdt_v2_2/src -s libs  "SHELL=CMD" "COMPILER=arm-none-eabi-gcc" "ASSEMBLER=arm-none-eabi-as" "A
TRACE::2026-02-26.17:20:49::SCWMssOS::RCHIVER=arm-none-eabi-ar" "COMPILER_FLAGS=  -O2 -c" "EXTRA_COMPILER_FLAGS=-mcpu=cortex-a9 -mfpu=vfpv3 -mfloat-abi=hard -nostart
TRACE::2026-02-26.17:20:49::SCWMssOS::files -g -Wall -Wextra"

TRACE::2026-02-26.17:20:49::SCWMssOS::"Compiling scuwdt"

TRACE::2026-02-26.17:20:49::SCWMssOS::"Running Make libs in ps7_cortexa9_0/libsrc/sdps_v3_9/src"

TRACE::2026-02-26.17:20:49::SCWMssOS::make -C ps7_cortexa9_0/libsrc/sdps_v3_9/src -s libs  "SHELL=CMD" "COMPILER=arm-none-eabi-gcc" "ASSEMBLER=arm-none-eabi-as" "ARC
TRACE::2026-02-26.17:20:49::SCWMssOS::HIVER=arm-none-eabi-ar" "COMPILER_FLAGS=  -O2 -c" "EXTRA_COMPILER_FLAGS=-mcpu=cortex-a9 -mfpu=vfpv3 -mfloat-abi=hard -nostartfi
TRACE::2026-02-26.17:20:49::SCWMssOS::les -g -Wall -Wextra"

TRACE::2026-02-26.17:20:49::SCWMssOS::"Compiling sdps"

TRACE::2026-02-26.17:20:50::SCWMssOS::"Running Make libs in ps7_cortexa9_0/libsrc/standalone_v7_2/src"

TRACE::2026-02-26.17:20:50::SCWMssOS::make -C ps7_cortexa9_0/libsrc/standalone_v7_2/src -s libs  "SHELL=CMD" "COMPILER=arm-none-eabi-gcc" "ASSEMBLER=arm-none-eabi-as
TRACE::2026-02-26.17:20:50::SCWMssOS::" "ARCHIVER=arm-none-eabi-ar" "COMPILER_FLAGS=  -O2 -c" "EXTRA_COMPILER_FLAGS=-mcpu=cortex-a9 -mfpu=vfpv3 -mfloat-abi=hard -nos
TRACE::2026-02-26.17:20:50::SCWMssOS::tartfiles -g -Wall -Wextra"

TRACE::2026-02-26.17:20:50::SCWMssOS::"Compiling standalone"

TRACE::2026-02-26.17:20:52::SCWMssOS::"Running Make libs in ps7_cortexa9_0/libsrc/uartps_v3_9/src"

TRACE::2026-02-26.17:20:52::SCWMssOS::make -C ps7_cortexa9_0/libsrc/uartps_v3_9/src -s libs  "SHELL=CMD" "COMPILER=arm-none-eabi-gcc" "ASSEMBLER=arm-none-eabi-as" "A
TRACE::2026-02-26.17:20:52::SCWMssOS::RCHIVER=arm-none-eabi-ar" "COMPILER_FLAGS=  -O2 -c" "EXTRA_COMPILER_FLAGS=-mcpu=cortex-a9 -mfpu=vfpv3 -mfloat-abi=hard -nostart
TRACE::2026-02-26.17:20:52::SCWMssOS::files -g -Wall -Wextra"

TRACE::2026-02-26.17:20:52::SCWMssOS::"Compiling uartps"

TRACE::2026-02-26.17:20:53::SCWMssOS::"Running Make libs in ps7_cortexa9_0/libsrc/usbps_v2_5/src"

TRACE::2026-02-26.17:20:53::SCWMssOS::make -C ps7_cortexa9_0/libsrc/usbps_v2_5/src -s libs  "SHELL=CMD" "COMPILER=arm-none-eabi-gcc" "ASSEMBLER=arm-none-eabi-as" "AR
TRACE::2026-02-26.17:20:53::SCWMssOS::CHIVER=arm-none-eabi-ar" "COMPILER_FLAGS=  -O2 -c" "EXTRA_COMPILER_FLAGS=-mcpu=cortex-a9 -mfpu=vfpv3 -mfloat-abi=hard -nostartf
TRACE::2026-02-26.17:20:53::SCWMssOS::iles -g -Wall -Wextra"

TRACE::2026-02-26.17:20:53::SCWMssOS::"Compiling usbps"

TRACE::2026-02-26.17:20:53::SCWMssOS::"Running Make libs in ps7_cortexa9_0/libsrc/video_common_v4_9/src"

TRACE::2026-02-26.17:20:53::SCWMssOS::make -C ps7_cortexa9_0/libsrc/video_common_v4_9/src -s libs  "SHELL=CMD" "COMPILER=arm-none-eabi-gcc" "ASSEMBLER=arm-none-eabi-
TRACE::2026-02-26.17:20:53::SCWMssOS::as" "ARCHIVER=arm-none-eabi-ar" "COMPILER_FLAGS=  -O2 -c" "EXTRA_COMPILER_FLAGS=-mcpu=cortex-a9 -mfpu=vfpv3 -mfloat-abi=hard -n
TRACE::2026-02-26.17:20:53::SCWMssOS::ostartfiles -g -Wall -Wextra"

TRACE::2026-02-26.17:20:53::SCWMssOS::"Compiling video_common"

TRACE::2026-02-26.17:20:54::SCWMssOS::"Running Make libs in ps7_cortexa9_0/libsrc/vtc_v8_2/src"

TRACE::2026-02-26.17:20:54::SCWMssOS::make -C ps7_cortexa9_0/libsrc/vtc_v8_2/src -s libs  "SHELL=CMD" "COMPILER=arm-none-eabi-gcc" "ASSEMBLER=arm-none-eabi-as" "ARCH
TRACE::2026-02-26.17:20:54::SCWMssOS::IVER=arm-none-eabi-ar" "COMPILER_FLAGS=  -O2 -c" "EXTRA_COMPILER_FLAGS=-mcpu=cortex-a9 -mfpu=vfpv3 -mfloat-abi=hard -nostartfil
TRACE::2026-02-26.17:20:54::SCWMssOS::es -g -Wall -Wextra"

TRACE::2026-02-26.17:20:54::SCWMssOS::"Compiling video timing controller"

TRACE::2026-02-26.17:20:54::SCWMssOS::"Running Make libs in ps7_cortexa9_0/libsrc/v_tpg_v8_2/src"

TRACE::2026-02-26.17:20:54::SCWMssOS::make -C ps7_cortexa9_0/libsrc/v_tpg_v8_2/src -s libs  "SHELL=CMD" "COMPILER=arm-none-eabi-gcc" "ASSEMBLER=arm-none-eabi-as" "AR
TRACE::2026-02-26.17:20:54::SCWMssOS::CHIVER=arm-none-eabi-ar" "COMPILER_FLAGS=  -O2 -c" "EXTRA_COMPILER_FLAGS=-mcpu=cortex-a9 -mfpu=vfpv3 -mfloat-abi=hard -nostartf
TRACE::2026-02-26.17:20:54::SCWMssOS::iles -g -Wall -Wextra"

TRACE::2026-02-26.17:20:55::SCWMssOS::"Compiling v_tpg"

TRACE::2026-02-26.17:20:55::SCWMssOS::"Running Make libs in ps7_cortexa9_0/libsrc/xadcps_v2_4/src"

TRACE::2026-02-26.17:20:55::SCWMssOS::make -C ps7_cortexa9_0/libsrc/xadcps_v2_4/src -s libs  "SHELL=CMD" "COMPILER=arm-none-eabi-gcc" "ASSEMBLER=arm-none-eabi-as" "A
TRACE::2026-02-26.17:20:55::SCWMssOS::RCHIVER=arm-none-eabi-ar" "COMPILER_FLAGS=  -O2 -c" "EXTRA_COMPILER_FLAGS=-mcpu=cortex-a9 -mfpu=vfpv3 -mfloat-abi=hard -nostart
TRACE::2026-02-26.17:20:55::SCWMssOS::files -g -Wall -Wextra"

TRACE::2026-02-26.17:20:55::SCWMssOS::"Compiling xadcps"

TRACE::2026-02-26.17:20:55::SCWMssOS::'Finished building libraries'

TRACE::2026-02-26.17:20:56::SCWMssOS::Copying to export directory.
TRACE::2026-02-26.17:20:56::SCWMssOS:: Checking if to create the Supporting Applications
TRACE::2026-02-26.17:20:56::SCWMssOS:: No Linux domain exists, trying to generate FSBL 
LOG::2026-02-26.17:20:56::SCWSystem::Completed Processing the domain standalone_domain
LOG::2026-02-26.17:20:56::SCWSystem::Completed Processing the sysconfig TPG
LOG::2026-02-26.17:20:56::SCWPlatform::Completed generating the artifacts for system configuration TPG
TRACE::2026-02-26.17:20:56::SCWPlatform::Started preparing the platform 
TRACE::2026-02-26.17:20:56::SCWSystem::Writing the bif file for system config TPG
TRACE::2026-02-26.17:20:56::SCWSystem::dir created 
TRACE::2026-02-26.17:20:56::SCWSystem::Writing the bif 
TRACE::2026-02-26.17:20:56::SCWPlatform::Started writing the spfm file 
TRACE::2026-02-26.17:20:56::SCWPlatform::Started writing the xpfm file 
TRACE::2026-02-26.17:20:56::SCWPlatform::Completed generating the platform
TRACE::2026-02-26.17:20:56::SCWMssOS::Saving the mss changes C:/Users/cihem/CPRE-488-Labs/MP-2/sw/TPG/zynq_fsbl/zynq_fsbl_bsp/system.mss
TRACE::2026-02-26.17:20:56::SCWMssOS::Found a swdesign opened with the mssfile.
TRACE::2026-02-26.17:20:56::SCWMssOS::Completed writemss as part of save.
TRACE::2026-02-26.17:20:56::SCWMssOS::Commit changes completed.
TRACE::2026-02-26.17:20:56::SCWMssOS::Saving the mss changes C:/Users/cihem/CPRE-488-Labs/MP-2/sw/TPG/ps7_cortexa9_0/standalone_domain/bsp/system.mss
TRACE::2026-02-26.17:20:56::SCWMssOS::Found a swdesign opened with the mssfile.
TRACE::2026-02-26.17:20:56::SCWMssOS::Completed writemss as part of save.
TRACE::2026-02-26.17:20:56::SCWMssOS::Commit changes completed.
TRACE::2026-02-26.17:20:56::SCWPlatform::Trying to open the hw design at C:/Users/cihem/CPRE-488-Labs/MP-2/sw/TPG/hw/system_wrapper.xsa
TRACE::2026-02-26.17:20:56::SCWPlatform::DSA given C:/Users/cihem/CPRE-488-Labs/MP-2/sw/TPG/hw/system_wrapper.xsa
TRACE::2026-02-26.17:20:56::SCWPlatform::DSA absoulate path C:/Users/cihem/CPRE-488-Labs/MP-2/sw/TPG/hw/system_wrapper.xsa
TRACE::2026-02-26.17:20:56::SCWPlatform::DSA directory C:/Users/cihem/CPRE-488-Labs/MP-2/sw/TPG/hw
TRACE::2026-02-26.17:20:56::SCWPlatform:: Platform Path C:/Users/cihem/CPRE-488-Labs/MP-2/sw/TPG/hw/system_wrapper.xsa
TRACE::2026-02-26.17:20:56::SCWPlatform:: Unique name xilinx:zed::0.0
TRACE::2026-02-26.17:20:56::SCWPlatform::Trying to set the existing hwdb with name system_wrapper_2
TRACE::2026-02-26.17:20:56::SCWPlatform::Opened existing hwdb system_wrapper_2
TRACE::2026-02-26.17:20:56::SCWPlatform::Found the Hw Db part of the input DSA
TRACE::2026-02-26.17:20:56::SCWMssOS::Checking the sw design at  C:/Users/cihem/CPRE-488-Labs/MP-2/sw/TPG/zynq_fsbl/zynq_fsbl_bsp/system.mss
TRACE::2026-02-26.17:20:56::SCWMssOS::DEBUG:  swdes dump  C:/Users/cihem/CPRE-488-Labs/MP-2/sw/TPG/ps7_cortexa9_0/standalone_domain/bsp/system.mss|system_0||
C:/Users/cihem/CPRE-488-Labs/MP-2/sw/TPG/zynq_fsbl/zynq_fsbl_bsp/system.mss|system||

TRACE::2026-02-26.17:20:56::SCWMssOS::Sw design exists and opened at  C:/Users/cihem/CPRE-488-Labs/MP-2/sw/TPG/zynq_fsbl/zynq_fsbl_bsp/system.mss
TRACE::2026-02-26.17:20:56::SCWPlatform::Trying to open the hw design at C:/Users/cihem/CPRE-488-Labs/MP-2/sw/TPG/hw/system_wrapper.xsa
TRACE::2026-02-26.17:20:56::SCWPlatform::DSA given C:/Users/cihem/CPRE-488-Labs/MP-2/sw/TPG/hw/system_wrapper.xsa
TRACE::2026-02-26.17:20:56::SCWPlatform::DSA absoulate path C:/Users/cihem/CPRE-488-Labs/MP-2/sw/TPG/hw/system_wrapper.xsa
TRACE::2026-02-26.17:20:56::SCWPlatform::DSA directory C:/Users/cihem/CPRE-488-Labs/MP-2/sw/TPG/hw
TRACE::2026-02-26.17:20:56::SCWPlatform:: Platform Path C:/Users/cihem/CPRE-488-Labs/MP-2/sw/TPG/hw/system_wrapper.xsa
TRACE::2026-02-26.17:20:56::SCWPlatform:: Unique name xilinx:zed::0.0
TRACE::2026-02-26.17:20:56::SCWPlatform::Trying to set the existing hwdb with name system_wrapper_2
TRACE::2026-02-26.17:20:56::SCWPlatform::Opened existing hwdb system_wrapper_2
TRACE::2026-02-26.17:20:56::SCWPlatform::Found the Hw Db part of the input DSA
TRACE::2026-02-26.17:20:56::SCWMssOS::Checking the sw design at  C:/Users/cihem/CPRE-488-Labs/MP-2/sw/TPG/ps7_cortexa9_0/standalone_domain/bsp/system.mss
TRACE::2026-02-26.17:20:56::SCWMssOS::DEBUG:  swdes dump  C:/Users/cihem/CPRE-488-Labs/MP-2/sw/TPG/ps7_cortexa9_0/standalone_domain/bsp/system.mss|system_0||
C:/Users/cihem/CPRE-488-Labs/MP-2/sw/TPG/zynq_fsbl/zynq_fsbl_bsp/system.mss|system||

TRACE::2026-02-26.17:20:56::SCWMssOS::Sw design exists and opened at  C:/Users/cihem/CPRE-488-Labs/MP-2/sw/TPG/ps7_cortexa9_0/standalone_domain/bsp/system.mss
TRACE::2026-02-26.17:20:56::SCWWriter::formatted JSON is {
	"platformName":	"TPG",
	"sprVersion":	"2.0",
	"mode":	"gui",
	"dsaType":	"Fixed",
	"platformDesc":	"TPG",
	"platHandOff":	"C:/Users/cihem/CPRE-488-Labs/MP-2/hw/MP-2/MP2.xpr/MP2/system_wrapper.xsa",
	"platIntHandOff":	"<platformDir>/hw/system_wrapper.xsa",
	"deviceType":	"zynq",
	"platIsPrebuiltAutogen":	"false",
	"platIsNoBootBsp":	"false",
	"hasFsblMakeHasChanges":	"false",
	"hasPmufwMakeHasChanges":	"false",
	"fsblExtraCompilerFlags":	"-MMD -MP       -mcpu=cortex-a9 -mfpu=vfpv3 -mfloat-abi=hard ",
	"platPreBuiltFlag":	false,
	"platformSamplesDir":	"",
	"platActiveSys":	"TPG",
	"systems":	[{
			"systemName":	"TPG",
			"systemDesc":	"TPG",
			"sysIsBootAutoGen":	"true",
			"systemDispName":	"TPG",
			"sysActiveDom":	"standalone_domain",
			"sysDefaultDom":	"standalone_domain",
			"domains":	[{
					"domainName":	"zynq_fsbl",
					"domainDispName":	"zynq_fsbl",
					"domainDesc":	"FSBL Application BSP - Auto Generated.",
					"processors":	"ps7_cortexa9_0",
					"os":	"standalone",
					"sdxOs":	"standalone",
					"debugEnable":	"",
					"domRuntimes":	["cpp"],
					"swRepo":	"",
					"mssOsVer":	"7.2",
					"mssFile":	"",
					"md5Digest":	"05d23043c7eddd964a9d1d14b4675f65",
					"compatibleApp":	"zynq_fsbl",
					"domType":	"bootDomain",
					"appSettings":	{
						"appCompilerFlags":	"",
						"appLinkerFlags":	""
					},
					"addedLibs":	["xilffs:4.3", "xilrsa:1.6"],
					"libOptions":	{
						"libsContainingOptions":	[]
					},
					"prebuiltLibs":	{
						"prebuiltIncPath":	[],
						"prebuiltLibPath":	[]
					},
					"isolation":	{
					}
				}, {
					"domainName":	"standalone_domain",
					"domainDispName":	"standalone on ps7_cortexa9_0",
					"domainDesc":	"standalone_domain",
					"processors":	"ps7_cortexa9_0",
					"os":	"standalone",
					"sdxOs":	"standalone",
					"qemuArgs":	"C:/Xilinx/Vitis/2020.1/data/emulation/platforms/zynq/qemu/qemu_args.txt",
					"qemuData":	"C:/Xilinx/Vitis/2020.1/data/emulation/platforms/zynq/qemu/",
					"debugEnable":	"False",
					"domRuntimes":	["cpp"],
					"swRepo":	"",
					"mssOsVer":	"7.2",
					"mssFile":	"",
					"md5Digest":	"62f8c38c3ad11bbd3578bfcbefc1066c",
					"compatibleApp":	"",
					"domType":	"mssDomain",
					"appSettings":	{
						"appCompilerFlags":	"",
						"appLinkerFlags":	""
					},
					"addedLibs":	[],
					"libOptions":	{
						"libsContainingOptions":	[]
					},
					"prebuiltLibs":	{
						"prebuiltIncPath":	[],
						"prebuiltLibPath":	[]
					},
					"isolation":	{
					}
				}]
		}]
}
KEYINFO::2026-02-26.17:20:56::SCWPlatform::updated the xpfm file.
TRACE::2026-02-26.17:20:56::SCWPlatform::Trying to open the hw design at C:/Users/cihem/CPRE-488-Labs/MP-2/sw/TPG/hw/system_wrapper.xsa
TRACE::2026-02-26.17:20:56::SCWPlatform::DSA given C:/Users/cihem/CPRE-488-Labs/MP-2/sw/TPG/hw/system_wrapper.xsa
TRACE::2026-02-26.17:20:56::SCWPlatform::DSA absoulate path C:/Users/cihem/CPRE-488-Labs/MP-2/sw/TPG/hw/system_wrapper.xsa
TRACE::2026-02-26.17:20:56::SCWPlatform::DSA directory C:/Users/cihem/CPRE-488-Labs/MP-2/sw/TPG/hw
TRACE::2026-02-26.17:20:56::SCWPlatform:: Platform Path C:/Users/cihem/CPRE-488-Labs/MP-2/sw/TPG/hw/system_wrapper.xsa
TRACE::2026-02-26.17:20:56::SCWPlatform:: Unique name xilinx:zed::0.0
TRACE::2026-02-26.17:20:56::SCWPlatform::Trying to set the existing hwdb with name system_wrapper_2
TRACE::2026-02-26.17:20:56::SCWPlatform::Opened existing hwdb system_wrapper_2
TRACE::2026-02-26.17:20:56::SCWPlatform::Found the Hw Db part of the input DSA
TRACE::2026-02-26.17:20:56::SCWMssOS::Checking the sw design at  C:/Users/cihem/CPRE-488-Labs/MP-2/sw/TPG/ps7_cortexa9_0/standalone_domain/bsp/system.mss
TRACE::2026-02-26.17:20:56::SCWMssOS::DEBUG:  swdes dump  C:/Users/cihem/CPRE-488-Labs/MP-2/sw/TPG/ps7_cortexa9_0/standalone_domain/bsp/system.mss|system_0||
C:/Users/cihem/CPRE-488-Labs/MP-2/sw/TPG/zynq_fsbl/zynq_fsbl_bsp/system.mss|system||

TRACE::2026-02-26.17:20:56::SCWMssOS::Sw design exists and opened at  C:/Users/cihem/CPRE-488-Labs/MP-2/sw/TPG/ps7_cortexa9_0/standalone_domain/bsp/system.mss
TRACE::2026-02-26.18:49:51::SCWPlatform::Trying to open the hw design at C:/Users/cihem/CPRE-488-Labs/MP-2/sw/TPG/hw/system_wrapper.xsa
TRACE::2026-02-26.18:49:51::SCWPlatform::DSA given C:/Users/cihem/CPRE-488-Labs/MP-2/sw/TPG/hw/system_wrapper.xsa
TRACE::2026-02-26.18:49:51::SCWPlatform::DSA absoulate path C:/Users/cihem/CPRE-488-Labs/MP-2/sw/TPG/hw/system_wrapper.xsa
TRACE::2026-02-26.18:49:51::SCWPlatform::DSA directory C:/Users/cihem/CPRE-488-Labs/MP-2/sw/TPG/hw
TRACE::2026-02-26.18:49:51::SCWPlatform:: Platform Path C:/Users/cihem/CPRE-488-Labs/MP-2/sw/TPG/hw/system_wrapper.xsa
TRACE::2026-02-26.18:49:51::SCWPlatform:: Unique name xilinx:zed::0.0
TRACE::2026-02-26.18:49:51::SCWPlatform::Trying to set the existing hwdb with name system_wrapper_2
TRACE::2026-02-26.18:49:51::SCWPlatform::Opened existing hwdb system_wrapper_2
TRACE::2026-02-26.18:49:51::SCWPlatform::Found the Hw Db part of the input DSA
TRACE::2026-02-26.18:49:51::SCWPlatform::DSA given C:/Users/cihem/CPRE-488-Labs/MP-2/sw/TPG/tempdsa/system_wrapper.xsa
TRACE::2026-02-26.18:49:51::SCWPlatform::DSA absoulate path C:/Users/cihem/CPRE-488-Labs/MP-2/sw/TPG/tempdsa/system_wrapper.xsa
TRACE::2026-02-26.18:49:51::SCWPlatform:: Platform location is C:/Users/cihem/CPRE-488-Labs/MP-2/sw/TPG/tempdsa
TRACE::2026-02-26.18:49:51::SCWPlatform:: Platform Path C:/Users/cihem/CPRE-488-Labs/MP-2/sw/TPG/tempdsa/system_wrapper.xsa
TRACE::2026-02-26.18:49:51::SCWPlatform:: Unique name xilinx:zed::0.0
TRACE::2026-02-26.18:49:52::SCWPlatform::Found the Hw Db part of the input DSA
TRACE::2026-02-26.18:49:52::SCWMssOS::Doing hw sync for the mss in domain: zynq_fsbl
TRACE::2026-02-26.18:49:52::SCWPlatform::Trying to open the hw design at C:/Users/cihem/CPRE-488-Labs/MP-2/sw/TPG/hw/system_wrapper.xsa
TRACE::2026-02-26.18:49:52::SCWPlatform::DSA given C:/Users/cihem/CPRE-488-Labs/MP-2/sw/TPG/hw/system_wrapper.xsa
TRACE::2026-02-26.18:49:52::SCWPlatform::DSA absoulate path C:/Users/cihem/CPRE-488-Labs/MP-2/sw/TPG/hw/system_wrapper.xsa
TRACE::2026-02-26.18:49:52::SCWPlatform::DSA directory C:/Users/cihem/CPRE-488-Labs/MP-2/sw/TPG/hw
TRACE::2026-02-26.18:49:52::SCWPlatform:: Platform Path C:/Users/cihem/CPRE-488-Labs/MP-2/sw/TPG/hw/system_wrapper.xsa
TRACE::2026-02-26.18:49:52::SCWPlatform:: Unique name xilinx:zed::0.0
TRACE::2026-02-26.18:49:52::SCWPlatform::Trying to set the existing hwdb with name system_wrapper_2
TRACE::2026-02-26.18:49:52::SCWPlatform::Opened existing hwdb system_wrapper_2
TRACE::2026-02-26.18:49:52::SCWPlatform::Found the Hw Db part of the input DSA
TRACE::2026-02-26.18:49:52::SCWPlatform::Trying to open the hw design at C:/Users/cihem/CPRE-488-Labs/MP-2/sw/TPG/hw/system_wrapper.xsa
TRACE::2026-02-26.18:49:52::SCWPlatform::DSA given C:/Users/cihem/CPRE-488-Labs/MP-2/sw/TPG/hw/system_wrapper.xsa
TRACE::2026-02-26.18:49:52::SCWPlatform::DSA absoulate path C:/Users/cihem/CPRE-488-Labs/MP-2/sw/TPG/hw/system_wrapper.xsa
TRACE::2026-02-26.18:49:52::SCWPlatform::DSA directory C:/Users/cihem/CPRE-488-Labs/MP-2/sw/TPG/hw
TRACE::2026-02-26.18:49:52::SCWPlatform:: Platform Path C:/Users/cihem/CPRE-488-Labs/MP-2/sw/TPG/hw/system_wrapper.xsa
TRACE::2026-02-26.18:49:52::SCWPlatform:: Unique name xilinx:zed::0.0
TRACE::2026-02-26.18:49:52::SCWPlatform::Trying to set the existing hwdb with name system_wrapper_2
TRACE::2026-02-26.18:49:52::SCWPlatform::Opened existing hwdb system_wrapper_2
TRACE::2026-02-26.18:49:52::SCWPlatform::Found the Hw Db part of the input DSA
TRACE::2026-02-26.18:49:52::SCWMssOS::Checking the sw design at  C:/Users/cihem/CPRE-488-Labs/MP-2/sw/TPG/zynq_fsbl/zynq_fsbl_bsp/system.mss
TRACE::2026-02-26.18:49:52::SCWMssOS::DEBUG:  swdes dump  C:/Users/cihem/CPRE-488-Labs/MP-2/sw/TPG/ps7_cortexa9_0/standalone_domain/bsp/system.mss|system_0||
C:/Users/cihem/CPRE-488-Labs/MP-2/sw/TPG/zynq_fsbl/zynq_fsbl_bsp/system.mss|system||

TRACE::2026-02-26.18:49:52::SCWMssOS::Sw design exists and opened at  C:/Users/cihem/CPRE-488-Labs/MP-2/sw/TPG/zynq_fsbl/zynq_fsbl_bsp/system.mss
TRACE::2026-02-26.18:49:52::SCWPlatform::Trying to open the hw design at C:/Users/cihem/CPRE-488-Labs/MP-2/sw/TPG/tempdsa/system_wrapper.xsa
TRACE::2026-02-26.18:49:52::SCWPlatform::DSA given C:/Users/cihem/CPRE-488-Labs/MP-2/sw/TPG/tempdsa/system_wrapper.xsa
TRACE::2026-02-26.18:49:52::SCWPlatform::DSA absoulate path C:/Users/cihem/CPRE-488-Labs/MP-2/sw/TPG/tempdsa/system_wrapper.xsa
TRACE::2026-02-26.18:49:52::SCWPlatform::DSA directory C:/Users/cihem/CPRE-488-Labs/MP-2/sw/TPG/tempdsa
TRACE::2026-02-26.18:49:52::SCWPlatform:: Platform Path C:/Users/cihem/CPRE-488-Labs/MP-2/sw/TPG/tempdsa/system_wrapper.xsa
TRACE::2026-02-26.18:49:52::SCWPlatform:: Unique name xilinx:zed::0.0
TRACE::2026-02-26.18:49:52::SCWPlatform::update - Opened existing hwdb system_wrapper_5
TRACE::2026-02-26.18:49:52::SCWPlatform::Found the Hw Db part of the input DSA
TRACE::2026-02-26.18:49:52::SCWMssOS::Doing hw sync for the mss in domain: standalone_domain
TRACE::2026-02-26.18:49:52::SCWPlatform::Trying to open the hw design at C:/Users/cihem/CPRE-488-Labs/MP-2/sw/TPG/hw/system_wrapper.xsa
TRACE::2026-02-26.18:49:52::SCWPlatform::DSA given C:/Users/cihem/CPRE-488-Labs/MP-2/sw/TPG/hw/system_wrapper.xsa
TRACE::2026-02-26.18:49:52::SCWPlatform::DSA absoulate path C:/Users/cihem/CPRE-488-Labs/MP-2/sw/TPG/hw/system_wrapper.xsa
TRACE::2026-02-26.18:49:52::SCWPlatform::DSA directory C:/Users/cihem/CPRE-488-Labs/MP-2/sw/TPG/hw
TRACE::2026-02-26.18:49:52::SCWPlatform:: Platform Path C:/Users/cihem/CPRE-488-Labs/MP-2/sw/TPG/hw/system_wrapper.xsa
TRACE::2026-02-26.18:49:52::SCWPlatform:: Unique name xilinx:zed::0.0
TRACE::2026-02-26.18:49:52::SCWPlatform::Trying to set the existing hwdb with name system_wrapper_2
TRACE::2026-02-26.18:49:52::SCWPlatform::Opened existing hwdb system_wrapper_2
TRACE::2026-02-26.18:49:52::SCWPlatform::Found the Hw Db part of the input DSA
TRACE::2026-02-26.18:49:52::SCWPlatform::Trying to open the hw design at C:/Users/cihem/CPRE-488-Labs/MP-2/sw/TPG/hw/system_wrapper.xsa
TRACE::2026-02-26.18:49:52::SCWPlatform::DSA given C:/Users/cihem/CPRE-488-Labs/MP-2/sw/TPG/hw/system_wrapper.xsa
TRACE::2026-02-26.18:49:52::SCWPlatform::DSA absoulate path C:/Users/cihem/CPRE-488-Labs/MP-2/sw/TPG/hw/system_wrapper.xsa
TRACE::2026-02-26.18:49:52::SCWPlatform::DSA directory C:/Users/cihem/CPRE-488-Labs/MP-2/sw/TPG/hw
TRACE::2026-02-26.18:49:52::SCWPlatform:: Platform Path C:/Users/cihem/CPRE-488-Labs/MP-2/sw/TPG/hw/system_wrapper.xsa
TRACE::2026-02-26.18:49:52::SCWPlatform:: Unique name xilinx:zed::0.0
TRACE::2026-02-26.18:49:52::SCWPlatform::Trying to set the existing hwdb with name system_wrapper_2
TRACE::2026-02-26.18:49:52::SCWPlatform::Opened existing hwdb system_wrapper_2
TRACE::2026-02-26.18:49:52::SCWPlatform::Found the Hw Db part of the input DSA
TRACE::2026-02-26.18:49:52::SCWMssOS::Checking the sw design at  C:/Users/cihem/CPRE-488-Labs/MP-2/sw/TPG/ps7_cortexa9_0/standalone_domain/bsp/system.mss
TRACE::2026-02-26.18:49:52::SCWMssOS::DEBUG:  swdes dump  C:/Users/cihem/CPRE-488-Labs/MP-2/sw/TPG/ps7_cortexa9_0/standalone_domain/bsp/system.mss|system_0||
C:/Users/cihem/CPRE-488-Labs/MP-2/sw/TPG/zynq_fsbl/zynq_fsbl_bsp/system.mss|system||

TRACE::2026-02-26.18:49:52::SCWMssOS::Sw design exists and opened at  C:/Users/cihem/CPRE-488-Labs/MP-2/sw/TPG/ps7_cortexa9_0/standalone_domain/bsp/system.mss
TRACE::2026-02-26.18:49:52::SCWPlatform::Trying to open the hw design at C:/Users/cihem/CPRE-488-Labs/MP-2/sw/TPG/tempdsa/system_wrapper.xsa
TRACE::2026-02-26.18:49:52::SCWPlatform::DSA given C:/Users/cihem/CPRE-488-Labs/MP-2/sw/TPG/tempdsa/system_wrapper.xsa
TRACE::2026-02-26.18:49:52::SCWPlatform::DSA absoulate path C:/Users/cihem/CPRE-488-Labs/MP-2/sw/TPG/tempdsa/system_wrapper.xsa
TRACE::2026-02-26.18:49:52::SCWPlatform::DSA directory C:/Users/cihem/CPRE-488-Labs/MP-2/sw/TPG/tempdsa
TRACE::2026-02-26.18:49:52::SCWPlatform:: Platform Path C:/Users/cihem/CPRE-488-Labs/MP-2/sw/TPG/tempdsa/system_wrapper.xsa
TRACE::2026-02-26.18:49:52::SCWPlatform:: Unique name xilinx:zed::0.0
TRACE::2026-02-26.18:49:52::SCWPlatform::update - Opened existing hwdb system_wrapper_5
TRACE::2026-02-26.18:49:52::SCWPlatform::Found the Hw Db part of the input DSA
TRACE::2026-02-26.18:49:52::SCWMssOS::Saving the mss changes C:/Users/cihem/CPRE-488-Labs/MP-2/sw/TPG/zynq_fsbl/zynq_fsbl_bsp/system.mss
TRACE::2026-02-26.18:49:52::SCWMssOS::Found a swdesign opened with the mssfile.
TRACE::2026-02-26.18:49:52::SCWMssOS::Completed writemss as part of save.
TRACE::2026-02-26.18:49:52::SCWMssOS::Commit changes completed.
TRACE::2026-02-26.18:49:52::SCWMssOS::Completed hw sync for the mss in domain: zynq_fsbl
TRACE::2026-02-26.18:49:52::SCWMssOS::Removing the swdes entry for  C:/Users/cihem/CPRE-488-Labs/MP-2/sw/TPG/zynq_fsbl/zynq_fsbl_bsp/system.mss
TRACE::2026-02-26.18:49:52::SCWMssOS::Saving the mss changes C:/Users/cihem/CPRE-488-Labs/MP-2/sw/TPG/ps7_cortexa9_0/standalone_domain/bsp/system.mss
TRACE::2026-02-26.18:49:52::SCWMssOS::Found a swdesign opened with the mssfile.
TRACE::2026-02-26.18:49:52::SCWMssOS::Completed writemss as part of save.
TRACE::2026-02-26.18:49:52::SCWMssOS::Commit changes completed.
TRACE::2026-02-26.18:49:52::SCWMssOS::Completed hw sync for the mss in domain: standalone_domain
TRACE::2026-02-26.18:49:52::SCWMssOS::Removing the swdes entry for  C:/Users/cihem/CPRE-488-Labs/MP-2/sw/TPG/ps7_cortexa9_0/standalone_domain/bsp/system.mss
TRACE::2026-02-26.18:49:52::SCWPlatform::Trying to open the hw design at C:/Users/cihem/CPRE-488-Labs/MP-2/sw/TPG/hw/system_wrapper.xsa
TRACE::2026-02-26.18:49:52::SCWPlatform::DSA given C:/Users/cihem/CPRE-488-Labs/MP-2/sw/TPG/hw/system_wrapper.xsa
TRACE::2026-02-26.18:49:52::SCWPlatform::DSA absoulate path C:/Users/cihem/CPRE-488-Labs/MP-2/sw/TPG/hw/system_wrapper.xsa
TRACE::2026-02-26.18:49:52::SCWPlatform::DSA directory C:/Users/cihem/CPRE-488-Labs/MP-2/sw/TPG/hw
TRACE::2026-02-26.18:49:52::SCWPlatform:: Platform Path C:/Users/cihem/CPRE-488-Labs/MP-2/sw/TPG/hw/system_wrapper.xsa
TRACE::2026-02-26.18:49:52::SCWPlatform:: Unique name xilinx:zed::0.0
TRACE::2026-02-26.18:49:52::SCWPlatform::Do not have an existing db opened. 
TRACE::2026-02-26.18:49:54::SCWPlatform::Opened new HwDB with name system_wrapper_6
TRACE::2026-02-26.18:49:54::SCWPlatform::Trying to open the hw design at C:/Users/cihem/CPRE-488-Labs/MP-2/sw/TPG/hw/system_wrapper.xsa
TRACE::2026-02-26.18:49:54::SCWPlatform::DSA given C:/Users/cihem/CPRE-488-Labs/MP-2/sw/TPG/hw/system_wrapper.xsa
TRACE::2026-02-26.18:49:54::SCWPlatform::DSA absoulate path C:/Users/cihem/CPRE-488-Labs/MP-2/sw/TPG/hw/system_wrapper.xsa
TRACE::2026-02-26.18:49:54::SCWPlatform::DSA directory C:/Users/cihem/CPRE-488-Labs/MP-2/sw/TPG/hw
TRACE::2026-02-26.18:49:54::SCWPlatform:: Platform Path C:/Users/cihem/CPRE-488-Labs/MP-2/sw/TPG/hw/system_wrapper.xsa
TRACE::2026-02-26.18:49:54::SCWPlatform:: Unique name xilinx:zed::0.0
TRACE::2026-02-26.18:49:54::SCWPlatform::Trying to set the existing hwdb with name system_wrapper_6
TRACE::2026-02-26.18:49:54::SCWPlatform::Opened existing hwdb system_wrapper_6
TRACE::2026-02-26.18:49:54::SCWPlatform::Found the Hw Db part of the input DSA
TRACE::2026-02-26.18:49:54::SCWMssOS::Checking the sw design at  C:/Users/cihem/CPRE-488-Labs/MP-2/sw/TPG/zynq_fsbl/zynq_fsbl_bsp/system.mss
TRACE::2026-02-26.18:49:54::SCWMssOS::DEBUG:  swdes dump  
TRACE::2026-02-26.18:49:54::SCWMssOS::No sw design opened at  C:/Users/cihem/CPRE-488-Labs/MP-2/sw/TPG/zynq_fsbl/zynq_fsbl_bsp/system.mss
TRACE::2026-02-26.18:49:54::SCWMssOS::mss exists loading the mss file  C:/Users/cihem/CPRE-488-Labs/MP-2/sw/TPG/zynq_fsbl/zynq_fsbl_bsp/system.mss
TRACE::2026-02-26.18:49:54::SCWMssOS::Opened the sw design from mss  C:/Users/cihem/CPRE-488-Labs/MP-2/sw/TPG/zynq_fsbl/zynq_fsbl_bsp/system.mss
TRACE::2026-02-26.18:49:54::SCWMssOS::Adding the swdes entry C:/Users/cihem/CPRE-488-Labs/MP-2/sw/TPG/zynq_fsbl/zynq_fsbl_bsp/system.mss with des name system
TRACE::2026-02-26.18:49:54::SCWMssOS::updating the scw layer about changes
TRACE::2026-02-26.18:49:54::SCWMssOS::Opened the sw design.  C:/Users/cihem/CPRE-488-Labs/MP-2/sw/TPG/zynq_fsbl/zynq_fsbl_bsp/system.mss
TRACE::2026-02-26.18:49:54::SCWMssOS::Saving the mss changes C:/Users/cihem/CPRE-488-Labs/MP-2/sw/TPG/zynq_fsbl/zynq_fsbl_bsp/system.mss
TRACE::2026-02-26.18:49:54::SCWMssOS::Found a swdesign opened with the mssfile.
TRACE::2026-02-26.18:49:54::SCWMssOS::Completed writemss as part of save.
TRACE::2026-02-26.18:49:54::SCWMssOS::Commit changes completed.
TRACE::2026-02-26.18:49:54::SCWMssOS::Saving the mss changes C:/Users/cihem/CPRE-488-Labs/MP-2/sw/TPG/ps7_cortexa9_0/standalone_domain/bsp/system.mss
TRACE::2026-02-26.18:49:54::SCWMssOS::Adding the swdes entry, mss present, able to open swdb C:/Users/cihem/CPRE-488-Labs/MP-2/sw/TPG/ps7_cortexa9_0/standalone_domain/bsp/system.mss with des name system_0
TRACE::2026-02-26.18:49:54::SCWMssOS::Writing the mss file completed C:/Users/cihem/CPRE-488-Labs/MP-2/sw/TPG/ps7_cortexa9_0/standalone_domain/bsp/system.mss
TRACE::2026-02-26.18:49:54::SCWMssOS::Commit changes completed.
TRACE::2026-02-26.18:49:54::SCWPlatform::Trying to open the hw design at C:/Users/cihem/CPRE-488-Labs/MP-2/sw/TPG/hw/system_wrapper.xsa
TRACE::2026-02-26.18:49:54::SCWPlatform::DSA given C:/Users/cihem/CPRE-488-Labs/MP-2/sw/TPG/hw/system_wrapper.xsa
TRACE::2026-02-26.18:49:54::SCWPlatform::DSA absoulate path C:/Users/cihem/CPRE-488-Labs/MP-2/sw/TPG/hw/system_wrapper.xsa
TRACE::2026-02-26.18:49:54::SCWPlatform::DSA directory C:/Users/cihem/CPRE-488-Labs/MP-2/sw/TPG/hw
TRACE::2026-02-26.18:49:54::SCWPlatform:: Platform Path C:/Users/cihem/CPRE-488-Labs/MP-2/sw/TPG/hw/system_wrapper.xsa
TRACE::2026-02-26.18:49:54::SCWPlatform:: Unique name xilinx:zed::0.0
TRACE::2026-02-26.18:49:54::SCWPlatform::Trying to set the existing hwdb with name system_wrapper_6
TRACE::2026-02-26.18:49:54::SCWPlatform::Opened existing hwdb system_wrapper_6
TRACE::2026-02-26.18:49:54::SCWPlatform::Found the Hw Db part of the input DSA
TRACE::2026-02-26.18:49:54::SCWMssOS::Checking the sw design at  C:/Users/cihem/CPRE-488-Labs/MP-2/sw/TPG/zynq_fsbl/zynq_fsbl_bsp/system.mss
TRACE::2026-02-26.18:49:54::SCWMssOS::DEBUG:  swdes dump  C:/Users/cihem/CPRE-488-Labs/MP-2/sw/TPG/ps7_cortexa9_0/standalone_domain/bsp/system.mss|system_0||
C:/Users/cihem/CPRE-488-Labs/MP-2/sw/TPG/zynq_fsbl/zynq_fsbl_bsp/system.mss|system||

TRACE::2026-02-26.18:49:54::SCWMssOS::Sw design exists and opened at  C:/Users/cihem/CPRE-488-Labs/MP-2/sw/TPG/zynq_fsbl/zynq_fsbl_bsp/system.mss
TRACE::2026-02-26.18:49:54::SCWPlatform::Trying to open the hw design at C:/Users/cihem/CPRE-488-Labs/MP-2/sw/TPG/hw/system_wrapper.xsa
TRACE::2026-02-26.18:49:54::SCWPlatform::DSA given C:/Users/cihem/CPRE-488-Labs/MP-2/sw/TPG/hw/system_wrapper.xsa
TRACE::2026-02-26.18:49:54::SCWPlatform::DSA absoulate path C:/Users/cihem/CPRE-488-Labs/MP-2/sw/TPG/hw/system_wrapper.xsa
TRACE::2026-02-26.18:49:54::SCWPlatform::DSA directory C:/Users/cihem/CPRE-488-Labs/MP-2/sw/TPG/hw
TRACE::2026-02-26.18:49:54::SCWPlatform:: Platform Path C:/Users/cihem/CPRE-488-Labs/MP-2/sw/TPG/hw/system_wrapper.xsa
TRACE::2026-02-26.18:49:54::SCWPlatform:: Unique name xilinx:zed::0.0
TRACE::2026-02-26.18:49:54::SCWPlatform::Trying to set the existing hwdb with name system_wrapper_6
TRACE::2026-02-26.18:49:54::SCWPlatform::Opened existing hwdb system_wrapper_6
TRACE::2026-02-26.18:49:54::SCWPlatform::Found the Hw Db part of the input DSA
TRACE::2026-02-26.18:49:54::SCWMssOS::Checking the sw design at  C:/Users/cihem/CPRE-488-Labs/MP-2/sw/TPG/ps7_cortexa9_0/standalone_domain/bsp/system.mss
TRACE::2026-02-26.18:49:54::SCWMssOS::DEBUG:  swdes dump  C:/Users/cihem/CPRE-488-Labs/MP-2/sw/TPG/ps7_cortexa9_0/standalone_domain/bsp/system.mss|system_0||
C:/Users/cihem/CPRE-488-Labs/MP-2/sw/TPG/zynq_fsbl/zynq_fsbl_bsp/system.mss|system||

TRACE::2026-02-26.18:49:54::SCWMssOS::Sw design exists and opened at  C:/Users/cihem/CPRE-488-Labs/MP-2/sw/TPG/ps7_cortexa9_0/standalone_domain/bsp/system.mss
TRACE::2026-02-26.18:49:54::SCWWriter::formatted JSON is {
	"platformName":	"TPG",
	"sprVersion":	"2.0",
	"mode":	"gui",
	"dsaType":	"Fixed",
	"platformDesc":	"TPG",
	"platHandOff":	"C:/Users/cihem/CPRE-488-Labs/MP-2/hw/MP-2/MP2.xpr/MP2/system_wrapper.xsa",
	"platIntHandOff":	"<platformDir>/hw/system_wrapper.xsa",
	"deviceType":	"zynq",
	"platIsPrebuiltAutogen":	"false",
	"platIsNoBootBsp":	"false",
	"hasFsblMakeHasChanges":	"false",
	"hasPmufwMakeHasChanges":	"false",
	"fsblExtraCompilerFlags":	"-MMD -MP       -mcpu=cortex-a9 -mfpu=vfpv3 -mfloat-abi=hard ",
	"platPreBuiltFlag":	false,
	"platformSamplesDir":	"",
	"platActiveSys":	"TPG",
	"systems":	[{
			"systemName":	"TPG",
			"systemDesc":	"TPG",
			"sysIsBootAutoGen":	"true",
			"systemDispName":	"TPG",
			"sysActiveDom":	"standalone_domain",
			"sysDefaultDom":	"standalone_domain",
			"domains":	[{
					"domainName":	"zynq_fsbl",
					"domainDispName":	"zynq_fsbl",
					"domainDesc":	"FSBL Application BSP - Auto Generated.",
					"processors":	"ps7_cortexa9_0",
					"os":	"standalone",
					"sdxOs":	"standalone",
					"debugEnable":	"",
					"domRuntimes":	["cpp"],
					"swRepo":	"",
					"mssOsVer":	"7.2",
					"mssFile":	"",
					"md5Digest":	"05d23043c7eddd964a9d1d14b4675f65",
					"compatibleApp":	"zynq_fsbl",
					"domType":	"bootDomain",
					"appSettings":	{
						"appCompilerFlags":	"",
						"appLinkerFlags":	""
					},
					"addedLibs":	["xilffs:4.3", "xilrsa:1.6"],
					"libOptions":	{
						"libsContainingOptions":	[]
					},
					"prebuiltLibs":	{
						"prebuiltIncPath":	[],
						"prebuiltLibPath":	[]
					},
					"isolation":	{
					}
				}, {
					"domainName":	"standalone_domain",
					"domainDispName":	"standalone on ps7_cortexa9_0",
					"domainDesc":	"standalone_domain",
					"processors":	"ps7_cortexa9_0",
					"os":	"standalone",
					"sdxOs":	"standalone",
					"qemuArgs":	"C:/Xilinx/Vitis/2020.1/data/emulation/platforms/zynq/qemu/qemu_args.txt",
					"qemuData":	"C:/Xilinx/Vitis/2020.1/data/emulation/platforms/zynq/qemu/",
					"debugEnable":	"False",
					"domRuntimes":	["cpp"],
					"swRepo":	"",
					"mssOsVer":	"7.2",
					"mssFile":	"",
					"md5Digest":	"62f8c38c3ad11bbd3578bfcbefc1066c",
					"compatibleApp":	"",
					"domType":	"mssDomain",
					"appSettings":	{
						"appCompilerFlags":	"",
						"appLinkerFlags":	""
					},
					"addedLibs":	[],
					"libOptions":	{
						"libsContainingOptions":	[]
					},
					"prebuiltLibs":	{
						"prebuiltIncPath":	[],
						"prebuiltLibPath":	[]
					},
					"isolation":	{
					}
				}]
		}]
}
TRACE::2026-02-26.18:49:55::SCWPlatform::Clearing the existing platform
TRACE::2026-02-26.18:49:55::SCWSystem::Clearing the existing sysconfig
TRACE::2026-02-26.18:49:55::SCWBDomain::clearing the fsbl build
TRACE::2026-02-26.18:49:55::SCWMssOS::Removing the swdes entry for  C:/Users/cihem/CPRE-488-Labs/MP-2/sw/TPG/zynq_fsbl/zynq_fsbl_bsp/system.mss
TRACE::2026-02-26.18:49:55::SCWMssOS::Removing the swdes entry for  C:/Users/cihem/CPRE-488-Labs/MP-2/sw/TPG/ps7_cortexa9_0/standalone_domain/bsp/system.mss
TRACE::2026-02-26.18:49:55::SCWSystem::Clearing the domains completed.
TRACE::2026-02-26.18:49:55::SCWPlatform::Clearing the opened hw db.
TRACE::2026-02-26.18:49:55::SCWPlatform::DSA given C:/Users/cihem/CPRE-488-Labs/MP-2/sw/TPG/hw/system_wrapper.xsa
TRACE::2026-02-26.18:49:55::SCWPlatform::DSA absoulate path C:/Users/cihem/CPRE-488-Labs/MP-2/sw/TPG/hw/system_wrapper.xsa
TRACE::2026-02-26.18:49:55::SCWPlatform:: Platform location is C:/Users/cihem/CPRE-488-Labs/MP-2/sw/TPG/hw
TRACE::2026-02-26.18:49:55::SCWPlatform:: Platform Path C:/Users/cihem/CPRE-488-Labs/MP-2/sw/TPG/hw/system_wrapper.xsa
TRACE::2026-02-26.18:49:55::SCWPlatform:: Unique name xilinx:zed::0.0
TRACE::2026-02-26.18:49:55::SCWPlatform::Removing the HwDB with name C:/Users/cihem/CPRE-488-Labs/MP-2/sw/TPG/hw/system_wrapper.xsa
TRACE::2026-02-26.18:49:55::SCWPlatform::Trying to open the hw design at C:/Users/cihem/CPRE-488-Labs/MP-2/sw/TPG/hw/system_wrapper.xsa
TRACE::2026-02-26.18:49:55::SCWPlatform::DSA given C:/Users/cihem/CPRE-488-Labs/MP-2/sw/TPG/hw/system_wrapper.xsa
TRACE::2026-02-26.18:49:55::SCWPlatform::DSA absoulate path C:/Users/cihem/CPRE-488-Labs/MP-2/sw/TPG/hw/system_wrapper.xsa
TRACE::2026-02-26.18:49:55::SCWPlatform::DSA directory C:/Users/cihem/CPRE-488-Labs/MP-2/sw/TPG/hw
TRACE::2026-02-26.18:49:55::SCWPlatform:: Platform Path C:/Users/cihem/CPRE-488-Labs/MP-2/sw/TPG/hw/system_wrapper.xsa
TRACE::2026-02-26.18:49:55::SCWPlatform:: Unique name xilinx:zed::0.0
TRACE::2026-02-26.18:49:55::SCWPlatform::Do not have an existing db opened. 
TRACE::2026-02-26.18:49:57::SCWPlatform::Opened new HwDB with name system_wrapper_7
TRACE::2026-02-26.18:49:57::SCWReader::Active system found as  TPG
TRACE::2026-02-26.18:49:57::SCWReader::Handling sysconfig TPG
TRACE::2026-02-26.18:49:57::SCWDomain::checking for install qemu data   : 
TRACE::2026-02-26.18:49:57::SCWDomain:: Using the QEMU Data from install at  : C:/Xilinx/Vitis/2020.1/data/emulation/platforms/zynq/qemu/
TRACE::2026-02-26.18:49:57::SCWDomain:: Using the QEMU args  from install at  : C:/Xilinx/Vitis/2020.1/data/emulation/platforms/zynq/qemu/qemu_args.txt
TRACE::2026-02-26.18:49:57::SCWPlatform::Trying to open the hw design at C:/Users/cihem/CPRE-488-Labs/MP-2/sw/TPG/hw/system_wrapper.xsa
TRACE::2026-02-26.18:49:57::SCWPlatform::DSA given C:/Users/cihem/CPRE-488-Labs/MP-2/sw/TPG/hw/system_wrapper.xsa
TRACE::2026-02-26.18:49:57::SCWPlatform::DSA absoulate path C:/Users/cihem/CPRE-488-Labs/MP-2/sw/TPG/hw/system_wrapper.xsa
TRACE::2026-02-26.18:49:57::SCWPlatform::DSA directory C:/Users/cihem/CPRE-488-Labs/MP-2/sw/TPG/hw
TRACE::2026-02-26.18:49:57::SCWPlatform:: Platform Path C:/Users/cihem/CPRE-488-Labs/MP-2/sw/TPG/hw/system_wrapper.xsa
TRACE::2026-02-26.18:49:57::SCWPlatform:: Unique name xilinx:zed::0.0
TRACE::2026-02-26.18:49:57::SCWPlatform::Trying to set the existing hwdb with name system_wrapper_7
TRACE::2026-02-26.18:49:57::SCWPlatform::Opened existing hwdb system_wrapper_7
TRACE::2026-02-26.18:49:57::SCWPlatform::Found the Hw Db part of the input DSA
TRACE::2026-02-26.18:49:57::SCWPlatform::Trying to open the hw design at C:/Users/cihem/CPRE-488-Labs/MP-2/sw/TPG/hw/system_wrapper.xsa
TRACE::2026-02-26.18:49:57::SCWPlatform::DSA given C:/Users/cihem/CPRE-488-Labs/MP-2/sw/TPG/hw/system_wrapper.xsa
TRACE::2026-02-26.18:49:57::SCWPlatform::DSA absoulate path C:/Users/cihem/CPRE-488-Labs/MP-2/sw/TPG/hw/system_wrapper.xsa
TRACE::2026-02-26.18:49:57::SCWPlatform::DSA directory C:/Users/cihem/CPRE-488-Labs/MP-2/sw/TPG/hw
TRACE::2026-02-26.18:49:57::SCWPlatform:: Platform Path C:/Users/cihem/CPRE-488-Labs/MP-2/sw/TPG/hw/system_wrapper.xsa
TRACE::2026-02-26.18:49:57::SCWPlatform:: Unique name xilinx:zed::0.0
TRACE::2026-02-26.18:49:57::SCWPlatform::Trying to set the existing hwdb with name system_wrapper_7
TRACE::2026-02-26.18:49:57::SCWPlatform::Opened existing hwdb system_wrapper_7
TRACE::2026-02-26.18:49:57::SCWPlatform::Found the Hw Db part of the input DSA
TRACE::2026-02-26.18:49:57::SCWPlatform::Trying to open the hw design at C:/Users/cihem/CPRE-488-Labs/MP-2/sw/TPG/hw/system_wrapper.xsa
TRACE::2026-02-26.18:49:57::SCWPlatform::DSA given C:/Users/cihem/CPRE-488-Labs/MP-2/sw/TPG/hw/system_wrapper.xsa
TRACE::2026-02-26.18:49:57::SCWPlatform::DSA absoulate path C:/Users/cihem/CPRE-488-Labs/MP-2/sw/TPG/hw/system_wrapper.xsa
TRACE::2026-02-26.18:49:57::SCWPlatform::DSA directory C:/Users/cihem/CPRE-488-Labs/MP-2/sw/TPG/hw
TRACE::2026-02-26.18:49:57::SCWPlatform:: Platform Path C:/Users/cihem/CPRE-488-Labs/MP-2/sw/TPG/hw/system_wrapper.xsa
TRACE::2026-02-26.18:49:57::SCWPlatform:: Unique name xilinx:zed::0.0
TRACE::2026-02-26.18:49:57::SCWPlatform::Trying to set the existing hwdb with name system_wrapper_7
TRACE::2026-02-26.18:49:57::SCWPlatform::Opened existing hwdb system_wrapper_7
TRACE::2026-02-26.18:49:57::SCWPlatform::Found the Hw Db part of the input DSA
TRACE::2026-02-26.18:49:57::SCWReader::Boot application domain added for zynq_fsbl
TRACE::2026-02-26.18:49:57::SCWPlatform::Trying to open the hw design at C:/Users/cihem/CPRE-488-Labs/MP-2/sw/TPG/hw/system_wrapper.xsa
TRACE::2026-02-26.18:49:57::SCWPlatform::DSA given C:/Users/cihem/CPRE-488-Labs/MP-2/sw/TPG/hw/system_wrapper.xsa
TRACE::2026-02-26.18:49:57::SCWPlatform::DSA absoulate path C:/Users/cihem/CPRE-488-Labs/MP-2/sw/TPG/hw/system_wrapper.xsa
TRACE::2026-02-26.18:49:57::SCWPlatform::DSA directory C:/Users/cihem/CPRE-488-Labs/MP-2/sw/TPG/hw
TRACE::2026-02-26.18:49:57::SCWPlatform:: Platform Path C:/Users/cihem/CPRE-488-Labs/MP-2/sw/TPG/hw/system_wrapper.xsa
TRACE::2026-02-26.18:49:57::SCWPlatform:: Unique name xilinx:zed::0.0
TRACE::2026-02-26.18:49:57::SCWPlatform::Trying to set the existing hwdb with name system_wrapper_7
TRACE::2026-02-26.18:49:57::SCWPlatform::Opened existing hwdb system_wrapper_7
TRACE::2026-02-26.18:49:57::SCWPlatform::Found the Hw Db part of the input DSA
TRACE::2026-02-26.18:49:57::SCWMssOS::Checking the sw design at  C:/Users/cihem/CPRE-488-Labs/MP-2/sw/TPG/zynq_fsbl/zynq_fsbl_bsp/system.mss
TRACE::2026-02-26.18:49:57::SCWMssOS::DEBUG:  swdes dump  
TRACE::2026-02-26.18:49:57::SCWMssOS::No sw design opened at  C:/Users/cihem/CPRE-488-Labs/MP-2/sw/TPG/zynq_fsbl/zynq_fsbl_bsp/system.mss
TRACE::2026-02-26.18:49:57::SCWMssOS::mss exists loading the mss file  C:/Users/cihem/CPRE-488-Labs/MP-2/sw/TPG/zynq_fsbl/zynq_fsbl_bsp/system.mss
TRACE::2026-02-26.18:49:57::SCWMssOS::Opened the sw design from mss  C:/Users/cihem/CPRE-488-Labs/MP-2/sw/TPG/zynq_fsbl/zynq_fsbl_bsp/system.mss
TRACE::2026-02-26.18:49:57::SCWMssOS::Adding the swdes entry C:/Users/cihem/CPRE-488-Labs/MP-2/sw/TPG/zynq_fsbl/zynq_fsbl_bsp/system.mss with des name system
TRACE::2026-02-26.18:49:57::SCWMssOS::updating the scw layer about changes
TRACE::2026-02-26.18:49:57::SCWMssOS::Opened the sw design.  C:/Users/cihem/CPRE-488-Labs/MP-2/sw/TPG/zynq_fsbl/zynq_fsbl_bsp/system.mss
TRACE::2026-02-26.18:49:57::SCWPlatform::Trying to open the hw design at C:/Users/cihem/CPRE-488-Labs/MP-2/sw/TPG/hw/system_wrapper.xsa
TRACE::2026-02-26.18:49:57::SCWPlatform::DSA given C:/Users/cihem/CPRE-488-Labs/MP-2/sw/TPG/hw/system_wrapper.xsa
TRACE::2026-02-26.18:49:57::SCWPlatform::DSA absoulate path C:/Users/cihem/CPRE-488-Labs/MP-2/sw/TPG/hw/system_wrapper.xsa
TRACE::2026-02-26.18:49:57::SCWPlatform::DSA directory C:/Users/cihem/CPRE-488-Labs/MP-2/sw/TPG/hw
TRACE::2026-02-26.18:49:57::SCWPlatform:: Platform Path C:/Users/cihem/CPRE-488-Labs/MP-2/sw/TPG/hw/system_wrapper.xsa
TRACE::2026-02-26.18:49:57::SCWPlatform:: Unique name xilinx:zed::0.0
TRACE::2026-02-26.18:49:57::SCWPlatform::Trying to set the existing hwdb with name system_wrapper_7
TRACE::2026-02-26.18:49:57::SCWPlatform::Opened existing hwdb system_wrapper_7
TRACE::2026-02-26.18:49:57::SCWPlatform::Found the Hw Db part of the input DSA
TRACE::2026-02-26.18:49:57::SCWMssOS::Checking the sw design at  C:/Users/cihem/CPRE-488-Labs/MP-2/sw/TPG/zynq_fsbl/zynq_fsbl_bsp/system.mss
TRACE::2026-02-26.18:49:57::SCWMssOS::DEBUG:  swdes dump  C:/Users/cihem/CPRE-488-Labs/MP-2/sw/TPG/zynq_fsbl/zynq_fsbl_bsp/system.mss|system||

TRACE::2026-02-26.18:49:57::SCWMssOS::Sw design exists and opened at  C:/Users/cihem/CPRE-488-Labs/MP-2/sw/TPG/zynq_fsbl/zynq_fsbl_bsp/system.mss
TRACE::2026-02-26.18:49:57::SCWMssOS:: library already available in sw design:  xilffs:4.3
TRACE::2026-02-26.18:49:57::SCWPlatform::Trying to open the hw design at C:/Users/cihem/CPRE-488-Labs/MP-2/sw/TPG/hw/system_wrapper.xsa
TRACE::2026-02-26.18:49:57::SCWPlatform::DSA given C:/Users/cihem/CPRE-488-Labs/MP-2/sw/TPG/hw/system_wrapper.xsa
TRACE::2026-02-26.18:49:57::SCWPlatform::DSA absoulate path C:/Users/cihem/CPRE-488-Labs/MP-2/sw/TPG/hw/system_wrapper.xsa
TRACE::2026-02-26.18:49:57::SCWPlatform::DSA directory C:/Users/cihem/CPRE-488-Labs/MP-2/sw/TPG/hw
TRACE::2026-02-26.18:49:57::SCWPlatform:: Platform Path C:/Users/cihem/CPRE-488-Labs/MP-2/sw/TPG/hw/system_wrapper.xsa
TRACE::2026-02-26.18:49:57::SCWPlatform:: Unique name xilinx:zed::0.0
TRACE::2026-02-26.18:49:57::SCWPlatform::Trying to set the existing hwdb with name system_wrapper_7
TRACE::2026-02-26.18:49:57::SCWPlatform::Opened existing hwdb system_wrapper_7
TRACE::2026-02-26.18:49:57::SCWPlatform::Found the Hw Db part of the input DSA
TRACE::2026-02-26.18:49:57::SCWMssOS::Checking the sw design at  C:/Users/cihem/CPRE-488-Labs/MP-2/sw/TPG/zynq_fsbl/zynq_fsbl_bsp/system.mss
TRACE::2026-02-26.18:49:57::SCWMssOS::DEBUG:  swdes dump  C:/Users/cihem/CPRE-488-Labs/MP-2/sw/TPG/zynq_fsbl/zynq_fsbl_bsp/system.mss|system||

TRACE::2026-02-26.18:49:57::SCWMssOS::Sw design exists and opened at  C:/Users/cihem/CPRE-488-Labs/MP-2/sw/TPG/zynq_fsbl/zynq_fsbl_bsp/system.mss
TRACE::2026-02-26.18:49:57::SCWMssOS:: library already available in sw design:  xilrsa:1.6
TRACE::2026-02-26.18:49:57::SCWMssOS::Saving the mss changes C:/Users/cihem/CPRE-488-Labs/MP-2/sw/TPG/zynq_fsbl/zynq_fsbl_bsp/system.mss
TRACE::2026-02-26.18:49:57::SCWMssOS::Found a swdesign opened with the mssfile.
TRACE::2026-02-26.18:49:57::SCWMssOS::Completed writemss as part of save.
TRACE::2026-02-26.18:49:57::SCWMssOS::Commit changes completed.
TRACE::2026-02-26.18:49:57::SCWReader::Adding prebuilt librarypaths as   
TRACE::2026-02-26.18:49:57::SCWReader::Adding prebuilt incpaths  as   
TRACE::2026-02-26.18:49:57::SCWPlatform::Trying to open the hw design at C:/Users/cihem/CPRE-488-Labs/MP-2/sw/TPG/hw/system_wrapper.xsa
TRACE::2026-02-26.18:49:57::SCWPlatform::DSA given C:/Users/cihem/CPRE-488-Labs/MP-2/sw/TPG/hw/system_wrapper.xsa
TRACE::2026-02-26.18:49:57::SCWPlatform::DSA absoulate path C:/Users/cihem/CPRE-488-Labs/MP-2/sw/TPG/hw/system_wrapper.xsa
TRACE::2026-02-26.18:49:57::SCWPlatform::DSA directory C:/Users/cihem/CPRE-488-Labs/MP-2/sw/TPG/hw
TRACE::2026-02-26.18:49:57::SCWPlatform:: Platform Path C:/Users/cihem/CPRE-488-Labs/MP-2/sw/TPG/hw/system_wrapper.xsa
TRACE::2026-02-26.18:49:57::SCWPlatform:: Unique name xilinx:zed::0.0
TRACE::2026-02-26.18:49:57::SCWPlatform::Trying to set the existing hwdb with name system_wrapper_7
TRACE::2026-02-26.18:49:57::SCWPlatform::Opened existing hwdb system_wrapper_7
TRACE::2026-02-26.18:49:57::SCWPlatform::Found the Hw Db part of the input DSA
TRACE::2026-02-26.18:49:57::SCWMssOS::Checking the sw design at  C:/Users/cihem/CPRE-488-Labs/MP-2/sw/TPG/zynq_fsbl/zynq_fsbl_bsp/system.mss
TRACE::2026-02-26.18:49:57::SCWMssOS::DEBUG:  swdes dump  C:/Users/cihem/CPRE-488-Labs/MP-2/sw/TPG/zynq_fsbl/zynq_fsbl_bsp/system.mss|system||

TRACE::2026-02-26.18:49:57::SCWMssOS::Sw design exists and opened at  C:/Users/cihem/CPRE-488-Labs/MP-2/sw/TPG/zynq_fsbl/zynq_fsbl_bsp/system.mss
TRACE::2026-02-26.18:49:57::SCWReader::No isolation master present  
TRACE::2026-02-26.18:49:57::SCWDomain::checking for install qemu data   : 
TRACE::2026-02-26.18:49:57::SCWDomain:: Using the QEMU Data from install at  : C:/Xilinx/Vitis/2020.1/data/emulation/platforms/zynq/qemu/
TRACE::2026-02-26.18:49:57::SCWDomain:: Using the QEMU args  from install at  : C:/Xilinx/Vitis/2020.1/data/emulation/platforms/zynq/qemu/qemu_args.txt
TRACE::2026-02-26.18:49:57::SCWPlatform::Trying to open the hw design at C:/Users/cihem/CPRE-488-Labs/MP-2/sw/TPG/hw/system_wrapper.xsa
TRACE::2026-02-26.18:49:57::SCWPlatform::DSA given C:/Users/cihem/CPRE-488-Labs/MP-2/sw/TPG/hw/system_wrapper.xsa
TRACE::2026-02-26.18:49:57::SCWPlatform::DSA absoulate path C:/Users/cihem/CPRE-488-Labs/MP-2/sw/TPG/hw/system_wrapper.xsa
TRACE::2026-02-26.18:49:57::SCWPlatform::DSA directory C:/Users/cihem/CPRE-488-Labs/MP-2/sw/TPG/hw
TRACE::2026-02-26.18:49:57::SCWPlatform:: Platform Path C:/Users/cihem/CPRE-488-Labs/MP-2/sw/TPG/hw/system_wrapper.xsa
TRACE::2026-02-26.18:49:57::SCWPlatform:: Unique name xilinx:zed::0.0
TRACE::2026-02-26.18:49:57::SCWPlatform::Trying to set the existing hwdb with name system_wrapper_7
TRACE::2026-02-26.18:49:57::SCWPlatform::Opened existing hwdb system_wrapper_7
TRACE::2026-02-26.18:49:57::SCWPlatform::Found the Hw Db part of the input DSA
TRACE::2026-02-26.18:49:57::SCWPlatform::Trying to open the hw design at C:/Users/cihem/CPRE-488-Labs/MP-2/sw/TPG/hw/system_wrapper.xsa
TRACE::2026-02-26.18:49:57::SCWPlatform::DSA given C:/Users/cihem/CPRE-488-Labs/MP-2/sw/TPG/hw/system_wrapper.xsa
TRACE::2026-02-26.18:49:57::SCWPlatform::DSA absoulate path C:/Users/cihem/CPRE-488-Labs/MP-2/sw/TPG/hw/system_wrapper.xsa
TRACE::2026-02-26.18:49:57::SCWPlatform::DSA directory C:/Users/cihem/CPRE-488-Labs/MP-2/sw/TPG/hw
TRACE::2026-02-26.18:49:57::SCWPlatform:: Platform Path C:/Users/cihem/CPRE-488-Labs/MP-2/sw/TPG/hw/system_wrapper.xsa
TRACE::2026-02-26.18:49:57::SCWPlatform:: Unique name xilinx:zed::0.0
TRACE::2026-02-26.18:49:57::SCWPlatform::Trying to set the existing hwdb with name system_wrapper_7
TRACE::2026-02-26.18:49:57::SCWPlatform::Opened existing hwdb system_wrapper_7
TRACE::2026-02-26.18:49:57::SCWPlatform::Found the Hw Db part of the input DSA
TRACE::2026-02-26.18:49:57::SCWPlatform::Trying to open the hw design at C:/Users/cihem/CPRE-488-Labs/MP-2/sw/TPG/hw/system_wrapper.xsa
TRACE::2026-02-26.18:49:57::SCWPlatform::DSA given C:/Users/cihem/CPRE-488-Labs/MP-2/sw/TPG/hw/system_wrapper.xsa
TRACE::2026-02-26.18:49:57::SCWPlatform::DSA absoulate path C:/Users/cihem/CPRE-488-Labs/MP-2/sw/TPG/hw/system_wrapper.xsa
TRACE::2026-02-26.18:49:57::SCWPlatform::DSA directory C:/Users/cihem/CPRE-488-Labs/MP-2/sw/TPG/hw
TRACE::2026-02-26.18:49:57::SCWPlatform:: Platform Path C:/Users/cihem/CPRE-488-Labs/MP-2/sw/TPG/hw/system_wrapper.xsa
TRACE::2026-02-26.18:49:57::SCWPlatform:: Unique name xilinx:zed::0.0
TRACE::2026-02-26.18:49:57::SCWPlatform::Trying to set the existing hwdb with name system_wrapper_7
TRACE::2026-02-26.18:49:57::SCWPlatform::Opened existing hwdb system_wrapper_7
TRACE::2026-02-26.18:49:57::SCWPlatform::Found the Hw Db part of the input DSA
TRACE::2026-02-26.18:49:57::SCWMssOS::Checking the sw design at  C:/Users/cihem/CPRE-488-Labs/MP-2/sw/TPG/ps7_cortexa9_0/standalone_domain/bsp/system.mss
TRACE::2026-02-26.18:49:57::SCWMssOS::DEBUG:  swdes dump  C:/Users/cihem/CPRE-488-Labs/MP-2/sw/TPG/zynq_fsbl/zynq_fsbl_bsp/system.mss|system||

TRACE::2026-02-26.18:49:57::SCWMssOS::No sw design opened at  C:/Users/cihem/CPRE-488-Labs/MP-2/sw/TPG/ps7_cortexa9_0/standalone_domain/bsp/system.mss
TRACE::2026-02-26.18:49:57::SCWMssOS::mss exists loading the mss file  C:/Users/cihem/CPRE-488-Labs/MP-2/sw/TPG/ps7_cortexa9_0/standalone_domain/bsp/system.mss
TRACE::2026-02-26.18:49:57::SCWMssOS::Opened the sw design from mss  C:/Users/cihem/CPRE-488-Labs/MP-2/sw/TPG/ps7_cortexa9_0/standalone_domain/bsp/system.mss
TRACE::2026-02-26.18:49:57::SCWMssOS::Adding the swdes entry C:/Users/cihem/CPRE-488-Labs/MP-2/sw/TPG/ps7_cortexa9_0/standalone_domain/bsp/system.mss with des name system_0
TRACE::2026-02-26.18:49:57::SCWMssOS::updating the scw layer about changes
TRACE::2026-02-26.18:49:57::SCWMssOS::Opened the sw design.  C:/Users/cihem/CPRE-488-Labs/MP-2/sw/TPG/ps7_cortexa9_0/standalone_domain/bsp/system.mss
TRACE::2026-02-26.18:49:57::SCWMssOS::Saving the mss changes C:/Users/cihem/CPRE-488-Labs/MP-2/sw/TPG/ps7_cortexa9_0/standalone_domain/bsp/system.mss
TRACE::2026-02-26.18:49:57::SCWMssOS::Found a swdesign opened with the mssfile.
TRACE::2026-02-26.18:49:57::SCWMssOS::Completed writemss as part of save.
TRACE::2026-02-26.18:49:57::SCWMssOS::Commit changes completed.
TRACE::2026-02-26.18:49:57::SCWReader::Adding prebuilt librarypaths as   
TRACE::2026-02-26.18:49:57::SCWReader::Adding prebuilt incpaths  as   
TRACE::2026-02-26.18:49:57::SCWPlatform::Trying to open the hw design at C:/Users/cihem/CPRE-488-Labs/MP-2/sw/TPG/hw/system_wrapper.xsa
TRACE::2026-02-26.18:49:57::SCWPlatform::DSA given C:/Users/cihem/CPRE-488-Labs/MP-2/sw/TPG/hw/system_wrapper.xsa
TRACE::2026-02-26.18:49:57::SCWPlatform::DSA absoulate path C:/Users/cihem/CPRE-488-Labs/MP-2/sw/TPG/hw/system_wrapper.xsa
TRACE::2026-02-26.18:49:57::SCWPlatform::DSA directory C:/Users/cihem/CPRE-488-Labs/MP-2/sw/TPG/hw
TRACE::2026-02-26.18:49:57::SCWPlatform:: Platform Path C:/Users/cihem/CPRE-488-Labs/MP-2/sw/TPG/hw/system_wrapper.xsa
TRACE::2026-02-26.18:49:57::SCWPlatform:: Unique name xilinx:zed::0.0
TRACE::2026-02-26.18:49:57::SCWPlatform::Trying to set the existing hwdb with name system_wrapper_7
TRACE::2026-02-26.18:49:57::SCWPlatform::Opened existing hwdb system_wrapper_7
TRACE::2026-02-26.18:49:57::SCWPlatform::Found the Hw Db part of the input DSA
TRACE::2026-02-26.18:49:57::SCWMssOS::Checking the sw design at  C:/Users/cihem/CPRE-488-Labs/MP-2/sw/TPG/ps7_cortexa9_0/standalone_domain/bsp/system.mss
TRACE::2026-02-26.18:49:57::SCWMssOS::DEBUG:  swdes dump  C:/Users/cihem/CPRE-488-Labs/MP-2/sw/TPG/ps7_cortexa9_0/standalone_domain/bsp/system.mss|system_0||
C:/Users/cihem/CPRE-488-Labs/MP-2/sw/TPG/zynq_fsbl/zynq_fsbl_bsp/system.mss|system||

TRACE::2026-02-26.18:49:57::SCWMssOS::Sw design exists and opened at  C:/Users/cihem/CPRE-488-Labs/MP-2/sw/TPG/ps7_cortexa9_0/standalone_domain/bsp/system.mss
TRACE::2026-02-26.18:49:57::SCWReader::No isolation master present  
LOG::2026-02-26.18:51:02::SCWPlatform::Started generating the artifacts platform TPG
TRACE::2026-02-26.18:51:02::SCWPlatform::Sanity checking of platform is completed
LOG::2026-02-26.18:51:02::SCWPlatform::Started generating the artifacts for system configuration TPG
LOG::2026-02-26.18:51:02::SCWSystem::Checking the domain zynq_fsbl
LOG::2026-02-26.18:51:02::SCWSystem::Doing application build for :  zynq_fsbl
TRACE::2026-02-26.18:51:02::SCWBDomain::Not a forced makefile updation, No changes are present. 
TRACE::2026-02-26.18:51:02::SCWDomain::Skipping the build for domain :  zynq_fsbl
LOG::2026-02-26.18:51:02::SCWSystem::Checking the domain standalone_domain
LOG::2026-02-26.18:51:02::SCWSystem::Not a boot domain 
LOG::2026-02-26.18:51:02::SCWSystem::Started Processing the domain standalone_domain
TRACE::2026-02-26.18:51:02::SCWDomain::Generating domain artifcats
TRACE::2026-02-26.18:51:02::SCWMssOS::Generating standalone artifcats
TRACE::2026-02-26.18:51:02::SCWMssOS::Copying the qemu file from  C:/Xilinx/Vitis/2020.1/data/emulation/platforms/zynq/qemu/qemu_args.txt To C:/Users/cihem/CPRE-488-Labs/MP-2/sw/TPG/export/TPG/sw/TPG/qemu/
TRACE::2026-02-26.18:51:02::SCWMssOS::Copying the qemu file from  C:/Xilinx/Vitis/2020.1/data/emulation/platforms/zynq/qemu/qemu_args.txt To C:/Users/cihem/CPRE-488-Labs/MP-2/sw/TPG/export/TPG/sw/TPG/standalone_domain/qemu/
TRACE::2026-02-26.18:51:02::SCWMssOS:: Copying the user libraries. 
TRACE::2026-02-26.18:51:02::SCWPlatform::Trying to open the hw design at C:/Users/cihem/CPRE-488-Labs/MP-2/sw/TPG/hw/system_wrapper.xsa
TRACE::2026-02-26.18:51:02::SCWPlatform::DSA given C:/Users/cihem/CPRE-488-Labs/MP-2/sw/TPG/hw/system_wrapper.xsa
TRACE::2026-02-26.18:51:02::SCWPlatform::DSA absoulate path C:/Users/cihem/CPRE-488-Labs/MP-2/sw/TPG/hw/system_wrapper.xsa
TRACE::2026-02-26.18:51:02::SCWPlatform::DSA directory C:/Users/cihem/CPRE-488-Labs/MP-2/sw/TPG/hw
TRACE::2026-02-26.18:51:02::SCWPlatform:: Platform Path C:/Users/cihem/CPRE-488-Labs/MP-2/sw/TPG/hw/system_wrapper.xsa
TRACE::2026-02-26.18:51:02::SCWPlatform:: Unique name xilinx:zed::0.0
TRACE::2026-02-26.18:51:02::SCWPlatform::Trying to set the existing hwdb with name system_wrapper_7
TRACE::2026-02-26.18:51:02::SCWPlatform::Could not get the HWDB from existing dbname
TRACE::2026-02-26.18:51:02::SCWPlatform::Do not have an existing db opened. Attempting to open the hwDb. 
TRACE::2026-02-26.18:51:02::SCWPlatform::Opened new HwDB with name system_wrapper_8
TRACE::2026-02-26.18:51:02::SCWMssOS::Checking the sw design at  C:/Users/cihem/CPRE-488-Labs/MP-2/sw/TPG/ps7_cortexa9_0/standalone_domain/bsp/system.mss
TRACE::2026-02-26.18:51:02::SCWMssOS::DEBUG:  swdes dump  C:/Users/cihem/CPRE-488-Labs/MP-2/sw/TPG/ps7_cortexa9_0/standalone_domain/bsp/system.mss|system_0||
C:/Users/cihem/CPRE-488-Labs/MP-2/sw/TPG/zynq_fsbl/zynq_fsbl_bsp/system.mss|system||

TRACE::2026-02-26.18:51:02::SCWMssOS::Sw design exists and opened at  C:/Users/cihem/CPRE-488-Labs/MP-2/sw/TPG/ps7_cortexa9_0/standalone_domain/bsp/system.mss
TRACE::2026-02-26.18:51:02::SCWMssOS::Completed writing the mss file at C:/Users/cihem/CPRE-488-Labs/MP-2/sw/TPG/ps7_cortexa9_0/standalone_domain/bsp
TRACE::2026-02-26.18:51:02::SCWMssOS::Mss edits present, copying mssfile into export location C:/Users/cihem/CPRE-488-Labs/MP-2/sw/TPG/ps7_cortexa9_0/standalone_domain/bsp/system.mss
TRACE::2026-02-26.18:51:02::SCWMssOS::bsp generated is upto date with the mss file. Skipping bsp generation.
TRACE::2026-02-26.18:51:02::SCWMssOS::BSP is already built. skipping the bsp build ... 
TRACE::2026-02-26.18:51:02::SCWDomain::Skipping the build for domain :  standalone_domain
TRACE::2026-02-26.18:51:02::SCWMssOS::skipping the bsp build ... 
TRACE::2026-02-26.18:51:02::SCWMssOS::Copying to export directory.
TRACE::2026-02-26.18:51:03::SCWMssOS:: Checking if to create the Supporting Applications
TRACE::2026-02-26.18:51:03::SCWMssOS:: No Linux domain exists, trying to generate FSBL 
LOG::2026-02-26.18:51:03::SCWSystem::Completed Processing the domain standalone_domain
LOG::2026-02-26.18:51:03::SCWSystem::Completed Processing the sysconfig TPG
LOG::2026-02-26.18:51:03::SCWPlatform::Completed generating the artifacts for system configuration TPG
TRACE::2026-02-26.18:51:03::SCWPlatform::Started preparing the platform 
TRACE::2026-02-26.18:51:03::SCWSystem::Writing the bif file for system config TPG
TRACE::2026-02-26.18:51:03::SCWSystem::dir created 
TRACE::2026-02-26.18:51:03::SCWSystem::Writing the bif 
TRACE::2026-02-26.18:51:03::SCWPlatform::Started writing the spfm file 
TRACE::2026-02-26.18:51:03::SCWPlatform::Started writing the xpfm file 
TRACE::2026-02-26.18:51:03::SCWPlatform::Completed generating the platform
TRACE::2026-02-26.18:51:03::SCWMssOS::Saving the mss changes C:/Users/cihem/CPRE-488-Labs/MP-2/sw/TPG/zynq_fsbl/zynq_fsbl_bsp/system.mss
TRACE::2026-02-26.18:51:03::SCWMssOS::Found a swdesign opened with the mssfile.
TRACE::2026-02-26.18:51:03::SCWMssOS::Completed writemss as part of save.
TRACE::2026-02-26.18:51:03::SCWMssOS::Commit changes completed.
TRACE::2026-02-26.18:51:03::SCWMssOS::Saving the mss changes C:/Users/cihem/CPRE-488-Labs/MP-2/sw/TPG/ps7_cortexa9_0/standalone_domain/bsp/system.mss
TRACE::2026-02-26.18:51:03::SCWMssOS::Found a swdesign opened with the mssfile.
TRACE::2026-02-26.18:51:03::SCWMssOS::Completed writemss as part of save.
TRACE::2026-02-26.18:51:03::SCWMssOS::Commit changes completed.
TRACE::2026-02-26.18:51:03::SCWPlatform::Trying to open the hw design at C:/Users/cihem/CPRE-488-Labs/MP-2/sw/TPG/hw/system_wrapper.xsa
TRACE::2026-02-26.18:51:03::SCWPlatform::DSA given C:/Users/cihem/CPRE-488-Labs/MP-2/sw/TPG/hw/system_wrapper.xsa
TRACE::2026-02-26.18:51:03::SCWPlatform::DSA absoulate path C:/Users/cihem/CPRE-488-Labs/MP-2/sw/TPG/hw/system_wrapper.xsa
TRACE::2026-02-26.18:51:03::SCWPlatform::DSA directory C:/Users/cihem/CPRE-488-Labs/MP-2/sw/TPG/hw
TRACE::2026-02-26.18:51:03::SCWPlatform:: Platform Path C:/Users/cihem/CPRE-488-Labs/MP-2/sw/TPG/hw/system_wrapper.xsa
TRACE::2026-02-26.18:51:03::SCWPlatform:: Unique name xilinx:zed::0.0
TRACE::2026-02-26.18:51:03::SCWPlatform::Trying to set the existing hwdb with name system_wrapper_8
TRACE::2026-02-26.18:51:03::SCWPlatform::Opened existing hwdb system_wrapper_8
TRACE::2026-02-26.18:51:03::SCWPlatform::Found the Hw Db part of the input DSA
TRACE::2026-02-26.18:51:03::SCWMssOS::Checking the sw design at  C:/Users/cihem/CPRE-488-Labs/MP-2/sw/TPG/zynq_fsbl/zynq_fsbl_bsp/system.mss
TRACE::2026-02-26.18:51:03::SCWMssOS::DEBUG:  swdes dump  C:/Users/cihem/CPRE-488-Labs/MP-2/sw/TPG/ps7_cortexa9_0/standalone_domain/bsp/system.mss|system_0||
C:/Users/cihem/CPRE-488-Labs/MP-2/sw/TPG/zynq_fsbl/zynq_fsbl_bsp/system.mss|system||

TRACE::2026-02-26.18:51:03::SCWMssOS::Sw design exists and opened at  C:/Users/cihem/CPRE-488-Labs/MP-2/sw/TPG/zynq_fsbl/zynq_fsbl_bsp/system.mss
TRACE::2026-02-26.18:51:03::SCWPlatform::Trying to open the hw design at C:/Users/cihem/CPRE-488-Labs/MP-2/sw/TPG/hw/system_wrapper.xsa
TRACE::2026-02-26.18:51:03::SCWPlatform::DSA given C:/Users/cihem/CPRE-488-Labs/MP-2/sw/TPG/hw/system_wrapper.xsa
TRACE::2026-02-26.18:51:03::SCWPlatform::DSA absoulate path C:/Users/cihem/CPRE-488-Labs/MP-2/sw/TPG/hw/system_wrapper.xsa
TRACE::2026-02-26.18:51:03::SCWPlatform::DSA directory C:/Users/cihem/CPRE-488-Labs/MP-2/sw/TPG/hw
TRACE::2026-02-26.18:51:03::SCWPlatform:: Platform Path C:/Users/cihem/CPRE-488-Labs/MP-2/sw/TPG/hw/system_wrapper.xsa
TRACE::2026-02-26.18:51:03::SCWPlatform:: Unique name xilinx:zed::0.0
TRACE::2026-02-26.18:51:03::SCWPlatform::Trying to set the existing hwdb with name system_wrapper_8
TRACE::2026-02-26.18:51:03::SCWPlatform::Opened existing hwdb system_wrapper_8
TRACE::2026-02-26.18:51:03::SCWPlatform::Found the Hw Db part of the input DSA
TRACE::2026-02-26.18:51:03::SCWMssOS::Checking the sw design at  C:/Users/cihem/CPRE-488-Labs/MP-2/sw/TPG/ps7_cortexa9_0/standalone_domain/bsp/system.mss
TRACE::2026-02-26.18:51:03::SCWMssOS::DEBUG:  swdes dump  C:/Users/cihem/CPRE-488-Labs/MP-2/sw/TPG/ps7_cortexa9_0/standalone_domain/bsp/system.mss|system_0||
C:/Users/cihem/CPRE-488-Labs/MP-2/sw/TPG/zynq_fsbl/zynq_fsbl_bsp/system.mss|system||

TRACE::2026-02-26.18:51:03::SCWMssOS::Sw design exists and opened at  C:/Users/cihem/CPRE-488-Labs/MP-2/sw/TPG/ps7_cortexa9_0/standalone_domain/bsp/system.mss
TRACE::2026-02-26.18:51:03::SCWWriter::formatted JSON is {
	"platformName":	"TPG",
	"sprVersion":	"2.0",
	"mode":	"gui",
	"dsaType":	"Fixed",
	"platformDesc":	"TPG",
	"platHandOff":	"C:/Users/cihem/CPRE-488-Labs/MP-2/hw/MP-2/MP2.xpr/MP2/system_wrapper.xsa",
	"platIntHandOff":	"<platformDir>/hw/system_wrapper.xsa",
	"deviceType":	"zynq",
	"platIsPrebuiltAutogen":	"false",
	"platIsNoBootBsp":	"false",
	"hasFsblMakeHasChanges":	"false",
	"hasPmufwMakeHasChanges":	"false",
	"fsblExtraCompilerFlags":	"-MMD -MP       -mcpu=cortex-a9 -mfpu=vfpv3 -mfloat-abi=hard ",
	"platPreBuiltFlag":	false,
	"platformSamplesDir":	"",
	"platActiveSys":	"TPG",
	"systems":	[{
			"systemName":	"TPG",
			"systemDesc":	"TPG",
			"sysIsBootAutoGen":	"true",
			"systemDispName":	"TPG",
			"sysActiveDom":	"standalone_domain",
			"sysDefaultDom":	"standalone_domain",
			"domains":	[{
					"domainName":	"zynq_fsbl",
					"domainDispName":	"zynq_fsbl",
					"domainDesc":	"FSBL Application BSP - Auto Generated.",
					"processors":	"ps7_cortexa9_0",
					"os":	"standalone",
					"sdxOs":	"standalone",
					"debugEnable":	"",
					"domRuntimes":	["cpp"],
					"swRepo":	"",
					"mssOsVer":	"7.2",
					"mssFile":	"",
					"md5Digest":	"05d23043c7eddd964a9d1d14b4675f65",
					"compatibleApp":	"zynq_fsbl",
					"domType":	"bootDomain",
					"appSettings":	{
						"appCompilerFlags":	"",
						"appLinkerFlags":	""
					},
					"addedLibs":	["xilffs:4.3", "xilrsa:1.6"],
					"libOptions":	{
						"libsContainingOptions":	[]
					},
					"prebuiltLibs":	{
						"prebuiltIncPath":	[],
						"prebuiltLibPath":	[]
					},
					"isolation":	{
					}
				}, {
					"domainName":	"standalone_domain",
					"domainDispName":	"standalone on ps7_cortexa9_0",
					"domainDesc":	"standalone_domain",
					"processors":	"ps7_cortexa9_0",
					"os":	"standalone",
					"sdxOs":	"standalone",
					"qemuArgs":	"C:/Xilinx/Vitis/2020.1/data/emulation/platforms/zynq/qemu/qemu_args.txt",
					"qemuData":	"C:/Xilinx/Vitis/2020.1/data/emulation/platforms/zynq/qemu/",
					"debugEnable":	"False",
					"domRuntimes":	["cpp"],
					"swRepo":	"",
					"mssOsVer":	"7.2",
					"mssFile":	"",
					"md5Digest":	"62f8c38c3ad11bbd3578bfcbefc1066c",
					"compatibleApp":	"",
					"domType":	"mssDomain",
					"appSettings":	{
						"appCompilerFlags":	"",
						"appLinkerFlags":	""
					},
					"addedLibs":	[],
					"libOptions":	{
						"libsContainingOptions":	[]
					},
					"prebuiltLibs":	{
						"prebuiltIncPath":	[],
						"prebuiltLibPath":	[]
					},
					"isolation":	{
					}
				}]
		}]
}
KEYINFO::2026-02-26.18:51:03::SCWPlatform::updated the xpfm file.
TRACE::2026-02-26.18:51:03::SCWPlatform::Trying to open the hw design at C:/Users/cihem/CPRE-488-Labs/MP-2/sw/TPG/hw/system_wrapper.xsa
TRACE::2026-02-26.18:51:03::SCWPlatform::DSA given C:/Users/cihem/CPRE-488-Labs/MP-2/sw/TPG/hw/system_wrapper.xsa
TRACE::2026-02-26.18:51:03::SCWPlatform::DSA absoulate path C:/Users/cihem/CPRE-488-Labs/MP-2/sw/TPG/hw/system_wrapper.xsa
TRACE::2026-02-26.18:51:03::SCWPlatform::DSA directory C:/Users/cihem/CPRE-488-Labs/MP-2/sw/TPG/hw
TRACE::2026-02-26.18:51:03::SCWPlatform:: Platform Path C:/Users/cihem/CPRE-488-Labs/MP-2/sw/TPG/hw/system_wrapper.xsa
TRACE::2026-02-26.18:51:03::SCWPlatform:: Unique name xilinx:zed::0.0
TRACE::2026-02-26.18:51:03::SCWPlatform::Trying to set the existing hwdb with name system_wrapper_8
TRACE::2026-02-26.18:51:03::SCWPlatform::Opened existing hwdb system_wrapper_8
TRACE::2026-02-26.18:51:03::SCWPlatform::Found the Hw Db part of the input DSA
TRACE::2026-02-26.18:51:03::SCWMssOS::Checking the sw design at  C:/Users/cihem/CPRE-488-Labs/MP-2/sw/TPG/ps7_cortexa9_0/standalone_domain/bsp/system.mss
TRACE::2026-02-26.18:51:03::SCWMssOS::DEBUG:  swdes dump  C:/Users/cihem/CPRE-488-Labs/MP-2/sw/TPG/ps7_cortexa9_0/standalone_domain/bsp/system.mss|system_0||
C:/Users/cihem/CPRE-488-Labs/MP-2/sw/TPG/zynq_fsbl/zynq_fsbl_bsp/system.mss|system||

TRACE::2026-02-26.18:51:03::SCWMssOS::Sw design exists and opened at  C:/Users/cihem/CPRE-488-Labs/MP-2/sw/TPG/ps7_cortexa9_0/standalone_domain/bsp/system.mss
TRACE::2026-02-27.17:09:02::SCWPlatform::Trying to open the hw design at C:/Users/cihem/CPRE-488-Labs/MP-2/sw/TPG/hw/system_wrapper.xsa
TRACE::2026-02-27.17:09:02::SCWPlatform::DSA given C:/Users/cihem/CPRE-488-Labs/MP-2/sw/TPG/hw/system_wrapper.xsa
TRACE::2026-02-27.17:09:02::SCWPlatform::DSA absoulate path C:/Users/cihem/CPRE-488-Labs/MP-2/sw/TPG/hw/system_wrapper.xsa
TRACE::2026-02-27.17:09:04::SCWPlatform::DSA directory C:/Users/cihem/CPRE-488-Labs/MP-2/sw/TPG/hw
TRACE::2026-02-27.17:09:04::SCWPlatform:: Platform Path C:/Users/cihem/CPRE-488-Labs/MP-2/sw/TPG/hw/system_wrapper.xsa
TRACE::2026-02-27.17:09:04::SCWPlatform:: Unique name xilinx:zed::0.0
TRACE::2026-02-27.17:09:04::SCWPlatform::Do not have an existing db opened. 
TRACE::2026-02-27.17:09:05::SCWPlatform::Opened new HwDB with name system_wrapper
TRACE::2026-02-27.17:09:05::SCWReader::Active system found as  TPG
TRACE::2026-02-27.17:09:05::SCWReader::Handling sysconfig TPG
TRACE::2026-02-27.17:09:05::SCWDomain::checking for install qemu data   : 
TRACE::2026-02-27.17:09:05::SCWDomain:: Using the QEMU Data from install at  : C:/Xilinx/Vitis/2020.1/data/emulation/platforms/zynq/qemu/
TRACE::2026-02-27.17:09:05::SCWDomain:: Using the QEMU args  from install at  : C:/Xilinx/Vitis/2020.1/data/emulation/platforms/zynq/qemu/qemu_args.txt
TRACE::2026-02-27.17:09:05::SCWPlatform::Trying to open the hw design at C:/Users/cihem/CPRE-488-Labs/MP-2/sw/TPG/hw/system_wrapper.xsa
TRACE::2026-02-27.17:09:05::SCWPlatform::DSA given C:/Users/cihem/CPRE-488-Labs/MP-2/sw/TPG/hw/system_wrapper.xsa
TRACE::2026-02-27.17:09:05::SCWPlatform::DSA absoulate path C:/Users/cihem/CPRE-488-Labs/MP-2/sw/TPG/hw/system_wrapper.xsa
TRACE::2026-02-27.17:09:05::SCWPlatform::DSA directory C:/Users/cihem/CPRE-488-Labs/MP-2/sw/TPG/hw
TRACE::2026-02-27.17:09:05::SCWPlatform:: Platform Path C:/Users/cihem/CPRE-488-Labs/MP-2/sw/TPG/hw/system_wrapper.xsa
TRACE::2026-02-27.17:09:05::SCWPlatform:: Unique name xilinx:zed::0.0
TRACE::2026-02-27.17:09:05::SCWPlatform::Trying to set the existing hwdb with name system_wrapper
TRACE::2026-02-27.17:09:05::SCWPlatform::Opened existing hwdb system_wrapper
TRACE::2026-02-27.17:09:05::SCWPlatform::Found the Hw Db part of the input DSA
TRACE::2026-02-27.17:09:05::SCWPlatform::Trying to open the hw design at C:/Users/cihem/CPRE-488-Labs/MP-2/sw/TPG/hw/system_wrapper.xsa
TRACE::2026-02-27.17:09:05::SCWPlatform::DSA given C:/Users/cihem/CPRE-488-Labs/MP-2/sw/TPG/hw/system_wrapper.xsa
TRACE::2026-02-27.17:09:05::SCWPlatform::DSA absoulate path C:/Users/cihem/CPRE-488-Labs/MP-2/sw/TPG/hw/system_wrapper.xsa
TRACE::2026-02-27.17:09:05::SCWPlatform::DSA directory C:/Users/cihem/CPRE-488-Labs/MP-2/sw/TPG/hw
TRACE::2026-02-27.17:09:05::SCWPlatform:: Platform Path C:/Users/cihem/CPRE-488-Labs/MP-2/sw/TPG/hw/system_wrapper.xsa
TRACE::2026-02-27.17:09:05::SCWPlatform:: Unique name xilinx:zed::0.0
TRACE::2026-02-27.17:09:05::SCWPlatform::Trying to set the existing hwdb with name system_wrapper
TRACE::2026-02-27.17:09:05::SCWPlatform::Opened existing hwdb system_wrapper
TRACE::2026-02-27.17:09:05::SCWPlatform::Found the Hw Db part of the input DSA
TRACE::2026-02-27.17:09:05::SCWPlatform::Trying to open the hw design at C:/Users/cihem/CPRE-488-Labs/MP-2/sw/TPG/hw/system_wrapper.xsa
TRACE::2026-02-27.17:09:05::SCWPlatform::DSA given C:/Users/cihem/CPRE-488-Labs/MP-2/sw/TPG/hw/system_wrapper.xsa
TRACE::2026-02-27.17:09:05::SCWPlatform::DSA absoulate path C:/Users/cihem/CPRE-488-Labs/MP-2/sw/TPG/hw/system_wrapper.xsa
TRACE::2026-02-27.17:09:05::SCWPlatform::DSA directory C:/Users/cihem/CPRE-488-Labs/MP-2/sw/TPG/hw
TRACE::2026-02-27.17:09:05::SCWPlatform:: Platform Path C:/Users/cihem/CPRE-488-Labs/MP-2/sw/TPG/hw/system_wrapper.xsa
TRACE::2026-02-27.17:09:05::SCWPlatform:: Unique name xilinx:zed::0.0
TRACE::2026-02-27.17:09:05::SCWPlatform::Trying to set the existing hwdb with name system_wrapper
TRACE::2026-02-27.17:09:05::SCWPlatform::Opened existing hwdb system_wrapper
TRACE::2026-02-27.17:09:05::SCWPlatform::Found the Hw Db part of the input DSA
TRACE::2026-02-27.17:09:05::SCWReader::Boot application domain added for zynq_fsbl
TRACE::2026-02-27.17:09:05::SCWPlatform::Trying to open the hw design at C:/Users/cihem/CPRE-488-Labs/MP-2/sw/TPG/hw/system_wrapper.xsa
TRACE::2026-02-27.17:09:05::SCWPlatform::DSA given C:/Users/cihem/CPRE-488-Labs/MP-2/sw/TPG/hw/system_wrapper.xsa
TRACE::2026-02-27.17:09:05::SCWPlatform::DSA absoulate path C:/Users/cihem/CPRE-488-Labs/MP-2/sw/TPG/hw/system_wrapper.xsa
TRACE::2026-02-27.17:09:05::SCWPlatform::DSA directory C:/Users/cihem/CPRE-488-Labs/MP-2/sw/TPG/hw
TRACE::2026-02-27.17:09:05::SCWPlatform:: Platform Path C:/Users/cihem/CPRE-488-Labs/MP-2/sw/TPG/hw/system_wrapper.xsa
TRACE::2026-02-27.17:09:05::SCWPlatform:: Unique name xilinx:zed::0.0
TRACE::2026-02-27.17:09:05::SCWPlatform::Trying to set the existing hwdb with name system_wrapper
TRACE::2026-02-27.17:09:05::SCWPlatform::Opened existing hwdb system_wrapper
TRACE::2026-02-27.17:09:05::SCWPlatform::Found the Hw Db part of the input DSA
TRACE::2026-02-27.17:09:05::SCWMssOS::Checking the sw design at  C:/Users/cihem/CPRE-488-Labs/MP-2/sw/TPG/zynq_fsbl/zynq_fsbl_bsp/system.mss
TRACE::2026-02-27.17:09:05::SCWMssOS::DEBUG:  swdes dump  
TRACE::2026-02-27.17:09:05::SCWMssOS::No sw design opened at  C:/Users/cihem/CPRE-488-Labs/MP-2/sw/TPG/zynq_fsbl/zynq_fsbl_bsp/system.mss
TRACE::2026-02-27.17:09:05::SCWMssOS::mss exists loading the mss file  C:/Users/cihem/CPRE-488-Labs/MP-2/sw/TPG/zynq_fsbl/zynq_fsbl_bsp/system.mss
TRACE::2026-02-27.17:09:05::SCWMssOS::Opened the sw design from mss  C:/Users/cihem/CPRE-488-Labs/MP-2/sw/TPG/zynq_fsbl/zynq_fsbl_bsp/system.mss
TRACE::2026-02-27.17:09:05::SCWMssOS::Adding the swdes entry C:/Users/cihem/CPRE-488-Labs/MP-2/sw/TPG/zynq_fsbl/zynq_fsbl_bsp/system.mss with des name system
TRACE::2026-02-27.17:09:05::SCWMssOS::updating the scw layer about changes
TRACE::2026-02-27.17:09:05::SCWMssOS::Opened the sw design.  C:/Users/cihem/CPRE-488-Labs/MP-2/sw/TPG/zynq_fsbl/zynq_fsbl_bsp/system.mss
TRACE::2026-02-27.17:09:05::SCWPlatform::Trying to open the hw design at C:/Users/cihem/CPRE-488-Labs/MP-2/sw/TPG/hw/system_wrapper.xsa
TRACE::2026-02-27.17:09:05::SCWPlatform::DSA given C:/Users/cihem/CPRE-488-Labs/MP-2/sw/TPG/hw/system_wrapper.xsa
TRACE::2026-02-27.17:09:05::SCWPlatform::DSA absoulate path C:/Users/cihem/CPRE-488-Labs/MP-2/sw/TPG/hw/system_wrapper.xsa
TRACE::2026-02-27.17:09:05::SCWPlatform::DSA directory C:/Users/cihem/CPRE-488-Labs/MP-2/sw/TPG/hw
TRACE::2026-02-27.17:09:05::SCWPlatform:: Platform Path C:/Users/cihem/CPRE-488-Labs/MP-2/sw/TPG/hw/system_wrapper.xsa
TRACE::2026-02-27.17:09:05::SCWPlatform:: Unique name xilinx:zed::0.0
TRACE::2026-02-27.17:09:05::SCWPlatform::Trying to set the existing hwdb with name system_wrapper
TRACE::2026-02-27.17:09:05::SCWPlatform::Opened existing hwdb system_wrapper
TRACE::2026-02-27.17:09:05::SCWPlatform::Found the Hw Db part of the input DSA
TRACE::2026-02-27.17:09:05::SCWMssOS::Checking the sw design at  C:/Users/cihem/CPRE-488-Labs/MP-2/sw/TPG/zynq_fsbl/zynq_fsbl_bsp/system.mss
TRACE::2026-02-27.17:09:05::SCWMssOS::DEBUG:  swdes dump  C:/Users/cihem/CPRE-488-Labs/MP-2/sw/TPG/zynq_fsbl/zynq_fsbl_bsp/system.mss|system||

TRACE::2026-02-27.17:09:05::SCWMssOS::Sw design exists and opened at  C:/Users/cihem/CPRE-488-Labs/MP-2/sw/TPG/zynq_fsbl/zynq_fsbl_bsp/system.mss
TRACE::2026-02-27.17:09:05::SCWMssOS:: library already available in sw design:  xilffs:4.3
TRACE::2026-02-27.17:09:05::SCWPlatform::Trying to open the hw design at C:/Users/cihem/CPRE-488-Labs/MP-2/sw/TPG/hw/system_wrapper.xsa
TRACE::2026-02-27.17:09:05::SCWPlatform::DSA given C:/Users/cihem/CPRE-488-Labs/MP-2/sw/TPG/hw/system_wrapper.xsa
TRACE::2026-02-27.17:09:05::SCWPlatform::DSA absoulate path C:/Users/cihem/CPRE-488-Labs/MP-2/sw/TPG/hw/system_wrapper.xsa
TRACE::2026-02-27.17:09:05::SCWPlatform::DSA directory C:/Users/cihem/CPRE-488-Labs/MP-2/sw/TPG/hw
TRACE::2026-02-27.17:09:05::SCWPlatform:: Platform Path C:/Users/cihem/CPRE-488-Labs/MP-2/sw/TPG/hw/system_wrapper.xsa
TRACE::2026-02-27.17:09:05::SCWPlatform:: Unique name xilinx:zed::0.0
TRACE::2026-02-27.17:09:05::SCWPlatform::Trying to set the existing hwdb with name system_wrapper
TRACE::2026-02-27.17:09:05::SCWPlatform::Opened existing hwdb system_wrapper
TRACE::2026-02-27.17:09:05::SCWPlatform::Found the Hw Db part of the input DSA
TRACE::2026-02-27.17:09:05::SCWMssOS::Checking the sw design at  C:/Users/cihem/CPRE-488-Labs/MP-2/sw/TPG/zynq_fsbl/zynq_fsbl_bsp/system.mss
TRACE::2026-02-27.17:09:05::SCWMssOS::DEBUG:  swdes dump  C:/Users/cihem/CPRE-488-Labs/MP-2/sw/TPG/zynq_fsbl/zynq_fsbl_bsp/system.mss|system||

TRACE::2026-02-27.17:09:05::SCWMssOS::Sw design exists and opened at  C:/Users/cihem/CPRE-488-Labs/MP-2/sw/TPG/zynq_fsbl/zynq_fsbl_bsp/system.mss
TRACE::2026-02-27.17:09:05::SCWMssOS:: library already available in sw design:  xilrsa:1.6
TRACE::2026-02-27.17:09:05::SCWMssOS::Saving the mss changes C:/Users/cihem/CPRE-488-Labs/MP-2/sw/TPG/zynq_fsbl/zynq_fsbl_bsp/system.mss
TRACE::2026-02-27.17:09:05::SCWMssOS::Found a swdesign opened with the mssfile.
TRACE::2026-02-27.17:09:05::SCWMssOS::Completed writemss as part of save.
TRACE::2026-02-27.17:09:05::SCWMssOS::Commit changes completed.
TRACE::2026-02-27.17:09:05::SCWReader::Adding prebuilt librarypaths as   
TRACE::2026-02-27.17:09:05::SCWReader::Adding prebuilt incpaths  as   
TRACE::2026-02-27.17:09:05::SCWPlatform::Trying to open the hw design at C:/Users/cihem/CPRE-488-Labs/MP-2/sw/TPG/hw/system_wrapper.xsa
TRACE::2026-02-27.17:09:05::SCWPlatform::DSA given C:/Users/cihem/CPRE-488-Labs/MP-2/sw/TPG/hw/system_wrapper.xsa
TRACE::2026-02-27.17:09:05::SCWPlatform::DSA absoulate path C:/Users/cihem/CPRE-488-Labs/MP-2/sw/TPG/hw/system_wrapper.xsa
TRACE::2026-02-27.17:09:05::SCWPlatform::DSA directory C:/Users/cihem/CPRE-488-Labs/MP-2/sw/TPG/hw
TRACE::2026-02-27.17:09:05::SCWPlatform:: Platform Path C:/Users/cihem/CPRE-488-Labs/MP-2/sw/TPG/hw/system_wrapper.xsa
TRACE::2026-02-27.17:09:05::SCWPlatform:: Unique name xilinx:zed::0.0
TRACE::2026-02-27.17:09:05::SCWPlatform::Trying to set the existing hwdb with name system_wrapper
TRACE::2026-02-27.17:09:05::SCWPlatform::Opened existing hwdb system_wrapper
TRACE::2026-02-27.17:09:05::SCWPlatform::Found the Hw Db part of the input DSA
TRACE::2026-02-27.17:09:05::SCWMssOS::Checking the sw design at  C:/Users/cihem/CPRE-488-Labs/MP-2/sw/TPG/zynq_fsbl/zynq_fsbl_bsp/system.mss
TRACE::2026-02-27.17:09:05::SCWMssOS::DEBUG:  swdes dump  C:/Users/cihem/CPRE-488-Labs/MP-2/sw/TPG/zynq_fsbl/zynq_fsbl_bsp/system.mss|system||

TRACE::2026-02-27.17:09:05::SCWMssOS::Sw design exists and opened at  C:/Users/cihem/CPRE-488-Labs/MP-2/sw/TPG/zynq_fsbl/zynq_fsbl_bsp/system.mss
TRACE::2026-02-27.17:09:05::SCWReader::No isolation master present  
TRACE::2026-02-27.17:09:05::SCWDomain::checking for install qemu data   : 
TRACE::2026-02-27.17:09:05::SCWDomain:: Using the QEMU Data from install at  : C:/Xilinx/Vitis/2020.1/data/emulation/platforms/zynq/qemu/
TRACE::2026-02-27.17:09:05::SCWDomain:: Using the QEMU args  from install at  : C:/Xilinx/Vitis/2020.1/data/emulation/platforms/zynq/qemu/qemu_args.txt
TRACE::2026-02-27.17:09:05::SCWPlatform::Trying to open the hw design at C:/Users/cihem/CPRE-488-Labs/MP-2/sw/TPG/hw/system_wrapper.xsa
TRACE::2026-02-27.17:09:05::SCWPlatform::DSA given C:/Users/cihem/CPRE-488-Labs/MP-2/sw/TPG/hw/system_wrapper.xsa
TRACE::2026-02-27.17:09:05::SCWPlatform::DSA absoulate path C:/Users/cihem/CPRE-488-Labs/MP-2/sw/TPG/hw/system_wrapper.xsa
TRACE::2026-02-27.17:09:05::SCWPlatform::DSA directory C:/Users/cihem/CPRE-488-Labs/MP-2/sw/TPG/hw
TRACE::2026-02-27.17:09:05::SCWPlatform:: Platform Path C:/Users/cihem/CPRE-488-Labs/MP-2/sw/TPG/hw/system_wrapper.xsa
TRACE::2026-02-27.17:09:05::SCWPlatform:: Unique name xilinx:zed::0.0
TRACE::2026-02-27.17:09:05::SCWPlatform::Trying to set the existing hwdb with name system_wrapper
TRACE::2026-02-27.17:09:05::SCWPlatform::Opened existing hwdb system_wrapper
TRACE::2026-02-27.17:09:05::SCWPlatform::Found the Hw Db part of the input DSA
TRACE::2026-02-27.17:09:05::SCWPlatform::Trying to open the hw design at C:/Users/cihem/CPRE-488-Labs/MP-2/sw/TPG/hw/system_wrapper.xsa
TRACE::2026-02-27.17:09:05::SCWPlatform::DSA given C:/Users/cihem/CPRE-488-Labs/MP-2/sw/TPG/hw/system_wrapper.xsa
TRACE::2026-02-27.17:09:05::SCWPlatform::DSA absoulate path C:/Users/cihem/CPRE-488-Labs/MP-2/sw/TPG/hw/system_wrapper.xsa
TRACE::2026-02-27.17:09:05::SCWPlatform::DSA directory C:/Users/cihem/CPRE-488-Labs/MP-2/sw/TPG/hw
TRACE::2026-02-27.17:09:05::SCWPlatform:: Platform Path C:/Users/cihem/CPRE-488-Labs/MP-2/sw/TPG/hw/system_wrapper.xsa
TRACE::2026-02-27.17:09:05::SCWPlatform:: Unique name xilinx:zed::0.0
TRACE::2026-02-27.17:09:05::SCWPlatform::Trying to set the existing hwdb with name system_wrapper
TRACE::2026-02-27.17:09:05::SCWPlatform::Opened existing hwdb system_wrapper
TRACE::2026-02-27.17:09:05::SCWPlatform::Found the Hw Db part of the input DSA
TRACE::2026-02-27.17:09:05::SCWPlatform::Trying to open the hw design at C:/Users/cihem/CPRE-488-Labs/MP-2/sw/TPG/hw/system_wrapper.xsa
TRACE::2026-02-27.17:09:05::SCWPlatform::DSA given C:/Users/cihem/CPRE-488-Labs/MP-2/sw/TPG/hw/system_wrapper.xsa
TRACE::2026-02-27.17:09:05::SCWPlatform::DSA absoulate path C:/Users/cihem/CPRE-488-Labs/MP-2/sw/TPG/hw/system_wrapper.xsa
TRACE::2026-02-27.17:09:05::SCWPlatform::DSA directory C:/Users/cihem/CPRE-488-Labs/MP-2/sw/TPG/hw
TRACE::2026-02-27.17:09:05::SCWPlatform:: Platform Path C:/Users/cihem/CPRE-488-Labs/MP-2/sw/TPG/hw/system_wrapper.xsa
TRACE::2026-02-27.17:09:05::SCWPlatform:: Unique name xilinx:zed::0.0
TRACE::2026-02-27.17:09:05::SCWPlatform::Trying to set the existing hwdb with name system_wrapper
TRACE::2026-02-27.17:09:05::SCWPlatform::Opened existing hwdb system_wrapper
TRACE::2026-02-27.17:09:05::SCWPlatform::Found the Hw Db part of the input DSA
TRACE::2026-02-27.17:09:05::SCWMssOS::Checking the sw design at  C:/Users/cihem/CPRE-488-Labs/MP-2/sw/TPG/ps7_cortexa9_0/standalone_domain/bsp/system.mss
TRACE::2026-02-27.17:09:05::SCWMssOS::DEBUG:  swdes dump  C:/Users/cihem/CPRE-488-Labs/MP-2/sw/TPG/zynq_fsbl/zynq_fsbl_bsp/system.mss|system||

TRACE::2026-02-27.17:09:05::SCWMssOS::No sw design opened at  C:/Users/cihem/CPRE-488-Labs/MP-2/sw/TPG/ps7_cortexa9_0/standalone_domain/bsp/system.mss
TRACE::2026-02-27.17:09:05::SCWMssOS::mss exists loading the mss file  C:/Users/cihem/CPRE-488-Labs/MP-2/sw/TPG/ps7_cortexa9_0/standalone_domain/bsp/system.mss
TRACE::2026-02-27.17:09:05::SCWMssOS::Opened the sw design from mss  C:/Users/cihem/CPRE-488-Labs/MP-2/sw/TPG/ps7_cortexa9_0/standalone_domain/bsp/system.mss
TRACE::2026-02-27.17:09:05::SCWMssOS::Adding the swdes entry C:/Users/cihem/CPRE-488-Labs/MP-2/sw/TPG/ps7_cortexa9_0/standalone_domain/bsp/system.mss with des name system_0
TRACE::2026-02-27.17:09:05::SCWMssOS::updating the scw layer about changes
TRACE::2026-02-27.17:09:05::SCWMssOS::Opened the sw design.  C:/Users/cihem/CPRE-488-Labs/MP-2/sw/TPG/ps7_cortexa9_0/standalone_domain/bsp/system.mss
TRACE::2026-02-27.17:09:05::SCWMssOS::Saving the mss changes C:/Users/cihem/CPRE-488-Labs/MP-2/sw/TPG/ps7_cortexa9_0/standalone_domain/bsp/system.mss
TRACE::2026-02-27.17:09:05::SCWMssOS::Found a swdesign opened with the mssfile.
TRACE::2026-02-27.17:09:05::SCWMssOS::Completed writemss as part of save.
TRACE::2026-02-27.17:09:05::SCWMssOS::Commit changes completed.
TRACE::2026-02-27.17:09:05::SCWReader::Adding prebuilt librarypaths as   
TRACE::2026-02-27.17:09:05::SCWReader::Adding prebuilt incpaths  as   
TRACE::2026-02-27.17:09:05::SCWPlatform::Trying to open the hw design at C:/Users/cihem/CPRE-488-Labs/MP-2/sw/TPG/hw/system_wrapper.xsa
TRACE::2026-02-27.17:09:05::SCWPlatform::DSA given C:/Users/cihem/CPRE-488-Labs/MP-2/sw/TPG/hw/system_wrapper.xsa
TRACE::2026-02-27.17:09:05::SCWPlatform::DSA absoulate path C:/Users/cihem/CPRE-488-Labs/MP-2/sw/TPG/hw/system_wrapper.xsa
TRACE::2026-02-27.17:09:05::SCWPlatform::DSA directory C:/Users/cihem/CPRE-488-Labs/MP-2/sw/TPG/hw
TRACE::2026-02-27.17:09:05::SCWPlatform:: Platform Path C:/Users/cihem/CPRE-488-Labs/MP-2/sw/TPG/hw/system_wrapper.xsa
TRACE::2026-02-27.17:09:05::SCWPlatform:: Unique name xilinx:zed::0.0
TRACE::2026-02-27.17:09:05::SCWPlatform::Trying to set the existing hwdb with name system_wrapper
TRACE::2026-02-27.17:09:05::SCWPlatform::Opened existing hwdb system_wrapper
TRACE::2026-02-27.17:09:05::SCWPlatform::Found the Hw Db part of the input DSA
TRACE::2026-02-27.17:09:05::SCWMssOS::Checking the sw design at  C:/Users/cihem/CPRE-488-Labs/MP-2/sw/TPG/ps7_cortexa9_0/standalone_domain/bsp/system.mss
TRACE::2026-02-27.17:09:05::SCWMssOS::DEBUG:  swdes dump  C:/Users/cihem/CPRE-488-Labs/MP-2/sw/TPG/ps7_cortexa9_0/standalone_domain/bsp/system.mss|system_0||
C:/Users/cihem/CPRE-488-Labs/MP-2/sw/TPG/zynq_fsbl/zynq_fsbl_bsp/system.mss|system||

TRACE::2026-02-27.17:09:05::SCWMssOS::Sw design exists and opened at  C:/Users/cihem/CPRE-488-Labs/MP-2/sw/TPG/ps7_cortexa9_0/standalone_domain/bsp/system.mss
TRACE::2026-02-27.17:09:05::SCWReader::No isolation master present  
LOG::2026-02-27.17:09:05::SCWPlatform::Started generating the artifacts platform TPG
TRACE::2026-02-27.17:09:05::SCWPlatform::Sanity checking of platform is completed
LOG::2026-02-27.17:09:05::SCWPlatform::Started generating the artifacts for system configuration TPG
LOG::2026-02-27.17:09:05::SCWSystem::Checking the domain zynq_fsbl
LOG::2026-02-27.17:09:05::SCWSystem::Doing application build for :  zynq_fsbl
TRACE::2026-02-27.17:09:05::SCWBDomain::Not a forced makefile updation, No changes are present. 
TRACE::2026-02-27.17:09:05::SCWDomain::Building the domain as part of full build :  zynq_fsbl
TRACE::2026-02-27.17:09:05::SCWPlatform::Trying to open the hw design at C:/Users/cihem/CPRE-488-Labs/MP-2/sw/TPG/hw/system_wrapper.xsa
TRACE::2026-02-27.17:09:05::SCWPlatform::DSA given C:/Users/cihem/CPRE-488-Labs/MP-2/sw/TPG/hw/system_wrapper.xsa
TRACE::2026-02-27.17:09:05::SCWPlatform::DSA absoulate path C:/Users/cihem/CPRE-488-Labs/MP-2/sw/TPG/hw/system_wrapper.xsa
TRACE::2026-02-27.17:09:05::SCWPlatform::DSA directory C:/Users/cihem/CPRE-488-Labs/MP-2/sw/TPG/hw
TRACE::2026-02-27.17:09:05::SCWPlatform:: Platform Path C:/Users/cihem/CPRE-488-Labs/MP-2/sw/TPG/hw/system_wrapper.xsa
TRACE::2026-02-27.17:09:05::SCWPlatform:: Unique name xilinx:zed::0.0
TRACE::2026-02-27.17:09:05::SCWPlatform::Trying to set the existing hwdb with name system_wrapper
TRACE::2026-02-27.17:09:05::SCWPlatform::Opened existing hwdb system_wrapper
TRACE::2026-02-27.17:09:05::SCWPlatform::Found the Hw Db part of the input DSA
TRACE::2026-02-27.17:09:05::SCWMssOS::Checking the sw design at  C:/Users/cihem/CPRE-488-Labs/MP-2/sw/TPG/zynq_fsbl/zynq_fsbl_bsp/system.mss
TRACE::2026-02-27.17:09:05::SCWMssOS::DEBUG:  swdes dump  C:/Users/cihem/CPRE-488-Labs/MP-2/sw/TPG/ps7_cortexa9_0/standalone_domain/bsp/system.mss|system_0||
C:/Users/cihem/CPRE-488-Labs/MP-2/sw/TPG/zynq_fsbl/zynq_fsbl_bsp/system.mss|system||

TRACE::2026-02-27.17:09:05::SCWMssOS::Sw design exists and opened at  C:/Users/cihem/CPRE-488-Labs/MP-2/sw/TPG/zynq_fsbl/zynq_fsbl_bsp/system.mss
TRACE::2026-02-27.17:09:05::SCWBDomain::Completed writing the mss file at C:/Users/cihem/CPRE-488-Labs/MP-2/sw/TPG/zynq_fsbl/zynq_fsbl_bsp
TRACE::2026-02-27.17:09:05::SCWBDomain::bsp generated is upto date with the mss file. Skipping bsp generation.
TRACE::2026-02-27.17:09:05::SCWBDomain::Not a forced makefile updation, No changes are present. 
TRACE::2026-02-27.17:09:05::SCWBDomain::System Command Ran  C:&  cd  C:/Users/cihem/CPRE-488-Labs/MP-2/sw/TPG/zynq_fsbl & make 
TRACE::2026-02-27.17:09:05::SCWBDomain::arm-none-eabi-gcc -MMD -MP       -mcpu=cortex-a9 -mfpu=vfpv3 -mfloat-abi=hard   -O2 -c -c sd.c -o sd.o -Izynq_fsbl_bsp/ps7_cort
TRACE::2026-02-27.17:09:05::SCWBDomain::exa9_0/include -I.

TRACE::2026-02-27.17:09:06::SCWBDomain::arm-none-eabi-gcc -MMD -MP       -mcpu=cortex-a9 -mfpu=vfpv3 -mfloat-abi=hard   -O2 -c -c nand.c -o nand.o -Izynq_fsbl_bsp/ps7_
TRACE::2026-02-27.17:09:06::SCWBDomain::cortexa9_0/include -I.

TRACE::2026-02-27.17:09:06::SCWBDomain::arm-none-eabi-gcc -MMD -MP       -mcpu=cortex-a9 -mfpu=vfpv3 -mfloat-abi=hard   -O2 -c -c image_mover.c -o image_mover.o -Izynq
TRACE::2026-02-27.17:09:06::SCWBDomain::_fsbl_bsp/ps7_cortexa9_0/include -I.

TRACE::2026-02-27.17:09:06::SCWBDomain::arm-none-eabi-gcc -MMD -MP       -mcpu=cortex-a9 -mfpu=vfpv3 -mfloat-abi=hard   -O2 -c -c fsbl_hooks.c -o fsbl_hooks.o -Izynq_f
TRACE::2026-02-27.17:09:06::SCWBDomain::sbl_bsp/ps7_cortexa9_0/include -I.

TRACE::2026-02-27.17:09:06::SCWBDomain::arm-none-eabi-gcc -MMD -MP       -mcpu=cortex-a9 -mfpu=vfpv3 -mfloat-abi=hard   -O2 -c -c main.c -o main.o -Izynq_fsbl_bsp/ps7_
TRACE::2026-02-27.17:09:06::SCWBDomain::cortexa9_0/include -I.

TRACE::2026-02-27.17:09:06::SCWBDomain::arm-none-eabi-gcc -MMD -MP       -mcpu=cortex-a9 -mfpu=vfpv3 -mfloat-abi=hard   -O2 -c -c nor.c -o nor.o -Izynq_fsbl_bsp/ps7_co
TRACE::2026-02-27.17:09:06::SCWBDomain::rtexa9_0/include -I.

TRACE::2026-02-27.17:09:06::SCWBDomain::arm-none-eabi-gcc -MMD -MP       -mcpu=cortex-a9 -mfpu=vfpv3 -mfloat-abi=hard   -O2 -c -c qspi.c -o qspi.o -Izynq_fsbl_bsp/ps7_
TRACE::2026-02-27.17:09:06::SCWBDomain::cortexa9_0/include -I.

TRACE::2026-02-27.17:09:06::SCWBDomain::arm-none-eabi-gcc -MMD -MP       -mcpu=cortex-a9 -mfpu=vfpv3 -mfloat-abi=hard   -O2 -c -c ps7_init.c -o ps7_init.o -Izynq_fsbl_
TRACE::2026-02-27.17:09:06::SCWBDomain::bsp/ps7_cortexa9_0/include -I.

TRACE::2026-02-27.17:09:06::SCWBDomain::arm-none-eabi-gcc -MMD -MP       -mcpu=cortex-a9 -mfpu=vfpv3 -mfloat-abi=hard   -O2 -c -c pcap.c -o pcap.o -Izynq_fsbl_bsp/ps7_
TRACE::2026-02-27.17:09:06::SCWBDomain::cortexa9_0/include -I.

TRACE::2026-02-27.17:09:06::SCWBDomain::arm-none-eabi-gcc -o executable.elf  sd.o  nand.o  image_mover.o  md5.o  fsbl_hooks.o  main.o  nor.o  qspi.o  rsa.o  ps7_init.o
TRACE::2026-02-27.17:09:06::SCWBDomain::  pcap.o  fsbl_handoff.o -MMD -MP       -mcpu=cortex-a9 -mfpu=vfpv3 -mfloat-abi=hard   -mcpu=cortex-a9 -mfpu=vfpv3 -mfloat-abi=
TRACE::2026-02-27.17:09:06::SCWBDomain::hard -Wl,-build-id=none -specs=Xilinx.spec  -lrsa -Wl,--start-group,-lxil,-lgcc,-lc,--end-group -Wl,--start-group,-lxilffs,-lxi
TRACE::2026-02-27.17:09:06::SCWBDomain::l,-lgcc,-lc,--end-group -Wl,--start-group,-lrsa,-lxil,-lgcc,-lc,--end-group                                           -Wl,--gc-
TRACE::2026-02-27.17:09:06::SCWBDomain::sections -Lzynq_fsbl_bsp/ps7_cortexa9_0/lib -L./ -Tlscript.ld

LOG::2026-02-27.17:09:06::SCWSystem::Checking the domain standalone_domain
LOG::2026-02-27.17:09:06::SCWSystem::Not a boot domain 
LOG::2026-02-27.17:09:06::SCWSystem::Started Processing the domain standalone_domain
TRACE::2026-02-27.17:09:06::SCWDomain::Generating domain artifcats
TRACE::2026-02-27.17:09:06::SCWMssOS::Generating standalone artifcats
TRACE::2026-02-27.17:09:06::SCWMssOS::Copying the qemu file from  C:/Xilinx/Vitis/2020.1/data/emulation/platforms/zynq/qemu/qemu_args.txt To C:/Users/cihem/CPRE-488-Labs/MP-2/sw/TPG/export/TPG/sw/TPG/qemu/
TRACE::2026-02-27.17:09:06::SCWMssOS::Copying the qemu file from  C:/Xilinx/Vitis/2020.1/data/emulation/platforms/zynq/qemu/qemu_args.txt To C:/Users/cihem/CPRE-488-Labs/MP-2/sw/TPG/export/TPG/sw/TPG/standalone_domain/qemu/
TRACE::2026-02-27.17:09:06::SCWMssOS:: Copying the user libraries. 
TRACE::2026-02-27.17:09:06::SCWPlatform::Trying to open the hw design at C:/Users/cihem/CPRE-488-Labs/MP-2/sw/TPG/hw/system_wrapper.xsa
TRACE::2026-02-27.17:09:06::SCWPlatform::DSA given C:/Users/cihem/CPRE-488-Labs/MP-2/sw/TPG/hw/system_wrapper.xsa
TRACE::2026-02-27.17:09:06::SCWPlatform::DSA absoulate path C:/Users/cihem/CPRE-488-Labs/MP-2/sw/TPG/hw/system_wrapper.xsa
TRACE::2026-02-27.17:09:06::SCWPlatform::DSA directory C:/Users/cihem/CPRE-488-Labs/MP-2/sw/TPG/hw
TRACE::2026-02-27.17:09:06::SCWPlatform:: Platform Path C:/Users/cihem/CPRE-488-Labs/MP-2/sw/TPG/hw/system_wrapper.xsa
TRACE::2026-02-27.17:09:06::SCWPlatform:: Unique name xilinx:zed::0.0
TRACE::2026-02-27.17:09:06::SCWPlatform::Trying to set the existing hwdb with name system_wrapper
TRACE::2026-02-27.17:09:06::SCWPlatform::Opened existing hwdb system_wrapper
TRACE::2026-02-27.17:09:06::SCWPlatform::Found the Hw Db part of the input DSA
TRACE::2026-02-27.17:09:06::SCWMssOS::Checking the sw design at  C:/Users/cihem/CPRE-488-Labs/MP-2/sw/TPG/ps7_cortexa9_0/standalone_domain/bsp/system.mss
TRACE::2026-02-27.17:09:06::SCWMssOS::DEBUG:  swdes dump  C:/Users/cihem/CPRE-488-Labs/MP-2/sw/TPG/ps7_cortexa9_0/standalone_domain/bsp/system.mss|system_0||
C:/Users/cihem/CPRE-488-Labs/MP-2/sw/TPG/zynq_fsbl/zynq_fsbl_bsp/system.mss|system||

TRACE::2026-02-27.17:09:06::SCWMssOS::Sw design exists and opened at  C:/Users/cihem/CPRE-488-Labs/MP-2/sw/TPG/ps7_cortexa9_0/standalone_domain/bsp/system.mss
TRACE::2026-02-27.17:09:06::SCWMssOS::Completed writing the mss file at C:/Users/cihem/CPRE-488-Labs/MP-2/sw/TPG/ps7_cortexa9_0/standalone_domain/bsp
TRACE::2026-02-27.17:09:06::SCWMssOS::Mss edits present, copying mssfile into export location C:/Users/cihem/CPRE-488-Labs/MP-2/sw/TPG/ps7_cortexa9_0/standalone_domain/bsp/system.mss
TRACE::2026-02-27.17:09:06::SCWMssOS::bsp generated is upto date with the mss file. Skipping bsp generation.
TRACE::2026-02-27.17:09:06::SCWMssOS::BSP is already built. skipping the bsp build ... 
TRACE::2026-02-27.17:09:06::SCWDomain::Building the domain as part of full build :  standalone_domain
TRACE::2026-02-27.17:09:06::SCWMssOS::doing bsp build ... 
TRACE::2026-02-27.17:09:06::SCWMssOS::System Command Ran  C: & cd  C:/Users/cihem/CPRE-488-Labs/MP-2/sw/TPG/ps7_cortexa9_0/standalone_domain/bsp & make 
TRACE::2026-02-27.17:09:06::SCWMssOS::"Running Make include in ps7_cortexa9_0/libsrc/axivdma_v6_7/src"

TRACE::2026-02-27.17:09:06::SCWMssOS::make -C ps7_cortexa9_0/libsrc/axivdma_v6_7/src -s include  "SHELL=CMD" "COMPILER=arm-none-eabi-gcc" "ASSEMBLER=arm-none-eabi-as
TRACE::2026-02-27.17:09:06::SCWMssOS::" "ARCHIVER=arm-none-eabi-ar" "COMPILER_FLAGS=  -O2 -c" "EXTRA_COMPILER_FLAGS=-mcpu=cortex-a9 -mfpu=vfpv3 -mfloat-abi=hard -nos
TRACE::2026-02-27.17:09:06::SCWMssOS::tartfiles -g -Wall -Wextra"

TRACE::2026-02-27.17:09:07::SCWMssOS::"Running Make include in ps7_cortexa9_0/libsrc/clk_wiz_v1_3/src"

TRACE::2026-02-27.17:09:07::SCWMssOS::make -C ps7_cortexa9_0/libsrc/clk_wiz_v1_3/src -s include  "SHELL=CMD" "COMPILER=arm-none-eabi-gcc" "ASSEMBLER=arm-none-eabi-as
TRACE::2026-02-27.17:09:07::SCWMssOS::" "ARCHIVER=arm-none-eabi-ar" "COMPILER_FLAGS=  -O2 -c" "EXTRA_COMPILER_FLAGS=-mcpu=cortex-a9 -mfpu=vfpv3 -mfloat-abi=hard -nos
TRACE::2026-02-27.17:09:07::SCWMssOS::tartfiles -g -Wall -Wextra"

TRACE::2026-02-27.17:09:07::SCWMssOS::"Running Make include in ps7_cortexa9_0/libsrc/coresightps_dcc_v1_7/src"

TRACE::2026-02-27.17:09:07::SCWMssOS::make -C ps7_cortexa9_0/libsrc/coresightps_dcc_v1_7/src -s include  "SHELL=CMD" "COMPILER=arm-none-eabi-gcc" "ASSEMBLER=arm-none
TRACE::2026-02-27.17:09:07::SCWMssOS::-eabi-as" "ARCHIVER=arm-none-eabi-ar" "COMPILER_FLAGS=  -O2 -c" "EXTRA_COMPILER_FLAGS=-mcpu=cortex-a9 -mfpu=vfpv3 -mfloat-abi=h
TRACE::2026-02-27.17:09:07::SCWMssOS::ard -nostartfiles -g -Wall -Wextra"

TRACE::2026-02-27.17:09:07::SCWMssOS::"Running Make include in ps7_cortexa9_0/libsrc/cpu_cortexa9_v2_9/src"

TRACE::2026-02-27.17:09:07::SCWMssOS::make -C ps7_cortexa9_0/libsrc/cpu_cortexa9_v2_9/src -s include  "SHELL=CMD" "COMPILER=arm-none-eabi-gcc" "ASSEMBLER=arm-none-ea
TRACE::2026-02-27.17:09:07::SCWMssOS::bi-as" "ARCHIVER=arm-none-eabi-ar" "COMPILER_FLAGS=  -O2 -c" "EXTRA_COMPILER_FLAGS=-mcpu=cortex-a9 -mfpu=vfpv3 -mfloat-abi=hard
TRACE::2026-02-27.17:09:07::SCWMssOS:: -nostartfiles -g -Wall -Wextra"

TRACE::2026-02-27.17:09:07::SCWMssOS::"Running Make include in ps7_cortexa9_0/libsrc/ddrps_v1_1/src"

TRACE::2026-02-27.17:09:07::SCWMssOS::make -C ps7_cortexa9_0/libsrc/ddrps_v1_1/src -s include  "SHELL=CMD" "COMPILER=arm-none-eabi-gcc" "ASSEMBLER=arm-none-eabi-as" 
TRACE::2026-02-27.17:09:07::SCWMssOS::"ARCHIVER=arm-none-eabi-ar" "COMPILER_FLAGS=  -O2 -c" "EXTRA_COMPILER_FLAGS=-mcpu=cortex-a9 -mfpu=vfpv3 -mfloat-abi=hard -nosta
TRACE::2026-02-27.17:09:07::SCWMssOS::rtfiles -g -Wall -Wextra"

TRACE::2026-02-27.17:09:07::SCWMssOS::"Running Make include in ps7_cortexa9_0/libsrc/devcfg_v3_6/src"

TRACE::2026-02-27.17:09:07::SCWMssOS::make -C ps7_cortexa9_0/libsrc/devcfg_v3_6/src -s include  "SHELL=CMD" "COMPILER=arm-none-eabi-gcc" "ASSEMBLER=arm-none-eabi-as"
TRACE::2026-02-27.17:09:07::SCWMssOS:: "ARCHIVER=arm-none-eabi-ar" "COMPILER_FLAGS=  -O2 -c" "EXTRA_COMPILER_FLAGS=-mcpu=cortex-a9 -mfpu=vfpv3 -mfloat-abi=hard -nost
TRACE::2026-02-27.17:09:07::SCWMssOS::artfiles -g -Wall -Wextra"

TRACE::2026-02-27.17:09:07::SCWMssOS::"Running Make include in ps7_cortexa9_0/libsrc/dmaps_v2_6/src"

TRACE::2026-02-27.17:09:07::SCWMssOS::make -C ps7_cortexa9_0/libsrc/dmaps_v2_6/src -s include  "SHELL=CMD" "COMPILER=arm-none-eabi-gcc" "ASSEMBLER=arm-none-eabi-as" 
TRACE::2026-02-27.17:09:07::SCWMssOS::"ARCHIVER=arm-none-eabi-ar" "COMPILER_FLAGS=  -O2 -c" "EXTRA_COMPILER_FLAGS=-mcpu=cortex-a9 -mfpu=vfpv3 -mfloat-abi=hard -nosta
TRACE::2026-02-27.17:09:07::SCWMssOS::rtfiles -g -Wall -Wextra"

TRACE::2026-02-27.17:09:07::SCWMssOS::"Running Make include in ps7_cortexa9_0/libsrc/emacps_v3_11/src"

TRACE::2026-02-27.17:09:07::SCWMssOS::make -C ps7_cortexa9_0/libsrc/emacps_v3_11/src -s include  "SHELL=CMD" "COMPILER=arm-none-eabi-gcc" "ASSEMBLER=arm-none-eabi-as
TRACE::2026-02-27.17:09:07::SCWMssOS::" "ARCHIVER=arm-none-eabi-ar" "COMPILER_FLAGS=  -O2 -c" "EXTRA_COMPILER_FLAGS=-mcpu=cortex-a9 -mfpu=vfpv3 -mfloat-abi=hard -nos
TRACE::2026-02-27.17:09:07::SCWMssOS::tartfiles -g -Wall -Wextra"

TRACE::2026-02-27.17:09:07::SCWMssOS::"Running Make include in ps7_cortexa9_0/libsrc/gpiops_v3_7/src"

TRACE::2026-02-27.17:09:07::SCWMssOS::make -C ps7_cortexa9_0/libsrc/gpiops_v3_7/src -s include  "SHELL=CMD" "COMPILER=arm-none-eabi-gcc" "ASSEMBLER=arm-none-eabi-as"
TRACE::2026-02-27.17:09:07::SCWMssOS:: "ARCHIVER=arm-none-eabi-ar" "COMPILER_FLAGS=  -O2 -c" "EXTRA_COMPILER_FLAGS=-mcpu=cortex-a9 -mfpu=vfpv3 -mfloat-abi=hard -nost
TRACE::2026-02-27.17:09:07::SCWMssOS::artfiles -g -Wall -Wextra"

TRACE::2026-02-27.17:09:07::SCWMssOS::"Running Make include in ps7_cortexa9_0/libsrc/gpio_v4_6/src"

TRACE::2026-02-27.17:09:07::SCWMssOS::make -C ps7_cortexa9_0/libsrc/gpio_v4_6/src -s include  "SHELL=CMD" "COMPILER=arm-none-eabi-gcc" "ASSEMBLER=arm-none-eabi-as" "
TRACE::2026-02-27.17:09:07::SCWMssOS::ARCHIVER=arm-none-eabi-ar" "COMPILER_FLAGS=  -O2 -c" "EXTRA_COMPILER_FLAGS=-mcpu=cortex-a9 -mfpu=vfpv3 -mfloat-abi=hard -nostar
TRACE::2026-02-27.17:09:07::SCWMssOS::tfiles -g -Wall -Wextra"

TRACE::2026-02-27.17:09:07::SCWMssOS::"Running Make include in ps7_cortexa9_0/libsrc/iicps_v3_11/src"

TRACE::2026-02-27.17:09:07::SCWMssOS::make -C ps7_cortexa9_0/libsrc/iicps_v3_11/src -s include  "SHELL=CMD" "COMPILER=arm-none-eabi-gcc" "ASSEMBLER=arm-none-eabi-as"
TRACE::2026-02-27.17:09:07::SCWMssOS:: "ARCHIVER=arm-none-eabi-ar" "COMPILER_FLAGS=  -O2 -c" "EXTRA_COMPILER_FLAGS=-mcpu=cortex-a9 -mfpu=vfpv3 -mfloat-abi=hard -nost
TRACE::2026-02-27.17:09:07::SCWMssOS::artfiles -g -Wall -Wextra"

TRACE::2026-02-27.17:09:07::SCWMssOS::"Running Make include in ps7_cortexa9_0/libsrc/iic_v3_6/src"

TRACE::2026-02-27.17:09:07::SCWMssOS::make -C ps7_cortexa9_0/libsrc/iic_v3_6/src -s include  "SHELL=CMD" "COMPILER=arm-none-eabi-gcc" "ASSEMBLER=arm-none-eabi-as" "A
TRACE::2026-02-27.17:09:07::SCWMssOS::RCHIVER=arm-none-eabi-ar" "COMPILER_FLAGS=  -O2 -c" "EXTRA_COMPILER_FLAGS=-mcpu=cortex-a9 -mfpu=vfpv3 -mfloat-abi=hard -nostart
TRACE::2026-02-27.17:09:07::SCWMssOS::files -g -Wall -Wextra"

TRACE::2026-02-27.17:09:07::SCWMssOS::"Running Make include in ps7_cortexa9_0/libsrc/qspips_v3_7/src"

TRACE::2026-02-27.17:09:07::SCWMssOS::make -C ps7_cortexa9_0/libsrc/qspips_v3_7/src -s include  "SHELL=CMD" "COMPILER=arm-none-eabi-gcc" "ASSEMBLER=arm-none-eabi-as"
TRACE::2026-02-27.17:09:07::SCWMssOS:: "ARCHIVER=arm-none-eabi-ar" "COMPILER_FLAGS=  -O2 -c" "EXTRA_COMPILER_FLAGS=-mcpu=cortex-a9 -mfpu=vfpv3 -mfloat-abi=hard -nost
TRACE::2026-02-27.17:09:07::SCWMssOS::artfiles -g -Wall -Wextra"

TRACE::2026-02-27.17:09:08::SCWMssOS::"Running Make include in ps7_cortexa9_0/libsrc/scugic_v4_2/src"

TRACE::2026-02-27.17:09:08::SCWMssOS::make -C ps7_cortexa9_0/libsrc/scugic_v4_2/src -s include  "SHELL=CMD" "COMPILER=arm-none-eabi-gcc" "ASSEMBLER=arm-none-eabi-as"
TRACE::2026-02-27.17:09:08::SCWMssOS:: "ARCHIVER=arm-none-eabi-ar" "COMPILER_FLAGS=  -O2 -c" "EXTRA_COMPILER_FLAGS=-mcpu=cortex-a9 -mfpu=vfpv3 -mfloat-abi=hard -nost
TRACE::2026-02-27.17:09:08::SCWMssOS::artfiles -g -Wall -Wextra"

TRACE::2026-02-27.17:09:08::SCWMssOS::"Running Make include in ps7_cortexa9_0/libsrc/scutimer_v2_2/src"

TRACE::2026-02-27.17:09:08::SCWMssOS::make -C ps7_cortexa9_0/libsrc/scutimer_v2_2/src -s include  "SHELL=CMD" "COMPILER=arm-none-eabi-gcc" "ASSEMBLER=arm-none-eabi-a
TRACE::2026-02-27.17:09:08::SCWMssOS::s" "ARCHIVER=arm-none-eabi-ar" "COMPILER_FLAGS=  -O2 -c" "EXTRA_COMPILER_FLAGS=-mcpu=cortex-a9 -mfpu=vfpv3 -mfloat-abi=hard -no
TRACE::2026-02-27.17:09:08::SCWMssOS::startfiles -g -Wall -Wextra"

TRACE::2026-02-27.17:09:08::SCWMssOS::"Running Make include in ps7_cortexa9_0/libsrc/scuwdt_v2_2/src"

TRACE::2026-02-27.17:09:08::SCWMssOS::make -C ps7_cortexa9_0/libsrc/scuwdt_v2_2/src -s include  "SHELL=CMD" "COMPILER=arm-none-eabi-gcc" "ASSEMBLER=arm-none-eabi-as"
TRACE::2026-02-27.17:09:08::SCWMssOS:: "ARCHIVER=arm-none-eabi-ar" "COMPILER_FLAGS=  -O2 -c" "EXTRA_COMPILER_FLAGS=-mcpu=cortex-a9 -mfpu=vfpv3 -mfloat-abi=hard -nost
TRACE::2026-02-27.17:09:08::SCWMssOS::artfiles -g -Wall -Wextra"

TRACE::2026-02-27.17:09:08::SCWMssOS::"Running Make include in ps7_cortexa9_0/libsrc/sdps_v3_9/src"

TRACE::2026-02-27.17:09:08::SCWMssOS::make -C ps7_cortexa9_0/libsrc/sdps_v3_9/src -s include  "SHELL=CMD" "COMPILER=arm-none-eabi-gcc" "ASSEMBLER=arm-none-eabi-as" "
TRACE::2026-02-27.17:09:08::SCWMssOS::ARCHIVER=arm-none-eabi-ar" "COMPILER_FLAGS=  -O2 -c" "EXTRA_COMPILER_FLAGS=-mcpu=cortex-a9 -mfpu=vfpv3 -mfloat-abi=hard -nostar
TRACE::2026-02-27.17:09:08::SCWMssOS::tfiles -g -Wall -Wextra"

TRACE::2026-02-27.17:09:08::SCWMssOS::"Running Make include in ps7_cortexa9_0/libsrc/standalone_v7_2/src"

TRACE::2026-02-27.17:09:08::SCWMssOS::make -C ps7_cortexa9_0/libsrc/standalone_v7_2/src -s include  "SHELL=CMD" "COMPILER=arm-none-eabi-gcc" "ASSEMBLER=arm-none-eabi
TRACE::2026-02-27.17:09:08::SCWMssOS::-as" "ARCHIVER=arm-none-eabi-ar" "COMPILER_FLAGS=  -O2 -c" "EXTRA_COMPILER_FLAGS=-mcpu=cortex-a9 -mfpu=vfpv3 -mfloat-abi=hard -
TRACE::2026-02-27.17:09:08::SCWMssOS::nostartfiles -g -Wall -Wextra"

TRACE::2026-02-27.17:09:08::SCWMssOS::"Running Make include in ps7_cortexa9_0/libsrc/uartps_v3_9/src"

TRACE::2026-02-27.17:09:08::SCWMssOS::make -C ps7_cortexa9_0/libsrc/uartps_v3_9/src -s include  "SHELL=CMD" "COMPILER=arm-none-eabi-gcc" "ASSEMBLER=arm-none-eabi-as"
TRACE::2026-02-27.17:09:08::SCWMssOS:: "ARCHIVER=arm-none-eabi-ar" "COMPILER_FLAGS=  -O2 -c" "EXTRA_COMPILER_FLAGS=-mcpu=cortex-a9 -mfpu=vfpv3 -mfloat-abi=hard -nost
TRACE::2026-02-27.17:09:08::SCWMssOS::artfiles -g -Wall -Wextra"

TRACE::2026-02-27.17:09:08::SCWMssOS::"Running Make include in ps7_cortexa9_0/libsrc/usbps_v2_5/src"

TRACE::2026-02-27.17:09:08::SCWMssOS::make -C ps7_cortexa9_0/libsrc/usbps_v2_5/src -s include  "SHELL=CMD" "COMPILER=arm-none-eabi-gcc" "ASSEMBLER=arm-none-eabi-as" 
TRACE::2026-02-27.17:09:08::SCWMssOS::"ARCHIVER=arm-none-eabi-ar" "COMPILER_FLAGS=  -O2 -c" "EXTRA_COMPILER_FLAGS=-mcpu=cortex-a9 -mfpu=vfpv3 -mfloat-abi=hard -nosta
TRACE::2026-02-27.17:09:08::SCWMssOS::rtfiles -g -Wall -Wextra"

TRACE::2026-02-27.17:09:09::SCWMssOS::"Running Make include in ps7_cortexa9_0/libsrc/video_common_v4_9/src"

TRACE::2026-02-27.17:09:09::SCWMssOS::make -C ps7_cortexa9_0/libsrc/video_common_v4_9/src -s include  "SHELL=CMD" "COMPILER=arm-none-eabi-gcc" "ASSEMBLER=arm-none-ea
TRACE::2026-02-27.17:09:09::SCWMssOS::bi-as" "ARCHIVER=arm-none-eabi-ar" "COMPILER_FLAGS=  -O2 -c" "EXTRA_COMPILER_FLAGS=-mcpu=cortex-a9 -mfpu=vfpv3 -mfloat-abi=hard
TRACE::2026-02-27.17:09:09::SCWMssOS:: -nostartfiles -g -Wall -Wextra"

TRACE::2026-02-27.17:09:09::SCWMssOS::"Running Make include in ps7_cortexa9_0/libsrc/vtc_v8_2/src"

TRACE::2026-02-27.17:09:09::SCWMssOS::make -C ps7_cortexa9_0/libsrc/vtc_v8_2/src -s include  "SHELL=CMD" "COMPILER=arm-none-eabi-gcc" "ASSEMBLER=arm-none-eabi-as" "A
TRACE::2026-02-27.17:09:09::SCWMssOS::RCHIVER=arm-none-eabi-ar" "COMPILER_FLAGS=  -O2 -c" "EXTRA_COMPILER_FLAGS=-mcpu=cortex-a9 -mfpu=vfpv3 -mfloat-abi=hard -nostart
TRACE::2026-02-27.17:09:09::SCWMssOS::files -g -Wall -Wextra"

TRACE::2026-02-27.17:09:09::SCWMssOS::"Running Make include in ps7_cortexa9_0/libsrc/v_tpg_v8_2/src"

TRACE::2026-02-27.17:09:09::SCWMssOS::make -C ps7_cortexa9_0/libsrc/v_tpg_v8_2/src -s include  "SHELL=CMD" "COMPILER=arm-none-eabi-gcc" "ASSEMBLER=arm-none-eabi-as" 
TRACE::2026-02-27.17:09:09::SCWMssOS::"ARCHIVER=arm-none-eabi-ar" "COMPILER_FLAGS=  -O2 -c" "EXTRA_COMPILER_FLAGS=-mcpu=cortex-a9 -mfpu=vfpv3 -mfloat-abi=hard -nosta
TRACE::2026-02-27.17:09:09::SCWMssOS::rtfiles -g -Wall -Wextra"

TRACE::2026-02-27.17:09:09::SCWMssOS::"Running Make include in ps7_cortexa9_0/libsrc/xadcps_v2_4/src"

TRACE::2026-02-27.17:09:09::SCWMssOS::make -C ps7_cortexa9_0/libsrc/xadcps_v2_4/src -s include  "SHELL=CMD" "COMPILER=arm-none-eabi-gcc" "ASSEMBLER=arm-none-eabi-as"
TRACE::2026-02-27.17:09:09::SCWMssOS:: "ARCHIVER=arm-none-eabi-ar" "COMPILER_FLAGS=  -O2 -c" "EXTRA_COMPILER_FLAGS=-mcpu=cortex-a9 -mfpu=vfpv3 -mfloat-abi=hard -nost
TRACE::2026-02-27.17:09:09::SCWMssOS::artfiles -g -Wall -Wextra"

TRACE::2026-02-27.17:09:09::SCWMssOS::"Running Make libs in ps7_cortexa9_0/libsrc/axivdma_v6_7/src"

TRACE::2026-02-27.17:09:09::SCWMssOS::make -C ps7_cortexa9_0/libsrc/axivdma_v6_7/src -s libs  "SHELL=CMD" "COMPILER=arm-none-eabi-gcc" "ASSEMBLER=arm-none-eabi-as" "
TRACE::2026-02-27.17:09:09::SCWMssOS::ARCHIVER=arm-none-eabi-ar" "COMPILER_FLAGS=  -O2 -c" "EXTRA_COMPILER_FLAGS=-mcpu=cortex-a9 -mfpu=vfpv3 -mfloat-abi=hard -nostar
TRACE::2026-02-27.17:09:09::SCWMssOS::tfiles -g -Wall -Wextra"

TRACE::2026-02-27.17:09:09::SCWMssOS::"Compiling axivdma"

TRACE::2026-02-27.17:09:10::SCWMssOS::"Running Make libs in ps7_cortexa9_0/libsrc/clk_wiz_v1_3/src"

TRACE::2026-02-27.17:09:10::SCWMssOS::make -C ps7_cortexa9_0/libsrc/clk_wiz_v1_3/src -s libs  "SHELL=CMD" "COMPILER=arm-none-eabi-gcc" "ASSEMBLER=arm-none-eabi-as" "
TRACE::2026-02-27.17:09:10::SCWMssOS::ARCHIVER=arm-none-eabi-ar" "COMPILER_FLAGS=  -O2 -c" "EXTRA_COMPILER_FLAGS=-mcpu=cortex-a9 -mfpu=vfpv3 -mfloat-abi=hard -nostar
TRACE::2026-02-27.17:09:10::SCWMssOS::tfiles -g -Wall -Wextra"

TRACE::2026-02-27.17:09:10::SCWMssOS::"Compiling Clkocking Wizard"

TRACE::2026-02-27.17:09:10::SCWMssOS::"Running Make libs in ps7_cortexa9_0/libsrc/coresightps_dcc_v1_7/src"

TRACE::2026-02-27.17:09:10::SCWMssOS::make -C ps7_cortexa9_0/libsrc/coresightps_dcc_v1_7/src -s libs  "SHELL=CMD" "COMPILER=arm-none-eabi-gcc" "ASSEMBLER=arm-none-ea
TRACE::2026-02-27.17:09:10::SCWMssOS::bi-as" "ARCHIVER=arm-none-eabi-ar" "COMPILER_FLAGS=  -O2 -c" "EXTRA_COMPILER_FLAGS=-mcpu=cortex-a9 -mfpu=vfpv3 -mfloat-abi=hard
TRACE::2026-02-27.17:09:10::SCWMssOS:: -nostartfiles -g -Wall -Wextra"

TRACE::2026-02-27.17:09:10::SCWMssOS::"Compiling coresightps_dcc"

TRACE::2026-02-27.17:09:10::SCWMssOS::"Running Make libs in ps7_cortexa9_0/libsrc/cpu_cortexa9_v2_9/src"

TRACE::2026-02-27.17:09:10::SCWMssOS::make -C ps7_cortexa9_0/libsrc/cpu_cortexa9_v2_9/src -s libs  "SHELL=CMD" "COMPILER=arm-none-eabi-gcc" "ASSEMBLER=arm-none-eabi-
TRACE::2026-02-27.17:09:10::SCWMssOS::as" "ARCHIVER=arm-none-eabi-ar" "COMPILER_FLAGS=  -O2 -c" "EXTRA_COMPILER_FLAGS=-mcpu=cortex-a9 -mfpu=vfpv3 -mfloat-abi=hard -n
TRACE::2026-02-27.17:09:10::SCWMssOS::ostartfiles -g -Wall -Wextra"

TRACE::2026-02-27.17:09:10::SCWMssOS::"Compiling cpu_cortexa9"

TRACE::2026-02-27.17:09:10::SCWMssOS::"Running Make libs in ps7_cortexa9_0/libsrc/ddrps_v1_1/src"

TRACE::2026-02-27.17:09:10::SCWMssOS::make -C ps7_cortexa9_0/libsrc/ddrps_v1_1/src -s libs  "SHELL=CMD" "COMPILER=arm-none-eabi-gcc" "ASSEMBLER=arm-none-eabi-as" "AR
TRACE::2026-02-27.17:09:10::SCWMssOS::CHIVER=arm-none-eabi-ar" "COMPILER_FLAGS=  -O2 -c" "EXTRA_COMPILER_FLAGS=-mcpu=cortex-a9 -mfpu=vfpv3 -mfloat-abi=hard -nostartf
TRACE::2026-02-27.17:09:10::SCWMssOS::iles -g -Wall -Wextra"

TRACE::2026-02-27.17:09:10::SCWMssOS::"Compiling ddrps"

TRACE::2026-02-27.17:09:10::SCWMssOS::"Running Make libs in ps7_cortexa9_0/libsrc/devcfg_v3_6/src"

TRACE::2026-02-27.17:09:10::SCWMssOS::make -C ps7_cortexa9_0/libsrc/devcfg_v3_6/src -s libs  "SHELL=CMD" "COMPILER=arm-none-eabi-gcc" "ASSEMBLER=arm-none-eabi-as" "A
TRACE::2026-02-27.17:09:10::SCWMssOS::RCHIVER=arm-none-eabi-ar" "COMPILER_FLAGS=  -O2 -c" "EXTRA_COMPILER_FLAGS=-mcpu=cortex-a9 -mfpu=vfpv3 -mfloat-abi=hard -nostart
TRACE::2026-02-27.17:09:10::SCWMssOS::files -g -Wall -Wextra"

TRACE::2026-02-27.17:09:10::SCWMssOS::"Compiling devcfg"

TRACE::2026-02-27.17:09:11::SCWMssOS::"Running Make libs in ps7_cortexa9_0/libsrc/dmaps_v2_6/src"

TRACE::2026-02-27.17:09:11::SCWMssOS::make -C ps7_cortexa9_0/libsrc/dmaps_v2_6/src -s libs  "SHELL=CMD" "COMPILER=arm-none-eabi-gcc" "ASSEMBLER=arm-none-eabi-as" "AR
TRACE::2026-02-27.17:09:11::SCWMssOS::CHIVER=arm-none-eabi-ar" "COMPILER_FLAGS=  -O2 -c" "EXTRA_COMPILER_FLAGS=-mcpu=cortex-a9 -mfpu=vfpv3 -mfloat-abi=hard -nostartf
TRACE::2026-02-27.17:09:11::SCWMssOS::iles -g -Wall -Wextra"

TRACE::2026-02-27.17:09:11::SCWMssOS::"Compiling dmaps"

TRACE::2026-02-27.17:09:11::SCWMssOS::"Running Make libs in ps7_cortexa9_0/libsrc/emacps_v3_11/src"

TRACE::2026-02-27.17:09:11::SCWMssOS::make -C ps7_cortexa9_0/libsrc/emacps_v3_11/src -s libs  "SHELL=CMD" "COMPILER=arm-none-eabi-gcc" "ASSEMBLER=arm-none-eabi-as" "
TRACE::2026-02-27.17:09:11::SCWMssOS::ARCHIVER=arm-none-eabi-ar" "COMPILER_FLAGS=  -O2 -c" "EXTRA_COMPILER_FLAGS=-mcpu=cortex-a9 -mfpu=vfpv3 -mfloat-abi=hard -nostar
TRACE::2026-02-27.17:09:11::SCWMssOS::tfiles -g -Wall -Wextra"

TRACE::2026-02-27.17:09:11::SCWMssOS::"Compiling emacps"

TRACE::2026-02-27.17:09:12::SCWMssOS::"Running Make libs in ps7_cortexa9_0/libsrc/gpiops_v3_7/src"

TRACE::2026-02-27.17:09:12::SCWMssOS::make -C ps7_cortexa9_0/libsrc/gpiops_v3_7/src -s libs  "SHELL=CMD" "COMPILER=arm-none-eabi-gcc" "ASSEMBLER=arm-none-eabi-as" "A
TRACE::2026-02-27.17:09:12::SCWMssOS::RCHIVER=arm-none-eabi-ar" "COMPILER_FLAGS=  -O2 -c" "EXTRA_COMPILER_FLAGS=-mcpu=cortex-a9 -mfpu=vfpv3 -mfloat-abi=hard -nostart
TRACE::2026-02-27.17:09:12::SCWMssOS::files -g -Wall -Wextra"

TRACE::2026-02-27.17:09:12::SCWMssOS::"Compiling gpiops"

TRACE::2026-02-27.17:09:13::SCWMssOS::"Running Make libs in ps7_cortexa9_0/libsrc/gpio_v4_6/src"

TRACE::2026-02-27.17:09:13::SCWMssOS::make -C ps7_cortexa9_0/libsrc/gpio_v4_6/src -s libs  "SHELL=CMD" "COMPILER=arm-none-eabi-gcc" "ASSEMBLER=arm-none-eabi-as" "ARC
TRACE::2026-02-27.17:09:13::SCWMssOS::HIVER=arm-none-eabi-ar" "COMPILER_FLAGS=  -O2 -c" "EXTRA_COMPILER_FLAGS=-mcpu=cortex-a9 -mfpu=vfpv3 -mfloat-abi=hard -nostartfi
TRACE::2026-02-27.17:09:13::SCWMssOS::les -g -Wall -Wextra"

TRACE::2026-02-27.17:09:13::SCWMssOS::"Compiling gpio"

TRACE::2026-02-27.17:09:13::SCWMssOS::"Running Make libs in ps7_cortexa9_0/libsrc/iicps_v3_11/src"

TRACE::2026-02-27.17:09:13::SCWMssOS::make -C ps7_cortexa9_0/libsrc/iicps_v3_11/src -s libs  "SHELL=CMD" "COMPILER=arm-none-eabi-gcc" "ASSEMBLER=arm-none-eabi-as" "A
TRACE::2026-02-27.17:09:13::SCWMssOS::RCHIVER=arm-none-eabi-ar" "COMPILER_FLAGS=  -O2 -c" "EXTRA_COMPILER_FLAGS=-mcpu=cortex-a9 -mfpu=vfpv3 -mfloat-abi=hard -nostart
TRACE::2026-02-27.17:09:13::SCWMssOS::files -g -Wall -Wextra"

TRACE::2026-02-27.17:09:13::SCWMssOS::"Compiling iicps"

TRACE::2026-02-27.17:09:14::SCWMssOS::"Running Make libs in ps7_cortexa9_0/libsrc/iic_v3_6/src"

TRACE::2026-02-27.17:09:14::SCWMssOS::make -C ps7_cortexa9_0/libsrc/iic_v3_6/src -s libs  "SHELL=CMD" "COMPILER=arm-none-eabi-gcc" "ASSEMBLER=arm-none-eabi-as" "ARCH
TRACE::2026-02-27.17:09:14::SCWMssOS::IVER=arm-none-eabi-ar" "COMPILER_FLAGS=  -O2 -c" "EXTRA_COMPILER_FLAGS=-mcpu=cortex-a9 -mfpu=vfpv3 -mfloat-abi=hard -nostartfil
TRACE::2026-02-27.17:09:14::SCWMssOS::es -g -Wall -Wextra"

TRACE::2026-02-27.17:09:14::SCWMssOS::"Compiling iic"

TRACE::2026-02-27.17:09:15::SCWMssOS::"Running Make libs in ps7_cortexa9_0/libsrc/qspips_v3_7/src"

TRACE::2026-02-27.17:09:15::SCWMssOS::make -C ps7_cortexa9_0/libsrc/qspips_v3_7/src -s libs  "SHELL=CMD" "COMPILER=arm-none-eabi-gcc" "ASSEMBLER=arm-none-eabi-as" "A
TRACE::2026-02-27.17:09:15::SCWMssOS::RCHIVER=arm-none-eabi-ar" "COMPILER_FLAGS=  -O2 -c" "EXTRA_COMPILER_FLAGS=-mcpu=cortex-a9 -mfpu=vfpv3 -mfloat-abi=hard -nostart
TRACE::2026-02-27.17:09:15::SCWMssOS::files -g -Wall -Wextra"

TRACE::2026-02-27.17:09:15::SCWMssOS::"Compiling qspips"

TRACE::2026-02-27.17:09:16::SCWMssOS::"Running Make libs in ps7_cortexa9_0/libsrc/scugic_v4_2/src"

TRACE::2026-02-27.17:09:16::SCWMssOS::make -C ps7_cortexa9_0/libsrc/scugic_v4_2/src -s libs  "SHELL=CMD" "COMPILER=arm-none-eabi-gcc" "ASSEMBLER=arm-none-eabi-as" "A
TRACE::2026-02-27.17:09:16::SCWMssOS::RCHIVER=arm-none-eabi-ar" "COMPILER_FLAGS=  -O2 -c" "EXTRA_COMPILER_FLAGS=-mcpu=cortex-a9 -mfpu=vfpv3 -mfloat-abi=hard -nostart
TRACE::2026-02-27.17:09:16::SCWMssOS::files -g -Wall -Wextra"

TRACE::2026-02-27.17:09:16::SCWMssOS::"Compiling scugic"

TRACE::2026-02-27.17:09:16::SCWMssOS::"Running Make libs in ps7_cortexa9_0/libsrc/scutimer_v2_2/src"

TRACE::2026-02-27.17:09:16::SCWMssOS::make -C ps7_cortexa9_0/libsrc/scutimer_v2_2/src -s libs  "SHELL=CMD" "COMPILER=arm-none-eabi-gcc" "ASSEMBLER=arm-none-eabi-as" 
TRACE::2026-02-27.17:09:16::SCWMssOS::"ARCHIVER=arm-none-eabi-ar" "COMPILER_FLAGS=  -O2 -c" "EXTRA_COMPILER_FLAGS=-mcpu=cortex-a9 -mfpu=vfpv3 -mfloat-abi=hard -nosta
TRACE::2026-02-27.17:09:16::SCWMssOS::rtfiles -g -Wall -Wextra"

TRACE::2026-02-27.17:09:16::SCWMssOS::"Compiling scutimer"

TRACE::2026-02-27.17:09:17::SCWMssOS::"Running Make libs in ps7_cortexa9_0/libsrc/scuwdt_v2_2/src"

TRACE::2026-02-27.17:09:17::SCWMssOS::make -C ps7_cortexa9_0/libsrc/scuwdt_v2_2/src -s libs  "SHELL=CMD" "COMPILER=arm-none-eabi-gcc" "ASSEMBLER=arm-none-eabi-as" "A
TRACE::2026-02-27.17:09:17::SCWMssOS::RCHIVER=arm-none-eabi-ar" "COMPILER_FLAGS=  -O2 -c" "EXTRA_COMPILER_FLAGS=-mcpu=cortex-a9 -mfpu=vfpv3 -mfloat-abi=hard -nostart
TRACE::2026-02-27.17:09:17::SCWMssOS::files -g -Wall -Wextra"

TRACE::2026-02-27.17:09:17::SCWMssOS::"Compiling scuwdt"

TRACE::2026-02-27.17:09:17::SCWMssOS::"Running Make libs in ps7_cortexa9_0/libsrc/sdps_v3_9/src"

TRACE::2026-02-27.17:09:17::SCWMssOS::make -C ps7_cortexa9_0/libsrc/sdps_v3_9/src -s libs  "SHELL=CMD" "COMPILER=arm-none-eabi-gcc" "ASSEMBLER=arm-none-eabi-as" "ARC
TRACE::2026-02-27.17:09:17::SCWMssOS::HIVER=arm-none-eabi-ar" "COMPILER_FLAGS=  -O2 -c" "EXTRA_COMPILER_FLAGS=-mcpu=cortex-a9 -mfpu=vfpv3 -mfloat-abi=hard -nostartfi
TRACE::2026-02-27.17:09:17::SCWMssOS::les -g -Wall -Wextra"

TRACE::2026-02-27.17:09:17::SCWMssOS::"Compiling sdps"

TRACE::2026-02-27.17:09:18::SCWMssOS::"Running Make libs in ps7_cortexa9_0/libsrc/standalone_v7_2/src"

TRACE::2026-02-27.17:09:18::SCWMssOS::make -C ps7_cortexa9_0/libsrc/standalone_v7_2/src -s libs  "SHELL=CMD" "COMPILER=arm-none-eabi-gcc" "ASSEMBLER=arm-none-eabi-as
TRACE::2026-02-27.17:09:18::SCWMssOS::" "ARCHIVER=arm-none-eabi-ar" "COMPILER_FLAGS=  -O2 -c" "EXTRA_COMPILER_FLAGS=-mcpu=cortex-a9 -mfpu=vfpv3 -mfloat-abi=hard -nos
TRACE::2026-02-27.17:09:18::SCWMssOS::tartfiles -g -Wall -Wextra"

TRACE::2026-02-27.17:09:18::SCWMssOS::"Compiling standalone"

TRACE::2026-02-27.17:09:20::SCWMssOS::"Running Make libs in ps7_cortexa9_0/libsrc/uartps_v3_9/src"

TRACE::2026-02-27.17:09:20::SCWMssOS::make -C ps7_cortexa9_0/libsrc/uartps_v3_9/src -s libs  "SHELL=CMD" "COMPILER=arm-none-eabi-gcc" "ASSEMBLER=arm-none-eabi-as" "A
TRACE::2026-02-27.17:09:20::SCWMssOS::RCHIVER=arm-none-eabi-ar" "COMPILER_FLAGS=  -O2 -c" "EXTRA_COMPILER_FLAGS=-mcpu=cortex-a9 -mfpu=vfpv3 -mfloat-abi=hard -nostart
TRACE::2026-02-27.17:09:20::SCWMssOS::files -g -Wall -Wextra"

TRACE::2026-02-27.17:09:20::SCWMssOS::"Compiling uartps"

TRACE::2026-02-27.17:09:21::SCWMssOS::"Running Make libs in ps7_cortexa9_0/libsrc/usbps_v2_5/src"

TRACE::2026-02-27.17:09:21::SCWMssOS::make -C ps7_cortexa9_0/libsrc/usbps_v2_5/src -s libs  "SHELL=CMD" "COMPILER=arm-none-eabi-gcc" "ASSEMBLER=arm-none-eabi-as" "AR
TRACE::2026-02-27.17:09:21::SCWMssOS::CHIVER=arm-none-eabi-ar" "COMPILER_FLAGS=  -O2 -c" "EXTRA_COMPILER_FLAGS=-mcpu=cortex-a9 -mfpu=vfpv3 -mfloat-abi=hard -nostartf
TRACE::2026-02-27.17:09:21::SCWMssOS::iles -g -Wall -Wextra"

TRACE::2026-02-27.17:09:21::SCWMssOS::"Compiling usbps"

TRACE::2026-02-27.17:09:21::SCWMssOS::"Running Make libs in ps7_cortexa9_0/libsrc/video_common_v4_9/src"

TRACE::2026-02-27.17:09:21::SCWMssOS::make -C ps7_cortexa9_0/libsrc/video_common_v4_9/src -s libs  "SHELL=CMD" "COMPILER=arm-none-eabi-gcc" "ASSEMBLER=arm-none-eabi-
TRACE::2026-02-27.17:09:21::SCWMssOS::as" "ARCHIVER=arm-none-eabi-ar" "COMPILER_FLAGS=  -O2 -c" "EXTRA_COMPILER_FLAGS=-mcpu=cortex-a9 -mfpu=vfpv3 -mfloat-abi=hard -n
TRACE::2026-02-27.17:09:21::SCWMssOS::ostartfiles -g -Wall -Wextra"

TRACE::2026-02-27.17:09:21::SCWMssOS::"Compiling video_common"

TRACE::2026-02-27.17:09:22::SCWMssOS::"Running Make libs in ps7_cortexa9_0/libsrc/vtc_v8_2/src"

TRACE::2026-02-27.17:09:22::SCWMssOS::make -C ps7_cortexa9_0/libsrc/vtc_v8_2/src -s libs  "SHELL=CMD" "COMPILER=arm-none-eabi-gcc" "ASSEMBLER=arm-none-eabi-as" "ARCH
TRACE::2026-02-27.17:09:22::SCWMssOS::IVER=arm-none-eabi-ar" "COMPILER_FLAGS=  -O2 -c" "EXTRA_COMPILER_FLAGS=-mcpu=cortex-a9 -mfpu=vfpv3 -mfloat-abi=hard -nostartfil
TRACE::2026-02-27.17:09:22::SCWMssOS::es -g -Wall -Wextra"

TRACE::2026-02-27.17:09:22::SCWMssOS::"Compiling video timing controller"

TRACE::2026-02-27.17:09:22::SCWMssOS::"Running Make libs in ps7_cortexa9_0/libsrc/v_tpg_v8_2/src"

TRACE::2026-02-27.17:09:22::SCWMssOS::make -C ps7_cortexa9_0/libsrc/v_tpg_v8_2/src -s libs  "SHELL=CMD" "COMPILER=arm-none-eabi-gcc" "ASSEMBLER=arm-none-eabi-as" "AR
TRACE::2026-02-27.17:09:22::SCWMssOS::CHIVER=arm-none-eabi-ar" "COMPILER_FLAGS=  -O2 -c" "EXTRA_COMPILER_FLAGS=-mcpu=cortex-a9 -mfpu=vfpv3 -mfloat-abi=hard -nostartf
TRACE::2026-02-27.17:09:22::SCWMssOS::iles -g -Wall -Wextra"

TRACE::2026-02-27.17:09:22::SCWMssOS::"Compiling v_tpg"

TRACE::2026-02-27.17:09:23::SCWMssOS::"Running Make libs in ps7_cortexa9_0/libsrc/xadcps_v2_4/src"

TRACE::2026-02-27.17:09:23::SCWMssOS::make -C ps7_cortexa9_0/libsrc/xadcps_v2_4/src -s libs  "SHELL=CMD" "COMPILER=arm-none-eabi-gcc" "ASSEMBLER=arm-none-eabi-as" "A
TRACE::2026-02-27.17:09:23::SCWMssOS::RCHIVER=arm-none-eabi-ar" "COMPILER_FLAGS=  -O2 -c" "EXTRA_COMPILER_FLAGS=-mcpu=cortex-a9 -mfpu=vfpv3 -mfloat-abi=hard -nostart
TRACE::2026-02-27.17:09:23::SCWMssOS::files -g -Wall -Wextra"

TRACE::2026-02-27.17:09:23::SCWMssOS::"Compiling xadcps"

TRACE::2026-02-27.17:09:23::SCWMssOS::'Finished building libraries'

TRACE::2026-02-27.17:09:23::SCWMssOS::Copying to export directory.
TRACE::2026-02-27.17:09:23::SCWMssOS:: Checking if to create the Supporting Applications
TRACE::2026-02-27.17:09:23::SCWMssOS:: No Linux domain exists, trying to generate FSBL 
LOG::2026-02-27.17:09:23::SCWSystem::Completed Processing the domain standalone_domain
LOG::2026-02-27.17:09:23::SCWSystem::Completed Processing the sysconfig TPG
LOG::2026-02-27.17:09:23::SCWPlatform::Completed generating the artifacts for system configuration TPG
TRACE::2026-02-27.17:09:23::SCWPlatform::Started preparing the platform 
TRACE::2026-02-27.17:09:23::SCWSystem::Writing the bif file for system config TPG
TRACE::2026-02-27.17:09:23::SCWSystem::dir created 
TRACE::2026-02-27.17:09:23::SCWSystem::Writing the bif 
TRACE::2026-02-27.17:09:23::SCWPlatform::Started writing the spfm file 
TRACE::2026-02-27.17:09:23::SCWPlatform::Started writing the xpfm file 
TRACE::2026-02-27.17:09:23::SCWPlatform::Completed generating the platform
TRACE::2026-02-27.17:09:23::SCWMssOS::Saving the mss changes C:/Users/cihem/CPRE-488-Labs/MP-2/sw/TPG/zynq_fsbl/zynq_fsbl_bsp/system.mss
TRACE::2026-02-27.17:09:23::SCWMssOS::Found a swdesign opened with the mssfile.
TRACE::2026-02-27.17:09:23::SCWMssOS::Completed writemss as part of save.
TRACE::2026-02-27.17:09:23::SCWMssOS::Commit changes completed.
TRACE::2026-02-27.17:09:23::SCWMssOS::Saving the mss changes C:/Users/cihem/CPRE-488-Labs/MP-2/sw/TPG/ps7_cortexa9_0/standalone_domain/bsp/system.mss
TRACE::2026-02-27.17:09:23::SCWMssOS::Found a swdesign opened with the mssfile.
TRACE::2026-02-27.17:09:23::SCWMssOS::Completed writemss as part of save.
TRACE::2026-02-27.17:09:23::SCWMssOS::Commit changes completed.
TRACE::2026-02-27.17:09:23::SCWPlatform::Trying to open the hw design at C:/Users/cihem/CPRE-488-Labs/MP-2/sw/TPG/hw/system_wrapper.xsa
TRACE::2026-02-27.17:09:23::SCWPlatform::DSA given C:/Users/cihem/CPRE-488-Labs/MP-2/sw/TPG/hw/system_wrapper.xsa
TRACE::2026-02-27.17:09:23::SCWPlatform::DSA absoulate path C:/Users/cihem/CPRE-488-Labs/MP-2/sw/TPG/hw/system_wrapper.xsa
TRACE::2026-02-27.17:09:23::SCWPlatform::DSA directory C:/Users/cihem/CPRE-488-Labs/MP-2/sw/TPG/hw
TRACE::2026-02-27.17:09:23::SCWPlatform:: Platform Path C:/Users/cihem/CPRE-488-Labs/MP-2/sw/TPG/hw/system_wrapper.xsa
TRACE::2026-02-27.17:09:23::SCWPlatform:: Unique name xilinx:zed::0.0
TRACE::2026-02-27.17:09:23::SCWPlatform::Trying to set the existing hwdb with name system_wrapper
TRACE::2026-02-27.17:09:23::SCWPlatform::Opened existing hwdb system_wrapper
TRACE::2026-02-27.17:09:23::SCWPlatform::Found the Hw Db part of the input DSA
TRACE::2026-02-27.17:09:23::SCWMssOS::Checking the sw design at  C:/Users/cihem/CPRE-488-Labs/MP-2/sw/TPG/zynq_fsbl/zynq_fsbl_bsp/system.mss
TRACE::2026-02-27.17:09:23::SCWMssOS::DEBUG:  swdes dump  C:/Users/cihem/CPRE-488-Labs/MP-2/sw/TPG/ps7_cortexa9_0/standalone_domain/bsp/system.mss|system_0||
C:/Users/cihem/CPRE-488-Labs/MP-2/sw/TPG/zynq_fsbl/zynq_fsbl_bsp/system.mss|system||

TRACE::2026-02-27.17:09:23::SCWMssOS::Sw design exists and opened at  C:/Users/cihem/CPRE-488-Labs/MP-2/sw/TPG/zynq_fsbl/zynq_fsbl_bsp/system.mss
TRACE::2026-02-27.17:09:23::SCWPlatform::Trying to open the hw design at C:/Users/cihem/CPRE-488-Labs/MP-2/sw/TPG/hw/system_wrapper.xsa
TRACE::2026-02-27.17:09:23::SCWPlatform::DSA given C:/Users/cihem/CPRE-488-Labs/MP-2/sw/TPG/hw/system_wrapper.xsa
TRACE::2026-02-27.17:09:23::SCWPlatform::DSA absoulate path C:/Users/cihem/CPRE-488-Labs/MP-2/sw/TPG/hw/system_wrapper.xsa
TRACE::2026-02-27.17:09:23::SCWPlatform::DSA directory C:/Users/cihem/CPRE-488-Labs/MP-2/sw/TPG/hw
TRACE::2026-02-27.17:09:23::SCWPlatform:: Platform Path C:/Users/cihem/CPRE-488-Labs/MP-2/sw/TPG/hw/system_wrapper.xsa
TRACE::2026-02-27.17:09:23::SCWPlatform:: Unique name xilinx:zed::0.0
TRACE::2026-02-27.17:09:23::SCWPlatform::Trying to set the existing hwdb with name system_wrapper
TRACE::2026-02-27.17:09:23::SCWPlatform::Opened existing hwdb system_wrapper
TRACE::2026-02-27.17:09:23::SCWPlatform::Found the Hw Db part of the input DSA
TRACE::2026-02-27.17:09:23::SCWMssOS::Checking the sw design at  C:/Users/cihem/CPRE-488-Labs/MP-2/sw/TPG/ps7_cortexa9_0/standalone_domain/bsp/system.mss
TRACE::2026-02-27.17:09:23::SCWMssOS::DEBUG:  swdes dump  C:/Users/cihem/CPRE-488-Labs/MP-2/sw/TPG/ps7_cortexa9_0/standalone_domain/bsp/system.mss|system_0||
C:/Users/cihem/CPRE-488-Labs/MP-2/sw/TPG/zynq_fsbl/zynq_fsbl_bsp/system.mss|system||

TRACE::2026-02-27.17:09:23::SCWMssOS::Sw design exists and opened at  C:/Users/cihem/CPRE-488-Labs/MP-2/sw/TPG/ps7_cortexa9_0/standalone_domain/bsp/system.mss
TRACE::2026-02-27.17:09:23::SCWWriter::formatted JSON is {
	"platformName":	"TPG",
	"sprVersion":	"2.0",
	"mode":	"gui",
	"dsaType":	"Fixed",
	"platformDesc":	"TPG",
	"platHandOff":	"C:/Users/cihem/CPRE-488-Labs/MP-2/hw/MP-2/MP2.xpr/MP2/system_wrapper.xsa",
	"platIntHandOff":	"<platformDir>/hw/system_wrapper.xsa",
	"deviceType":	"zynq",
	"platIsPrebuiltAutogen":	"false",
	"platIsNoBootBsp":	"false",
	"hasFsblMakeHasChanges":	"false",
	"hasPmufwMakeHasChanges":	"false",
	"fsblExtraCompilerFlags":	"-MMD -MP       -mcpu=cortex-a9 -mfpu=vfpv3 -mfloat-abi=hard ",
	"platPreBuiltFlag":	false,
	"platformSamplesDir":	"",
	"platActiveSys":	"TPG",
	"systems":	[{
			"systemName":	"TPG",
			"systemDesc":	"TPG",
			"sysIsBootAutoGen":	"true",
			"systemDispName":	"TPG",
			"sysActiveDom":	"standalone_domain",
			"sysDefaultDom":	"standalone_domain",
			"domains":	[{
					"domainName":	"zynq_fsbl",
					"domainDispName":	"zynq_fsbl",
					"domainDesc":	"FSBL Application BSP - Auto Generated.",
					"processors":	"ps7_cortexa9_0",
					"os":	"standalone",
					"sdxOs":	"standalone",
					"debugEnable":	"",
					"domRuntimes":	["cpp"],
					"swRepo":	"",
					"mssOsVer":	"7.2",
					"mssFile":	"",
					"md5Digest":	"05d23043c7eddd964a9d1d14b4675f65",
					"compatibleApp":	"zynq_fsbl",
					"domType":	"bootDomain",
					"appSettings":	{
						"appCompilerFlags":	"",
						"appLinkerFlags":	""
					},
					"addedLibs":	["xilffs:4.3", "xilrsa:1.6"],
					"libOptions":	{
						"libsContainingOptions":	[]
					},
					"prebuiltLibs":	{
						"prebuiltIncPath":	[],
						"prebuiltLibPath":	[]
					},
					"isolation":	{
					}
				}, {
					"domainName":	"standalone_domain",
					"domainDispName":	"standalone on ps7_cortexa9_0",
					"domainDesc":	"standalone_domain",
					"processors":	"ps7_cortexa9_0",
					"os":	"standalone",
					"sdxOs":	"standalone",
					"qemuArgs":	"C:/Xilinx/Vitis/2020.1/data/emulation/platforms/zynq/qemu/qemu_args.txt",
					"qemuData":	"C:/Xilinx/Vitis/2020.1/data/emulation/platforms/zynq/qemu/",
					"debugEnable":	"False",
					"domRuntimes":	["cpp"],
					"swRepo":	"",
					"mssOsVer":	"7.2",
					"mssFile":	"",
					"md5Digest":	"62f8c38c3ad11bbd3578bfcbefc1066c",
					"compatibleApp":	"",
					"domType":	"mssDomain",
					"appSettings":	{
						"appCompilerFlags":	"",
						"appLinkerFlags":	""
					},
					"addedLibs":	[],
					"libOptions":	{
						"libsContainingOptions":	[]
					},
					"prebuiltLibs":	{
						"prebuiltIncPath":	[],
						"prebuiltLibPath":	[]
					},
					"isolation":	{
					}
				}]
		}]
}
KEYINFO::2026-02-27.17:09:23::SCWPlatform::updated the xpfm file.
TRACE::2026-02-27.17:09:23::SCWPlatform::Trying to open the hw design at C:/Users/cihem/CPRE-488-Labs/MP-2/sw/TPG/hw/system_wrapper.xsa
TRACE::2026-02-27.17:09:23::SCWPlatform::DSA given C:/Users/cihem/CPRE-488-Labs/MP-2/sw/TPG/hw/system_wrapper.xsa
TRACE::2026-02-27.17:09:23::SCWPlatform::DSA absoulate path C:/Users/cihem/CPRE-488-Labs/MP-2/sw/TPG/hw/system_wrapper.xsa
TRACE::2026-02-27.17:09:23::SCWPlatform::DSA directory C:/Users/cihem/CPRE-488-Labs/MP-2/sw/TPG/hw
TRACE::2026-02-27.17:09:23::SCWPlatform:: Platform Path C:/Users/cihem/CPRE-488-Labs/MP-2/sw/TPG/hw/system_wrapper.xsa
TRACE::2026-02-27.17:09:23::SCWPlatform:: Unique name xilinx:zed::0.0
TRACE::2026-02-27.17:09:23::SCWPlatform::Trying to set the existing hwdb with name system_wrapper
TRACE::2026-02-27.17:09:23::SCWPlatform::Opened existing hwdb system_wrapper
TRACE::2026-02-27.17:09:23::SCWPlatform::Found the Hw Db part of the input DSA
TRACE::2026-02-27.17:09:23::SCWMssOS::Checking the sw design at  C:/Users/cihem/CPRE-488-Labs/MP-2/sw/TPG/ps7_cortexa9_0/standalone_domain/bsp/system.mss
TRACE::2026-02-27.17:09:23::SCWMssOS::DEBUG:  swdes dump  C:/Users/cihem/CPRE-488-Labs/MP-2/sw/TPG/ps7_cortexa9_0/standalone_domain/bsp/system.mss|system_0||
C:/Users/cihem/CPRE-488-Labs/MP-2/sw/TPG/zynq_fsbl/zynq_fsbl_bsp/system.mss|system||

TRACE::2026-02-27.17:09:23::SCWMssOS::Sw design exists and opened at  C:/Users/cihem/CPRE-488-Labs/MP-2/sw/TPG/ps7_cortexa9_0/standalone_domain/bsp/system.mss
