Sample in Buffer,Sample in Window,TRIGGER,design_1_i/system_ila_1/U0/probe0_1[5:0]
Radix - UNSIGNED,UNSIGNED,UNSIGNED,HEX
0,0,0,1e
1,1,0,1e
2,2,0,1e
3,3,0,1e
4,4,0,1e
5,5,0,1e
6,6,0,1e
7,7,0,1e
8,8,0,1e
9,9,0,1e
10,10,0,1e
11,11,0,1e
12,12,0,1e
13,13,0,1e
14,14,0,1e
15,15,0,1e
16,16,0,1e
17,17,0,1e
18,18,0,1e
19,19,0,1e
20,20,0,1e
21,21,0,1e
22,22,0,1e
23,23,0,1e
24,24,0,1e
25,25,0,1e
26,26,0,1e
27,27,0,1e
28,28,0,1e
29,29,0,1e
30,30,0,1e
31,31,0,1e
32,32,0,1e
33,33,0,1e
34,34,0,1e
35,35,0,1e
36,36,0,1e
37,37,0,1e
38,38,0,1e
39,39,0,1e
40,40,0,1e
41,41,0,1e
42,42,0,1e
43,43,0,1e
44,44,0,1e
45,45,0,1e
46,46,0,1e
47,47,0,1e
48,48,0,1e
49,49,0,1e
50,50,0,1e
51,51,0,1e
52,52,0,1e
53,53,0,1e
54,54,0,1e
55,55,0,1e
56,56,0,1e
57,57,0,1e
58,58,0,1e
59,59,0,1e
60,60,0,1e
61,61,0,1e
62,62,0,1e
63,63,0,1e
64,64,0,1e
65,65,0,1e
66,66,0,1e
67,67,0,1e
68,68,0,1e
69,69,0,1e
70,70,0,1e
71,71,0,1e
72,72,0,1e
73,73,0,1e
74,74,0,1e
75,75,0,1e
76,76,0,1e
77,77,0,1e
78,78,0,1e
79,79,0,1e
80,80,0,1e
81,81,0,1e
82,82,0,1e
83,83,0,1e
84,84,0,1e
85,85,0,1e
86,86,0,1e
87,87,0,1e
88,88,0,1e
89,89,0,1e
90,90,0,1e
91,91,0,1e
92,92,0,1e
93,93,0,1e
94,94,0,1e
95,95,0,1e
96,96,0,1e
97,97,0,1e
98,98,0,1e
99,99,0,1e
100,100,0,1e
101,101,0,1e
102,102,0,1e
103,103,0,1e
104,104,0,1e
105,105,0,1e
106,106,0,1e
107,107,0,1e
108,108,0,1e
109,109,0,1e
110,110,0,1e
111,111,0,1e
112,112,0,1e
113,113,0,1e
114,114,0,1e
115,115,0,1e
116,116,0,1e
117,117,0,1e
118,118,0,1e
119,119,0,1e
120,120,0,1e
121,121,0,1e
122,122,0,1e
123,123,0,1e
124,124,0,1e
125,125,0,1e
126,126,0,1e
127,127,0,1e
128,128,0,1e
129,129,0,1e
130,130,0,1e
131,131,0,1e
132,132,0,1e
133,133,0,1e
134,134,0,1e
135,135,0,1e
136,136,0,1e
137,137,0,1e
138,138,0,1e
139,139,0,1e
140,140,0,1e
141,141,0,1e
142,142,0,1e
143,143,0,1e
144,144,0,1e
145,145,0,1e
146,146,0,1e
147,147,0,1e
148,148,0,1e
149,149,0,1e
150,150,0,1e
151,151,0,1e
152,152,0,1e
153,153,0,1e
154,154,0,1e
155,155,0,1e
156,156,0,1e
157,157,0,1e
158,158,0,1e
159,159,0,1e
160,160,0,1e
161,161,0,1e
162,162,0,1e
163,163,0,1e
164,164,0,1e
165,165,0,1e
166,166,0,1e
167,167,0,1e
168,168,0,1e
169,169,0,1e
170,170,0,1e
171,171,0,1e
172,172,0,1e
173,173,0,1e
174,174,0,1e
175,175,0,1e
176,176,0,1e
177,177,0,1e
178,178,0,1e
179,179,0,1e
180,180,0,1e
181,181,0,1e
182,182,0,1e
183,183,0,1e
184,184,0,1e
185,185,0,1e
186,186,0,1e
187,187,0,1e
188,188,0,1e
189,189,0,1e
190,190,0,1e
191,191,0,1e
192,192,0,1e
193,193,0,1e
194,194,0,1e
195,195,0,1e
196,196,0,1e
197,197,0,1e
198,198,0,1e
199,199,0,1e
200,200,0,1e
201,201,0,1e
202,202,0,1e
203,203,0,1e
204,204,0,1e
205,205,0,1e
206,206,0,1e
207,207,0,1e
208,208,0,1e
209,209,0,1e
210,210,0,1e
211,211,0,1e
212,212,0,1e
213,213,0,1e
214,214,0,1e
215,215,0,1e
216,216,0,1e
217,217,0,1e
218,218,0,1e
219,219,0,1e
220,220,0,1e
221,221,0,1e
222,222,0,1e
223,223,0,1e
224,224,0,1e
225,225,0,1e
226,226,0,1e
227,227,0,1e
228,228,0,1e
229,229,0,1e
230,230,0,1e
231,231,0,1e
232,232,0,1e
233,233,0,1e
234,234,0,1e
235,235,0,1e
236,236,0,1e
237,237,0,1e
238,238,0,1e
239,239,0,1e
240,240,0,1e
241,241,0,1e
242,242,0,1e
243,243,0,1e
244,244,0,1e
245,245,0,1e
246,246,0,1e
247,247,0,1e
248,248,0,1e
249,249,0,1e
250,250,0,1e
251,251,0,1e
252,252,0,1e
253,253,0,1e
254,254,0,1e
255,255,0,1e
256,256,0,1e
257,257,0,1e
258,258,0,1e
259,259,0,1e
260,260,0,1e
261,261,0,1e
262,262,0,1e
263,263,0,1e
264,264,0,1e
265,265,0,1e
266,266,0,1e
267,267,0,1e
268,268,0,1e
269,269,0,1e
270,270,0,1e
271,271,0,1e
272,272,0,1e
273,273,0,1e
274,274,0,1e
275,275,0,1e
276,276,0,1e
277,277,0,1e
278,278,0,1e
279,279,0,1e
280,280,0,1e
281,281,0,1e
282,282,0,1e
283,283,0,1e
284,284,0,1e
285,285,0,1e
286,286,0,1e
287,287,0,1e
288,288,0,1e
289,289,0,1e
290,290,0,1e
291,291,0,1e
292,292,0,1e
293,293,0,1e
294,294,0,1e
295,295,0,1e
296,296,0,1e
297,297,0,1e
298,298,0,1e
299,299,0,1e
300,300,0,1e
301,301,0,1e
302,302,0,1e
303,303,0,1e
304,304,0,1e
305,305,0,1e
306,306,0,1e
307,307,0,1e
308,308,0,1e
309,309,0,1e
310,310,0,1e
311,311,0,1e
312,312,0,1e
313,313,0,1e
314,314,0,1e
315,315,0,1e
316,316,0,1e
317,317,0,1e
318,318,0,1e
319,319,0,1e
320,320,0,1e
321,321,0,1e
322,322,0,1e
323,323,0,1e
324,324,0,1e
325,325,0,1e
326,326,0,1e
327,327,0,1e
328,328,0,1e
329,329,0,1e
330,330,0,1e
331,331,0,1e
332,332,0,1e
333,333,0,1e
334,334,0,1e
335,335,0,1e
336,336,0,1e
337,337,0,1e
338,338,0,1e
339,339,0,1e
340,340,0,1e
341,341,0,1e
342,342,0,1e
343,343,0,1e
344,344,0,1e
345,345,0,1e
346,346,0,1e
347,347,0,1e
348,348,0,1e
349,349,0,1e
350,350,0,1e
351,351,0,1e
352,352,0,1e
353,353,0,1e
354,354,0,1e
355,355,0,1e
356,356,0,1e
357,357,0,1e
358,358,0,1e
359,359,0,1e
360,360,0,1e
361,361,0,1e
362,362,0,1e
363,363,0,1e
364,364,0,1e
365,365,0,1e
366,366,0,1e
367,367,0,1e
368,368,0,1e
369,369,0,1e
370,370,0,1e
371,371,0,1e
372,372,0,1e
373,373,0,1e
374,374,0,1e
375,375,0,1e
376,376,0,1e
377,377,0,1e
378,378,0,1e
379,379,0,1e
380,380,0,1e
381,381,0,1e
382,382,0,1e
383,383,0,1e
384,384,0,1e
385,385,0,1e
386,386,0,1e
387,387,0,1e
388,388,0,1e
389,389,0,1e
390,390,0,1e
391,391,0,1e
392,392,0,1e
393,393,0,1e
394,394,0,1e
395,395,0,1e
396,396,0,1e
397,397,0,1e
398,398,0,1e
399,399,0,1e
400,400,0,1e
401,401,0,1e
402,402,0,1e
403,403,0,1e
404,404,0,1e
405,405,0,1e
406,406,0,1e
407,407,0,1e
408,408,0,1e
409,409,0,1e
410,410,0,1e
411,411,0,1e
412,412,0,1e
413,413,0,1e
414,414,0,1e
415,415,0,1e
416,416,0,1e
417,417,0,1e
418,418,0,1e
419,419,0,1e
420,420,0,1e
421,421,0,1e
422,422,0,1e
423,423,0,1e
424,424,0,1e
425,425,0,1e
426,426,0,1e
427,427,0,1e
428,428,0,1e
429,429,0,1e
430,430,0,1e
431,431,0,1e
432,432,0,1e
433,433,0,1e
434,434,0,1e
435,435,0,1e
436,436,0,1e
437,437,0,1e
438,438,0,1e
439,439,0,1e
440,440,0,1e
441,441,0,1e
442,442,0,1e
443,443,0,1e
444,444,0,1e
445,445,0,1e
446,446,0,1e
447,447,0,1e
448,448,0,1e
449,449,0,1e
450,450,0,1e
451,451,0,1e
452,452,0,1e
453,453,0,1e
454,454,0,1e
455,455,0,1e
456,456,0,1e
457,457,0,1e
458,458,0,1e
459,459,0,1e
460,460,0,1e
461,461,0,1e
462,462,0,1e
463,463,0,1e
464,464,0,1e
465,465,0,1e
466,466,0,1e
467,467,0,1e
468,468,0,1e
469,469,0,1e
470,470,0,1e
471,471,0,1e
472,472,0,1e
473,473,0,1e
474,474,0,1e
475,475,0,1e
476,476,0,1e
477,477,0,1e
478,478,0,1e
479,479,0,1e
480,480,0,1e
481,481,0,1e
482,482,0,1e
483,483,0,1e
484,484,0,1e
485,485,0,1e
486,486,0,1e
487,487,0,1e
488,488,0,1e
489,489,0,1e
490,490,0,1e
491,491,0,1e
492,492,0,1e
493,493,0,1e
494,494,0,1e
495,495,0,1e
496,496,0,1e
497,497,0,1e
498,498,0,1e
499,499,0,1e
500,500,0,1e
501,501,0,1e
502,502,0,1e
503,503,0,1e
504,504,0,1e
505,505,0,1e
506,506,0,1e
507,507,0,1e
508,508,0,1e
509,509,0,1e
510,510,0,1e
511,511,0,1e
512,512,0,1e
513,513,0,1e
514,514,0,1e
515,515,0,1e
516,516,0,1e
517,517,0,1e
518,518,0,1e
519,519,0,1e
520,520,0,1e
521,521,0,1e
522,522,0,1e
523,523,0,1e
524,524,0,1e
525,525,0,1e
526,526,0,1e
527,527,0,1e
528,528,0,1e
529,529,0,1e
530,530,0,1e
531,531,0,1e
532,532,0,1e
533,533,0,1e
534,534,0,1e
535,535,0,1e
536,536,0,1e
537,537,0,1e
538,538,0,1e
539,539,0,1e
540,540,0,1e
541,541,0,1e
542,542,0,1e
543,543,0,1e
544,544,0,1e
545,545,0,1e
546,546,0,1e
547,547,0,1e
548,548,0,1e
549,549,0,1e
550,550,0,1e
551,551,0,1e
552,552,0,1e
553,553,0,1e
554,554,0,1e
555,555,0,1e
556,556,0,1e
557,557,0,1e
558,558,0,1e
559,559,0,1e
560,560,0,1e
561,561,0,1e
562,562,0,1e
563,563,0,1e
564,564,0,1e
565,565,0,1e
566,566,0,1e
567,567,0,1e
568,568,0,1e
569,569,0,1e
570,570,0,1e
571,571,0,1e
572,572,0,1e
573,573,0,1e
574,574,0,1e
575,575,0,1e
576,576,0,1e
577,577,0,1e
578,578,0,1e
579,579,0,1e
580,580,0,1e
581,581,0,1e
582,582,0,1e
583,583,0,1e
584,584,0,1e
585,585,0,1e
586,586,0,1e
587,587,0,1e
588,588,0,1e
589,589,0,1e
590,590,0,1e
591,591,0,1e
592,592,0,1e
593,593,0,1e
594,594,0,1e
595,595,0,1e
596,596,0,1e
597,597,0,1e
598,598,0,1e
599,599,0,1e
600,600,0,1e
601,601,0,1e
602,602,0,1e
603,603,0,1e
604,604,0,1e
605,605,0,1e
606,606,0,1e
607,607,0,1e
608,608,0,1e
609,609,0,1e
610,610,0,1e
611,611,0,1e
612,612,0,1e
613,613,0,1e
614,614,0,1e
615,615,0,1e
616,616,0,1e
617,617,0,1e
618,618,0,1e
619,619,0,1e
620,620,0,1e
621,621,0,1e
622,622,0,1e
623,623,0,1e
624,624,0,1e
625,625,0,1e
626,626,0,1e
627,627,0,1e
628,628,0,1e
629,629,0,1e
630,630,0,1e
631,631,0,1e
632,632,0,1e
633,633,0,1e
634,634,0,1e
635,635,0,1e
636,636,0,1e
637,637,0,1e
638,638,0,1e
639,639,0,1e
640,640,0,1e
641,641,0,1e
642,642,0,1e
643,643,0,1e
644,644,0,1e
645,645,0,1e
646,646,0,1e
647,647,0,1e
648,648,0,1e
649,649,0,1e
650,650,0,1e
651,651,0,1e
652,652,0,1e
653,653,0,1e
654,654,0,1e
655,655,0,1e
656,656,0,1e
657,657,0,1e
658,658,0,1e
659,659,0,1e
660,660,0,1e
661,661,0,1e
662,662,0,1e
663,663,0,1e
664,664,0,1e
665,665,0,1e
666,666,0,1e
667,667,0,1e
668,668,0,1e
669,669,0,1e
670,670,0,1e
671,671,0,1e
672,672,0,1e
673,673,0,1e
674,674,0,1e
675,675,0,1e
676,676,0,1e
677,677,0,1e
678,678,0,1e
679,679,0,1e
680,680,0,1e
681,681,0,1e
682,682,0,1e
683,683,0,1e
684,684,0,1e
685,685,0,1e
686,686,0,1e
687,687,0,1e
688,688,0,1e
689,689,0,1e
690,690,0,1e
691,691,0,1e
692,692,0,1e
693,693,0,1e
694,694,0,1e
695,695,0,1e
696,696,0,1e
697,697,0,1e
698,698,0,1e
699,699,0,1e
700,700,0,1e
701,701,0,1e
702,702,0,1e
703,703,0,1e
704,704,0,1e
705,705,0,1e
706,706,0,1e
707,707,0,1e
708,708,0,1e
709,709,0,1e
710,710,0,1e
711,711,0,1e
712,712,0,1e
713,713,0,1e
714,714,0,1e
715,715,0,1e
716,716,0,1e
717,717,0,1e
718,718,0,1e
719,719,0,1e
720,720,0,1e
721,721,0,1e
722,722,0,1e
723,723,0,1e
724,724,0,1e
725,725,0,1e
726,726,0,1e
727,727,0,1e
728,728,0,1e
729,729,0,1e
730,730,0,1e
731,731,0,1e
732,732,0,1e
733,733,0,1e
734,734,0,1e
735,735,0,1e
736,736,0,1e
737,737,0,1e
738,738,0,1e
739,739,0,1e
740,740,0,1e
741,741,0,1e
742,742,0,1e
743,743,0,1e
744,744,0,1e
745,745,0,1e
746,746,0,1e
747,747,0,1e
748,748,0,1e
749,749,0,1e
750,750,0,1e
751,751,0,1e
752,752,0,1e
753,753,0,1e
754,754,0,1e
755,755,0,1e
756,756,0,1e
757,757,0,1e
758,758,0,1e
759,759,0,1e
760,760,0,1e
761,761,0,1e
762,762,0,1e
763,763,0,1e
764,764,0,1e
765,765,0,1e
766,766,0,1e
767,767,0,1e
768,768,0,1e
769,769,0,1e
770,770,0,1e
771,771,0,1e
772,772,0,1e
773,773,0,1e
774,774,0,1e
775,775,0,1e
776,776,0,1e
777,777,0,1e
778,778,0,1e
779,779,0,1e
780,780,0,1e
781,781,0,1e
782,782,0,1e
783,783,0,1e
784,784,0,1e
785,785,0,1e
786,786,0,1e
787,787,0,1e
788,788,0,1e
789,789,0,1e
790,790,0,1e
791,791,0,1e
792,792,0,1e
793,793,0,1e
794,794,0,1e
795,795,0,1e
796,796,0,1e
797,797,0,1e
798,798,0,1e
799,799,0,1e
800,800,0,1e
801,801,0,1e
802,802,0,1e
803,803,0,1e
804,804,0,1e
805,805,0,1e
806,806,0,1e
807,807,0,1e
808,808,0,1e
809,809,0,1e
810,810,0,1e
811,811,0,1e
812,812,0,1e
813,813,0,1e
814,814,0,1e
815,815,0,1e
816,816,0,1e
817,817,0,1e
818,818,0,1e
819,819,0,1e
820,820,0,1e
821,821,0,1e
822,822,0,1e
823,823,0,1e
824,824,0,1e
825,825,0,1e
826,826,0,1e
827,827,0,1e
828,828,0,1e
829,829,0,1e
830,830,0,1e
831,831,0,1e
832,832,0,1e
833,833,0,1e
834,834,0,1e
835,835,0,1e
836,836,0,1e
837,837,0,1e
838,838,0,1e
839,839,0,1e
840,840,0,1e
841,841,0,1e
842,842,0,1e
843,843,0,1e
844,844,0,1e
845,845,0,1e
846,846,0,1e
847,847,0,1e
848,848,0,1e
849,849,0,1e
850,850,0,1e
851,851,0,1e
852,852,0,1e
853,853,0,1e
854,854,0,1e
855,855,0,1e
856,856,0,1e
857,857,0,1e
858,858,0,1e
859,859,0,1e
860,860,0,1e
861,861,0,1e
862,862,0,1e
863,863,0,1e
864,864,0,1e
865,865,0,1e
866,866,0,1e
867,867,0,1e
868,868,0,1e
869,869,0,1e
870,870,0,1e
871,871,0,1e
872,872,0,1e
873,873,0,1e
874,874,0,1e
875,875,0,1e
876,876,0,1e
877,877,0,1e
878,878,0,1e
879,879,0,1e
880,880,0,1e
881,881,0,1e
882,882,0,1e
883,883,0,1e
884,884,0,1e
885,885,0,1e
886,886,0,1e
887,887,0,1e
888,888,0,1e
889,889,0,1e
890,890,0,1e
891,891,0,1e
892,892,0,1e
893,893,0,1e
894,894,0,1e
895,895,0,1e
896,896,0,1e
897,897,0,1e
898,898,0,1e
899,899,0,1e
900,900,0,1e
901,901,0,1e
902,902,0,1e
903,903,0,1e
904,904,0,1e
905,905,0,1e
906,906,0,1e
907,907,0,1e
908,908,0,1e
909,909,0,1e
910,910,0,1e
911,911,0,1e
912,912,0,1e
913,913,0,1e
914,914,0,1e
915,915,0,1e
916,916,0,1e
917,917,0,1e
918,918,0,1e
919,919,0,1e
920,920,0,1e
921,921,0,1e
922,922,0,1e
923,923,0,1e
924,924,0,1e
925,925,0,1e
926,926,0,1e
927,927,0,1e
928,928,0,1e
929,929,0,1e
930,930,0,1e
931,931,0,1e
932,932,0,1e
933,933,0,1e
934,934,0,1e
935,935,0,1e
936,936,0,1e
937,937,0,1e
938,938,0,1e
939,939,0,1e
940,940,0,1e
941,941,0,1e
942,942,0,1e
943,943,0,1e
944,944,0,1e
945,945,0,1e
946,946,0,1e
947,947,0,1e
948,948,0,1e
949,949,0,1e
950,950,0,1e
951,951,0,1e
952,952,0,1e
953,953,0,1e
954,954,0,1e
955,955,0,1e
956,956,0,1e
957,957,0,1e
958,958,0,1e
959,959,0,1e
960,960,0,1e
961,961,0,1e
962,962,0,1e
963,963,0,1e
964,964,0,1e
965,965,0,1e
966,966,0,1e
967,967,0,1e
968,968,0,1e
969,969,0,1e
970,970,0,1e
971,971,0,1e
972,972,0,1e
973,973,0,1e
974,974,0,1e
975,975,0,1e
976,976,0,1e
977,977,0,1e
978,978,0,1e
979,979,0,1e
980,980,0,1e
981,981,0,1e
982,982,0,1e
983,983,0,1e
984,984,0,1e
985,985,0,1e
986,986,0,1e
987,987,0,1e
988,988,0,1e
989,989,0,1e
990,990,0,1e
991,991,0,1e
992,992,0,1e
993,993,0,1e
994,994,0,1e
995,995,0,1e
996,996,0,1e
997,997,0,1e
998,998,0,1e
999,999,0,1e
1000,1000,0,1e
1001,1001,0,1e
1002,1002,0,1e
1003,1003,0,1e
1004,1004,0,1e
1005,1005,0,1e
1006,1006,0,1e
1007,1007,0,1e
1008,1008,0,1e
1009,1009,0,1e
1010,1010,0,1e
1011,1011,0,1e
1012,1012,0,1e
1013,1013,0,1e
1014,1014,0,1e
1015,1015,0,1e
1016,1016,0,1e
1017,1017,0,1e
1018,1018,0,1e
1019,1019,0,1e
1020,1020,0,1e
1021,1021,0,1e
1022,1022,0,1e
1023,1023,0,1e
1024,1024,0,1e
1025,1025,0,1e
1026,1026,0,1e
1027,1027,0,1e
1028,1028,0,1e
1029,1029,0,1e
1030,1030,0,1e
1031,1031,0,1e
1032,1032,0,1e
1033,1033,0,1e
1034,1034,0,1e
1035,1035,0,1e
1036,1036,0,1e
1037,1037,0,1e
1038,1038,0,1e
1039,1039,0,1e
1040,1040,0,1e
1041,1041,0,1e
1042,1042,0,1e
1043,1043,0,1e
1044,1044,0,1e
1045,1045,0,1e
1046,1046,0,1e
1047,1047,0,1e
1048,1048,0,1e
1049,1049,0,1e
1050,1050,0,1e
1051,1051,0,1e
1052,1052,0,1e
1053,1053,0,1e
1054,1054,0,1e
1055,1055,0,1e
1056,1056,0,1e
1057,1057,0,1e
1058,1058,0,1e
1059,1059,0,1e
1060,1060,0,1e
1061,1061,0,1e
1062,1062,0,1e
1063,1063,0,1e
1064,1064,0,1e
1065,1065,0,1e
1066,1066,0,1e
1067,1067,0,1e
1068,1068,0,1e
1069,1069,0,1e
1070,1070,0,1e
1071,1071,0,1e
1072,1072,0,1e
1073,1073,0,1e
1074,1074,0,1e
1075,1075,0,1e
1076,1076,0,1e
1077,1077,0,1e
1078,1078,0,1e
1079,1079,0,1e
1080,1080,0,1e
1081,1081,0,1e
1082,1082,0,1e
1083,1083,0,1e
1084,1084,0,1e
1085,1085,0,1e
1086,1086,0,1e
1087,1087,0,1e
1088,1088,0,1e
1089,1089,0,1e
1090,1090,0,1e
1091,1091,0,1e
1092,1092,0,1e
1093,1093,0,1e
1094,1094,0,1e
1095,1095,0,1e
1096,1096,0,1e
1097,1097,0,1e
1098,1098,0,1e
1099,1099,0,1e
1100,1100,0,1e
1101,1101,0,1e
1102,1102,0,1e
1103,1103,0,1e
1104,1104,0,1e
1105,1105,0,1e
1106,1106,0,1e
1107,1107,0,1e
1108,1108,0,1e
1109,1109,0,1e
1110,1110,0,1e
1111,1111,0,1e
1112,1112,0,1e
1113,1113,0,1e
1114,1114,0,1e
1115,1115,0,1e
1116,1116,0,1e
1117,1117,0,1e
1118,1118,0,1e
1119,1119,0,1e
1120,1120,0,1e
1121,1121,0,1e
1122,1122,0,1e
1123,1123,0,1e
1124,1124,0,1e
1125,1125,0,1e
1126,1126,0,1e
1127,1127,0,1e
1128,1128,0,1e
1129,1129,0,1e
1130,1130,0,1e
1131,1131,0,1e
1132,1132,0,1e
1133,1133,0,1e
1134,1134,0,1e
1135,1135,0,1e
1136,1136,0,1e
1137,1137,0,1e
1138,1138,0,1e
1139,1139,0,1e
1140,1140,0,1e
1141,1141,0,1e
1142,1142,0,1e
1143,1143,0,1e
1144,1144,0,1e
1145,1145,0,1e
1146,1146,0,1e
1147,1147,0,1e
1148,1148,0,1e
1149,1149,0,1e
1150,1150,0,1e
1151,1151,0,1e
1152,1152,0,1e
1153,1153,0,1e
1154,1154,0,1e
1155,1155,0,1e
1156,1156,0,1e
1157,1157,0,1e
1158,1158,0,1e
1159,1159,0,1e
1160,1160,0,1e
1161,1161,0,1e
1162,1162,0,1e
1163,1163,0,1e
1164,1164,0,1e
1165,1165,0,1e
1166,1166,0,1e
1167,1167,0,1e
1168,1168,0,1e
1169,1169,0,1e
1170,1170,0,1e
1171,1171,0,1e
1172,1172,0,1e
1173,1173,0,1e
1174,1174,0,1e
1175,1175,0,1e
1176,1176,0,1e
1177,1177,0,1e
1178,1178,0,1e
1179,1179,0,1e
1180,1180,0,1e
1181,1181,0,1e
1182,1182,0,1e
1183,1183,0,1e
1184,1184,0,1e
1185,1185,0,1e
1186,1186,0,1e
1187,1187,0,1e
1188,1188,0,1e
1189,1189,0,1e
1190,1190,0,1e
1191,1191,0,1e
1192,1192,0,1e
1193,1193,0,1e
1194,1194,0,1e
1195,1195,0,1e
1196,1196,0,1e
1197,1197,0,1e
1198,1198,0,1e
1199,1199,0,1e
1200,1200,0,1e
1201,1201,0,1e
1202,1202,0,1e
1203,1203,0,1e
1204,1204,0,1e
1205,1205,0,1e
1206,1206,0,1e
1207,1207,0,1e
1208,1208,0,1e
1209,1209,0,1e
1210,1210,0,1e
1211,1211,0,1e
1212,1212,0,1e
1213,1213,0,1e
1214,1214,0,1e
1215,1215,0,1e
1216,1216,0,1e
1217,1217,0,1e
1218,1218,0,1e
1219,1219,0,1e
1220,1220,0,1e
1221,1221,0,1e
1222,1222,0,1e
1223,1223,0,1e
1224,1224,0,1e
1225,1225,0,1e
1226,1226,0,1e
1227,1227,0,1e
1228,1228,0,1e
1229,1229,0,1e
1230,1230,0,1e
1231,1231,0,1e
1232,1232,0,1e
1233,1233,0,1e
1234,1234,0,1e
1235,1235,0,1e
1236,1236,0,1e
1237,1237,0,1e
1238,1238,0,1e
1239,1239,0,1e
1240,1240,0,1e
1241,1241,0,1e
1242,1242,0,1e
1243,1243,0,1e
1244,1244,0,1e
1245,1245,0,1e
1246,1246,0,1e
1247,1247,0,1e
1248,1248,0,1e
1249,1249,0,1e
1250,1250,0,1e
1251,1251,0,1e
1252,1252,0,1e
1253,1253,0,1e
1254,1254,0,1e
1255,1255,0,1e
1256,1256,0,1e
1257,1257,0,1e
1258,1258,0,1e
1259,1259,0,1e
1260,1260,0,1e
1261,1261,0,1e
1262,1262,0,1e
1263,1263,0,1e
1264,1264,0,1e
1265,1265,0,1e
1266,1266,0,1e
1267,1267,0,1e
1268,1268,0,1e
1269,1269,0,1e
1270,1270,0,1e
1271,1271,0,1e
1272,1272,0,1e
1273,1273,0,1e
1274,1274,0,1e
1275,1275,0,1e
1276,1276,0,1e
1277,1277,0,1e
1278,1278,0,1e
1279,1279,0,1e
1280,1280,0,1e
1281,1281,0,1e
1282,1282,0,1e
1283,1283,0,1e
1284,1284,0,1e
1285,1285,0,1e
1286,1286,0,1e
1287,1287,0,1e
1288,1288,0,1e
1289,1289,0,1e
1290,1290,0,1e
1291,1291,0,1e
1292,1292,0,1e
1293,1293,0,1e
1294,1294,0,1e
1295,1295,0,1e
1296,1296,0,1e
1297,1297,0,1e
1298,1298,0,1e
1299,1299,0,1e
1300,1300,0,1e
1301,1301,0,1e
1302,1302,0,1e
1303,1303,0,1e
1304,1304,0,1e
1305,1305,0,1e
1306,1306,0,1e
1307,1307,0,1e
1308,1308,0,1e
1309,1309,0,1e
1310,1310,0,1e
1311,1311,0,1e
1312,1312,0,1e
1313,1313,0,1e
1314,1314,0,1e
1315,1315,0,1e
1316,1316,0,1e
1317,1317,0,1e
1318,1318,0,1e
1319,1319,0,1e
1320,1320,0,1e
1321,1321,0,1e
1322,1322,0,1e
1323,1323,0,1e
1324,1324,0,1e
1325,1325,0,1e
1326,1326,0,1e
1327,1327,0,1e
1328,1328,0,1e
1329,1329,0,1e
1330,1330,0,1e
1331,1331,0,1e
1332,1332,0,1e
1333,1333,0,1e
1334,1334,0,1e
1335,1335,0,1e
1336,1336,0,1e
1337,1337,0,1e
1338,1338,0,1e
1339,1339,0,1e
1340,1340,0,1e
1341,1341,0,1e
1342,1342,0,1e
1343,1343,0,1e
1344,1344,0,1e
1345,1345,0,1e
1346,1346,0,1e
1347,1347,0,1e
1348,1348,0,1e
1349,1349,0,1e
1350,1350,0,1e
1351,1351,0,1e
1352,1352,0,1e
1353,1353,0,1e
1354,1354,0,1e
1355,1355,0,1e
1356,1356,0,1e
1357,1357,0,1e
1358,1358,0,1e
1359,1359,0,1e
1360,1360,0,1e
1361,1361,0,1e
1362,1362,0,1e
1363,1363,0,1e
1364,1364,0,1e
1365,1365,0,1e
1366,1366,0,1e
1367,1367,0,1e
1368,1368,0,1e
1369,1369,0,1e
1370,1370,0,1e
1371,1371,0,1e
1372,1372,0,1e
1373,1373,0,1e
1374,1374,0,1e
1375,1375,0,1e
1376,1376,0,1e
1377,1377,0,1e
1378,1378,0,1e
1379,1379,0,1e
1380,1380,0,1e
1381,1381,0,1e
1382,1382,0,1e
1383,1383,0,1e
1384,1384,0,1e
1385,1385,0,1e
1386,1386,0,1e
1387,1387,0,1e
1388,1388,0,1e
1389,1389,0,1e
1390,1390,0,1e
1391,1391,0,1e
1392,1392,0,1e
1393,1393,0,1e
1394,1394,0,1e
1395,1395,0,1e
1396,1396,0,1e
1397,1397,0,1e
1398,1398,0,1e
1399,1399,0,1e
1400,1400,0,1e
1401,1401,0,1e
1402,1402,0,1e
1403,1403,0,1e
1404,1404,0,1e
1405,1405,0,1e
1406,1406,0,1e
1407,1407,0,1e
1408,1408,0,1e
1409,1409,0,1e
1410,1410,0,1e
1411,1411,0,1e
1412,1412,0,1e
1413,1413,0,1e
1414,1414,0,1e
1415,1415,0,1e
1416,1416,0,1e
1417,1417,0,1e
1418,1418,0,1e
1419,1419,0,1e
1420,1420,0,1e
1421,1421,0,1e
1422,1422,0,1e
1423,1423,0,1e
1424,1424,0,1e
1425,1425,0,1e
1426,1426,0,1e
1427,1427,0,1e
1428,1428,0,1e
1429,1429,0,1e
1430,1430,0,1e
1431,1431,0,1e
1432,1432,0,1e
1433,1433,0,1e
1434,1434,0,1e
1435,1435,0,1e
1436,1436,0,1e
1437,1437,0,1e
1438,1438,0,1e
1439,1439,0,1e
1440,1440,0,1e
1441,1441,0,1e
1442,1442,0,1e
1443,1443,0,1e
1444,1444,0,1e
1445,1445,0,1e
1446,1446,0,1e
1447,1447,0,1e
1448,1448,0,1e
1449,1449,0,1e
1450,1450,0,1e
1451,1451,0,1e
1452,1452,0,1e
1453,1453,0,1e
1454,1454,0,1e
1455,1455,0,1e
1456,1456,0,1e
1457,1457,0,1e
1458,1458,0,1e
1459,1459,0,1e
1460,1460,0,1e
1461,1461,0,1e
1462,1462,0,1e
1463,1463,0,1e
1464,1464,0,1e
1465,1465,0,1e
1466,1466,0,1e
1467,1467,0,1e
1468,1468,0,1e
1469,1469,0,1e
1470,1470,0,1e
1471,1471,0,1e
1472,1472,0,1e
1473,1473,0,1e
1474,1474,0,1e
1475,1475,0,1e
1476,1476,0,1e
1477,1477,0,1e
1478,1478,0,1e
1479,1479,0,1e
1480,1480,0,1e
1481,1481,0,1e
1482,1482,0,1e
1483,1483,0,1e
1484,1484,0,1e
1485,1485,0,1e
1486,1486,0,1e
1487,1487,0,1e
1488,1488,0,1e
1489,1489,0,1e
1490,1490,0,1e
1491,1491,0,1e
1492,1492,0,1e
1493,1493,0,1e
1494,1494,0,1e
1495,1495,0,1e
1496,1496,0,1e
1497,1497,0,1e
1498,1498,0,1e
1499,1499,0,1e
1500,1500,0,1e
1501,1501,0,1e
1502,1502,0,1e
1503,1503,0,1e
1504,1504,0,1e
1505,1505,0,1e
1506,1506,0,1e
1507,1507,0,1e
1508,1508,0,1e
1509,1509,0,1e
1510,1510,0,1e
1511,1511,0,1e
1512,1512,0,1e
1513,1513,0,1e
1514,1514,0,1e
1515,1515,0,1e
1516,1516,0,1e
1517,1517,0,1e
1518,1518,0,1e
1519,1519,0,1e
1520,1520,0,1e
1521,1521,0,1e
1522,1522,0,1e
1523,1523,0,1e
1524,1524,0,1e
1525,1525,0,1e
1526,1526,0,1e
1527,1527,0,1e
1528,1528,0,1e
1529,1529,0,1e
1530,1530,0,1e
1531,1531,0,1e
1532,1532,0,1e
1533,1533,0,1e
1534,1534,0,1e
1535,1535,0,1e
1536,1536,0,1e
1537,1537,0,1e
1538,1538,0,1e
1539,1539,0,1e
1540,1540,0,1e
1541,1541,0,1e
1542,1542,0,1e
1543,1543,0,1e
1544,1544,0,1e
1545,1545,0,1e
1546,1546,0,1e
1547,1547,0,1e
1548,1548,0,1e
1549,1549,0,1e
1550,1550,0,1e
1551,1551,0,1e
1552,1552,0,1e
1553,1553,0,1e
1554,1554,0,1e
1555,1555,0,1e
1556,1556,0,1e
1557,1557,0,1e
1558,1558,0,1e
1559,1559,0,1e
1560,1560,0,1e
1561,1561,0,1e
1562,1562,0,1e
1563,1563,0,1e
1564,1564,0,1e
1565,1565,0,1e
1566,1566,0,1e
1567,1567,0,1e
1568,1568,0,1e
1569,1569,0,1e
1570,1570,0,1e
1571,1571,0,1e
1572,1572,0,1e
1573,1573,0,1e
1574,1574,0,1e
1575,1575,0,1e
1576,1576,0,1e
1577,1577,0,1e
1578,1578,0,1e
1579,1579,0,1e
1580,1580,0,1e
1581,1581,0,1e
1582,1582,0,1e
1583,1583,0,1e
1584,1584,0,1e
1585,1585,0,1e
1586,1586,0,1e
1587,1587,0,1e
1588,1588,0,1e
1589,1589,0,1e
1590,1590,0,1e
1591,1591,0,1e
1592,1592,0,1e
1593,1593,0,1e
1594,1594,0,1e
1595,1595,0,1e
1596,1596,0,1e
1597,1597,0,1e
1598,1598,0,1e
1599,1599,0,1e
1600,1600,0,1e
1601,1601,0,1e
1602,1602,0,1e
1603,1603,0,1e
1604,1604,0,1e
1605,1605,0,1e
1606,1606,0,1e
1607,1607,0,1e
1608,1608,0,1e
1609,1609,0,1e
1610,1610,0,1e
1611,1611,0,1e
1612,1612,0,1e
1613,1613,0,1e
1614,1614,0,1e
1615,1615,0,1e
1616,1616,0,1e
1617,1617,0,1e
1618,1618,0,1e
1619,1619,0,1e
1620,1620,0,1e
1621,1621,0,1e
1622,1622,0,1e
1623,1623,0,1e
1624,1624,0,1e
1625,1625,0,1e
1626,1626,0,1e
1627,1627,0,1e
1628,1628,0,1e
1629,1629,0,1e
1630,1630,0,1e
1631,1631,0,1e
1632,1632,0,1e
1633,1633,0,1e
1634,1634,0,1e
1635,1635,0,1e
1636,1636,0,1e
1637,1637,0,1e
1638,1638,0,1e
1639,1639,0,1e
1640,1640,0,1e
1641,1641,0,1e
1642,1642,0,1e
1643,1643,0,1e
1644,1644,0,1e
1645,1645,0,1e
1646,1646,0,1e
1647,1647,0,1e
1648,1648,0,1e
1649,1649,0,1e
1650,1650,0,1e
1651,1651,0,1e
1652,1652,0,1e
1653,1653,0,1e
1654,1654,0,1e
1655,1655,0,1e
1656,1656,0,1e
1657,1657,0,1e
1658,1658,0,1e
1659,1659,0,1e
1660,1660,0,1e
1661,1661,0,1e
1662,1662,0,1e
1663,1663,0,1e
1664,1664,0,1e
1665,1665,0,1e
1666,1666,0,1e
1667,1667,0,1e
1668,1668,0,1e
1669,1669,0,1e
1670,1670,0,1e
1671,1671,0,1e
1672,1672,0,1e
1673,1673,0,1e
1674,1674,0,1e
1675,1675,0,1e
1676,1676,0,1e
1677,1677,0,1e
1678,1678,0,1e
1679,1679,0,1e
1680,1680,0,1e
1681,1681,0,1e
1682,1682,0,1e
1683,1683,0,1e
1684,1684,0,1e
1685,1685,0,1e
1686,1686,0,1e
1687,1687,0,1e
1688,1688,0,1e
1689,1689,0,1e
1690,1690,0,1e
1691,1691,0,1e
1692,1692,0,1e
1693,1693,0,1e
1694,1694,0,1e
1695,1695,0,1e
1696,1696,0,1e
1697,1697,0,1e
1698,1698,0,1e
1699,1699,0,1e
1700,1700,0,1e
1701,1701,0,1e
1702,1702,0,1e
1703,1703,0,1e
1704,1704,0,1e
1705,1705,0,1e
1706,1706,0,1e
1707,1707,0,1e
1708,1708,0,1e
1709,1709,0,1e
1710,1710,0,1e
1711,1711,0,1e
1712,1712,0,1e
1713,1713,0,1e
1714,1714,0,1e
1715,1715,0,1e
1716,1716,0,1e
1717,1717,0,1e
1718,1718,0,1e
1719,1719,0,1e
1720,1720,0,1e
1721,1721,0,1e
1722,1722,0,1e
1723,1723,0,1e
1724,1724,0,1e
1725,1725,0,1e
1726,1726,0,1e
1727,1727,0,1e
1728,1728,0,1e
1729,1729,0,1e
1730,1730,0,1e
1731,1731,0,1e
1732,1732,0,1e
1733,1733,0,1e
1734,1734,0,1e
1735,1735,0,1e
1736,1736,0,1e
1737,1737,0,1e
1738,1738,0,1e
1739,1739,0,1e
1740,1740,0,1e
1741,1741,0,1e
1742,1742,0,1e
1743,1743,0,1e
1744,1744,0,1e
1745,1745,0,1e
1746,1746,0,1e
1747,1747,0,1e
1748,1748,0,1e
1749,1749,0,1e
1750,1750,0,1e
1751,1751,0,1e
1752,1752,0,1e
1753,1753,0,1e
1754,1754,0,1e
1755,1755,0,1e
1756,1756,0,1e
1757,1757,0,1e
1758,1758,0,1e
1759,1759,0,1e
1760,1760,0,1e
1761,1761,0,1e
1762,1762,0,1e
1763,1763,0,1e
1764,1764,0,1e
1765,1765,0,1e
1766,1766,0,1e
1767,1767,0,1e
1768,1768,0,1e
1769,1769,0,1e
1770,1770,0,1e
1771,1771,0,1e
1772,1772,0,1e
1773,1773,0,1e
1774,1774,0,1e
1775,1775,0,1e
1776,1776,0,1e
1777,1777,0,1e
1778,1778,0,1e
1779,1779,0,1e
1780,1780,0,1e
1781,1781,0,1e
1782,1782,0,1e
1783,1783,0,1e
1784,1784,0,1e
1785,1785,0,1e
1786,1786,0,1e
1787,1787,0,1e
1788,1788,0,1e
1789,1789,0,1e
1790,1790,0,1e
1791,1791,0,1e
1792,1792,0,1e
1793,1793,0,1e
1794,1794,0,1e
1795,1795,0,1e
1796,1796,0,1e
1797,1797,0,1e
1798,1798,0,1e
1799,1799,0,1e
1800,1800,0,1e
1801,1801,0,1e
1802,1802,0,1e
1803,1803,0,1e
1804,1804,0,1e
1805,1805,0,1e
1806,1806,0,1e
1807,1807,0,1e
1808,1808,0,1e
1809,1809,0,1e
1810,1810,0,1e
1811,1811,0,1e
1812,1812,0,1e
1813,1813,0,1e
1814,1814,0,1e
1815,1815,0,1e
1816,1816,0,1e
1817,1817,0,1e
1818,1818,0,1e
1819,1819,0,1e
1820,1820,0,1e
1821,1821,0,1e
1822,1822,0,1e
1823,1823,0,1e
1824,1824,0,1e
1825,1825,0,1e
1826,1826,0,1e
1827,1827,0,1e
1828,1828,0,1e
1829,1829,0,1e
1830,1830,0,1e
1831,1831,0,1e
1832,1832,0,1e
1833,1833,0,1e
1834,1834,0,1e
1835,1835,0,1e
1836,1836,0,1e
1837,1837,0,1e
1838,1838,0,1e
1839,1839,0,1e
1840,1840,0,1e
1841,1841,0,1e
1842,1842,0,1e
1843,1843,0,1e
1844,1844,0,1e
1845,1845,0,1e
1846,1846,0,1e
1847,1847,0,1e
1848,1848,0,1e
1849,1849,0,1e
1850,1850,0,1e
1851,1851,0,1e
1852,1852,0,1e
1853,1853,0,1e
1854,1854,0,1e
1855,1855,0,1e
1856,1856,0,1e
1857,1857,0,1e
1858,1858,0,1e
1859,1859,0,1e
1860,1860,0,1e
1861,1861,0,1e
1862,1862,0,1e
1863,1863,0,1e
1864,1864,0,1e
1865,1865,0,1e
1866,1866,0,1e
1867,1867,0,1e
1868,1868,0,1e
1869,1869,0,1e
1870,1870,0,1e
1871,1871,0,1e
1872,1872,0,1e
1873,1873,0,1e
1874,1874,0,1e
1875,1875,0,1e
1876,1876,0,1e
1877,1877,0,1e
1878,1878,0,1e
1879,1879,0,1e
1880,1880,0,1e
1881,1881,0,1e
1882,1882,0,1e
1883,1883,0,1e
1884,1884,0,1e
1885,1885,0,1e
1886,1886,0,1e
1887,1887,0,1e
1888,1888,0,1e
1889,1889,0,1e
1890,1890,0,1e
1891,1891,0,1e
1892,1892,0,1e
1893,1893,0,1e
1894,1894,0,1e
1895,1895,0,1e
1896,1896,0,1e
1897,1897,0,1e
1898,1898,0,1e
1899,1899,0,1e
1900,1900,0,1e
1901,1901,0,1e
1902,1902,0,1e
1903,1903,0,1e
1904,1904,0,1e
1905,1905,0,1e
1906,1906,0,1e
1907,1907,0,1e
1908,1908,0,1e
1909,1909,0,1e
1910,1910,0,1e
1911,1911,0,1e
1912,1912,0,1e
1913,1913,0,1e
1914,1914,0,1e
1915,1915,0,1e
1916,1916,0,1e
1917,1917,0,1e
1918,1918,0,1e
1919,1919,0,1e
1920,1920,0,1e
1921,1921,0,1e
1922,1922,0,1e
1923,1923,0,1e
1924,1924,0,1e
1925,1925,0,1e
1926,1926,0,1e
1927,1927,0,1e
1928,1928,0,1e
1929,1929,0,1e
1930,1930,0,1e
1931,1931,0,1e
1932,1932,0,1e
1933,1933,0,1e
1934,1934,0,1e
1935,1935,0,1e
1936,1936,0,1e
1937,1937,0,1e
1938,1938,0,1e
1939,1939,0,1e
1940,1940,0,1e
1941,1941,0,1e
1942,1942,0,1e
1943,1943,0,1e
1944,1944,0,1e
1945,1945,0,1e
1946,1946,0,1e
1947,1947,0,1e
1948,1948,0,1e
1949,1949,0,1e
1950,1950,0,1e
1951,1951,0,1e
1952,1952,0,1e
1953,1953,0,1e
1954,1954,0,1e
1955,1955,0,1e
1956,1956,0,1e
1957,1957,0,1e
1958,1958,0,1e
1959,1959,0,1e
1960,1960,0,1e
1961,1961,0,1e
1962,1962,0,1e
1963,1963,0,1e
1964,1964,0,1e
1965,1965,0,1e
1966,1966,0,1e
1967,1967,0,1e
1968,1968,0,1e
1969,1969,0,1e
1970,1970,0,1e
1971,1971,0,1e
1972,1972,0,1e
1973,1973,0,1e
1974,1974,0,1e
1975,1975,0,1e
1976,1976,0,1e
1977,1977,0,1e
1978,1978,0,1e
1979,1979,0,1e
1980,1980,0,1e
1981,1981,0,1e
1982,1982,0,1e
1983,1983,0,1e
1984,1984,0,1e
1985,1985,0,1e
1986,1986,0,1e
1987,1987,0,1e
1988,1988,0,1e
1989,1989,0,1e
1990,1990,0,1e
1991,1991,0,1e
1992,1992,0,1e
1993,1993,0,1e
1994,1994,0,1e
1995,1995,0,1e
1996,1996,0,1e
1997,1997,0,1e
1998,1998,0,1e
1999,1999,0,1e
2000,2000,0,1e
2001,2001,0,1e
2002,2002,0,1e
2003,2003,0,1e
2004,2004,0,1e
2005,2005,0,1e
2006,2006,0,1e
2007,2007,0,1e
2008,2008,0,1e
2009,2009,0,1e
2010,2010,0,1e
2011,2011,0,1e
2012,2012,0,1e
2013,2013,0,1e
2014,2014,0,1e
2015,2015,0,1e
2016,2016,0,1e
2017,2017,0,1e
2018,2018,0,1e
2019,2019,0,1e
2020,2020,0,1e
2021,2021,0,1e
2022,2022,0,1e
2023,2023,0,1e
2024,2024,0,1e
2025,2025,0,1e
2026,2026,0,1e
2027,2027,0,1e
2028,2028,0,1e
2029,2029,0,1e
2030,2030,0,1e
2031,2031,0,1e
2032,2032,0,1e
2033,2033,0,1e
2034,2034,0,1e
2035,2035,0,1e
2036,2036,0,1e
2037,2037,0,1e
2038,2038,0,1e
2039,2039,0,1e
2040,2040,0,1e
2041,2041,0,1e
2042,2042,0,1e
2043,2043,0,1e
2044,2044,0,1e
2045,2045,0,1e
2046,2046,0,1e
2047,2047,0,1e
2048,2048,0,1e
2049,2049,0,1e
2050,2050,0,1e
2051,2051,0,1e
2052,2052,0,1e
2053,2053,0,1e
2054,2054,0,1e
2055,2055,0,1e
2056,2056,0,1e
2057,2057,0,1e
2058,2058,0,1e
2059,2059,0,1e
2060,2060,0,1e
2061,2061,0,1e
2062,2062,0,1e
2063,2063,0,1e
2064,2064,0,1e
2065,2065,0,1e
2066,2066,0,1e
2067,2067,0,1e
2068,2068,0,1e
2069,2069,0,1e
2070,2070,0,1e
2071,2071,0,1e
2072,2072,0,1e
2073,2073,0,1e
2074,2074,0,1e
2075,2075,0,1e
2076,2076,0,1e
2077,2077,0,1e
2078,2078,0,1e
2079,2079,0,1e
2080,2080,0,1e
2081,2081,0,1e
2082,2082,0,1e
2083,2083,0,1e
2084,2084,0,1e
2085,2085,0,1e
2086,2086,0,1e
2087,2087,0,1e
2088,2088,0,1e
2089,2089,0,1e
2090,2090,0,1e
2091,2091,0,1e
2092,2092,0,1e
2093,2093,0,1e
2094,2094,0,1e
2095,2095,0,1e
2096,2096,0,1e
2097,2097,0,1e
2098,2098,0,1e
2099,2099,0,1e
2100,2100,0,1e
2101,2101,0,1e
2102,2102,0,1e
2103,2103,0,1e
2104,2104,0,1e
2105,2105,0,1e
2106,2106,0,1e
2107,2107,0,1e
2108,2108,0,1e
2109,2109,0,1e
2110,2110,0,1e
2111,2111,0,1e
2112,2112,0,1e
2113,2113,0,1e
2114,2114,0,1e
2115,2115,0,1e
2116,2116,0,1e
2117,2117,0,1e
2118,2118,0,1e
2119,2119,0,1e
2120,2120,0,1e
2121,2121,0,1e
2122,2122,0,1e
2123,2123,0,1e
2124,2124,0,1e
2125,2125,0,1e
2126,2126,0,1e
2127,2127,0,1e
2128,2128,0,1e
2129,2129,0,1e
2130,2130,0,1e
2131,2131,0,1e
2132,2132,0,1e
2133,2133,0,1e
2134,2134,0,1e
2135,2135,0,1e
2136,2136,0,1e
2137,2137,0,1e
2138,2138,0,1e
2139,2139,0,1e
2140,2140,0,1e
2141,2141,0,1e
2142,2142,0,1e
2143,2143,0,1e
2144,2144,0,1e
2145,2145,0,1e
2146,2146,0,1e
2147,2147,0,1e
2148,2148,0,1e
2149,2149,0,1e
2150,2150,0,1e
2151,2151,0,1e
2152,2152,0,1e
2153,2153,0,1e
2154,2154,0,1e
2155,2155,0,1e
2156,2156,0,1e
2157,2157,0,1e
2158,2158,0,1e
2159,2159,0,1e
2160,2160,0,1e
2161,2161,0,1e
2162,2162,0,1e
2163,2163,0,1e
2164,2164,0,1e
2165,2165,0,1e
2166,2166,0,1e
2167,2167,0,1e
2168,2168,0,1e
2169,2169,0,1e
2170,2170,0,1e
2171,2171,0,1e
2172,2172,0,1e
2173,2173,0,1e
2174,2174,0,1e
2175,2175,0,1e
2176,2176,0,1e
2177,2177,0,1e
2178,2178,0,1e
2179,2179,0,1e
2180,2180,0,1e
2181,2181,0,1e
2182,2182,0,1e
2183,2183,0,1e
2184,2184,0,1e
2185,2185,0,1e
2186,2186,0,1e
2187,2187,0,1e
2188,2188,0,1e
2189,2189,0,1e
2190,2190,0,1e
2191,2191,0,1e
2192,2192,0,1e
2193,2193,0,1e
2194,2194,0,1e
2195,2195,0,1e
2196,2196,0,1e
2197,2197,0,1e
2198,2198,0,1e
2199,2199,0,1e
2200,2200,0,1e
2201,2201,0,1e
2202,2202,0,1e
2203,2203,0,1e
2204,2204,0,1e
2205,2205,0,1e
2206,2206,0,1e
2207,2207,0,1e
2208,2208,0,1e
2209,2209,0,1e
2210,2210,0,1e
2211,2211,0,1e
2212,2212,0,1e
2213,2213,0,1e
2214,2214,0,1e
2215,2215,0,1e
2216,2216,0,1e
2217,2217,0,1e
2218,2218,0,1e
2219,2219,0,1e
2220,2220,0,1e
2221,2221,0,1e
2222,2222,0,1e
2223,2223,0,1e
2224,2224,0,1e
2225,2225,0,1e
2226,2226,0,1e
2227,2227,0,1e
2228,2228,0,1e
2229,2229,0,1e
2230,2230,0,1e
2231,2231,0,1e
2232,2232,0,1e
2233,2233,0,1e
2234,2234,0,1e
2235,2235,0,1e
2236,2236,0,1e
2237,2237,0,1e
2238,2238,0,1e
2239,2239,0,1e
2240,2240,0,1e
2241,2241,0,1e
2242,2242,0,1e
2243,2243,0,1e
2244,2244,0,1e
2245,2245,0,1e
2246,2246,0,1e
2247,2247,0,1e
2248,2248,0,1e
2249,2249,0,1e
2250,2250,0,1e
2251,2251,0,1e
2252,2252,0,1e
2253,2253,0,1e
2254,2254,0,1e
2255,2255,0,1e
2256,2256,0,1e
2257,2257,0,1e
2258,2258,0,1e
2259,2259,0,1e
2260,2260,0,1e
2261,2261,0,1e
2262,2262,0,1e
2263,2263,0,1e
2264,2264,0,1e
2265,2265,0,1e
2266,2266,0,1e
2267,2267,0,1e
2268,2268,0,1e
2269,2269,0,1e
2270,2270,0,1e
2271,2271,0,1e
2272,2272,0,1e
2273,2273,0,1e
2274,2274,0,1e
2275,2275,0,1e
2276,2276,0,1e
2277,2277,0,1e
2278,2278,0,1e
2279,2279,0,1e
2280,2280,0,1e
2281,2281,0,1e
2282,2282,0,1e
2283,2283,0,1e
2284,2284,0,1e
2285,2285,0,1e
2286,2286,0,1e
2287,2287,0,1e
2288,2288,0,1e
2289,2289,0,1e
2290,2290,0,1e
2291,2291,0,1e
2292,2292,0,1e
2293,2293,0,1e
2294,2294,0,1e
2295,2295,0,1e
2296,2296,0,1e
2297,2297,0,1e
2298,2298,0,1e
2299,2299,0,1e
2300,2300,0,1e
2301,2301,0,1e
2302,2302,0,1e
2303,2303,0,1e
2304,2304,0,1e
2305,2305,0,1e
2306,2306,0,1e
2307,2307,0,1e
2308,2308,0,1e
2309,2309,0,1e
2310,2310,0,1e
2311,2311,0,1e
2312,2312,0,1e
2313,2313,0,1e
2314,2314,0,1e
2315,2315,0,1e
2316,2316,0,1e
2317,2317,0,1e
2318,2318,0,1e
2319,2319,0,1e
2320,2320,0,1e
2321,2321,0,1e
2322,2322,0,1e
2323,2323,0,1e
2324,2324,0,1e
2325,2325,0,1e
2326,2326,0,1e
2327,2327,0,1e
2328,2328,0,1e
2329,2329,0,1e
2330,2330,0,1e
2331,2331,0,1e
2332,2332,0,1e
2333,2333,0,1e
2334,2334,0,1e
2335,2335,0,1e
2336,2336,0,1e
2337,2337,0,1e
2338,2338,0,1e
2339,2339,0,1e
2340,2340,0,1e
2341,2341,0,1e
2342,2342,0,1e
2343,2343,0,1e
2344,2344,0,1e
2345,2345,0,1e
2346,2346,0,1e
2347,2347,0,1e
2348,2348,0,1e
2349,2349,0,1e
2350,2350,0,1e
2351,2351,0,1e
2352,2352,0,1e
2353,2353,0,1e
2354,2354,0,1e
2355,2355,0,1e
2356,2356,0,1e
2357,2357,0,1e
2358,2358,0,1e
2359,2359,0,1e
2360,2360,0,1e
2361,2361,0,1e
2362,2362,0,1e
2363,2363,0,1e
2364,2364,0,1e
2365,2365,0,1e
2366,2366,0,1e
2367,2367,0,1e
2368,2368,0,1e
2369,2369,0,1e
2370,2370,0,1e
2371,2371,0,1e
2372,2372,0,1e
2373,2373,0,1e
2374,2374,0,1e
2375,2375,0,1e
2376,2376,0,1e
2377,2377,0,1e
2378,2378,0,1e
2379,2379,0,1e
2380,2380,0,1e
2381,2381,0,1e
2382,2382,0,1e
2383,2383,0,1e
2384,2384,0,1e
2385,2385,0,1e
2386,2386,0,1e
2387,2387,0,1e
2388,2388,0,1e
2389,2389,0,1e
2390,2390,0,1e
2391,2391,0,1e
2392,2392,0,1e
2393,2393,0,1e
2394,2394,0,1e
2395,2395,0,1e
2396,2396,0,1e
2397,2397,0,1e
2398,2398,0,1e
2399,2399,0,1e
2400,2400,0,1e
2401,2401,0,1e
2402,2402,0,1e
2403,2403,0,1e
2404,2404,0,1e
2405,2405,0,1e
2406,2406,0,1e
2407,2407,0,1e
2408,2408,0,1e
2409,2409,0,1e
2410,2410,0,1e
2411,2411,0,1e
2412,2412,0,1e
2413,2413,0,1e
2414,2414,0,1e
2415,2415,0,1e
2416,2416,0,1e
2417,2417,0,1e
2418,2418,0,1e
2419,2419,0,1e
2420,2420,0,1e
2421,2421,0,1e
2422,2422,0,1e
2423,2423,0,1e
2424,2424,0,1e
2425,2425,0,1e
2426,2426,0,1e
2427,2427,0,1e
2428,2428,0,1e
2429,2429,0,1e
2430,2430,0,1e
2431,2431,0,1e
2432,2432,0,1e
2433,2433,0,1e
2434,2434,0,1e
2435,2435,0,1e
2436,2436,0,1e
2437,2437,0,1e
2438,2438,0,1e
2439,2439,0,1e
2440,2440,0,1e
2441,2441,0,1e
2442,2442,0,1e
2443,2443,0,1e
2444,2444,0,1e
2445,2445,0,1e
2446,2446,0,1e
2447,2447,0,1e
2448,2448,0,1e
2449,2449,0,1e
2450,2450,0,1e
2451,2451,0,1e
2452,2452,0,1e
2453,2453,0,1e
2454,2454,0,1e
2455,2455,0,1e
2456,2456,0,1e
2457,2457,0,1e
2458,2458,0,1e
2459,2459,0,1e
2460,2460,0,1e
2461,2461,0,1e
2462,2462,0,1e
2463,2463,0,1e
2464,2464,0,1e
2465,2465,0,1e
2466,2466,0,1e
2467,2467,0,1e
2468,2468,0,1e
2469,2469,0,1e
2470,2470,0,1e
2471,2471,0,1e
2472,2472,0,1e
2473,2473,0,1e
2474,2474,0,1e
2475,2475,0,1e
2476,2476,0,1e
2477,2477,0,1e
2478,2478,0,1e
2479,2479,0,1e
2480,2480,0,1e
2481,2481,0,1e
2482,2482,0,1e
2483,2483,0,1e
2484,2484,0,1e
2485,2485,0,1e
2486,2486,0,1e
2487,2487,0,1e
2488,2488,0,1e
2489,2489,0,1e
2490,2490,0,1e
2491,2491,0,1e
2492,2492,0,1e
2493,2493,0,1e
2494,2494,0,1e
2495,2495,0,1e
2496,2496,0,1e
2497,2497,0,1e
2498,2498,0,1e
2499,2499,0,1e
2500,2500,0,1e
2501,2501,0,1e
2502,2502,0,1e
2503,2503,0,1e
2504,2504,0,1e
2505,2505,0,1e
2506,2506,0,1e
2507,2507,0,1e
2508,2508,0,1e
2509,2509,0,1e
2510,2510,0,1e
2511,2511,0,1e
2512,2512,0,1e
2513,2513,0,1e
2514,2514,0,1e
2515,2515,0,1e
2516,2516,0,1e
2517,2517,0,1e
2518,2518,0,1e
2519,2519,0,1e
2520,2520,0,1e
2521,2521,0,1e
2522,2522,0,1e
2523,2523,0,1e
2524,2524,0,1e
2525,2525,0,1e
2526,2526,0,1e
2527,2527,0,1e
2528,2528,0,1e
2529,2529,0,1e
2530,2530,0,1e
2531,2531,0,1e
2532,2532,0,1e
2533,2533,0,1e
2534,2534,0,1e
2535,2535,0,1e
2536,2536,0,1e
2537,2537,0,1e
2538,2538,0,1e
2539,2539,0,1e
2540,2540,0,1e
2541,2541,0,1e
2542,2542,0,1e
2543,2543,0,1e
2544,2544,0,1e
2545,2545,0,1e
2546,2546,0,1e
2547,2547,0,1e
2548,2548,0,1e
2549,2549,0,1e
2550,2550,0,1e
2551,2551,0,1e
2552,2552,0,1e
2553,2553,0,1e
2554,2554,0,1e
2555,2555,0,1e
2556,2556,0,1e
2557,2557,0,1e
2558,2558,0,1e
2559,2559,0,1e
2560,2560,0,1e
2561,2561,0,1e
2562,2562,0,1e
2563,2563,0,1e
2564,2564,0,1e
2565,2565,0,1e
2566,2566,0,1e
2567,2567,0,1e
2568,2568,0,1e
2569,2569,0,1e
2570,2570,0,1e
2571,2571,0,1e
2572,2572,0,1e
2573,2573,0,1e
2574,2574,0,1e
2575,2575,0,1e
2576,2576,0,1e
2577,2577,0,1e
2578,2578,0,1e
2579,2579,0,1e
2580,2580,0,1e
2581,2581,0,1e
2582,2582,0,1e
2583,2583,0,1e
2584,2584,0,1e
2585,2585,0,1e
2586,2586,0,1e
2587,2587,0,1e
2588,2588,0,1e
2589,2589,0,1e
2590,2590,0,1e
2591,2591,0,1e
2592,2592,0,1e
2593,2593,0,1e
2594,2594,0,1e
2595,2595,0,1e
2596,2596,0,1e
2597,2597,0,1e
2598,2598,0,1e
2599,2599,0,1e
2600,2600,0,1e
2601,2601,0,1e
2602,2602,0,1e
2603,2603,0,1e
2604,2604,0,1e
2605,2605,0,1e
2606,2606,0,1e
2607,2607,0,1e
2608,2608,0,1e
2609,2609,0,1e
2610,2610,0,1e
2611,2611,0,1e
2612,2612,0,1e
2613,2613,0,1e
2614,2614,0,1e
2615,2615,0,1e
2616,2616,0,1e
2617,2617,0,1e
2618,2618,0,1e
2619,2619,0,1e
2620,2620,0,1e
2621,2621,0,1e
2622,2622,0,1e
2623,2623,0,1e
2624,2624,0,1e
2625,2625,0,1e
2626,2626,0,1e
2627,2627,0,1e
2628,2628,0,1e
2629,2629,0,1e
2630,2630,0,1e
2631,2631,0,1e
2632,2632,0,1e
2633,2633,0,1e
2634,2634,0,1e
2635,2635,0,1e
2636,2636,0,1e
2637,2637,0,1e
2638,2638,0,1e
2639,2639,0,1e
2640,2640,0,1e
2641,2641,0,1e
2642,2642,0,1e
2643,2643,0,1e
2644,2644,0,1e
2645,2645,0,1e
2646,2646,0,1e
2647,2647,0,1e
2648,2648,0,1e
2649,2649,0,1e
2650,2650,0,1e
2651,2651,0,1e
2652,2652,0,1e
2653,2653,0,1e
2654,2654,0,1e
2655,2655,0,1e
2656,2656,0,1e
2657,2657,0,1e
2658,2658,0,1e
2659,2659,0,1e
2660,2660,0,1e
2661,2661,0,1e
2662,2662,0,1e
2663,2663,0,1e
2664,2664,0,1e
2665,2665,0,1e
2666,2666,0,1e
2667,2667,0,1e
2668,2668,0,1e
2669,2669,0,1e
2670,2670,0,1e
2671,2671,0,1e
2672,2672,0,1e
2673,2673,0,1e
2674,2674,0,1e
2675,2675,0,1e
2676,2676,0,1e
2677,2677,0,1e
2678,2678,0,1e
2679,2679,0,1e
2680,2680,0,1e
2681,2681,0,1e
2682,2682,0,1e
2683,2683,0,1e
2684,2684,0,1e
2685,2685,0,1e
2686,2686,0,1e
2687,2687,0,1e
2688,2688,0,1e
2689,2689,0,1e
2690,2690,0,1e
2691,2691,0,1e
2692,2692,0,1e
2693,2693,0,1e
2694,2694,0,1e
2695,2695,0,1e
2696,2696,0,1e
2697,2697,0,1e
2698,2698,0,1e
2699,2699,0,1e
2700,2700,0,1e
2701,2701,0,1e
2702,2702,0,1e
2703,2703,0,1e
2704,2704,0,1e
2705,2705,0,1e
2706,2706,0,1e
2707,2707,0,1e
2708,2708,0,1e
2709,2709,0,1e
2710,2710,0,1e
2711,2711,0,1e
2712,2712,0,1e
2713,2713,0,1e
2714,2714,0,1e
2715,2715,0,1e
2716,2716,0,1e
2717,2717,0,1e
2718,2718,0,1e
2719,2719,0,1e
2720,2720,0,1e
2721,2721,0,1e
2722,2722,0,1e
2723,2723,0,1e
2724,2724,0,1e
2725,2725,0,1e
2726,2726,0,1e
2727,2727,0,1e
2728,2728,0,1e
2729,2729,0,1e
2730,2730,0,1e
2731,2731,0,1e
2732,2732,0,1e
2733,2733,0,1e
2734,2734,0,1e
2735,2735,0,1e
2736,2736,0,1e
2737,2737,0,1e
2738,2738,0,1e
2739,2739,0,1e
2740,2740,0,1e
2741,2741,0,1e
2742,2742,0,1e
2743,2743,0,1e
2744,2744,0,1e
2745,2745,0,1e
2746,2746,0,1e
2747,2747,0,1e
2748,2748,0,1e
2749,2749,0,1e
2750,2750,0,1e
2751,2751,0,1e
2752,2752,0,1e
2753,2753,0,1e
2754,2754,0,1e
2755,2755,0,1e
2756,2756,0,1e
2757,2757,0,1e
2758,2758,0,1e
2759,2759,0,1e
2760,2760,0,1e
2761,2761,0,1e
2762,2762,0,1e
2763,2763,0,1e
2764,2764,0,1e
2765,2765,0,1e
2766,2766,0,1e
2767,2767,0,1e
2768,2768,0,1e
2769,2769,0,1e
2770,2770,0,1e
2771,2771,0,1e
2772,2772,0,1e
2773,2773,0,1e
2774,2774,0,1e
2775,2775,0,1e
2776,2776,0,1e
2777,2777,0,1e
2778,2778,0,1e
2779,2779,0,1e
2780,2780,0,1e
2781,2781,0,1e
2782,2782,0,1e
2783,2783,0,1e
2784,2784,0,1e
2785,2785,0,1e
2786,2786,0,1e
2787,2787,0,1e
2788,2788,0,1e
2789,2789,0,1e
2790,2790,0,1e
2791,2791,0,1e
2792,2792,0,1e
2793,2793,0,1e
2794,2794,0,1e
2795,2795,0,1e
2796,2796,0,1e
2797,2797,0,1e
2798,2798,0,1e
2799,2799,0,1e
2800,2800,0,1e
2801,2801,0,1e
2802,2802,0,1e
2803,2803,0,1e
2804,2804,0,1e
2805,2805,0,1e
2806,2806,0,1e
2807,2807,0,1e
2808,2808,0,1e
2809,2809,0,1e
2810,2810,0,1e
2811,2811,0,1e
2812,2812,0,1e
2813,2813,0,1e
2814,2814,0,1e
2815,2815,0,1e
2816,2816,0,1e
2817,2817,0,1e
2818,2818,0,1e
2819,2819,0,1e
2820,2820,0,1e
2821,2821,0,1e
2822,2822,0,1e
2823,2823,0,1e
2824,2824,0,1e
2825,2825,0,1e
2826,2826,0,1e
2827,2827,0,1e
2828,2828,0,1e
2829,2829,0,1e
2830,2830,0,1e
2831,2831,0,1e
2832,2832,0,1e
2833,2833,0,1e
2834,2834,0,1e
2835,2835,0,1e
2836,2836,0,1e
2837,2837,0,1e
2838,2838,0,1e
2839,2839,0,1e
2840,2840,0,1e
2841,2841,0,1e
2842,2842,0,1e
2843,2843,0,1e
2844,2844,0,1e
2845,2845,0,1e
2846,2846,0,1e
2847,2847,0,1e
2848,2848,0,1e
2849,2849,0,1e
2850,2850,0,1e
2851,2851,0,1e
2852,2852,0,1e
2853,2853,0,1e
2854,2854,0,1e
2855,2855,0,1e
2856,2856,0,1e
2857,2857,0,1e
2858,2858,0,1e
2859,2859,0,1e
2860,2860,0,1e
2861,2861,0,1e
2862,2862,0,1e
2863,2863,0,1e
2864,2864,0,1e
2865,2865,0,1e
2866,2866,0,1e
2867,2867,0,1e
2868,2868,0,1e
2869,2869,0,1e
2870,2870,0,1e
2871,2871,0,1e
2872,2872,0,1e
2873,2873,0,1e
2874,2874,0,1e
2875,2875,0,1e
2876,2876,0,1e
2877,2877,0,1e
2878,2878,0,1e
2879,2879,0,1e
2880,2880,0,1e
2881,2881,0,1e
2882,2882,0,1e
2883,2883,0,1e
2884,2884,0,1e
2885,2885,0,1e
2886,2886,0,1e
2887,2887,0,1e
2888,2888,0,1e
2889,2889,0,1e
2890,2890,0,1e
2891,2891,0,1e
2892,2892,0,1e
2893,2893,0,1e
2894,2894,0,1e
2895,2895,0,1e
2896,2896,0,1e
2897,2897,0,1e
2898,2898,0,1e
2899,2899,0,1e
2900,2900,0,1e
2901,2901,0,1e
2902,2902,0,1e
2903,2903,0,1e
2904,2904,0,1e
2905,2905,0,1e
2906,2906,0,1e
2907,2907,0,1e
2908,2908,0,1e
2909,2909,0,1e
2910,2910,0,1e
2911,2911,0,1e
2912,2912,0,1e
2913,2913,0,1e
2914,2914,0,1e
2915,2915,0,1e
2916,2916,0,1e
2917,2917,0,1e
2918,2918,0,1e
2919,2919,0,1e
2920,2920,0,1e
2921,2921,0,1e
2922,2922,0,1e
2923,2923,0,1e
2924,2924,0,1e
2925,2925,0,1e
2926,2926,0,1e
2927,2927,0,1e
2928,2928,0,1e
2929,2929,0,1e
2930,2930,0,1e
2931,2931,0,1e
2932,2932,0,1e
2933,2933,0,1e
2934,2934,0,1e
2935,2935,0,1e
2936,2936,0,1e
2937,2937,0,1e
2938,2938,0,1e
2939,2939,0,1e
2940,2940,0,1e
2941,2941,0,1e
2942,2942,0,1e
2943,2943,0,1e
2944,2944,0,1e
2945,2945,0,1e
2946,2946,0,1e
2947,2947,0,1e
2948,2948,0,1e
2949,2949,0,1e
2950,2950,0,1e
2951,2951,0,1e
2952,2952,0,1e
2953,2953,0,1e
2954,2954,0,1e
2955,2955,0,1e
2956,2956,0,1e
2957,2957,0,1e
2958,2958,0,1e
2959,2959,0,1e
2960,2960,0,1e
2961,2961,0,1e
2962,2962,0,1e
2963,2963,0,1e
2964,2964,0,1e
2965,2965,0,1e
2966,2966,0,1e
2967,2967,0,1e
2968,2968,0,1e
2969,2969,0,1e
2970,2970,0,1e
2971,2971,0,1e
2972,2972,0,1e
2973,2973,0,1e
2974,2974,0,1e
2975,2975,0,1e
2976,2976,0,1e
2977,2977,0,1e
2978,2978,0,1e
2979,2979,0,1e
2980,2980,0,1e
2981,2981,0,1e
2982,2982,0,1e
2983,2983,0,1e
2984,2984,0,1e
2985,2985,0,1e
2986,2986,0,1e
2987,2987,0,1e
2988,2988,0,1e
2989,2989,0,1e
2990,2990,0,1e
2991,2991,0,1e
2992,2992,0,1e
2993,2993,0,1e
2994,2994,0,1e
2995,2995,0,1e
2996,2996,0,1e
2997,2997,0,1e
2998,2998,0,1e
2999,2999,0,1e
3000,3000,0,1e
3001,3001,0,1e
3002,3002,0,1e
3003,3003,0,1e
3004,3004,0,1e
3005,3005,0,1e
3006,3006,0,1e
3007,3007,0,1e
3008,3008,0,1e
3009,3009,0,1e
3010,3010,0,1e
3011,3011,0,1e
3012,3012,0,1e
3013,3013,0,1e
3014,3014,0,1e
3015,3015,0,1e
3016,3016,0,1e
3017,3017,0,1e
3018,3018,0,1e
3019,3019,0,1e
3020,3020,0,1e
3021,3021,0,1e
3022,3022,0,1e
3023,3023,0,1e
3024,3024,0,1e
3025,3025,0,1e
3026,3026,0,1e
3027,3027,0,1e
3028,3028,0,1e
3029,3029,0,1e
3030,3030,0,1e
3031,3031,0,1e
3032,3032,0,1e
3033,3033,0,1e
3034,3034,0,1e
3035,3035,0,1e
3036,3036,0,1e
3037,3037,0,1e
3038,3038,0,1e
3039,3039,0,1e
3040,3040,0,1e
3041,3041,0,1e
3042,3042,0,1e
3043,3043,0,1e
3044,3044,0,1e
3045,3045,0,1e
3046,3046,0,1e
3047,3047,0,1e
3048,3048,0,1e
3049,3049,0,1e
3050,3050,0,1e
3051,3051,0,1e
3052,3052,0,1e
3053,3053,0,1e
3054,3054,0,1e
3055,3055,0,1e
3056,3056,0,1e
3057,3057,0,1e
3058,3058,0,1e
3059,3059,0,1e
3060,3060,0,1e
3061,3061,0,1e
3062,3062,0,1e
3063,3063,0,1e
3064,3064,0,1e
3065,3065,0,1e
3066,3066,0,1e
3067,3067,0,1e
3068,3068,0,1e
3069,3069,0,1e
3070,3070,0,1e
3071,3071,0,1e
3072,3072,0,1e
3073,3073,0,1e
3074,3074,0,1e
3075,3075,0,1e
3076,3076,0,1e
3077,3077,0,1e
3078,3078,0,1e
3079,3079,0,1e
3080,3080,0,1e
3081,3081,0,1e
3082,3082,0,1e
3083,3083,0,1e
3084,3084,0,1e
3085,3085,0,1e
3086,3086,0,1e
3087,3087,0,1e
3088,3088,0,1e
3089,3089,0,1e
3090,3090,0,1e
3091,3091,0,1e
3092,3092,0,1e
3093,3093,0,1e
3094,3094,0,1e
3095,3095,0,1e
3096,3096,0,1e
3097,3097,0,1e
3098,3098,0,1e
3099,3099,0,1e
3100,3100,0,1e
3101,3101,0,1e
3102,3102,0,1e
3103,3103,0,1e
3104,3104,0,1e
3105,3105,0,1e
3106,3106,0,1e
3107,3107,0,1e
3108,3108,0,1e
3109,3109,0,1e
3110,3110,0,1e
3111,3111,0,1e
3112,3112,0,1e
3113,3113,0,1e
3114,3114,0,1e
3115,3115,0,1e
3116,3116,0,1e
3117,3117,0,1e
3118,3118,0,1e
3119,3119,0,1e
3120,3120,0,1e
3121,3121,0,1e
3122,3122,0,1e
3123,3123,0,1e
3124,3124,0,1e
3125,3125,0,1e
3126,3126,0,1e
3127,3127,0,1e
3128,3128,0,1e
3129,3129,0,1e
3130,3130,0,1e
3131,3131,0,1e
3132,3132,0,1e
3133,3133,0,1e
3134,3134,0,1e
3135,3135,0,1e
3136,3136,0,1e
3137,3137,0,1e
3138,3138,0,1e
3139,3139,0,1e
3140,3140,0,1e
3141,3141,0,1e
3142,3142,0,1e
3143,3143,0,1e
3144,3144,0,1e
3145,3145,0,1e
3146,3146,0,1e
3147,3147,0,1e
3148,3148,0,1e
3149,3149,0,1e
3150,3150,0,1e
3151,3151,0,1e
3152,3152,0,1e
3153,3153,0,1e
3154,3154,0,1e
3155,3155,0,1e
3156,3156,0,1e
3157,3157,0,1e
3158,3158,0,1e
3159,3159,0,1e
3160,3160,0,1e
3161,3161,0,1e
3162,3162,0,1e
3163,3163,0,1e
3164,3164,0,1e
3165,3165,0,1e
3166,3166,0,1e
3167,3167,0,1e
3168,3168,0,1e
3169,3169,0,1e
3170,3170,0,1e
3171,3171,0,1e
3172,3172,0,1e
3173,3173,0,1e
3174,3174,0,1e
3175,3175,0,1e
3176,3176,0,1e
3177,3177,0,1e
3178,3178,0,1e
3179,3179,0,1e
3180,3180,0,1e
3181,3181,0,1e
3182,3182,0,1e
3183,3183,0,1e
3184,3184,0,1e
3185,3185,0,1e
3186,3186,0,1e
3187,3187,0,1e
3188,3188,0,1e
3189,3189,0,1e
3190,3190,0,1e
3191,3191,0,1e
3192,3192,0,1e
3193,3193,0,1e
3194,3194,0,1e
3195,3195,0,1e
3196,3196,0,1e
3197,3197,0,1e
3198,3198,0,1e
3199,3199,0,1e
3200,3200,0,1e
3201,3201,0,1e
3202,3202,0,1e
3203,3203,0,1e
3204,3204,0,1e
3205,3205,0,1e
3206,3206,0,1e
3207,3207,0,1e
3208,3208,0,1e
3209,3209,0,1e
3210,3210,0,1e
3211,3211,0,1e
3212,3212,0,1e
3213,3213,0,1e
3214,3214,0,1e
3215,3215,0,1e
3216,3216,0,1e
3217,3217,0,1e
3218,3218,0,1e
3219,3219,0,1e
3220,3220,0,1e
3221,3221,0,1e
3222,3222,0,1e
3223,3223,0,1e
3224,3224,0,1e
3225,3225,0,1e
3226,3226,0,1e
3227,3227,0,1e
3228,3228,0,1e
3229,3229,0,1e
3230,3230,0,1e
3231,3231,0,1e
3232,3232,0,1e
3233,3233,0,1e
3234,3234,0,1e
3235,3235,0,1e
3236,3236,0,1e
3237,3237,0,1e
3238,3238,0,1e
3239,3239,0,1e
3240,3240,0,1e
3241,3241,0,1e
3242,3242,0,1e
3243,3243,0,1e
3244,3244,0,1e
3245,3245,0,1e
3246,3246,0,1e
3247,3247,0,1e
3248,3248,0,1e
3249,3249,0,1e
3250,3250,0,1e
3251,3251,0,1e
3252,3252,0,1e
3253,3253,0,1e
3254,3254,0,1e
3255,3255,0,1e
3256,3256,0,1e
3257,3257,0,1e
3258,3258,0,1e
3259,3259,0,1e
3260,3260,0,1e
3261,3261,0,1e
3262,3262,0,1e
3263,3263,0,1e
3264,3264,0,1e
3265,3265,0,1e
3266,3266,0,1e
3267,3267,0,1e
3268,3268,0,1e
3269,3269,0,1e
3270,3270,0,1e
3271,3271,0,1e
3272,3272,0,1e
3273,3273,0,1e
3274,3274,0,1e
3275,3275,0,1e
3276,3276,0,1e
3277,3277,0,1e
3278,3278,0,1e
3279,3279,0,1e
3280,3280,0,1e
3281,3281,0,1e
3282,3282,0,1e
3283,3283,0,1e
3284,3284,0,1e
3285,3285,0,1e
3286,3286,0,1e
3287,3287,0,1e
3288,3288,0,1e
3289,3289,0,1e
3290,3290,0,1e
3291,3291,0,1e
3292,3292,0,1e
3293,3293,0,1e
3294,3294,0,1e
3295,3295,0,1e
3296,3296,0,1e
3297,3297,0,1e
3298,3298,0,1e
3299,3299,0,1e
3300,3300,0,1e
3301,3301,0,1e
3302,3302,0,1e
3303,3303,0,1e
3304,3304,0,1e
3305,3305,0,1e
3306,3306,0,1e
3307,3307,0,1e
3308,3308,0,1e
3309,3309,0,1e
3310,3310,0,1e
3311,3311,0,1e
3312,3312,0,1e
3313,3313,0,1e
3314,3314,0,1e
3315,3315,0,1e
3316,3316,0,1e
3317,3317,0,1e
3318,3318,0,1e
3319,3319,0,1e
3320,3320,0,1e
3321,3321,0,1e
3322,3322,0,1e
3323,3323,0,1e
3324,3324,0,1e
3325,3325,0,1e
3326,3326,0,1e
3327,3327,0,1e
3328,3328,0,1e
3329,3329,0,1e
3330,3330,0,1e
3331,3331,0,1e
3332,3332,0,1e
3333,3333,0,1e
3334,3334,0,1e
3335,3335,0,1e
3336,3336,0,1e
3337,3337,0,1e
3338,3338,0,1e
3339,3339,0,1e
3340,3340,0,1e
3341,3341,0,1e
3342,3342,0,1e
3343,3343,0,1e
3344,3344,0,1e
3345,3345,0,1e
3346,3346,0,1e
3347,3347,0,1e
3348,3348,0,1e
3349,3349,0,1e
3350,3350,0,1e
3351,3351,0,1e
3352,3352,0,1e
3353,3353,0,1e
3354,3354,0,1e
3355,3355,0,1e
3356,3356,0,1e
3357,3357,0,1e
3358,3358,0,1e
3359,3359,0,1e
3360,3360,0,1e
3361,3361,0,1e
3362,3362,0,1e
3363,3363,0,1e
3364,3364,0,1e
3365,3365,0,1e
3366,3366,0,1e
3367,3367,0,1e
3368,3368,0,1e
3369,3369,0,1e
3370,3370,0,1e
3371,3371,0,1e
3372,3372,0,1e
3373,3373,0,1e
3374,3374,0,1e
3375,3375,0,1e
3376,3376,0,1e
3377,3377,0,1e
3378,3378,0,1e
3379,3379,0,1e
3380,3380,0,1e
3381,3381,0,1e
3382,3382,0,1e
3383,3383,0,1e
3384,3384,0,1e
3385,3385,0,1e
3386,3386,0,1e
3387,3387,0,1e
3388,3388,0,1e
3389,3389,0,1e
3390,3390,0,1e
3391,3391,0,1e
3392,3392,0,1e
3393,3393,0,1e
3394,3394,0,1e
3395,3395,0,1e
3396,3396,0,1e
3397,3397,0,1e
3398,3398,0,1e
3399,3399,0,1e
3400,3400,0,1e
3401,3401,0,1e
3402,3402,0,1e
3403,3403,0,1e
3404,3404,0,1e
3405,3405,0,1e
3406,3406,0,1e
3407,3407,0,1e
3408,3408,0,1e
3409,3409,0,1e
3410,3410,0,1e
3411,3411,0,1e
3412,3412,0,1e
3413,3413,0,1e
3414,3414,0,1e
3415,3415,0,1e
3416,3416,0,1e
3417,3417,0,1e
3418,3418,0,1e
3419,3419,0,1e
3420,3420,0,1e
3421,3421,0,1e
3422,3422,0,1e
3423,3423,0,1e
3424,3424,0,1e
3425,3425,0,1e
3426,3426,0,1e
3427,3427,0,1e
3428,3428,0,1e
3429,3429,0,1e
3430,3430,0,1e
3431,3431,0,1e
3432,3432,0,1e
3433,3433,0,1e
3434,3434,0,1e
3435,3435,0,1e
3436,3436,0,1e
3437,3437,0,1e
3438,3438,0,1e
3439,3439,0,1e
3440,3440,0,1e
3441,3441,0,1e
3442,3442,0,1e
3443,3443,0,1e
3444,3444,0,1e
3445,3445,0,1e
3446,3446,0,1e
3447,3447,0,1e
3448,3448,0,1e
3449,3449,0,1e
3450,3450,0,1e
3451,3451,0,1e
3452,3452,0,1e
3453,3453,0,1e
3454,3454,0,1e
3455,3455,0,1e
3456,3456,0,1e
3457,3457,0,1e
3458,3458,0,1e
3459,3459,0,1e
3460,3460,0,1e
3461,3461,0,1e
3462,3462,0,1e
3463,3463,0,1e
3464,3464,0,1e
3465,3465,0,1e
3466,3466,0,1e
3467,3467,0,1e
3468,3468,0,1e
3469,3469,0,1e
3470,3470,0,1e
3471,3471,0,1e
3472,3472,0,1e
3473,3473,0,1e
3474,3474,0,1e
3475,3475,0,1e
3476,3476,0,1e
3477,3477,0,1e
3478,3478,0,1e
3479,3479,0,1e
3480,3480,0,1e
3481,3481,0,1e
3482,3482,0,1e
3483,3483,0,1e
3484,3484,0,1e
3485,3485,0,1e
3486,3486,0,1e
3487,3487,0,1e
3488,3488,0,1e
3489,3489,0,1e
3490,3490,0,1e
3491,3491,0,1e
3492,3492,0,1e
3493,3493,0,1e
3494,3494,0,1e
3495,3495,0,1e
3496,3496,0,1e
3497,3497,0,1e
3498,3498,0,1e
3499,3499,0,1e
3500,3500,0,1e
3501,3501,0,1e
3502,3502,0,1e
3503,3503,0,1e
3504,3504,0,1e
3505,3505,0,1e
3506,3506,0,1e
3507,3507,0,1e
3508,3508,0,1e
3509,3509,0,1e
3510,3510,0,1e
3511,3511,0,1e
3512,3512,0,1e
3513,3513,0,1e
3514,3514,0,1e
3515,3515,0,1e
3516,3516,0,1e
3517,3517,0,1e
3518,3518,0,1e
3519,3519,0,1e
3520,3520,0,1e
3521,3521,0,1e
3522,3522,0,1e
3523,3523,0,1e
3524,3524,0,1e
3525,3525,0,1e
3526,3526,0,1e
3527,3527,0,1e
3528,3528,0,1e
3529,3529,0,1e
3530,3530,0,1e
3531,3531,0,1e
3532,3532,0,1e
3533,3533,0,1e
3534,3534,0,1e
3535,3535,0,1e
3536,3536,0,1e
3537,3537,0,1e
3538,3538,0,1e
3539,3539,0,1e
3540,3540,0,1e
3541,3541,0,1e
3542,3542,0,1e
3543,3543,0,1e
3544,3544,0,1e
3545,3545,0,1e
3546,3546,0,1e
3547,3547,0,1e
3548,3548,0,1e
3549,3549,0,1e
3550,3550,0,1e
3551,3551,0,1e
3552,3552,0,1e
3553,3553,0,1e
3554,3554,0,1e
3555,3555,0,1e
3556,3556,0,1e
3557,3557,0,1e
3558,3558,0,1e
3559,3559,0,1e
3560,3560,0,1e
3561,3561,0,1e
3562,3562,0,1e
3563,3563,0,1e
3564,3564,0,1e
3565,3565,0,1e
3566,3566,0,1e
3567,3567,0,1e
3568,3568,0,1e
3569,3569,0,1e
3570,3570,0,1e
3571,3571,0,1e
3572,3572,0,1e
3573,3573,0,1e
3574,3574,0,1e
3575,3575,0,1e
3576,3576,0,1e
3577,3577,0,1e
3578,3578,0,1e
3579,3579,0,1e
3580,3580,0,1e
3581,3581,0,1e
3582,3582,0,1e
3583,3583,0,1e
3584,3584,0,1e
3585,3585,0,1e
3586,3586,0,1e
3587,3587,0,1e
3588,3588,0,1e
3589,3589,0,1e
3590,3590,0,1e
3591,3591,0,1e
3592,3592,0,1e
3593,3593,0,1e
3594,3594,0,1e
3595,3595,0,1e
3596,3596,0,1e
3597,3597,0,1e
3598,3598,0,1e
3599,3599,0,1e
3600,3600,0,1e
3601,3601,0,1e
3602,3602,0,1e
3603,3603,0,1e
3604,3604,0,1e
3605,3605,0,1e
3606,3606,0,1e
3607,3607,0,1e
3608,3608,0,1e
3609,3609,0,1e
3610,3610,0,1e
3611,3611,0,1e
3612,3612,0,1e
3613,3613,0,1e
3614,3614,0,1e
3615,3615,0,1e
3616,3616,0,1e
3617,3617,0,1e
3618,3618,0,1e
3619,3619,0,1e
3620,3620,0,1e
3621,3621,0,1e
3622,3622,0,1e
3623,3623,0,1e
3624,3624,0,1e
3625,3625,0,1e
3626,3626,0,1e
3627,3627,0,1e
3628,3628,0,1e
3629,3629,0,1e
3630,3630,0,1e
3631,3631,0,1e
3632,3632,0,1e
3633,3633,0,1e
3634,3634,0,1e
3635,3635,0,1e
3636,3636,0,1e
3637,3637,0,1e
3638,3638,0,1e
3639,3639,0,1e
3640,3640,0,1e
3641,3641,0,1e
3642,3642,0,1e
3643,3643,0,1e
3644,3644,0,1e
3645,3645,0,1e
3646,3646,0,1e
3647,3647,0,1e
3648,3648,0,1e
3649,3649,0,1e
3650,3650,0,1e
3651,3651,0,1e
3652,3652,0,1e
3653,3653,0,1e
3654,3654,0,1e
3655,3655,0,1e
3656,3656,0,1e
3657,3657,0,1e
3658,3658,0,1e
3659,3659,0,1e
3660,3660,0,1e
3661,3661,0,1e
3662,3662,0,1e
3663,3663,0,1e
3664,3664,0,1e
3665,3665,0,1e
3666,3666,0,1e
3667,3667,0,1e
3668,3668,0,1e
3669,3669,0,1e
3670,3670,0,1e
3671,3671,0,1e
3672,3672,0,1e
3673,3673,0,1e
3674,3674,0,1e
3675,3675,0,1e
3676,3676,0,1e
3677,3677,0,1e
3678,3678,0,1e
3679,3679,0,1e
3680,3680,0,1e
3681,3681,0,1e
3682,3682,0,1e
3683,3683,0,1e
3684,3684,0,1e
3685,3685,0,1e
3686,3686,0,1e
3687,3687,0,1e
3688,3688,0,1e
3689,3689,0,1e
3690,3690,0,1e
3691,3691,0,1e
3692,3692,0,1e
3693,3693,0,1e
3694,3694,0,1e
3695,3695,0,1e
3696,3696,0,1e
3697,3697,0,1e
3698,3698,0,1e
3699,3699,0,1e
3700,3700,0,1e
3701,3701,0,1e
3702,3702,0,1e
3703,3703,0,1e
3704,3704,0,1e
3705,3705,0,1e
3706,3706,0,1e
3707,3707,0,1e
3708,3708,0,1e
3709,3709,0,1e
3710,3710,0,1e
3711,3711,0,1e
3712,3712,0,1e
3713,3713,0,1e
3714,3714,0,1e
3715,3715,0,1e
3716,3716,0,1e
3717,3717,0,1e
3718,3718,0,1e
3719,3719,0,1e
3720,3720,0,1e
3721,3721,0,1e
3722,3722,0,1e
3723,3723,0,1e
3724,3724,0,1e
3725,3725,0,1e
3726,3726,0,1e
3727,3727,0,1e
3728,3728,0,1e
3729,3729,0,1e
3730,3730,0,1e
3731,3731,0,1e
3732,3732,0,1e
3733,3733,0,1e
3734,3734,0,1e
3735,3735,0,1e
3736,3736,0,1e
3737,3737,0,1e
3738,3738,0,1e
3739,3739,0,1e
3740,3740,0,1e
3741,3741,0,1e
3742,3742,0,1e
3743,3743,0,1e
3744,3744,0,1e
3745,3745,0,1e
3746,3746,0,1e
3747,3747,0,1e
3748,3748,0,1e
3749,3749,0,1e
3750,3750,0,1e
3751,3751,0,1e
3752,3752,0,1e
3753,3753,0,1e
3754,3754,0,1e
3755,3755,0,1e
3756,3756,0,1e
3757,3757,0,1e
3758,3758,0,1e
3759,3759,0,1e
3760,3760,0,1e
3761,3761,0,1e
3762,3762,0,1e
3763,3763,0,1e
3764,3764,0,1e
3765,3765,0,1e
3766,3766,0,1e
3767,3767,0,1e
3768,3768,0,1e
3769,3769,0,1e
3770,3770,0,1e
3771,3771,0,1e
3772,3772,0,1e
3773,3773,0,1e
3774,3774,0,1e
3775,3775,0,1e
3776,3776,0,1e
3777,3777,0,1e
3778,3778,0,1e
3779,3779,0,1e
3780,3780,0,1e
3781,3781,0,1e
3782,3782,0,1e
3783,3783,0,1e
3784,3784,0,1e
3785,3785,0,1e
3786,3786,0,1e
3787,3787,0,1e
3788,3788,0,1e
3789,3789,0,1e
3790,3790,0,1e
3791,3791,0,1e
3792,3792,0,1e
3793,3793,0,1e
3794,3794,0,1e
3795,3795,0,1e
3796,3796,0,1e
3797,3797,0,1e
3798,3798,0,1e
3799,3799,0,1e
3800,3800,0,1e
3801,3801,0,1e
3802,3802,0,1e
3803,3803,0,1e
3804,3804,0,1e
3805,3805,0,1e
3806,3806,0,1e
3807,3807,0,1e
3808,3808,0,1e
3809,3809,0,1e
3810,3810,0,1e
3811,3811,0,1e
3812,3812,0,1e
3813,3813,0,1e
3814,3814,0,1e
3815,3815,0,1e
3816,3816,0,1e
3817,3817,0,1e
3818,3818,0,1e
3819,3819,0,1e
3820,3820,0,1e
3821,3821,0,1e
3822,3822,0,1e
3823,3823,0,1e
3824,3824,0,1e
3825,3825,0,1e
3826,3826,0,1e
3827,3827,0,1e
3828,3828,0,1e
3829,3829,0,1e
3830,3830,0,1e
3831,3831,0,1e
3832,3832,0,1e
3833,3833,0,1e
3834,3834,0,1e
3835,3835,0,1e
3836,3836,0,1e
3837,3837,0,1e
3838,3838,0,1e
3839,3839,0,1e
3840,3840,0,1e
3841,3841,0,1e
3842,3842,0,1e
3843,3843,0,1e
3844,3844,0,1e
3845,3845,0,1e
3846,3846,0,1e
3847,3847,0,1e
3848,3848,0,1e
3849,3849,0,1e
3850,3850,0,1e
3851,3851,0,1e
3852,3852,0,1e
3853,3853,0,1e
3854,3854,0,1e
3855,3855,0,1e
3856,3856,0,1e
3857,3857,0,1e
3858,3858,0,1e
3859,3859,0,1e
3860,3860,0,1e
3861,3861,0,1e
3862,3862,0,1e
3863,3863,0,1e
3864,3864,0,1e
3865,3865,0,1e
3866,3866,0,1e
3867,3867,0,1e
3868,3868,0,1e
3869,3869,0,1e
3870,3870,0,1e
3871,3871,0,1e
3872,3872,0,1e
3873,3873,0,1e
3874,3874,0,1e
3875,3875,0,1e
3876,3876,0,1e
3877,3877,0,1e
3878,3878,0,1e
3879,3879,0,1e
3880,3880,0,1e
3881,3881,0,1e
3882,3882,0,1e
3883,3883,0,1e
3884,3884,0,1e
3885,3885,0,1e
3886,3886,0,1e
3887,3887,0,1e
3888,3888,0,1e
3889,3889,0,1e
3890,3890,0,1e
3891,3891,0,1e
3892,3892,0,1e
3893,3893,0,1e
3894,3894,0,1e
3895,3895,0,1e
3896,3896,0,1e
3897,3897,0,1e
3898,3898,0,1e
3899,3899,0,1e
3900,3900,0,1e
3901,3901,0,1e
3902,3902,0,1e
3903,3903,0,1e
3904,3904,0,1e
3905,3905,0,1e
3906,3906,0,1e
3907,3907,0,1e
3908,3908,0,1e
3909,3909,0,1e
3910,3910,0,1e
3911,3911,0,1e
3912,3912,0,1e
3913,3913,0,1e
3914,3914,0,1e
3915,3915,0,1e
3916,3916,0,1e
3917,3917,0,1e
3918,3918,0,1e
3919,3919,0,1e
3920,3920,0,1e
3921,3921,0,1e
3922,3922,0,1e
3923,3923,0,1e
3924,3924,0,1e
3925,3925,0,1e
3926,3926,0,1e
3927,3927,0,1e
3928,3928,0,1e
3929,3929,0,1e
3930,3930,0,1e
3931,3931,0,1e
3932,3932,0,1e
3933,3933,0,1e
3934,3934,0,1e
3935,3935,0,1e
3936,3936,0,1e
3937,3937,0,1e
3938,3938,0,1e
3939,3939,0,1e
3940,3940,0,1e
3941,3941,0,1e
3942,3942,0,1e
3943,3943,0,1e
3944,3944,0,1e
3945,3945,0,1e
3946,3946,0,1e
3947,3947,0,1e
3948,3948,0,1e
3949,3949,0,1e
3950,3950,0,1e
3951,3951,0,1e
3952,3952,0,1e
3953,3953,0,1e
3954,3954,0,1e
3955,3955,0,1e
3956,3956,0,1e
3957,3957,0,1e
3958,3958,0,1e
3959,3959,0,1e
3960,3960,0,1e
3961,3961,0,1e
3962,3962,0,1e
3963,3963,0,1e
3964,3964,0,1e
3965,3965,0,1e
3966,3966,0,1e
3967,3967,0,1e
3968,3968,0,1e
3969,3969,0,1e
3970,3970,0,1e
3971,3971,0,1e
3972,3972,0,1e
3973,3973,0,1e
3974,3974,0,1e
3975,3975,0,1e
3976,3976,0,1e
3977,3977,0,1e
3978,3978,0,1e
3979,3979,0,1e
3980,3980,0,1e
3981,3981,0,1e
3982,3982,0,1e
3983,3983,0,1e
3984,3984,0,1e
3985,3985,0,1e
3986,3986,0,1e
3987,3987,0,1e
3988,3988,0,1e
3989,3989,0,1e
3990,3990,0,1e
3991,3991,0,1e
3992,3992,0,1e
3993,3993,0,1e
3994,3994,0,1e
3995,3995,0,1e
3996,3996,0,1e
3997,3997,0,1e
3998,3998,0,1e
3999,3999,0,1e
4000,4000,0,1e
4001,4001,0,1e
4002,4002,0,1e
4003,4003,0,1e
4004,4004,0,1e
4005,4005,0,1e
4006,4006,0,1e
4007,4007,0,1e
4008,4008,0,1e
4009,4009,0,1e
4010,4010,0,1e
4011,4011,0,1e
4012,4012,0,1e
4013,4013,0,1e
4014,4014,0,1e
4015,4015,0,1e
4016,4016,0,1e
4017,4017,0,1e
4018,4018,0,1e
4019,4019,0,1e
4020,4020,0,1e
4021,4021,0,1e
4022,4022,0,1e
4023,4023,0,1e
4024,4024,0,1e
4025,4025,0,1e
4026,4026,0,1e
4027,4027,0,1e
4028,4028,0,1e
4029,4029,0,1e
4030,4030,0,1e
4031,4031,0,1e
4032,4032,0,1e
4033,4033,0,1e
4034,4034,0,1e
4035,4035,0,1e
4036,4036,0,1e
4037,4037,0,1e
4038,4038,0,1e
4039,4039,0,1e
4040,4040,0,1e
4041,4041,0,1e
4042,4042,0,1e
4043,4043,0,1e
4044,4044,0,1e
4045,4045,0,1e
4046,4046,0,1e
4047,4047,0,1e
4048,4048,0,1e
4049,4049,0,1e
4050,4050,0,1e
4051,4051,0,1e
4052,4052,0,1e
4053,4053,0,1e
4054,4054,0,1e
4055,4055,0,1e
4056,4056,0,1e
4057,4057,0,1e
4058,4058,0,1e
4059,4059,0,1e
4060,4060,0,1e
4061,4061,0,1e
4062,4062,0,1e
4063,4063,0,1e
4064,4064,0,1e
4065,4065,0,1e
4066,4066,0,1e
4067,4067,0,1e
4068,4068,0,1e
4069,4069,0,1e
4070,4070,0,1e
4071,4071,0,1e
4072,4072,0,1e
4073,4073,0,1e
4074,4074,0,1e
4075,4075,0,1e
4076,4076,0,1e
4077,4077,0,1e
4078,4078,0,1e
4079,4079,0,1e
4080,4080,0,1e
4081,4081,0,1e
4082,4082,0,1e
4083,4083,0,1e
4084,4084,0,1e
4085,4085,0,1e
4086,4086,0,1e
4087,4087,0,1e
4088,4088,0,1e
4089,4089,0,1e
4090,4090,0,1e
4091,4091,0,1e
4092,4092,0,1e
4093,4093,0,1e
4094,4094,0,1e
4095,4095,0,1e
4096,4096,1,1e
4097,4097,0,1e
4098,4098,0,1e
4099,4099,0,1e
4100,4100,0,1e
4101,4101,0,1e
4102,4102,0,1e
4103,4103,0,1e
4104,4104,0,1e
4105,4105,0,1e
4106,4106,0,1e
4107,4107,0,1e
4108,4108,0,1e
4109,4109,0,1e
4110,4110,0,1e
4111,4111,0,1e
4112,4112,0,1e
4113,4113,0,1e
4114,4114,0,1e
4115,4115,0,1e
4116,4116,0,1e
4117,4117,0,1e
4118,4118,0,1e
4119,4119,0,1e
4120,4120,0,1e
4121,4121,0,1e
4122,4122,0,1e
4123,4123,0,1e
4124,4124,0,1e
4125,4125,0,1e
4126,4126,0,1e
4127,4127,0,1e
4128,4128,0,1e
4129,4129,0,1e
4130,4130,0,1e
4131,4131,0,1e
4132,4132,0,1e
4133,4133,0,1e
4134,4134,0,1e
4135,4135,0,1e
4136,4136,0,1e
4137,4137,0,1e
4138,4138,0,1e
4139,4139,0,1e
4140,4140,0,1e
4141,4141,0,1e
4142,4142,0,1e
4143,4143,0,1e
4144,4144,0,1e
4145,4145,0,1e
4146,4146,0,1e
4147,4147,0,1e
4148,4148,0,1e
4149,4149,0,1e
4150,4150,0,1e
4151,4151,0,1e
4152,4152,0,1e
4153,4153,0,1e
4154,4154,0,1e
4155,4155,0,1e
4156,4156,0,1e
4157,4157,0,1e
4158,4158,0,1e
4159,4159,0,1e
4160,4160,0,1e
4161,4161,0,1e
4162,4162,0,1e
4163,4163,0,1e
4164,4164,0,1e
4165,4165,0,1e
4166,4166,0,1e
4167,4167,0,1e
4168,4168,0,1e
4169,4169,0,1e
4170,4170,0,1e
4171,4171,0,1e
4172,4172,0,1e
4173,4173,0,1e
4174,4174,0,1e
4175,4175,0,1e
4176,4176,0,1e
4177,4177,0,1e
4178,4178,0,1e
4179,4179,0,1e
4180,4180,0,1e
4181,4181,0,1e
4182,4182,0,1e
4183,4183,0,1e
4184,4184,0,1e
4185,4185,0,1e
4186,4186,0,1e
4187,4187,0,1e
4188,4188,0,1e
4189,4189,0,1e
4190,4190,0,1e
4191,4191,0,1e
4192,4192,0,1e
4193,4193,0,1e
4194,4194,0,1e
4195,4195,0,1e
4196,4196,0,1e
4197,4197,0,1e
4198,4198,0,1e
4199,4199,0,1e
4200,4200,0,1e
4201,4201,0,1e
4202,4202,0,1e
4203,4203,0,1e
4204,4204,0,1e
4205,4205,0,1e
4206,4206,0,1e
4207,4207,0,1e
4208,4208,0,1e
4209,4209,0,1e
4210,4210,0,1e
4211,4211,0,1e
4212,4212,0,1e
4213,4213,0,1e
4214,4214,0,1e
4215,4215,0,1e
4216,4216,0,1e
4217,4217,0,1e
4218,4218,0,1e
4219,4219,0,1e
4220,4220,0,1e
4221,4221,0,1e
4222,4222,0,1e
4223,4223,0,1e
4224,4224,0,1e
4225,4225,0,1e
4226,4226,0,1e
4227,4227,0,1e
4228,4228,0,1e
4229,4229,0,1e
4230,4230,0,1e
4231,4231,0,1e
4232,4232,0,1e
4233,4233,0,1e
4234,4234,0,1e
4235,4235,0,1e
4236,4236,0,1e
4237,4237,0,1e
4238,4238,0,1e
4239,4239,0,1e
4240,4240,0,1e
4241,4241,0,1e
4242,4242,0,1e
4243,4243,0,1e
4244,4244,0,1e
4245,4245,0,1e
4246,4246,0,1e
4247,4247,0,1e
4248,4248,0,1e
4249,4249,0,1e
4250,4250,0,1e
4251,4251,0,1e
4252,4252,0,1e
4253,4253,0,1e
4254,4254,0,1e
4255,4255,0,1e
4256,4256,0,1e
4257,4257,0,1e
4258,4258,0,1e
4259,4259,0,1e
4260,4260,0,1e
4261,4261,0,1e
4262,4262,0,1e
4263,4263,0,1e
4264,4264,0,1e
4265,4265,0,1e
4266,4266,0,1e
4267,4267,0,1e
4268,4268,0,1e
4269,4269,0,1e
4270,4270,0,1e
4271,4271,0,1e
4272,4272,0,1e
4273,4273,0,1e
4274,4274,0,1e
4275,4275,0,1e
4276,4276,0,1e
4277,4277,0,1e
4278,4278,0,1e
4279,4279,0,1e
4280,4280,0,1e
4281,4281,0,1e
4282,4282,0,1e
4283,4283,0,1e
4284,4284,0,1e
4285,4285,0,1e
4286,4286,0,1e
4287,4287,0,1e
4288,4288,0,1e
4289,4289,0,1e
4290,4290,0,1e
4291,4291,0,1e
4292,4292,0,1e
4293,4293,0,1e
4294,4294,0,1e
4295,4295,0,1e
4296,4296,0,1e
4297,4297,0,1e
4298,4298,0,1e
4299,4299,0,1e
4300,4300,0,1e
4301,4301,0,1e
4302,4302,0,1e
4303,4303,0,1e
4304,4304,0,1e
4305,4305,0,1e
4306,4306,0,1e
4307,4307,0,1e
4308,4308,0,1e
4309,4309,0,1e
4310,4310,0,1e
4311,4311,0,1e
4312,4312,0,1e
4313,4313,0,1e
4314,4314,0,1e
4315,4315,0,1e
4316,4316,0,1e
4317,4317,0,1e
4318,4318,0,1e
4319,4319,0,1e
4320,4320,0,1e
4321,4321,0,1e
4322,4322,0,1e
4323,4323,0,1e
4324,4324,0,1e
4325,4325,0,1e
4326,4326,0,1e
4327,4327,0,1e
4328,4328,0,1e
4329,4329,0,1e
4330,4330,0,1e
4331,4331,0,1e
4332,4332,0,1e
4333,4333,0,1e
4334,4334,0,1e
4335,4335,0,1e
4336,4336,0,1e
4337,4337,0,1e
4338,4338,0,1e
4339,4339,0,1e
4340,4340,0,1e
4341,4341,0,1e
4342,4342,0,1e
4343,4343,0,1e
4344,4344,0,1e
4345,4345,0,1e
4346,4346,0,1e
4347,4347,0,1e
4348,4348,0,1e
4349,4349,0,1e
4350,4350,0,1e
4351,4351,0,1e
4352,4352,0,1e
4353,4353,0,1e
4354,4354,0,1e
4355,4355,0,1e
4356,4356,0,1e
4357,4357,0,1e
4358,4358,0,1e
4359,4359,0,1e
4360,4360,0,1e
4361,4361,0,1e
4362,4362,0,1e
4363,4363,0,1e
4364,4364,0,1e
4365,4365,0,1e
4366,4366,0,1e
4367,4367,0,1e
4368,4368,0,1e
4369,4369,0,1e
4370,4370,0,1e
4371,4371,0,1e
4372,4372,0,1e
4373,4373,0,1e
4374,4374,0,1e
4375,4375,0,1e
4376,4376,0,1e
4377,4377,0,1e
4378,4378,0,1e
4379,4379,0,1e
4380,4380,0,1e
4381,4381,0,1e
4382,4382,0,1e
4383,4383,0,1e
4384,4384,0,1e
4385,4385,0,1e
4386,4386,0,1e
4387,4387,0,1e
4388,4388,0,1e
4389,4389,0,1e
4390,4390,0,1e
4391,4391,0,1e
4392,4392,0,1e
4393,4393,0,1e
4394,4394,0,1e
4395,4395,0,1e
4396,4396,0,1e
4397,4397,0,1e
4398,4398,0,1e
4399,4399,0,1e
4400,4400,0,1e
4401,4401,0,1e
4402,4402,0,1e
4403,4403,0,1e
4404,4404,0,1e
4405,4405,0,1e
4406,4406,0,1e
4407,4407,0,1e
4408,4408,0,1e
4409,4409,0,1e
4410,4410,0,1e
4411,4411,0,1e
4412,4412,0,1e
4413,4413,0,1e
4414,4414,0,1e
4415,4415,0,1e
4416,4416,0,1e
4417,4417,0,1e
4418,4418,0,1e
4419,4419,0,1e
4420,4420,0,1e
4421,4421,0,1e
4422,4422,0,1e
4423,4423,0,1e
4424,4424,0,1e
4425,4425,0,1e
4426,4426,0,1e
4427,4427,0,1e
4428,4428,0,1e
4429,4429,0,1e
4430,4430,0,1e
4431,4431,0,1e
4432,4432,0,1e
4433,4433,0,1e
4434,4434,0,1e
4435,4435,0,1e
4436,4436,0,1e
4437,4437,0,1e
4438,4438,0,1e
4439,4439,0,1e
4440,4440,0,1e
4441,4441,0,1e
4442,4442,0,1e
4443,4443,0,1e
4444,4444,0,1e
4445,4445,0,1e
4446,4446,0,1e
4447,4447,0,1e
4448,4448,0,1e
4449,4449,0,1e
4450,4450,0,1e
4451,4451,0,1e
4452,4452,0,1e
4453,4453,0,1e
4454,4454,0,1e
4455,4455,0,1e
4456,4456,0,1e
4457,4457,0,1e
4458,4458,0,1e
4459,4459,0,1e
4460,4460,0,1e
4461,4461,0,1e
4462,4462,0,1e
4463,4463,0,1e
4464,4464,0,1e
4465,4465,0,1e
4466,4466,0,1e
4467,4467,0,1e
4468,4468,0,1e
4469,4469,0,1e
4470,4470,0,1e
4471,4471,0,1e
4472,4472,0,1e
4473,4473,0,1e
4474,4474,0,1e
4475,4475,0,1e
4476,4476,0,1e
4477,4477,0,1e
4478,4478,0,1e
4479,4479,0,1e
4480,4480,0,1e
4481,4481,0,1e
4482,4482,0,1e
4483,4483,0,1e
4484,4484,0,1e
4485,4485,0,1e
4486,4486,0,1e
4487,4487,0,1e
4488,4488,0,1e
4489,4489,0,1e
4490,4490,0,1e
4491,4491,0,1e
4492,4492,0,1e
4493,4493,0,1e
4494,4494,0,1e
4495,4495,0,1e
4496,4496,0,1e
4497,4497,0,1e
4498,4498,0,1e
4499,4499,0,1e
4500,4500,0,1e
4501,4501,0,1e
4502,4502,0,1e
4503,4503,0,1e
4504,4504,0,1e
4505,4505,0,1e
4506,4506,0,1e
4507,4507,0,1e
4508,4508,0,1e
4509,4509,0,1e
4510,4510,0,1e
4511,4511,0,1e
4512,4512,0,1e
4513,4513,0,1e
4514,4514,0,1e
4515,4515,0,1e
4516,4516,0,1e
4517,4517,0,1e
4518,4518,0,1e
4519,4519,0,1e
4520,4520,0,1e
4521,4521,0,1e
4522,4522,0,1e
4523,4523,0,1e
4524,4524,0,1e
4525,4525,0,1e
4526,4526,0,1e
4527,4527,0,1e
4528,4528,0,1e
4529,4529,0,1e
4530,4530,0,1e
4531,4531,0,1e
4532,4532,0,1e
4533,4533,0,1e
4534,4534,0,1e
4535,4535,0,1e
4536,4536,0,1e
4537,4537,0,1e
4538,4538,0,1e
4539,4539,0,1e
4540,4540,0,1e
4541,4541,0,1e
4542,4542,0,1e
4543,4543,0,1e
4544,4544,0,1e
4545,4545,0,1e
4546,4546,0,1e
4547,4547,0,1e
4548,4548,0,1e
4549,4549,0,1e
4550,4550,0,1e
4551,4551,0,1e
4552,4552,0,1e
4553,4553,0,1e
4554,4554,0,1e
4555,4555,0,1e
4556,4556,0,1e
4557,4557,0,1e
4558,4558,0,1e
4559,4559,0,1e
4560,4560,0,1e
4561,4561,0,1e
4562,4562,0,1e
4563,4563,0,1e
4564,4564,0,1e
4565,4565,0,1e
4566,4566,0,1e
4567,4567,0,1e
4568,4568,0,1e
4569,4569,0,1e
4570,4570,0,1e
4571,4571,0,1e
4572,4572,0,1e
4573,4573,0,1e
4574,4574,0,1e
4575,4575,0,1e
4576,4576,0,1e
4577,4577,0,1e
4578,4578,0,1e
4579,4579,0,1e
4580,4580,0,1e
4581,4581,0,1e
4582,4582,0,1e
4583,4583,0,1e
4584,4584,0,1e
4585,4585,0,1e
4586,4586,0,1e
4587,4587,0,1e
4588,4588,0,1e
4589,4589,0,1e
4590,4590,0,1e
4591,4591,0,1e
4592,4592,0,1e
4593,4593,0,1e
4594,4594,0,1e
4595,4595,0,1e
4596,4596,0,1e
4597,4597,0,1e
4598,4598,0,1e
4599,4599,0,1e
4600,4600,0,1e
4601,4601,0,1e
4602,4602,0,1e
4603,4603,0,1e
4604,4604,0,1e
4605,4605,0,1e
4606,4606,0,1e
4607,4607,0,1e
4608,4608,0,1e
4609,4609,0,1e
4610,4610,0,1e
4611,4611,0,1e
4612,4612,0,1e
4613,4613,0,1e
4614,4614,0,1e
4615,4615,0,1e
4616,4616,0,1e
4617,4617,0,1e
4618,4618,0,1e
4619,4619,0,1e
4620,4620,0,1e
4621,4621,0,1e
4622,4622,0,1e
4623,4623,0,1e
4624,4624,0,1e
4625,4625,0,1e
4626,4626,0,1e
4627,4627,0,1e
4628,4628,0,1e
4629,4629,0,1e
4630,4630,0,1e
4631,4631,0,1e
4632,4632,0,1e
4633,4633,0,1e
4634,4634,0,1e
4635,4635,0,1e
4636,4636,0,1e
4637,4637,0,1e
4638,4638,0,1e
4639,4639,0,1e
4640,4640,0,1e
4641,4641,0,1e
4642,4642,0,1e
4643,4643,0,1e
4644,4644,0,1e
4645,4645,0,1e
4646,4646,0,1e
4647,4647,0,1e
4648,4648,0,1e
4649,4649,0,1e
4650,4650,0,1e
4651,4651,0,1e
4652,4652,0,1e
4653,4653,0,1e
4654,4654,0,1e
4655,4655,0,1e
4656,4656,0,1e
4657,4657,0,1e
4658,4658,0,1e
4659,4659,0,1e
4660,4660,0,1e
4661,4661,0,1e
4662,4662,0,1e
4663,4663,0,1e
4664,4664,0,1e
4665,4665,0,1e
4666,4666,0,1e
4667,4667,0,1e
4668,4668,0,1e
4669,4669,0,1e
4670,4670,0,1e
4671,4671,0,1e
4672,4672,0,1e
4673,4673,0,1e
4674,4674,0,1e
4675,4675,0,1e
4676,4676,0,1e
4677,4677,0,1e
4678,4678,0,1e
4679,4679,0,1e
4680,4680,0,1e
4681,4681,0,1e
4682,4682,0,1e
4683,4683,0,1e
4684,4684,0,1e
4685,4685,0,1e
4686,4686,0,1e
4687,4687,0,1e
4688,4688,0,1e
4689,4689,0,1e
4690,4690,0,1e
4691,4691,0,1e
4692,4692,0,1e
4693,4693,0,1e
4694,4694,0,1e
4695,4695,0,1e
4696,4696,0,1e
4697,4697,0,1e
4698,4698,0,1e
4699,4699,0,1e
4700,4700,0,1e
4701,4701,0,1e
4702,4702,0,1e
4703,4703,0,1e
4704,4704,0,1e
4705,4705,0,1e
4706,4706,0,1e
4707,4707,0,1e
4708,4708,0,1e
4709,4709,0,1e
4710,4710,0,1e
4711,4711,0,1e
4712,4712,0,1e
4713,4713,0,1e
4714,4714,0,1e
4715,4715,0,1e
4716,4716,0,1e
4717,4717,0,1e
4718,4718,0,1e
4719,4719,0,1e
4720,4720,0,1e
4721,4721,0,1e
4722,4722,0,1e
4723,4723,0,1e
4724,4724,0,1e
4725,4725,0,1e
4726,4726,0,1e
4727,4727,0,1e
4728,4728,0,1e
4729,4729,0,1e
4730,4730,0,1e
4731,4731,0,1e
4732,4732,0,1e
4733,4733,0,1e
4734,4734,0,1e
4735,4735,0,1e
4736,4736,0,1e
4737,4737,0,1e
4738,4738,0,1e
4739,4739,0,1e
4740,4740,0,1e
4741,4741,0,1e
4742,4742,0,1e
4743,4743,0,1e
4744,4744,0,1e
4745,4745,0,1e
4746,4746,0,1e
4747,4747,0,1e
4748,4748,0,1e
4749,4749,0,1e
4750,4750,0,1e
4751,4751,0,1e
4752,4752,0,1e
4753,4753,0,1e
4754,4754,0,1e
4755,4755,0,1e
4756,4756,0,1e
4757,4757,0,1e
4758,4758,0,1e
4759,4759,0,1e
4760,4760,0,1e
4761,4761,0,1e
4762,4762,0,1e
4763,4763,0,1e
4764,4764,0,1e
4765,4765,0,1e
4766,4766,0,1e
4767,4767,0,1e
4768,4768,0,1e
4769,4769,0,1e
4770,4770,0,1e
4771,4771,0,1e
4772,4772,0,1e
4773,4773,0,1e
4774,4774,0,1e
4775,4775,0,1e
4776,4776,0,1e
4777,4777,0,1e
4778,4778,0,1e
4779,4779,0,1e
4780,4780,0,1e
4781,4781,0,1e
4782,4782,0,1e
4783,4783,0,1e
4784,4784,0,1e
4785,4785,0,1e
4786,4786,0,1e
4787,4787,0,1e
4788,4788,0,1e
4789,4789,0,1e
4790,4790,0,1e
4791,4791,0,1e
4792,4792,0,1e
4793,4793,0,1e
4794,4794,0,1e
4795,4795,0,1e
4796,4796,0,1e
4797,4797,0,1e
4798,4798,0,1e
4799,4799,0,1e
4800,4800,0,1e
4801,4801,0,1e
4802,4802,0,1e
4803,4803,0,1e
4804,4804,0,1e
4805,4805,0,1e
4806,4806,0,1e
4807,4807,0,1e
4808,4808,0,1e
4809,4809,0,1e
4810,4810,0,1e
4811,4811,0,1e
4812,4812,0,1e
4813,4813,0,1e
4814,4814,0,1e
4815,4815,0,1e
4816,4816,0,1e
4817,4817,0,1e
4818,4818,0,1e
4819,4819,0,1e
4820,4820,0,1e
4821,4821,0,1e
4822,4822,0,1e
4823,4823,0,1e
4824,4824,0,1e
4825,4825,0,1e
4826,4826,0,1e
4827,4827,0,1e
4828,4828,0,1e
4829,4829,0,1e
4830,4830,0,1e
4831,4831,0,1e
4832,4832,0,1e
4833,4833,0,1e
4834,4834,0,1e
4835,4835,0,1e
4836,4836,0,1e
4837,4837,0,1e
4838,4838,0,1e
4839,4839,0,1e
4840,4840,0,1e
4841,4841,0,1e
4842,4842,0,1e
4843,4843,0,1e
4844,4844,0,1e
4845,4845,0,1e
4846,4846,0,1e
4847,4847,0,1e
4848,4848,0,1e
4849,4849,0,1e
4850,4850,0,1e
4851,4851,0,1e
4852,4852,0,1e
4853,4853,0,1e
4854,4854,0,1e
4855,4855,0,1e
4856,4856,0,1e
4857,4857,0,1e
4858,4858,0,1e
4859,4859,0,1e
4860,4860,0,1e
4861,4861,0,1e
4862,4862,0,1e
4863,4863,0,1e
4864,4864,0,1e
4865,4865,0,1e
4866,4866,0,1e
4867,4867,0,1e
4868,4868,0,1e
4869,4869,0,1e
4870,4870,0,1e
4871,4871,0,1e
4872,4872,0,1e
4873,4873,0,1e
4874,4874,0,1e
4875,4875,0,1e
4876,4876,0,1e
4877,4877,0,1e
4878,4878,0,1e
4879,4879,0,1e
4880,4880,0,1e
4881,4881,0,1e
4882,4882,0,1e
4883,4883,0,1e
4884,4884,0,1e
4885,4885,0,1e
4886,4886,0,1e
4887,4887,0,1e
4888,4888,0,1e
4889,4889,0,1e
4890,4890,0,1e
4891,4891,0,1e
4892,4892,0,1e
4893,4893,0,1e
4894,4894,0,1e
4895,4895,0,1e
4896,4896,0,1e
4897,4897,0,1e
4898,4898,0,1e
4899,4899,0,1e
4900,4900,0,1e
4901,4901,0,1e
4902,4902,0,1e
4903,4903,0,1e
4904,4904,0,1e
4905,4905,0,1e
4906,4906,0,1e
4907,4907,0,1e
4908,4908,0,1e
4909,4909,0,1e
4910,4910,0,1e
4911,4911,0,1e
4912,4912,0,1e
4913,4913,0,1e
4914,4914,0,1e
4915,4915,0,1e
4916,4916,0,1e
4917,4917,0,1e
4918,4918,0,1e
4919,4919,0,1e
4920,4920,0,1e
4921,4921,0,1e
4922,4922,0,1e
4923,4923,0,1e
4924,4924,0,1e
4925,4925,0,1e
4926,4926,0,1e
4927,4927,0,1e
4928,4928,0,1e
4929,4929,0,1e
4930,4930,0,1e
4931,4931,0,1e
4932,4932,0,1e
4933,4933,0,1e
4934,4934,0,1e
4935,4935,0,1e
4936,4936,0,1e
4937,4937,0,1e
4938,4938,0,1e
4939,4939,0,1e
4940,4940,0,1e
4941,4941,0,1e
4942,4942,0,1e
4943,4943,0,1e
4944,4944,0,1e
4945,4945,0,1e
4946,4946,0,1e
4947,4947,0,1e
4948,4948,0,1e
4949,4949,0,1e
4950,4950,0,1e
4951,4951,0,1e
4952,4952,0,1e
4953,4953,0,1e
4954,4954,0,1e
4955,4955,0,1e
4956,4956,0,1e
4957,4957,0,1e
4958,4958,0,1e
4959,4959,0,1e
4960,4960,0,1e
4961,4961,0,1e
4962,4962,0,1e
4963,4963,0,1e
4964,4964,0,1e
4965,4965,0,1e
4966,4966,0,1e
4967,4967,0,1e
4968,4968,0,1e
4969,4969,0,1e
4970,4970,0,1e
4971,4971,0,1e
4972,4972,0,1e
4973,4973,0,1e
4974,4974,0,1e
4975,4975,0,1e
4976,4976,0,1e
4977,4977,0,1e
4978,4978,0,1e
4979,4979,0,1e
4980,4980,0,1e
4981,4981,0,1e
4982,4982,0,1e
4983,4983,0,1e
4984,4984,0,1e
4985,4985,0,1e
4986,4986,0,1e
4987,4987,0,1e
4988,4988,0,1e
4989,4989,0,1e
4990,4990,0,1e
4991,4991,0,1e
4992,4992,0,1e
4993,4993,0,1e
4994,4994,0,1e
4995,4995,0,1e
4996,4996,0,1e
4997,4997,0,1e
4998,4998,0,1e
4999,4999,0,1e
5000,5000,0,1e
5001,5001,0,1e
5002,5002,0,1e
5003,5003,0,1e
5004,5004,0,1e
5005,5005,0,1e
5006,5006,0,1e
5007,5007,0,1e
5008,5008,0,1e
5009,5009,0,1e
5010,5010,0,1e
5011,5011,0,1e
5012,5012,0,1e
5013,5013,0,1e
5014,5014,0,1e
5015,5015,0,1e
5016,5016,0,1e
5017,5017,0,1e
5018,5018,0,1e
5019,5019,0,1e
5020,5020,0,1e
5021,5021,0,1e
5022,5022,0,1e
5023,5023,0,1e
5024,5024,0,1e
5025,5025,0,1e
5026,5026,0,1e
5027,5027,0,1e
5028,5028,0,1e
5029,5029,0,1e
5030,5030,0,1e
5031,5031,0,1e
5032,5032,0,1e
5033,5033,0,1e
5034,5034,0,1e
5035,5035,0,1e
5036,5036,0,1e
5037,5037,0,1e
5038,5038,0,1e
5039,5039,0,1e
5040,5040,0,1e
5041,5041,0,1e
5042,5042,0,1e
5043,5043,0,1e
5044,5044,0,1e
5045,5045,0,1e
5046,5046,0,1e
5047,5047,0,1e
5048,5048,0,1e
5049,5049,0,1e
5050,5050,0,1e
5051,5051,0,1e
5052,5052,0,1e
5053,5053,0,1e
5054,5054,0,1e
5055,5055,0,1e
5056,5056,0,1e
5057,5057,0,1e
5058,5058,0,1e
5059,5059,0,1e
5060,5060,0,1e
5061,5061,0,1e
5062,5062,0,1e
5063,5063,0,1e
5064,5064,0,1e
5065,5065,0,1e
5066,5066,0,1e
5067,5067,0,1e
5068,5068,0,1e
5069,5069,0,1e
5070,5070,0,1e
5071,5071,0,1e
5072,5072,0,1e
5073,5073,0,1e
5074,5074,0,1e
5075,5075,0,1e
5076,5076,0,1e
5077,5077,0,1e
5078,5078,0,1e
5079,5079,0,1e
5080,5080,0,1e
5081,5081,0,1e
5082,5082,0,1e
5083,5083,0,1e
5084,5084,0,1e
5085,5085,0,1e
5086,5086,0,1e
5087,5087,0,1e
5088,5088,0,1e
5089,5089,0,1e
5090,5090,0,1e
5091,5091,0,1e
5092,5092,0,1e
5093,5093,0,1e
5094,5094,0,1e
5095,5095,0,1e
5096,5096,0,1e
5097,5097,0,1e
5098,5098,0,1e
5099,5099,0,1e
5100,5100,0,1e
5101,5101,0,1e
5102,5102,0,1e
5103,5103,0,1e
5104,5104,0,1e
5105,5105,0,1e
5106,5106,0,1e
5107,5107,0,1e
5108,5108,0,1e
5109,5109,0,1e
5110,5110,0,1e
5111,5111,0,1e
5112,5112,0,1e
5113,5113,0,1e
5114,5114,0,1e
5115,5115,0,1e
5116,5116,0,1e
5117,5117,0,1e
5118,5118,0,1e
5119,5119,0,1e
5120,5120,0,1e
5121,5121,0,1e
5122,5122,0,1e
5123,5123,0,1e
5124,5124,0,1e
5125,5125,0,1e
5126,5126,0,1e
5127,5127,0,1e
5128,5128,0,1e
5129,5129,0,1e
5130,5130,0,1e
5131,5131,0,1e
5132,5132,0,1e
5133,5133,0,1e
5134,5134,0,1e
5135,5135,0,1e
5136,5136,0,1e
5137,5137,0,1e
5138,5138,0,1e
5139,5139,0,1e
5140,5140,0,1e
5141,5141,0,1e
5142,5142,0,1e
5143,5143,0,1e
5144,5144,0,1e
5145,5145,0,1e
5146,5146,0,1e
5147,5147,0,1e
5148,5148,0,1e
5149,5149,0,1e
5150,5150,0,1e
5151,5151,0,1e
5152,5152,0,1e
5153,5153,0,1e
5154,5154,0,1e
5155,5155,0,1e
5156,5156,0,1e
5157,5157,0,1e
5158,5158,0,1e
5159,5159,0,1e
5160,5160,0,1e
5161,5161,0,1e
5162,5162,0,1e
5163,5163,0,1e
5164,5164,0,1e
5165,5165,0,1e
5166,5166,0,1e
5167,5167,0,1e
5168,5168,0,1e
5169,5169,0,1e
5170,5170,0,1e
5171,5171,0,1e
5172,5172,0,1e
5173,5173,0,1e
5174,5174,0,1e
5175,5175,0,1e
5176,5176,0,1e
5177,5177,0,1e
5178,5178,0,1e
5179,5179,0,1e
5180,5180,0,1e
5181,5181,0,1e
5182,5182,0,1e
5183,5183,0,1e
5184,5184,0,1e
5185,5185,0,1e
5186,5186,0,1e
5187,5187,0,1e
5188,5188,0,1e
5189,5189,0,1e
5190,5190,0,1e
5191,5191,0,1e
5192,5192,0,1e
5193,5193,0,1e
5194,5194,0,1e
5195,5195,0,1e
5196,5196,0,1e
5197,5197,0,1e
5198,5198,0,1e
5199,5199,0,1e
5200,5200,0,1e
5201,5201,0,1e
5202,5202,0,1e
5203,5203,0,1e
5204,5204,0,1e
5205,5205,0,1e
5206,5206,0,1e
5207,5207,0,1e
5208,5208,0,1e
5209,5209,0,1e
5210,5210,0,1e
5211,5211,0,1e
5212,5212,0,1e
5213,5213,0,1e
5214,5214,0,1e
5215,5215,0,1e
5216,5216,0,1e
5217,5217,0,1e
5218,5218,0,1e
5219,5219,0,1e
5220,5220,0,1e
5221,5221,0,1e
5222,5222,0,1e
5223,5223,0,1e
5224,5224,0,1e
5225,5225,0,1e
5226,5226,0,1e
5227,5227,0,1e
5228,5228,0,1e
5229,5229,0,1e
5230,5230,0,1e
5231,5231,0,1e
5232,5232,0,1e
5233,5233,0,1e
5234,5234,0,1e
5235,5235,0,1e
5236,5236,0,1e
5237,5237,0,1e
5238,5238,0,1e
5239,5239,0,1e
5240,5240,0,1e
5241,5241,0,1e
5242,5242,0,1e
5243,5243,0,1e
5244,5244,0,1e
5245,5245,0,1e
5246,5246,0,1e
5247,5247,0,1e
5248,5248,0,1e
5249,5249,0,1e
5250,5250,0,1e
5251,5251,0,1e
5252,5252,0,1e
5253,5253,0,1e
5254,5254,0,1e
5255,5255,0,1e
5256,5256,0,1e
5257,5257,0,1e
5258,5258,0,1e
5259,5259,0,1e
5260,5260,0,1e
5261,5261,0,1e
5262,5262,0,1e
5263,5263,0,1e
5264,5264,0,1e
5265,5265,0,1e
5266,5266,0,1e
5267,5267,0,1e
5268,5268,0,1e
5269,5269,0,1e
5270,5270,0,1e
5271,5271,0,1e
5272,5272,0,1e
5273,5273,0,1e
5274,5274,0,1e
5275,5275,0,1e
5276,5276,0,1e
5277,5277,0,1e
5278,5278,0,1e
5279,5279,0,1e
5280,5280,0,1e
5281,5281,0,1e
5282,5282,0,1e
5283,5283,0,1e
5284,5284,0,1e
5285,5285,0,1e
5286,5286,0,1e
5287,5287,0,1e
5288,5288,0,1e
5289,5289,0,1e
5290,5290,0,1e
5291,5291,0,1e
5292,5292,0,1e
5293,5293,0,1e
5294,5294,0,1e
5295,5295,0,1e
5296,5296,0,1e
5297,5297,0,1e
5298,5298,0,1e
5299,5299,0,1e
5300,5300,0,1e
5301,5301,0,1e
5302,5302,0,1e
5303,5303,0,1e
5304,5304,0,1e
5305,5305,0,1e
5306,5306,0,1e
5307,5307,0,1e
5308,5308,0,1e
5309,5309,0,1e
5310,5310,0,1e
5311,5311,0,1e
5312,5312,0,1e
5313,5313,0,1e
5314,5314,0,1e
5315,5315,0,1e
5316,5316,0,1e
5317,5317,0,1e
5318,5318,0,1e
5319,5319,0,1e
5320,5320,0,1e
5321,5321,0,1e
5322,5322,0,1e
5323,5323,0,1e
5324,5324,0,1e
5325,5325,0,1e
5326,5326,0,1e
5327,5327,0,1e
5328,5328,0,1e
5329,5329,0,1e
5330,5330,0,1e
5331,5331,0,1e
5332,5332,0,1e
5333,5333,0,1e
5334,5334,0,1e
5335,5335,0,1e
5336,5336,0,1e
5337,5337,0,1e
5338,5338,0,1e
5339,5339,0,1e
5340,5340,0,1e
5341,5341,0,1e
5342,5342,0,1e
5343,5343,0,1e
5344,5344,0,1e
5345,5345,0,1e
5346,5346,0,1e
5347,5347,0,1e
5348,5348,0,1e
5349,5349,0,1e
5350,5350,0,1e
5351,5351,0,1e
5352,5352,0,1e
5353,5353,0,1e
5354,5354,0,1e
5355,5355,0,1e
5356,5356,0,1e
5357,5357,0,1e
5358,5358,0,1e
5359,5359,0,1e
5360,5360,0,1e
5361,5361,0,1e
5362,5362,0,1e
5363,5363,0,1e
5364,5364,0,1e
5365,5365,0,1e
5366,5366,0,1e
5367,5367,0,1e
5368,5368,0,1e
5369,5369,0,1e
5370,5370,0,1e
5371,5371,0,1e
5372,5372,0,1e
5373,5373,0,1e
5374,5374,0,1e
5375,5375,0,1e
5376,5376,0,1e
5377,5377,0,1e
5378,5378,0,1e
5379,5379,0,1e
5380,5380,0,1e
5381,5381,0,1e
5382,5382,0,1e
5383,5383,0,1e
5384,5384,0,1e
5385,5385,0,1e
5386,5386,0,1e
5387,5387,0,1e
5388,5388,0,1e
5389,5389,0,1e
5390,5390,0,1e
5391,5391,0,1e
5392,5392,0,1e
5393,5393,0,1e
5394,5394,0,1e
5395,5395,0,1e
5396,5396,0,1e
5397,5397,0,1e
5398,5398,0,1e
5399,5399,0,1e
5400,5400,0,1e
5401,5401,0,1e
5402,5402,0,1e
5403,5403,0,1e
5404,5404,0,1e
5405,5405,0,1e
5406,5406,0,1e
5407,5407,0,1e
5408,5408,0,1e
5409,5409,0,1e
5410,5410,0,1e
5411,5411,0,1e
5412,5412,0,1e
5413,5413,0,1e
5414,5414,0,1e
5415,5415,0,1e
5416,5416,0,1e
5417,5417,0,1e
5418,5418,0,1e
5419,5419,0,1e
5420,5420,0,1e
5421,5421,0,1e
5422,5422,0,1e
5423,5423,0,1e
5424,5424,0,1e
5425,5425,0,1e
5426,5426,0,1e
5427,5427,0,1e
5428,5428,0,1e
5429,5429,0,1e
5430,5430,0,1e
5431,5431,0,1e
5432,5432,0,1e
5433,5433,0,1e
5434,5434,0,1e
5435,5435,0,1e
5436,5436,0,1e
5437,5437,0,1e
5438,5438,0,1e
5439,5439,0,1e
5440,5440,0,1e
5441,5441,0,1e
5442,5442,0,1e
5443,5443,0,1e
5444,5444,0,1e
5445,5445,0,1e
5446,5446,0,1e
5447,5447,0,1e
5448,5448,0,1e
5449,5449,0,1e
5450,5450,0,1e
5451,5451,0,1e
5452,5452,0,1e
5453,5453,0,1e
5454,5454,0,1e
5455,5455,0,1e
5456,5456,0,1e
5457,5457,0,1e
5458,5458,0,1e
5459,5459,0,1e
5460,5460,0,1e
5461,5461,0,1e
5462,5462,0,1e
5463,5463,0,1e
5464,5464,0,1e
5465,5465,0,1e
5466,5466,0,1e
5467,5467,0,1e
5468,5468,0,1e
5469,5469,0,1e
5470,5470,0,1e
5471,5471,0,1e
5472,5472,0,1e
5473,5473,0,1e
5474,5474,0,1e
5475,5475,0,1e
5476,5476,0,1e
5477,5477,0,1e
5478,5478,0,1e
5479,5479,0,1e
5480,5480,0,1e
5481,5481,0,1e
5482,5482,0,1e
5483,5483,0,1e
5484,5484,0,1e
5485,5485,0,1e
5486,5486,0,1e
5487,5487,0,1e
5488,5488,0,1e
5489,5489,0,1e
5490,5490,0,1e
5491,5491,0,1e
5492,5492,0,1e
5493,5493,0,1e
5494,5494,0,1e
5495,5495,0,1e
5496,5496,0,1e
5497,5497,0,1e
5498,5498,0,1e
5499,5499,0,1e
5500,5500,0,1e
5501,5501,0,1e
5502,5502,0,1e
5503,5503,0,1e
5504,5504,0,1e
5505,5505,0,1e
5506,5506,0,1e
5507,5507,0,1e
5508,5508,0,1e
5509,5509,0,1e
5510,5510,0,1e
5511,5511,0,1e
5512,5512,0,1e
5513,5513,0,1e
5514,5514,0,1e
5515,5515,0,1e
5516,5516,0,1e
5517,5517,0,1e
5518,5518,0,1e
5519,5519,0,1e
5520,5520,0,1e
5521,5521,0,1e
5522,5522,0,1e
5523,5523,0,1e
5524,5524,0,1e
5525,5525,0,1e
5526,5526,0,1e
5527,5527,0,1e
5528,5528,0,1e
5529,5529,0,1e
5530,5530,0,1e
5531,5531,0,1e
5532,5532,0,1e
5533,5533,0,1e
5534,5534,0,1e
5535,5535,0,1e
5536,5536,0,1e
5537,5537,0,1e
5538,5538,0,1e
5539,5539,0,1e
5540,5540,0,1e
5541,5541,0,1e
5542,5542,0,1e
5543,5543,0,1e
5544,5544,0,1e
5545,5545,0,1e
5546,5546,0,1e
5547,5547,0,1e
5548,5548,0,1e
5549,5549,0,1e
5550,5550,0,1e
5551,5551,0,1e
5552,5552,0,1e
5553,5553,0,1e
5554,5554,0,1e
5555,5555,0,1e
5556,5556,0,1e
5557,5557,0,1e
5558,5558,0,1e
5559,5559,0,1e
5560,5560,0,1e
5561,5561,0,1e
5562,5562,0,1e
5563,5563,0,1e
5564,5564,0,1e
5565,5565,0,1e
5566,5566,0,1e
5567,5567,0,1e
5568,5568,0,1e
5569,5569,0,1e
5570,5570,0,1e
5571,5571,0,1e
5572,5572,0,1e
5573,5573,0,1e
5574,5574,0,1e
5575,5575,0,1e
5576,5576,0,1e
5577,5577,0,1e
5578,5578,0,1e
5579,5579,0,1e
5580,5580,0,1e
5581,5581,0,1e
5582,5582,0,1e
5583,5583,0,1e
5584,5584,0,1e
5585,5585,0,1e
5586,5586,0,1e
5587,5587,0,1e
5588,5588,0,1e
5589,5589,0,1e
5590,5590,0,1e
5591,5591,0,1e
5592,5592,0,1e
5593,5593,0,1e
5594,5594,0,1e
5595,5595,0,1e
5596,5596,0,1e
5597,5597,0,1e
5598,5598,0,1e
5599,5599,0,1e
5600,5600,0,1e
5601,5601,0,1e
5602,5602,0,1e
5603,5603,0,1e
5604,5604,0,1e
5605,5605,0,1e
5606,5606,0,1e
5607,5607,0,1e
5608,5608,0,1e
5609,5609,0,1e
5610,5610,0,1e
5611,5611,0,1e
5612,5612,0,1e
5613,5613,0,1e
5614,5614,0,1e
5615,5615,0,1e
5616,5616,0,1e
5617,5617,0,1e
5618,5618,0,1e
5619,5619,0,1e
5620,5620,0,1e
5621,5621,0,1e
5622,5622,0,1e
5623,5623,0,1e
5624,5624,0,1e
5625,5625,0,1e
5626,5626,0,1e
5627,5627,0,1e
5628,5628,0,1e
5629,5629,0,1e
5630,5630,0,1e
5631,5631,0,1e
5632,5632,0,1e
5633,5633,0,1e
5634,5634,0,1e
5635,5635,0,1e
5636,5636,0,1e
5637,5637,0,1e
5638,5638,0,1e
5639,5639,0,1e
5640,5640,0,1e
5641,5641,0,1e
5642,5642,0,1e
5643,5643,0,1e
5644,5644,0,1e
5645,5645,0,1e
5646,5646,0,1e
5647,5647,0,1e
5648,5648,0,1e
5649,5649,0,1e
5650,5650,0,1e
5651,5651,0,1e
5652,5652,0,1e
5653,5653,0,1e
5654,5654,0,1e
5655,5655,0,1e
5656,5656,0,1e
5657,5657,0,1e
5658,5658,0,1e
5659,5659,0,1e
5660,5660,0,1e
5661,5661,0,1e
5662,5662,0,1e
5663,5663,0,1e
5664,5664,0,1e
5665,5665,0,1e
5666,5666,0,1e
5667,5667,0,1e
5668,5668,0,1e
5669,5669,0,1e
5670,5670,0,1e
5671,5671,0,1e
5672,5672,0,1e
5673,5673,0,1e
5674,5674,0,1e
5675,5675,0,1e
5676,5676,0,1e
5677,5677,0,1e
5678,5678,0,1e
5679,5679,0,1e
5680,5680,0,1e
5681,5681,0,1e
5682,5682,0,1e
5683,5683,0,1e
5684,5684,0,1e
5685,5685,0,1e
5686,5686,0,1e
5687,5687,0,1e
5688,5688,0,1e
5689,5689,0,1e
5690,5690,0,1e
5691,5691,0,1e
5692,5692,0,1e
5693,5693,0,1e
5694,5694,0,1e
5695,5695,0,1e
5696,5696,0,1e
5697,5697,0,1e
5698,5698,0,1e
5699,5699,0,1e
5700,5700,0,1e
5701,5701,0,1e
5702,5702,0,1e
5703,5703,0,1e
5704,5704,0,1e
5705,5705,0,1e
5706,5706,0,1e
5707,5707,0,1e
5708,5708,0,1e
5709,5709,0,1e
5710,5710,0,1e
5711,5711,0,1e
5712,5712,0,1e
5713,5713,0,1e
5714,5714,0,1e
5715,5715,0,1e
5716,5716,0,1e
5717,5717,0,1e
5718,5718,0,1e
5719,5719,0,1e
5720,5720,0,1e
5721,5721,0,1e
5722,5722,0,1e
5723,5723,0,1e
5724,5724,0,1e
5725,5725,0,1e
5726,5726,0,1e
5727,5727,0,1e
5728,5728,0,1e
5729,5729,0,1e
5730,5730,0,1e
5731,5731,0,1e
5732,5732,0,1e
5733,5733,0,1e
5734,5734,0,1e
5735,5735,0,1e
5736,5736,0,1e
5737,5737,0,1e
5738,5738,0,1e
5739,5739,0,1e
5740,5740,0,1e
5741,5741,0,1e
5742,5742,0,1e
5743,5743,0,1e
5744,5744,0,1e
5745,5745,0,1e
5746,5746,0,1e
5747,5747,0,1e
5748,5748,0,1e
5749,5749,0,1e
5750,5750,0,1e
5751,5751,0,1e
5752,5752,0,1e
5753,5753,0,1e
5754,5754,0,1e
5755,5755,0,1e
5756,5756,0,1e
5757,5757,0,1e
5758,5758,0,1e
5759,5759,0,1e
5760,5760,0,1e
5761,5761,0,1e
5762,5762,0,1e
5763,5763,0,1e
5764,5764,0,1e
5765,5765,0,1e
5766,5766,0,1e
5767,5767,0,1e
5768,5768,0,1e
5769,5769,0,1e
5770,5770,0,1e
5771,5771,0,1e
5772,5772,0,1e
5773,5773,0,1e
5774,5774,0,1e
5775,5775,0,1e
5776,5776,0,1e
5777,5777,0,1e
5778,5778,0,1e
5779,5779,0,1e
5780,5780,0,1e
5781,5781,0,1e
5782,5782,0,1e
5783,5783,0,1e
5784,5784,0,1e
5785,5785,0,1e
5786,5786,0,1e
5787,5787,0,1e
5788,5788,0,1e
5789,5789,0,1e
5790,5790,0,1e
5791,5791,0,1e
5792,5792,0,1e
5793,5793,0,1e
5794,5794,0,1e
5795,5795,0,1e
5796,5796,0,1e
5797,5797,0,1e
5798,5798,0,1e
5799,5799,0,1e
5800,5800,0,1e
5801,5801,0,1e
5802,5802,0,1e
5803,5803,0,1e
5804,5804,0,1e
5805,5805,0,1e
5806,5806,0,1e
5807,5807,0,1e
5808,5808,0,1e
5809,5809,0,1e
5810,5810,0,1e
5811,5811,0,1e
5812,5812,0,1e
5813,5813,0,1e
5814,5814,0,1e
5815,5815,0,1e
5816,5816,0,1e
5817,5817,0,1e
5818,5818,0,1e
5819,5819,0,1e
5820,5820,0,1e
5821,5821,0,1e
5822,5822,0,1e
5823,5823,0,1e
5824,5824,0,1e
5825,5825,0,1e
5826,5826,0,1e
5827,5827,0,1e
5828,5828,0,1e
5829,5829,0,1e
5830,5830,0,1e
5831,5831,0,1e
5832,5832,0,1e
5833,5833,0,1e
5834,5834,0,1e
5835,5835,0,1e
5836,5836,0,1e
5837,5837,0,1e
5838,5838,0,1e
5839,5839,0,1e
5840,5840,0,1e
5841,5841,0,1e
5842,5842,0,1e
5843,5843,0,1e
5844,5844,0,1e
5845,5845,0,1e
5846,5846,0,1e
5847,5847,0,1e
5848,5848,0,1e
5849,5849,0,1e
5850,5850,0,1e
5851,5851,0,1e
5852,5852,0,1e
5853,5853,0,1e
5854,5854,0,1e
5855,5855,0,1e
5856,5856,0,1e
5857,5857,0,1e
5858,5858,0,1e
5859,5859,0,1e
5860,5860,0,1e
5861,5861,0,1e
5862,5862,0,1e
5863,5863,0,1e
5864,5864,0,1e
5865,5865,0,1e
5866,5866,0,1e
5867,5867,0,1e
5868,5868,0,1e
5869,5869,0,1e
5870,5870,0,1e
5871,5871,0,1e
5872,5872,0,1e
5873,5873,0,1e
5874,5874,0,1e
5875,5875,0,1e
5876,5876,0,1e
5877,5877,0,1e
5878,5878,0,1e
5879,5879,0,1e
5880,5880,0,1e
5881,5881,0,1e
5882,5882,0,1e
5883,5883,0,1e
5884,5884,0,1e
5885,5885,0,1e
5886,5886,0,1e
5887,5887,0,1e
5888,5888,0,1e
5889,5889,0,1e
5890,5890,0,1e
5891,5891,0,1e
5892,5892,0,1e
5893,5893,0,1e
5894,5894,0,1e
5895,5895,0,1e
5896,5896,0,1e
5897,5897,0,1e
5898,5898,0,1e
5899,5899,0,1e
5900,5900,0,1e
5901,5901,0,1e
5902,5902,0,1e
5903,5903,0,1e
5904,5904,0,1e
5905,5905,0,1e
5906,5906,0,1e
5907,5907,0,1e
5908,5908,0,1e
5909,5909,0,1e
5910,5910,0,1e
5911,5911,0,1e
5912,5912,0,1e
5913,5913,0,1e
5914,5914,0,1e
5915,5915,0,1e
5916,5916,0,1e
5917,5917,0,1e
5918,5918,0,1e
5919,5919,0,1e
5920,5920,0,1e
5921,5921,0,1e
5922,5922,0,1e
5923,5923,0,1e
5924,5924,0,1e
5925,5925,0,1e
5926,5926,0,1e
5927,5927,0,1e
5928,5928,0,1e
5929,5929,0,1e
5930,5930,0,1e
5931,5931,0,1e
5932,5932,0,1e
5933,5933,0,1e
5934,5934,0,1e
5935,5935,0,1e
5936,5936,0,1e
5937,5937,0,1e
5938,5938,0,1e
5939,5939,0,1e
5940,5940,0,1e
5941,5941,0,1e
5942,5942,0,1e
5943,5943,0,1e
5944,5944,0,1e
5945,5945,0,1e
5946,5946,0,1e
5947,5947,0,1e
5948,5948,0,1e
5949,5949,0,1e
5950,5950,0,1e
5951,5951,0,1e
5952,5952,0,1e
5953,5953,0,1e
5954,5954,0,1e
5955,5955,0,1e
5956,5956,0,1e
5957,5957,0,1e
5958,5958,0,1e
5959,5959,0,1e
5960,5960,0,1e
5961,5961,0,1e
5962,5962,0,1e
5963,5963,0,1e
5964,5964,0,1e
5965,5965,0,1e
5966,5966,0,1e
5967,5967,0,1e
5968,5968,0,1e
5969,5969,0,1e
5970,5970,0,1e
5971,5971,0,1e
5972,5972,0,1e
5973,5973,0,1e
5974,5974,0,1e
5975,5975,0,1e
5976,5976,0,1e
5977,5977,0,1e
5978,5978,0,1e
5979,5979,0,1e
5980,5980,0,1e
5981,5981,0,1e
5982,5982,0,1e
5983,5983,0,1e
5984,5984,0,1e
5985,5985,0,1e
5986,5986,0,1e
5987,5987,0,1e
5988,5988,0,1e
5989,5989,0,1e
5990,5990,0,1e
5991,5991,0,1e
5992,5992,0,1e
5993,5993,0,1e
5994,5994,0,1e
5995,5995,0,1e
5996,5996,0,1e
5997,5997,0,1e
5998,5998,0,1e
5999,5999,0,1e
6000,6000,0,1e
6001,6001,0,1e
6002,6002,0,1e
6003,6003,0,1e
6004,6004,0,1e
6005,6005,0,1e
6006,6006,0,1e
6007,6007,0,1e
6008,6008,0,1e
6009,6009,0,1e
6010,6010,0,1e
6011,6011,0,1e
6012,6012,0,1e
6013,6013,0,1e
6014,6014,0,1e
6015,6015,0,1e
6016,6016,0,1e
6017,6017,0,1e
6018,6018,0,1e
6019,6019,0,1e
6020,6020,0,1e
6021,6021,0,1e
6022,6022,0,1e
6023,6023,0,1e
6024,6024,0,1e
6025,6025,0,1e
6026,6026,0,1e
6027,6027,0,1e
6028,6028,0,1e
6029,6029,0,1e
6030,6030,0,1e
6031,6031,0,1e
6032,6032,0,1e
6033,6033,0,1e
6034,6034,0,1e
6035,6035,0,1e
6036,6036,0,1e
6037,6037,0,1e
6038,6038,0,1e
6039,6039,0,1e
6040,6040,0,1e
6041,6041,0,1e
6042,6042,0,1e
6043,6043,0,1e
6044,6044,0,1e
6045,6045,0,1e
6046,6046,0,1e
6047,6047,0,1e
6048,6048,0,1e
6049,6049,0,1e
6050,6050,0,1e
6051,6051,0,1e
6052,6052,0,1e
6053,6053,0,1e
6054,6054,0,1e
6055,6055,0,1e
6056,6056,0,1e
6057,6057,0,1e
6058,6058,0,1e
6059,6059,0,1e
6060,6060,0,1e
6061,6061,0,1e
6062,6062,0,1e
6063,6063,0,1e
6064,6064,0,1e
6065,6065,0,1e
6066,6066,0,1e
6067,6067,0,1e
6068,6068,0,1e
6069,6069,0,1e
6070,6070,0,1e
6071,6071,0,1e
6072,6072,0,1e
6073,6073,0,1e
6074,6074,0,1e
6075,6075,0,1e
6076,6076,0,1e
6077,6077,0,1e
6078,6078,0,1e
6079,6079,0,1e
6080,6080,0,1e
6081,6081,0,1e
6082,6082,0,1e
6083,6083,0,1e
6084,6084,0,1e
6085,6085,0,1e
6086,6086,0,1e
6087,6087,0,1e
6088,6088,0,1e
6089,6089,0,1e
6090,6090,0,1e
6091,6091,0,1e
6092,6092,0,1e
6093,6093,0,1e
6094,6094,0,1e
6095,6095,0,1e
6096,6096,0,1e
6097,6097,0,1e
6098,6098,0,1e
6099,6099,0,1e
6100,6100,0,1e
6101,6101,0,1e
6102,6102,0,1e
6103,6103,0,1e
6104,6104,0,1e
6105,6105,0,1e
6106,6106,0,1e
6107,6107,0,1e
6108,6108,0,1e
6109,6109,0,1e
6110,6110,0,1e
6111,6111,0,1e
6112,6112,0,1e
6113,6113,0,1e
6114,6114,0,1e
6115,6115,0,1e
6116,6116,0,1e
6117,6117,0,1e
6118,6118,0,1e
6119,6119,0,1e
6120,6120,0,1e
6121,6121,0,1e
6122,6122,0,1e
6123,6123,0,1e
6124,6124,0,1e
6125,6125,0,1e
6126,6126,0,1e
6127,6127,0,1e
6128,6128,0,1e
6129,6129,0,1e
6130,6130,0,1e
6131,6131,0,1e
6132,6132,0,1e
6133,6133,0,1e
6134,6134,0,1e
6135,6135,0,1e
6136,6136,0,1e
6137,6137,0,1e
6138,6138,0,1e
6139,6139,0,1e
6140,6140,0,1e
6141,6141,0,1e
6142,6142,0,1e
6143,6143,0,1e
6144,6144,0,1e
6145,6145,0,1e
6146,6146,0,1e
6147,6147,0,1e
6148,6148,0,1e
6149,6149,0,1e
6150,6150,0,1e
6151,6151,0,1e
6152,6152,0,1e
6153,6153,0,1e
6154,6154,0,1e
6155,6155,0,1e
6156,6156,0,1e
6157,6157,0,1e
6158,6158,0,1e
6159,6159,0,1e
6160,6160,0,1e
6161,6161,0,1e
6162,6162,0,1e
6163,6163,0,1e
6164,6164,0,1e
6165,6165,0,1e
6166,6166,0,1e
6167,6167,0,1e
6168,6168,0,1e
6169,6169,0,1e
6170,6170,0,1e
6171,6171,0,1e
6172,6172,0,1e
6173,6173,0,1e
6174,6174,0,1e
6175,6175,0,1e
6176,6176,0,1e
6177,6177,0,1e
6178,6178,0,1e
6179,6179,0,1e
6180,6180,0,1e
6181,6181,0,1e
6182,6182,0,1e
6183,6183,0,1e
6184,6184,0,1e
6185,6185,0,1e
6186,6186,0,1e
6187,6187,0,1e
6188,6188,0,1e
6189,6189,0,1e
6190,6190,0,1e
6191,6191,0,1e
6192,6192,0,1e
6193,6193,0,1e
6194,6194,0,1e
6195,6195,0,1e
6196,6196,0,1e
6197,6197,0,1e
6198,6198,0,1e
6199,6199,0,1e
6200,6200,0,1e
6201,6201,0,1e
6202,6202,0,1e
6203,6203,0,1e
6204,6204,0,1e
6205,6205,0,1e
6206,6206,0,1e
6207,6207,0,1e
6208,6208,0,1e
6209,6209,0,1e
6210,6210,0,1e
6211,6211,0,1e
6212,6212,0,1e
6213,6213,0,1e
6214,6214,0,1e
6215,6215,0,1e
6216,6216,0,1e
6217,6217,0,1e
6218,6218,0,1e
6219,6219,0,1e
6220,6220,0,1e
6221,6221,0,1e
6222,6222,0,1e
6223,6223,0,1e
6224,6224,0,1e
6225,6225,0,1e
6226,6226,0,1e
6227,6227,0,1e
6228,6228,0,1e
6229,6229,0,1e
6230,6230,0,1e
6231,6231,0,1e
6232,6232,0,1e
6233,6233,0,1e
6234,6234,0,1e
6235,6235,0,1e
6236,6236,0,1e
6237,6237,0,1e
6238,6238,0,1e
6239,6239,0,1e
6240,6240,0,1e
6241,6241,0,1e
6242,6242,0,1e
6243,6243,0,1e
6244,6244,0,1e
6245,6245,0,1e
6246,6246,0,1e
6247,6247,0,1e
6248,6248,0,1e
6249,6249,0,1e
6250,6250,0,1e
6251,6251,0,1e
6252,6252,0,1e
6253,6253,0,1e
6254,6254,0,1e
6255,6255,0,1e
6256,6256,0,1e
6257,6257,0,1e
6258,6258,0,1e
6259,6259,0,1e
6260,6260,0,1e
6261,6261,0,1e
6262,6262,0,1e
6263,6263,0,1e
6264,6264,0,1e
6265,6265,0,1e
6266,6266,0,1e
6267,6267,0,1e
6268,6268,0,1e
6269,6269,0,1e
6270,6270,0,1e
6271,6271,0,1e
6272,6272,0,1e
6273,6273,0,1e
6274,6274,0,1e
6275,6275,0,1e
6276,6276,0,1e
6277,6277,0,1e
6278,6278,0,1e
6279,6279,0,1e
6280,6280,0,1e
6281,6281,0,1e
6282,6282,0,1e
6283,6283,0,1e
6284,6284,0,1e
6285,6285,0,1e
6286,6286,0,1e
6287,6287,0,1e
6288,6288,0,1e
6289,6289,0,1e
6290,6290,0,1e
6291,6291,0,1e
6292,6292,0,1e
6293,6293,0,1e
6294,6294,0,1e
6295,6295,0,1e
6296,6296,0,1e
6297,6297,0,1e
6298,6298,0,1e
6299,6299,0,1e
6300,6300,0,1e
6301,6301,0,1e
6302,6302,0,1e
6303,6303,0,1e
6304,6304,0,1e
6305,6305,0,1e
6306,6306,0,1e
6307,6307,0,1e
6308,6308,0,1e
6309,6309,0,1e
6310,6310,0,1e
6311,6311,0,1e
6312,6312,0,1e
6313,6313,0,1e
6314,6314,0,1e
6315,6315,0,1e
6316,6316,0,1e
6317,6317,0,1e
6318,6318,0,1e
6319,6319,0,1e
6320,6320,0,1e
6321,6321,0,1e
6322,6322,0,1e
6323,6323,0,1e
6324,6324,0,1e
6325,6325,0,1e
6326,6326,0,1e
6327,6327,0,1e
6328,6328,0,1e
6329,6329,0,1e
6330,6330,0,1e
6331,6331,0,1e
6332,6332,0,1e
6333,6333,0,1e
6334,6334,0,1e
6335,6335,0,1e
6336,6336,0,1e
6337,6337,0,1e
6338,6338,0,1e
6339,6339,0,1e
6340,6340,0,1e
6341,6341,0,1e
6342,6342,0,1e
6343,6343,0,1e
6344,6344,0,1e
6345,6345,0,1e
6346,6346,0,1e
6347,6347,0,1e
6348,6348,0,1e
6349,6349,0,1e
6350,6350,0,1e
6351,6351,0,1e
6352,6352,0,1e
6353,6353,0,1e
6354,6354,0,1e
6355,6355,0,1e
6356,6356,0,1e
6357,6357,0,1e
6358,6358,0,1e
6359,6359,0,1e
6360,6360,0,1e
6361,6361,0,1e
6362,6362,0,1e
6363,6363,0,1e
6364,6364,0,1e
6365,6365,0,1e
6366,6366,0,1e
6367,6367,0,1e
6368,6368,0,1e
6369,6369,0,1e
6370,6370,0,1e
6371,6371,0,1e
6372,6372,0,1e
6373,6373,0,1e
6374,6374,0,1e
6375,6375,0,1e
6376,6376,0,1e
6377,6377,0,1e
6378,6378,0,1e
6379,6379,0,1e
6380,6380,0,1e
6381,6381,0,1e
6382,6382,0,1e
6383,6383,0,1e
6384,6384,0,1e
6385,6385,0,1e
6386,6386,0,1e
6387,6387,0,1e
6388,6388,0,1e
6389,6389,0,1e
6390,6390,0,1e
6391,6391,0,1e
6392,6392,0,1e
6393,6393,0,1e
6394,6394,0,1e
6395,6395,0,1e
6396,6396,0,1e
6397,6397,0,1e
6398,6398,0,1e
6399,6399,0,1e
6400,6400,0,1e
6401,6401,0,1e
6402,6402,0,1e
6403,6403,0,1e
6404,6404,0,1e
6405,6405,0,1e
6406,6406,0,1e
6407,6407,0,1e
6408,6408,0,1e
6409,6409,0,1e
6410,6410,0,1e
6411,6411,0,1e
6412,6412,0,1e
6413,6413,0,1e
6414,6414,0,1e
6415,6415,0,1e
6416,6416,0,1e
6417,6417,0,1e
6418,6418,0,1e
6419,6419,0,1e
6420,6420,0,1e
6421,6421,0,1e
6422,6422,0,1e
6423,6423,0,1e
6424,6424,0,1e
6425,6425,0,1e
6426,6426,0,1e
6427,6427,0,1e
6428,6428,0,1e
6429,6429,0,1e
6430,6430,0,1e
6431,6431,0,1e
6432,6432,0,1e
6433,6433,0,1e
6434,6434,0,1e
6435,6435,0,1e
6436,6436,0,1e
6437,6437,0,1e
6438,6438,0,1e
6439,6439,0,1e
6440,6440,0,1e
6441,6441,0,1e
6442,6442,0,1e
6443,6443,0,1e
6444,6444,0,1e
6445,6445,0,1e
6446,6446,0,1e
6447,6447,0,1e
6448,6448,0,1e
6449,6449,0,1e
6450,6450,0,1e
6451,6451,0,1e
6452,6452,0,1e
6453,6453,0,1e
6454,6454,0,1e
6455,6455,0,1e
6456,6456,0,1e
6457,6457,0,1e
6458,6458,0,1e
6459,6459,0,1e
6460,6460,0,1e
6461,6461,0,1e
6462,6462,0,1e
6463,6463,0,1e
6464,6464,0,1e
6465,6465,0,1e
6466,6466,0,1e
6467,6467,0,1e
6468,6468,0,1e
6469,6469,0,1e
6470,6470,0,1e
6471,6471,0,1e
6472,6472,0,1e
6473,6473,0,1e
6474,6474,0,1e
6475,6475,0,1e
6476,6476,0,1e
6477,6477,0,1e
6478,6478,0,1e
6479,6479,0,1e
6480,6480,0,1e
6481,6481,0,1e
6482,6482,0,1e
6483,6483,0,1e
6484,6484,0,1e
6485,6485,0,1e
6486,6486,0,1e
6487,6487,0,1e
6488,6488,0,1e
6489,6489,0,1e
6490,6490,0,1e
6491,6491,0,1e
6492,6492,0,1e
6493,6493,0,1e
6494,6494,0,1e
6495,6495,0,1e
6496,6496,0,1e
6497,6497,0,1e
6498,6498,0,1e
6499,6499,0,1e
6500,6500,0,1e
6501,6501,0,1e
6502,6502,0,1e
6503,6503,0,1e
6504,6504,0,1e
6505,6505,0,1e
6506,6506,0,1e
6507,6507,0,1e
6508,6508,0,1e
6509,6509,0,1e
6510,6510,0,1e
6511,6511,0,1e
6512,6512,0,1e
6513,6513,0,1e
6514,6514,0,1e
6515,6515,0,1e
6516,6516,0,1e
6517,6517,0,1e
6518,6518,0,1e
6519,6519,0,1e
6520,6520,0,1e
6521,6521,0,1e
6522,6522,0,1e
6523,6523,0,1e
6524,6524,0,1e
6525,6525,0,1e
6526,6526,0,1e
6527,6527,0,1e
6528,6528,0,1e
6529,6529,0,1e
6530,6530,0,1e
6531,6531,0,1e
6532,6532,0,1e
6533,6533,0,1e
6534,6534,0,1e
6535,6535,0,1e
6536,6536,0,1e
6537,6537,0,1e
6538,6538,0,1e
6539,6539,0,1e
6540,6540,0,1e
6541,6541,0,1e
6542,6542,0,1e
6543,6543,0,1e
6544,6544,0,1e
6545,6545,0,1e
6546,6546,0,1e
6547,6547,0,1e
6548,6548,0,1e
6549,6549,0,1e
6550,6550,0,1e
6551,6551,0,1e
6552,6552,0,1e
6553,6553,0,1e
6554,6554,0,1e
6555,6555,0,1e
6556,6556,0,1e
6557,6557,0,1e
6558,6558,0,1e
6559,6559,0,1e
6560,6560,0,1e
6561,6561,0,1e
6562,6562,0,1e
6563,6563,0,1e
6564,6564,0,1e
6565,6565,0,1e
6566,6566,0,1e
6567,6567,0,1e
6568,6568,0,1e
6569,6569,0,1e
6570,6570,0,1e
6571,6571,0,1e
6572,6572,0,1e
6573,6573,0,1e
6574,6574,0,1e
6575,6575,0,1e
6576,6576,0,1e
6577,6577,0,1e
6578,6578,0,1e
6579,6579,0,1e
6580,6580,0,1e
6581,6581,0,1e
6582,6582,0,1e
6583,6583,0,1e
6584,6584,0,1e
6585,6585,0,1e
6586,6586,0,1e
6587,6587,0,1e
6588,6588,0,1e
6589,6589,0,1e
6590,6590,0,1e
6591,6591,0,1e
6592,6592,0,1e
6593,6593,0,1e
6594,6594,0,1e
6595,6595,0,1e
6596,6596,0,1e
6597,6597,0,1e
6598,6598,0,1e
6599,6599,0,1e
6600,6600,0,1e
6601,6601,0,1e
6602,6602,0,1e
6603,6603,0,1e
6604,6604,0,1e
6605,6605,0,1e
6606,6606,0,1e
6607,6607,0,1e
6608,6608,0,1e
6609,6609,0,1e
6610,6610,0,1e
6611,6611,0,1e
6612,6612,0,1e
6613,6613,0,1e
6614,6614,0,1e
6615,6615,0,1e
6616,6616,0,1e
6617,6617,0,1e
6618,6618,0,1e
6619,6619,0,1e
6620,6620,0,1e
6621,6621,0,1e
6622,6622,0,1e
6623,6623,0,1e
6624,6624,0,1e
6625,6625,0,1e
6626,6626,0,1e
6627,6627,0,1e
6628,6628,0,1e
6629,6629,0,1e
6630,6630,0,1e
6631,6631,0,1e
6632,6632,0,1e
6633,6633,0,1e
6634,6634,0,1e
6635,6635,0,1e
6636,6636,0,1e
6637,6637,0,1e
6638,6638,0,1e
6639,6639,0,1e
6640,6640,0,1e
6641,6641,0,1e
6642,6642,0,1e
6643,6643,0,1e
6644,6644,0,1e
6645,6645,0,1e
6646,6646,0,1e
6647,6647,0,1e
6648,6648,0,1e
6649,6649,0,1e
6650,6650,0,1e
6651,6651,0,1e
6652,6652,0,1e
6653,6653,0,1e
6654,6654,0,1e
6655,6655,0,1e
6656,6656,0,1e
6657,6657,0,1e
6658,6658,0,1e
6659,6659,0,1e
6660,6660,0,1e
6661,6661,0,1e
6662,6662,0,1e
6663,6663,0,1e
6664,6664,0,1e
6665,6665,0,1e
6666,6666,0,1e
6667,6667,0,1e
6668,6668,0,1e
6669,6669,0,1e
6670,6670,0,1e
6671,6671,0,1e
6672,6672,0,1e
6673,6673,0,1e
6674,6674,0,1e
6675,6675,0,1e
6676,6676,0,1e
6677,6677,0,1e
6678,6678,0,1e
6679,6679,0,1e
6680,6680,0,1e
6681,6681,0,1e
6682,6682,0,1e
6683,6683,0,1e
6684,6684,0,1e
6685,6685,0,1e
6686,6686,0,1e
6687,6687,0,1e
6688,6688,0,1e
6689,6689,0,1e
6690,6690,0,1e
6691,6691,0,1e
6692,6692,0,1e
6693,6693,0,1e
6694,6694,0,1e
6695,6695,0,1e
6696,6696,0,1e
6697,6697,0,1e
6698,6698,0,1e
6699,6699,0,1e
6700,6700,0,1e
6701,6701,0,1e
6702,6702,0,1e
6703,6703,0,1e
6704,6704,0,1e
6705,6705,0,1e
6706,6706,0,1e
6707,6707,0,1e
6708,6708,0,1e
6709,6709,0,1e
6710,6710,0,1e
6711,6711,0,1e
6712,6712,0,1e
6713,6713,0,1e
6714,6714,0,1e
6715,6715,0,1e
6716,6716,0,1e
6717,6717,0,1e
6718,6718,0,1e
6719,6719,0,1e
6720,6720,0,1e
6721,6721,0,1e
6722,6722,0,1e
6723,6723,0,1e
6724,6724,0,1e
6725,6725,0,1e
6726,6726,0,1e
6727,6727,0,1e
6728,6728,0,1e
6729,6729,0,1e
6730,6730,0,1e
6731,6731,0,1e
6732,6732,0,1e
6733,6733,0,1e
6734,6734,0,1e
6735,6735,0,1e
6736,6736,0,1e
6737,6737,0,1e
6738,6738,0,1e
6739,6739,0,1e
6740,6740,0,1e
6741,6741,0,1e
6742,6742,0,1e
6743,6743,0,1e
6744,6744,0,1e
6745,6745,0,1e
6746,6746,0,1e
6747,6747,0,1e
6748,6748,0,1e
6749,6749,0,1e
6750,6750,0,1e
6751,6751,0,1e
6752,6752,0,1e
6753,6753,0,1e
6754,6754,0,1e
6755,6755,0,1e
6756,6756,0,1e
6757,6757,0,1e
6758,6758,0,1e
6759,6759,0,1e
6760,6760,0,1e
6761,6761,0,1e
6762,6762,0,1e
6763,6763,0,1e
6764,6764,0,1e
6765,6765,0,1e
6766,6766,0,1e
6767,6767,0,1e
6768,6768,0,1e
6769,6769,0,1e
6770,6770,0,1e
6771,6771,0,1e
6772,6772,0,1e
6773,6773,0,1e
6774,6774,0,1e
6775,6775,0,1e
6776,6776,0,1e
6777,6777,0,1e
6778,6778,0,1e
6779,6779,0,1e
6780,6780,0,1e
6781,6781,0,1e
6782,6782,0,1e
6783,6783,0,1e
6784,6784,0,1e
6785,6785,0,1e
6786,6786,0,1e
6787,6787,0,1e
6788,6788,0,1e
6789,6789,0,1e
6790,6790,0,1e
6791,6791,0,1e
6792,6792,0,1e
6793,6793,0,1e
6794,6794,0,1e
6795,6795,0,1e
6796,6796,0,1e
6797,6797,0,1e
6798,6798,0,1e
6799,6799,0,1e
6800,6800,0,1e
6801,6801,0,1e
6802,6802,0,1e
6803,6803,0,1e
6804,6804,0,1e
6805,6805,0,1e
6806,6806,0,1e
6807,6807,0,1e
6808,6808,0,1e
6809,6809,0,1e
6810,6810,0,1e
6811,6811,0,1e
6812,6812,0,1e
6813,6813,0,1e
6814,6814,0,1e
6815,6815,0,1e
6816,6816,0,1e
6817,6817,0,1e
6818,6818,0,1e
6819,6819,0,1e
6820,6820,0,1e
6821,6821,0,1e
6822,6822,0,1e
6823,6823,0,1e
6824,6824,0,1e
6825,6825,0,1e
6826,6826,0,1e
6827,6827,0,1e
6828,6828,0,1e
6829,6829,0,1e
6830,6830,0,1e
6831,6831,0,1e
6832,6832,0,1e
6833,6833,0,1e
6834,6834,0,1e
6835,6835,0,1e
6836,6836,0,1e
6837,6837,0,1e
6838,6838,0,1e
6839,6839,0,1e
6840,6840,0,1e
6841,6841,0,1e
6842,6842,0,1e
6843,6843,0,1e
6844,6844,0,1e
6845,6845,0,1e
6846,6846,0,1e
6847,6847,0,1e
6848,6848,0,1e
6849,6849,0,1e
6850,6850,0,1e
6851,6851,0,1e
6852,6852,0,1e
6853,6853,0,1e
6854,6854,0,1e
6855,6855,0,1e
6856,6856,0,1e
6857,6857,0,1e
6858,6858,0,1e
6859,6859,0,1e
6860,6860,0,1e
6861,6861,0,1e
6862,6862,0,1e
6863,6863,0,1e
6864,6864,0,1e
6865,6865,0,1e
6866,6866,0,1e
6867,6867,0,1e
6868,6868,0,1e
6869,6869,0,1e
6870,6870,0,1e
6871,6871,0,1e
6872,6872,0,1e
6873,6873,0,1e
6874,6874,0,1e
6875,6875,0,1e
6876,6876,0,1e
6877,6877,0,1e
6878,6878,0,1e
6879,6879,0,1e
6880,6880,0,1e
6881,6881,0,1e
6882,6882,0,1e
6883,6883,0,1e
6884,6884,0,1e
6885,6885,0,1e
6886,6886,0,1e
6887,6887,0,1e
6888,6888,0,1e
6889,6889,0,1e
6890,6890,0,1e
6891,6891,0,1e
6892,6892,0,1e
6893,6893,0,1e
6894,6894,0,1e
6895,6895,0,1e
6896,6896,0,1e
6897,6897,0,1e
6898,6898,0,1e
6899,6899,0,1e
6900,6900,0,1e
6901,6901,0,1e
6902,6902,0,1e
6903,6903,0,1e
6904,6904,0,1e
6905,6905,0,1e
6906,6906,0,1e
6907,6907,0,1e
6908,6908,0,1e
6909,6909,0,1e
6910,6910,0,1e
6911,6911,0,1e
6912,6912,0,1e
6913,6913,0,1e
6914,6914,0,1e
6915,6915,0,1e
6916,6916,0,1e
6917,6917,0,1e
6918,6918,0,1e
6919,6919,0,1e
6920,6920,0,1e
6921,6921,0,1e
6922,6922,0,1e
6923,6923,0,1e
6924,6924,0,1e
6925,6925,0,1e
6926,6926,0,1e
6927,6927,0,1e
6928,6928,0,1e
6929,6929,0,1e
6930,6930,0,1e
6931,6931,0,1e
6932,6932,0,1e
6933,6933,0,1e
6934,6934,0,1e
6935,6935,0,1e
6936,6936,0,1e
6937,6937,0,1e
6938,6938,0,1e
6939,6939,0,1e
6940,6940,0,1e
6941,6941,0,1e
6942,6942,0,1e
6943,6943,0,1e
6944,6944,0,1e
6945,6945,0,1e
6946,6946,0,1e
6947,6947,0,1e
6948,6948,0,1e
6949,6949,0,1e
6950,6950,0,1e
6951,6951,0,1e
6952,6952,0,1e
6953,6953,0,1e
6954,6954,0,1e
6955,6955,0,1e
6956,6956,0,1e
6957,6957,0,1e
6958,6958,0,1e
6959,6959,0,1e
6960,6960,0,1e
6961,6961,0,1e
6962,6962,0,1e
6963,6963,0,1e
6964,6964,0,1e
6965,6965,0,1e
6966,6966,0,1e
6967,6967,0,1e
6968,6968,0,1e
6969,6969,0,1e
6970,6970,0,1e
6971,6971,0,1e
6972,6972,0,1e
6973,6973,0,1e
6974,6974,0,1e
6975,6975,0,1e
6976,6976,0,1e
6977,6977,0,1e
6978,6978,0,1e
6979,6979,0,1e
6980,6980,0,1e
6981,6981,0,1e
6982,6982,0,1e
6983,6983,0,1e
6984,6984,0,1e
6985,6985,0,1e
6986,6986,0,1e
6987,6987,0,1e
6988,6988,0,1e
6989,6989,0,1e
6990,6990,0,1e
6991,6991,0,1e
6992,6992,0,1e
6993,6993,0,1e
6994,6994,0,1e
6995,6995,0,1e
6996,6996,0,1e
6997,6997,0,1e
6998,6998,0,1e
6999,6999,0,1e
7000,7000,0,1e
7001,7001,0,1e
7002,7002,0,1e
7003,7003,0,1e
7004,7004,0,1e
7005,7005,0,1e
7006,7006,0,1e
7007,7007,0,1e
7008,7008,0,1e
7009,7009,0,1e
7010,7010,0,1e
7011,7011,0,1e
7012,7012,0,1e
7013,7013,0,1e
7014,7014,0,1e
7015,7015,0,1e
7016,7016,0,1e
7017,7017,0,1e
7018,7018,0,1e
7019,7019,0,1e
7020,7020,0,1e
7021,7021,0,1e
7022,7022,0,1e
7023,7023,0,1e
7024,7024,0,1e
7025,7025,0,1e
7026,7026,0,1e
7027,7027,0,1e
7028,7028,0,1e
7029,7029,0,1e
7030,7030,0,1e
7031,7031,0,1e
7032,7032,0,1e
7033,7033,0,1e
7034,7034,0,1e
7035,7035,0,1e
7036,7036,0,1e
7037,7037,0,1e
7038,7038,0,1e
7039,7039,0,1e
7040,7040,0,1e
7041,7041,0,1e
7042,7042,0,1e
7043,7043,0,1e
7044,7044,0,1e
7045,7045,0,1e
7046,7046,0,1e
7047,7047,0,1e
7048,7048,0,1e
7049,7049,0,1e
7050,7050,0,1e
7051,7051,0,1e
7052,7052,0,1e
7053,7053,0,1e
7054,7054,0,1e
7055,7055,0,1e
7056,7056,0,1e
7057,7057,0,1e
7058,7058,0,1e
7059,7059,0,1e
7060,7060,0,1e
7061,7061,0,1e
7062,7062,0,1e
7063,7063,0,1e
7064,7064,0,1e
7065,7065,0,1e
7066,7066,0,1e
7067,7067,0,1e
7068,7068,0,1e
7069,7069,0,1e
7070,7070,0,1e
7071,7071,0,1e
7072,7072,0,1e
7073,7073,0,1e
7074,7074,0,1e
7075,7075,0,1e
7076,7076,0,1e
7077,7077,0,1e
7078,7078,0,1e
7079,7079,0,1e
7080,7080,0,1e
7081,7081,0,1e
7082,7082,0,1e
7083,7083,0,1e
7084,7084,0,1e
7085,7085,0,1e
7086,7086,0,1e
7087,7087,0,1e
7088,7088,0,1e
7089,7089,0,1e
7090,7090,0,1e
7091,7091,0,1e
7092,7092,0,1e
7093,7093,0,1e
7094,7094,0,1e
7095,7095,0,1e
7096,7096,0,1e
7097,7097,0,1e
7098,7098,0,1e
7099,7099,0,1e
7100,7100,0,1e
7101,7101,0,1e
7102,7102,0,1e
7103,7103,0,1e
7104,7104,0,1e
7105,7105,0,1e
7106,7106,0,1e
7107,7107,0,1e
7108,7108,0,1e
7109,7109,0,1e
7110,7110,0,1e
7111,7111,0,1e
7112,7112,0,1e
7113,7113,0,1e
7114,7114,0,1e
7115,7115,0,1e
7116,7116,0,1e
7117,7117,0,1e
7118,7118,0,1e
7119,7119,0,1e
7120,7120,0,1e
7121,7121,0,1e
7122,7122,0,1e
7123,7123,0,1e
7124,7124,0,1e
7125,7125,0,1e
7126,7126,0,1e
7127,7127,0,1e
7128,7128,0,1e
7129,7129,0,1e
7130,7130,0,1e
7131,7131,0,1e
7132,7132,0,1e
7133,7133,0,1e
7134,7134,0,1e
7135,7135,0,1e
7136,7136,0,1e
7137,7137,0,1e
7138,7138,0,1e
7139,7139,0,1e
7140,7140,0,1e
7141,7141,0,1e
7142,7142,0,1e
7143,7143,0,1e
7144,7144,0,1e
7145,7145,0,1e
7146,7146,0,1e
7147,7147,0,1e
7148,7148,0,1e
7149,7149,0,1e
7150,7150,0,1e
7151,7151,0,1e
7152,7152,0,1e
7153,7153,0,1e
7154,7154,0,1e
7155,7155,0,1e
7156,7156,0,1e
7157,7157,0,1e
7158,7158,0,1e
7159,7159,0,1e
7160,7160,0,1e
7161,7161,0,1e
7162,7162,0,1e
7163,7163,0,1e
7164,7164,0,1e
7165,7165,0,1e
7166,7166,0,1e
7167,7167,0,1e
7168,7168,0,1e
7169,7169,0,1e
7170,7170,0,1e
7171,7171,0,1e
7172,7172,0,1e
7173,7173,0,1e
7174,7174,0,1e
7175,7175,0,1e
7176,7176,0,1e
7177,7177,0,1e
7178,7178,0,1e
7179,7179,0,1e
7180,7180,0,1e
7181,7181,0,1e
7182,7182,0,1e
7183,7183,0,1e
7184,7184,0,1e
7185,7185,0,1e
7186,7186,0,1e
7187,7187,0,1e
7188,7188,0,1e
7189,7189,0,1e
7190,7190,0,1e
7191,7191,0,1e
7192,7192,0,1e
7193,7193,0,1e
7194,7194,0,1e
7195,7195,0,1e
7196,7196,0,1e
7197,7197,0,1e
7198,7198,0,1e
7199,7199,0,1e
7200,7200,0,1e
7201,7201,0,1e
7202,7202,0,1e
7203,7203,0,1e
7204,7204,0,1e
7205,7205,0,1e
7206,7206,0,1e
7207,7207,0,1e
7208,7208,0,1e
7209,7209,0,1e
7210,7210,0,1e
7211,7211,0,1e
7212,7212,0,1e
7213,7213,0,1e
7214,7214,0,1e
7215,7215,0,1e
7216,7216,0,1e
7217,7217,0,1e
7218,7218,0,1e
7219,7219,0,1e
7220,7220,0,1e
7221,7221,0,1e
7222,7222,0,1e
7223,7223,0,1e
7224,7224,0,1e
7225,7225,0,1e
7226,7226,0,1e
7227,7227,0,1e
7228,7228,0,1e
7229,7229,0,1e
7230,7230,0,1e
7231,7231,0,1e
7232,7232,0,1e
7233,7233,0,1e
7234,7234,0,1e
7235,7235,0,1e
7236,7236,0,1e
7237,7237,0,1e
7238,7238,0,1e
7239,7239,0,1e
7240,7240,0,1e
7241,7241,0,1e
7242,7242,0,1e
7243,7243,0,1e
7244,7244,0,1e
7245,7245,0,1e
7246,7246,0,1e
7247,7247,0,1e
7248,7248,0,1e
7249,7249,0,1e
7250,7250,0,1e
7251,7251,0,1e
7252,7252,0,1e
7253,7253,0,1e
7254,7254,0,1e
7255,7255,0,1e
7256,7256,0,1e
7257,7257,0,1e
7258,7258,0,1e
7259,7259,0,1e
7260,7260,0,1e
7261,7261,0,1e
7262,7262,0,1e
7263,7263,0,1e
7264,7264,0,1e
7265,7265,0,1e
7266,7266,0,1e
7267,7267,0,1e
7268,7268,0,1e
7269,7269,0,1e
7270,7270,0,1e
7271,7271,0,1e
7272,7272,0,1e
7273,7273,0,1e
7274,7274,0,1e
7275,7275,0,1e
7276,7276,0,1e
7277,7277,0,1e
7278,7278,0,1e
7279,7279,0,1e
7280,7280,0,1e
7281,7281,0,1e
7282,7282,0,1e
7283,7283,0,1e
7284,7284,0,1e
7285,7285,0,1e
7286,7286,0,1e
7287,7287,0,1e
7288,7288,0,1e
7289,7289,0,1e
7290,7290,0,1e
7291,7291,0,1e
7292,7292,0,1e
7293,7293,0,1e
7294,7294,0,1e
7295,7295,0,1e
7296,7296,0,1e
7297,7297,0,1e
7298,7298,0,1e
7299,7299,0,1e
7300,7300,0,1e
7301,7301,0,1e
7302,7302,0,1e
7303,7303,0,1e
7304,7304,0,1e
7305,7305,0,1e
7306,7306,0,1e
7307,7307,0,1e
7308,7308,0,1e
7309,7309,0,1e
7310,7310,0,1e
7311,7311,0,1e
7312,7312,0,1e
7313,7313,0,1e
7314,7314,0,1e
7315,7315,0,1e
7316,7316,0,1e
7317,7317,0,1e
7318,7318,0,1e
7319,7319,0,1e
7320,7320,0,1e
7321,7321,0,1e
7322,7322,0,1e
7323,7323,0,1e
7324,7324,0,1e
7325,7325,0,1e
7326,7326,0,1e
7327,7327,0,1e
7328,7328,0,1e
7329,7329,0,1e
7330,7330,0,1e
7331,7331,0,1e
7332,7332,0,1e
7333,7333,0,1e
7334,7334,0,1e
7335,7335,0,1e
7336,7336,0,1e
7337,7337,0,1e
7338,7338,0,1e
7339,7339,0,1e
7340,7340,0,1e
7341,7341,0,1e
7342,7342,0,1e
7343,7343,0,1e
7344,7344,0,1e
7345,7345,0,1e
7346,7346,0,1e
7347,7347,0,1e
7348,7348,0,1e
7349,7349,0,1e
7350,7350,0,1e
7351,7351,0,1e
7352,7352,0,1e
7353,7353,0,1e
7354,7354,0,1e
7355,7355,0,1e
7356,7356,0,1e
7357,7357,0,1e
7358,7358,0,1e
7359,7359,0,1e
7360,7360,0,1e
7361,7361,0,1e
7362,7362,0,1e
7363,7363,0,1e
7364,7364,0,1e
7365,7365,0,1e
7366,7366,0,1e
7367,7367,0,1e
7368,7368,0,1e
7369,7369,0,1e
7370,7370,0,1e
7371,7371,0,1e
7372,7372,0,1e
7373,7373,0,1e
7374,7374,0,1e
7375,7375,0,1e
7376,7376,0,1e
7377,7377,0,1e
7378,7378,0,1e
7379,7379,0,1e
7380,7380,0,1e
7381,7381,0,1e
7382,7382,0,1e
7383,7383,0,1e
7384,7384,0,1e
7385,7385,0,1e
7386,7386,0,1e
7387,7387,0,1e
7388,7388,0,1e
7389,7389,0,1e
7390,7390,0,1e
7391,7391,0,1e
7392,7392,0,1e
7393,7393,0,1e
7394,7394,0,1e
7395,7395,0,1e
7396,7396,0,1e
7397,7397,0,1e
7398,7398,0,1e
7399,7399,0,1e
7400,7400,0,1e
7401,7401,0,1e
7402,7402,0,1e
7403,7403,0,1e
7404,7404,0,1e
7405,7405,0,1e
7406,7406,0,1e
7407,7407,0,1e
7408,7408,0,1e
7409,7409,0,1e
7410,7410,0,1e
7411,7411,0,1e
7412,7412,0,1e
7413,7413,0,1e
7414,7414,0,1e
7415,7415,0,1e
7416,7416,0,1e
7417,7417,0,1e
7418,7418,0,1e
7419,7419,0,1e
7420,7420,0,1e
7421,7421,0,1e
7422,7422,0,1e
7423,7423,0,1e
7424,7424,0,1e
7425,7425,0,1e
7426,7426,0,1e
7427,7427,0,1e
7428,7428,0,1e
7429,7429,0,1e
7430,7430,0,1e
7431,7431,0,1e
7432,7432,0,1e
7433,7433,0,1e
7434,7434,0,1e
7435,7435,0,1e
7436,7436,0,1e
7437,7437,0,1e
7438,7438,0,1e
7439,7439,0,1e
7440,7440,0,1e
7441,7441,0,1e
7442,7442,0,1e
7443,7443,0,1e
7444,7444,0,1e
7445,7445,0,1e
7446,7446,0,1e
7447,7447,0,1e
7448,7448,0,1e
7449,7449,0,1e
7450,7450,0,1e
7451,7451,0,1e
7452,7452,0,1e
7453,7453,0,1e
7454,7454,0,1e
7455,7455,0,1e
7456,7456,0,1e
7457,7457,0,1e
7458,7458,0,1e
7459,7459,0,1e
7460,7460,0,1e
7461,7461,0,1e
7462,7462,0,1e
7463,7463,0,1e
7464,7464,0,1e
7465,7465,0,1e
7466,7466,0,1e
7467,7467,0,1e
7468,7468,0,1e
7469,7469,0,1e
7470,7470,0,1e
7471,7471,0,1e
7472,7472,0,1e
7473,7473,0,1e
7474,7474,0,1e
7475,7475,0,1e
7476,7476,0,1e
7477,7477,0,1e
7478,7478,0,1e
7479,7479,0,1e
7480,7480,0,1e
7481,7481,0,1e
7482,7482,0,1e
7483,7483,0,1e
7484,7484,0,1e
7485,7485,0,1e
7486,7486,0,1e
7487,7487,0,1e
7488,7488,0,1e
7489,7489,0,1e
7490,7490,0,1e
7491,7491,0,1e
7492,7492,0,1e
7493,7493,0,1e
7494,7494,0,1e
7495,7495,0,1e
7496,7496,0,1e
7497,7497,0,1e
7498,7498,0,1e
7499,7499,0,1e
7500,7500,0,1e
7501,7501,0,1e
7502,7502,0,1e
7503,7503,0,1e
7504,7504,0,1e
7505,7505,0,1e
7506,7506,0,1e
7507,7507,0,1e
7508,7508,0,1e
7509,7509,0,1e
7510,7510,0,1e
7511,7511,0,1e
7512,7512,0,1e
7513,7513,0,1e
7514,7514,0,1e
7515,7515,0,1e
7516,7516,0,1e
7517,7517,0,1e
7518,7518,0,1e
7519,7519,0,1e
7520,7520,0,1e
7521,7521,0,1e
7522,7522,0,1e
7523,7523,0,1e
7524,7524,0,1e
7525,7525,0,1e
7526,7526,0,1e
7527,7527,0,1e
7528,7528,0,1e
7529,7529,0,1e
7530,7530,0,1e
7531,7531,0,1e
7532,7532,0,1e
7533,7533,0,1e
7534,7534,0,1e
7535,7535,0,1e
7536,7536,0,1e
7537,7537,0,1e
7538,7538,0,1e
7539,7539,0,1e
7540,7540,0,1e
7541,7541,0,1e
7542,7542,0,1e
7543,7543,0,1e
7544,7544,0,1e
7545,7545,0,1e
7546,7546,0,1e
7547,7547,0,1e
7548,7548,0,1e
7549,7549,0,1e
7550,7550,0,1e
7551,7551,0,1e
7552,7552,0,1e
7553,7553,0,1e
7554,7554,0,1e
7555,7555,0,1e
7556,7556,0,1e
7557,7557,0,1e
7558,7558,0,1e
7559,7559,0,1e
7560,7560,0,1e
7561,7561,0,1e
7562,7562,0,1e
7563,7563,0,1e
7564,7564,0,1e
7565,7565,0,1e
7566,7566,0,1e
7567,7567,0,1e
7568,7568,0,1e
7569,7569,0,1e
7570,7570,0,1e
7571,7571,0,1e
7572,7572,0,1e
7573,7573,0,1e
7574,7574,0,1e
7575,7575,0,1e
7576,7576,0,1e
7577,7577,0,1e
7578,7578,0,1e
7579,7579,0,1e
7580,7580,0,1e
7581,7581,0,1e
7582,7582,0,1e
7583,7583,0,1e
7584,7584,0,1e
7585,7585,0,1e
7586,7586,0,1e
7587,7587,0,1e
7588,7588,0,1e
7589,7589,0,1e
7590,7590,0,1e
7591,7591,0,1e
7592,7592,0,1e
7593,7593,0,1e
7594,7594,0,1e
7595,7595,0,1e
7596,7596,0,1e
7597,7597,0,1e
7598,7598,0,1e
7599,7599,0,1e
7600,7600,0,1e
7601,7601,0,1e
7602,7602,0,1e
7603,7603,0,1e
7604,7604,0,1e
7605,7605,0,1e
7606,7606,0,1e
7607,7607,0,1e
7608,7608,0,1e
7609,7609,0,1e
7610,7610,0,1e
7611,7611,0,1e
7612,7612,0,1e
7613,7613,0,1e
7614,7614,0,1e
7615,7615,0,1e
7616,7616,0,1e
7617,7617,0,1e
7618,7618,0,1e
7619,7619,0,1e
7620,7620,0,1e
7621,7621,0,1e
7622,7622,0,1e
7623,7623,0,1e
7624,7624,0,1e
7625,7625,0,1e
7626,7626,0,1e
7627,7627,0,1e
7628,7628,0,1e
7629,7629,0,1e
7630,7630,0,1e
7631,7631,0,1e
7632,7632,0,1e
7633,7633,0,1e
7634,7634,0,1e
7635,7635,0,1e
7636,7636,0,1e
7637,7637,0,1e
7638,7638,0,1e
7639,7639,0,1e
7640,7640,0,1e
7641,7641,0,1e
7642,7642,0,1e
7643,7643,0,1e
7644,7644,0,1e
7645,7645,0,1e
7646,7646,0,1e
7647,7647,0,1e
7648,7648,0,1e
7649,7649,0,1e
7650,7650,0,1e
7651,7651,0,1e
7652,7652,0,1e
7653,7653,0,1e
7654,7654,0,1e
7655,7655,0,1e
7656,7656,0,1e
7657,7657,0,1e
7658,7658,0,1e
7659,7659,0,1e
7660,7660,0,1e
7661,7661,0,1e
7662,7662,0,1e
7663,7663,0,1e
7664,7664,0,1e
7665,7665,0,1e
7666,7666,0,1e
7667,7667,0,1e
7668,7668,0,1e
7669,7669,0,1e
7670,7670,0,1e
7671,7671,0,1e
7672,7672,0,1e
7673,7673,0,1e
7674,7674,0,1e
7675,7675,0,1e
7676,7676,0,1e
7677,7677,0,1e
7678,7678,0,1e
7679,7679,0,1e
7680,7680,0,1e
7681,7681,0,1e
7682,7682,0,1e
7683,7683,0,1e
7684,7684,0,1e
7685,7685,0,1e
7686,7686,0,1e
7687,7687,0,1e
7688,7688,0,1e
7689,7689,0,1e
7690,7690,0,1e
7691,7691,0,1e
7692,7692,0,1e
7693,7693,0,1e
7694,7694,0,1e
7695,7695,0,1e
7696,7696,0,1e
7697,7697,0,1e
7698,7698,0,1e
7699,7699,0,1e
7700,7700,0,1e
7701,7701,0,1e
7702,7702,0,1e
7703,7703,0,1e
7704,7704,0,1e
7705,7705,0,1e
7706,7706,0,1e
7707,7707,0,1e
7708,7708,0,1e
7709,7709,0,1e
7710,7710,0,1e
7711,7711,0,1e
7712,7712,0,1e
7713,7713,0,1e
7714,7714,0,1e
7715,7715,0,1e
7716,7716,0,1e
7717,7717,0,1e
7718,7718,0,1e
7719,7719,0,1e
7720,7720,0,1e
7721,7721,0,1e
7722,7722,0,1e
7723,7723,0,1e
7724,7724,0,1e
7725,7725,0,1e
7726,7726,0,1e
7727,7727,0,1e
7728,7728,0,1e
7729,7729,0,1e
7730,7730,0,1e
7731,7731,0,1e
7732,7732,0,1e
7733,7733,0,1e
7734,7734,0,1e
7735,7735,0,1e
7736,7736,0,1e
7737,7737,0,1e
7738,7738,0,1e
7739,7739,0,1e
7740,7740,0,1e
7741,7741,0,1e
7742,7742,0,1e
7743,7743,0,1e
7744,7744,0,1e
7745,7745,0,1e
7746,7746,0,1e
7747,7747,0,1e
7748,7748,0,1e
7749,7749,0,1e
7750,7750,0,1e
7751,7751,0,1e
7752,7752,0,1e
7753,7753,0,1e
7754,7754,0,1e
7755,7755,0,1e
7756,7756,0,1e
7757,7757,0,1e
7758,7758,0,1e
7759,7759,0,1e
7760,7760,0,1e
7761,7761,0,1e
7762,7762,0,1e
7763,7763,0,1e
7764,7764,0,1e
7765,7765,0,1e
7766,7766,0,1e
7767,7767,0,1e
7768,7768,0,1e
7769,7769,0,1e
7770,7770,0,1e
7771,7771,0,1e
7772,7772,0,1e
7773,7773,0,1e
7774,7774,0,1e
7775,7775,0,1e
7776,7776,0,1e
7777,7777,0,1e
7778,7778,0,1e
7779,7779,0,1e
7780,7780,0,1e
7781,7781,0,1e
7782,7782,0,1e
7783,7783,0,1e
7784,7784,0,1e
7785,7785,0,1e
7786,7786,0,1e
7787,7787,0,1e
7788,7788,0,1e
7789,7789,0,1e
7790,7790,0,1e
7791,7791,0,1e
7792,7792,0,1e
7793,7793,0,1e
7794,7794,0,1e
7795,7795,0,1e
7796,7796,0,1e
7797,7797,0,1e
7798,7798,0,1e
7799,7799,0,1e
7800,7800,0,1e
7801,7801,0,1e
7802,7802,0,1e
7803,7803,0,1e
7804,7804,0,1e
7805,7805,0,1e
7806,7806,0,1e
7807,7807,0,1e
7808,7808,0,1e
7809,7809,0,1e
7810,7810,0,1e
7811,7811,0,1e
7812,7812,0,1e
7813,7813,0,1e
7814,7814,0,1e
7815,7815,0,1e
7816,7816,0,1e
7817,7817,0,1e
7818,7818,0,1e
7819,7819,0,1e
7820,7820,0,1e
7821,7821,0,1e
7822,7822,0,1e
7823,7823,0,1e
7824,7824,0,1e
7825,7825,0,1e
7826,7826,0,1e
7827,7827,0,1e
7828,7828,0,1e
7829,7829,0,1e
7830,7830,0,1e
7831,7831,0,1e
7832,7832,0,1e
7833,7833,0,1e
7834,7834,0,1e
7835,7835,0,1e
7836,7836,0,1e
7837,7837,0,1e
7838,7838,0,1e
7839,7839,0,1e
7840,7840,0,1e
7841,7841,0,1e
7842,7842,0,1e
7843,7843,0,1e
7844,7844,0,1e
7845,7845,0,1e
7846,7846,0,1e
7847,7847,0,1e
7848,7848,0,1e
7849,7849,0,1e
7850,7850,0,1e
7851,7851,0,1e
7852,7852,0,1e
7853,7853,0,1e
7854,7854,0,1e
7855,7855,0,1e
7856,7856,0,1e
7857,7857,0,1e
7858,7858,0,1e
7859,7859,0,1e
7860,7860,0,1e
7861,7861,0,1e
7862,7862,0,1e
7863,7863,0,1e
7864,7864,0,1e
7865,7865,0,1e
7866,7866,0,1e
7867,7867,0,1e
7868,7868,0,1e
7869,7869,0,1e
7870,7870,0,1e
7871,7871,0,1e
7872,7872,0,1e
7873,7873,0,1e
7874,7874,0,1e
7875,7875,0,1e
7876,7876,0,1e
7877,7877,0,1e
7878,7878,0,1e
7879,7879,0,1e
7880,7880,0,1e
7881,7881,0,1e
7882,7882,0,1e
7883,7883,0,1e
7884,7884,0,1e
7885,7885,0,1e
7886,7886,0,1e
7887,7887,0,1e
7888,7888,0,1e
7889,7889,0,1e
7890,7890,0,1e
7891,7891,0,1e
7892,7892,0,1e
7893,7893,0,1e
7894,7894,0,1e
7895,7895,0,1e
7896,7896,0,1e
7897,7897,0,1e
7898,7898,0,1e
7899,7899,0,1e
7900,7900,0,1e
7901,7901,0,1e
7902,7902,0,1e
7903,7903,0,1e
7904,7904,0,1e
7905,7905,0,1e
7906,7906,0,1e
7907,7907,0,1e
7908,7908,0,1e
7909,7909,0,1e
7910,7910,0,1e
7911,7911,0,1e
7912,7912,0,1e
7913,7913,0,1e
7914,7914,0,1e
7915,7915,0,1e
7916,7916,0,1e
7917,7917,0,1e
7918,7918,0,1e
7919,7919,0,1e
7920,7920,0,1e
7921,7921,0,1e
7922,7922,0,1e
7923,7923,0,1e
7924,7924,0,1e
7925,7925,0,1e
7926,7926,0,1e
7927,7927,0,1e
7928,7928,0,1e
7929,7929,0,1e
7930,7930,0,1e
7931,7931,0,1e
7932,7932,0,1e
7933,7933,0,1e
7934,7934,0,1e
7935,7935,0,1e
7936,7936,0,1e
7937,7937,0,1e
7938,7938,0,1e
7939,7939,0,1e
7940,7940,0,1e
7941,7941,0,1e
7942,7942,0,1e
7943,7943,0,1e
7944,7944,0,1e
7945,7945,0,1e
7946,7946,0,1e
7947,7947,0,1e
7948,7948,0,1e
7949,7949,0,1e
7950,7950,0,1e
7951,7951,0,1e
7952,7952,0,1e
7953,7953,0,1e
7954,7954,0,1e
7955,7955,0,1e
7956,7956,0,1e
7957,7957,0,1e
7958,7958,0,1e
7959,7959,0,1e
7960,7960,0,1e
7961,7961,0,1e
7962,7962,0,1e
7963,7963,0,1e
7964,7964,0,1e
7965,7965,0,1e
7966,7966,0,1e
7967,7967,0,1e
7968,7968,0,1e
7969,7969,0,1e
7970,7970,0,1e
7971,7971,0,1e
7972,7972,0,1e
7973,7973,0,1e
7974,7974,0,1e
7975,7975,0,1e
7976,7976,0,1e
7977,7977,0,1e
7978,7978,0,1e
7979,7979,0,1e
7980,7980,0,1e
7981,7981,0,1e
7982,7982,0,1e
7983,7983,0,1e
7984,7984,0,1e
7985,7985,0,1e
7986,7986,0,1e
7987,7987,0,1e
7988,7988,0,1e
7989,7989,0,1e
7990,7990,0,1e
7991,7991,0,1e
7992,7992,0,1e
7993,7993,0,1e
7994,7994,0,1e
7995,7995,0,1e
7996,7996,0,1e
7997,7997,0,1e
7998,7998,0,1e
7999,7999,0,1e
8000,8000,0,1e
8001,8001,0,1e
8002,8002,0,1e
8003,8003,0,1e
8004,8004,0,1e
8005,8005,0,1e
8006,8006,0,1e
8007,8007,0,1e
8008,8008,0,1e
8009,8009,0,1e
8010,8010,0,1e
8011,8011,0,1e
8012,8012,0,1e
8013,8013,0,1e
8014,8014,0,1e
8015,8015,0,1e
8016,8016,0,1e
8017,8017,0,1e
8018,8018,0,1e
8019,8019,0,1e
8020,8020,0,1e
8021,8021,0,1e
8022,8022,0,1e
8023,8023,0,1e
8024,8024,0,1e
8025,8025,0,1e
8026,8026,0,1e
8027,8027,0,1e
8028,8028,0,1e
8029,8029,0,1e
8030,8030,0,1e
8031,8031,0,1e
8032,8032,0,1e
8033,8033,0,1e
8034,8034,0,1e
8035,8035,0,1e
8036,8036,0,1e
8037,8037,0,1e
8038,8038,0,1e
8039,8039,0,1e
8040,8040,0,1e
8041,8041,0,1e
8042,8042,0,1e
8043,8043,0,1e
8044,8044,0,1e
8045,8045,0,1e
8046,8046,0,1e
8047,8047,0,1e
8048,8048,0,1e
8049,8049,0,1e
8050,8050,0,1e
8051,8051,0,1e
8052,8052,0,1e
8053,8053,0,1e
8054,8054,0,1e
8055,8055,0,1e
8056,8056,0,1e
8057,8057,0,1e
8058,8058,0,1e
8059,8059,0,1e
8060,8060,0,1e
8061,8061,0,1e
8062,8062,0,1e
8063,8063,0,1e
8064,8064,0,1e
8065,8065,0,1e
8066,8066,0,1e
8067,8067,0,1e
8068,8068,0,1e
8069,8069,0,1e
8070,8070,0,1e
8071,8071,0,1e
8072,8072,0,1e
8073,8073,0,1e
8074,8074,0,1e
8075,8075,0,1e
8076,8076,0,1e
8077,8077,0,1e
8078,8078,0,1e
8079,8079,0,1e
8080,8080,0,1e
8081,8081,0,1e
8082,8082,0,1e
8083,8083,0,1e
8084,8084,0,1e
8085,8085,0,1e
8086,8086,0,1e
8087,8087,0,1e
8088,8088,0,1e
8089,8089,0,1e
8090,8090,0,1e
8091,8091,0,1e
8092,8092,0,1e
8093,8093,0,1e
8094,8094,0,1e
8095,8095,0,1e
8096,8096,0,1e
8097,8097,0,1e
8098,8098,0,1e
8099,8099,0,1e
8100,8100,0,1e
8101,8101,0,1e
8102,8102,0,1e
8103,8103,0,1e
8104,8104,0,1e
8105,8105,0,1e
8106,8106,0,1e
8107,8107,0,1e
8108,8108,0,1e
8109,8109,0,1e
8110,8110,0,1e
8111,8111,0,1e
8112,8112,0,1e
8113,8113,0,1e
8114,8114,0,1e
8115,8115,0,1e
8116,8116,0,1e
8117,8117,0,1e
8118,8118,0,1e
8119,8119,0,1e
8120,8120,0,1e
8121,8121,0,1e
8122,8122,0,1e
8123,8123,0,1e
8124,8124,0,1e
8125,8125,0,1e
8126,8126,0,1e
8127,8127,0,1e
8128,8128,0,1e
8129,8129,0,1e
8130,8130,0,1e
8131,8131,0,1e
8132,8132,0,1e
8133,8133,0,1e
8134,8134,0,1e
8135,8135,0,1e
8136,8136,0,1e
8137,8137,0,1e
8138,8138,0,1e
8139,8139,0,1e
8140,8140,0,1e
8141,8141,0,1e
8142,8142,0,1e
8143,8143,0,1e
8144,8144,0,1e
8145,8145,0,1e
8146,8146,0,1e
8147,8147,0,1e
8148,8148,0,1e
8149,8149,0,1e
8150,8150,0,1e
8151,8151,0,1e
8152,8152,0,1e
8153,8153,0,1e
8154,8154,0,1e
8155,8155,0,1e
8156,8156,0,1e
8157,8157,0,1e
8158,8158,0,1e
8159,8159,0,1e
8160,8160,0,1e
8161,8161,0,1e
8162,8162,0,1e
8163,8163,0,1e
8164,8164,0,1e
8165,8165,0,1e
8166,8166,0,1e
8167,8167,0,1e
8168,8168,0,1e
8169,8169,0,1e
8170,8170,0,1e
8171,8171,0,1e
8172,8172,0,1e
8173,8173,0,1e
8174,8174,0,1e
8175,8175,0,1e
8176,8176,0,1e
8177,8177,0,1e
8178,8178,0,1e
8179,8179,0,1e
8180,8180,0,1e
8181,8181,0,1e
8182,8182,0,1e
8183,8183,0,1e
8184,8184,0,1e
8185,8185,0,1e
8186,8186,0,1e
8187,8187,0,1e
8188,8188,0,1e
8189,8189,0,1e
8190,8190,0,1e
8191,8191,0,1e
