17:44:26 INFO  : Launching XSCT server: xsct.bat -n  -interactive C:\Users\cihem\CPRE-488-Labs\Mp-0_New\Nes\temp_xsdb_launch_script.tcl
17:44:26 INFO  : Registering command handlers for Vitis TCF services
17:44:27 INFO  : XSCT server has started successfully.
17:44:27 INFO  : plnx-install-location is set to ''
17:44:27 INFO  : Successfully done setting XSCT server connection channel  
17:44:27 INFO  : Platform repository initialization has completed.
17:44:27 INFO  : Successfully done query RDI_DATADIR 
17:44:27 INFO  : Successfully done setting workspace for the tool. 
17:45:39 INFO  : Result from executing command 'getProjects': design_1_wrapper
17:45:39 INFO  : Result from executing command 'getPlatforms': 
17:45:39 INFO  : Platform 'design_1_wrapper' is added to custom repositories.
17:45:44 INFO  : Platform 'design_1_wrapper' is added to custom repositories.
18:00:04 INFO  : Result from executing command 'getProjects': design_1_wrapper
18:00:04 INFO  : Result from executing command 'getPlatforms': design_1_wrapper|C:/Users/cihem/CPRE-488-Labs/Mp-0_New/Nes/design_1_wrapper/export/design_1_wrapper/design_1_wrapper.xpfm
18:00:04 INFO  : Checking for BSP changes to sync application flags for project 'NESEmulator'...
18:02:55 INFO  : Checking for BSP changes to sync application flags for project 'NESEmulator'...
18:08:29 INFO  : Checking for BSP changes to sync application flags for project 'NESEmulator'...
18:21:12 INFO  : Hardware specification for platform project 'design_1_wrapper' is updated.
18:21:33 INFO  : Result from executing command 'getProjects': design_1_wrapper
18:21:33 INFO  : Result from executing command 'getPlatforms': design_1_wrapper|C:/Users/cihem/CPRE-488-Labs/Mp-0_New/Nes/design_1_wrapper/export/design_1_wrapper/design_1_wrapper.xpfm
18:21:45 INFO  : Checking for BSP changes to sync application flags for project 'NESEmulator'...
18:21:47 INFO  : Updating application flags with new BSP settings...
18:21:47 ERROR : Failed to update application flags from BSP for 'NESEmulator'. Reason: null
java.lang.NullPointerException
	at com.xilinx.sdk.sw.internal.SwDb.getComponentAppCompilerFlags(SwDb.java:762)
	at com.xilinx.sdx.sw.internal.SDxSwPlatform.getSwPlatformCompilerFlags(SDxSwPlatform.java:1155)
	at com.xilinx.sdx.sdk.core.build.AppSwBuildOptionsHelper.inferSwPlatformFlags(AppSwBuildOptionsHelper.java:54)
	at com.xilinx.sdx.sdk.core.build.AppSwBuildOptionsHelper.updateBuildOptions(AppSwBuildOptionsHelper.java:46)
	at com.xilinx.sdx.sdk.core.build.SdkMakefileGenerationListener.updateSwBuildOptions(SdkMakefileGenerationListener.java:215)
	at com.xilinx.sdx.sdk.core.build.SdkMakefileGenerationListener.syncAppFlags(SdkMakefileGenerationListener.java:99)
	at com.xilinx.sdx.sdk.core.build.SdkMakefileGenerationListener.preMakefileGeneration(SdkMakefileGenerationListener.java:48)
	at com.xilinx.sdk.managedbuilder.XilinxGnuMakefileGenerator.notifyPreMakefileGenerationListeners(XilinxGnuMakefileGenerator.java:91)
	at com.xilinx.sdk.managedbuilder.XilinxGnuMakefileGenerator.generateMakefiles(XilinxGnuMakefileGenerator.java:40)
	at org.eclipse.cdt.managedbuilder.internal.core.CommonBuilder.performMakefileGeneration(CommonBuilder.java:1008)
	at org.eclipse.cdt.managedbuilder.internal.core.CommonBuilder.performPrebuildGeneration(CommonBuilder.java:873)
	at org.eclipse.cdt.managedbuilder.internal.core.CommonBuilder.build(CommonBuilder.java:748)
	at org.eclipse.cdt.managedbuilder.internal.core.CommonBuilder.build(CommonBuilder.java:510)
	at org.eclipse.cdt.managedbuilder.internal.core.CommonBuilder.build(CommonBuilder.java:459)
	at org.eclipse.core.internal.events.BuildManager$2.run(BuildManager.java:795)
	at org.eclipse.core.runtime.SafeRunner.run(SafeRunner.java:42)
	at org.eclipse.core.internal.events.BuildManager.basicBuild(BuildManager.java:216)
	at org.eclipse.core.internal.events.BuildManager.basicBuild(BuildManager.java:259)
	at org.eclipse.core.internal.events.BuildManager$1.run(BuildManager.java:312)
	at org.eclipse.core.runtime.SafeRunner.run(SafeRunner.java:42)
	at org.eclipse.core.internal.events.BuildManager.basicBuild(BuildManager.java:315)
	at org.eclipse.core.internal.events.BuildManager.basicBuildLoop(BuildManager.java:367)
	at org.eclipse.core.internal.events.BuildManager.build(BuildManager.java:388)
	at org.eclipse.core.internal.resources.Workspace.buildInternal(Workspace.java:501)
	at org.eclipse.core.internal.resources.Workspace.build(Workspace.java:408)
	at org.eclipse.ui.actions.BuildAction$1.runInWorkspace(BuildAction.java:288)
	at org.eclipse.core.internal.resources.InternalWorkspaceJob.run(InternalWorkspaceJob.java:39)
	at org.eclipse.core.internal.jobs.Worker.run(Worker.java:60)
18:22:17 INFO  : Checking for BSP changes to sync application flags for project 'NESEmulator'...
18:22:17 INFO  : Updating application flags with new BSP settings...
18:22:17 ERROR : Failed to update application flags from BSP for 'NESEmulator'. Reason: null
java.lang.NullPointerException
	at com.xilinx.sdk.sw.internal.SwDb.getComponentAppCompilerFlags(SwDb.java:762)
	at com.xilinx.sdx.sw.internal.SDxSwPlatform.getSwPlatformCompilerFlags(SDxSwPlatform.java:1155)
	at com.xilinx.sdx.sdk.core.build.AppSwBuildOptionsHelper.inferSwPlatformFlags(AppSwBuildOptionsHelper.java:54)
	at com.xilinx.sdx.sdk.core.build.AppSwBuildOptionsHelper.updateBuildOptions(AppSwBuildOptionsHelper.java:46)
	at com.xilinx.sdx.sdk.core.build.SdkMakefileGenerationListener.updateSwBuildOptions(SdkMakefileGenerationListener.java:215)
	at com.xilinx.sdx.sdk.core.build.SdkMakefileGenerationListener.syncAppFlags(SdkMakefileGenerationListener.java:99)
	at com.xilinx.sdx.sdk.core.build.SdkMakefileGenerationListener.preMakefileGeneration(SdkMakefileGenerationListener.java:48)
	at com.xilinx.sdk.managedbuilder.XilinxGnuMakefileGenerator.notifyPreMakefileGenerationListeners(XilinxGnuMakefileGenerator.java:91)
	at com.xilinx.sdk.managedbuilder.XilinxGnuMakefileGenerator.generateMakefiles(XilinxGnuMakefileGenerator.java:40)
	at org.eclipse.cdt.managedbuilder.internal.core.CommonBuilder.performMakefileGeneration(CommonBuilder.java:1008)
	at org.eclipse.cdt.managedbuilder.internal.core.CommonBuilder.performPrebuildGeneration(CommonBuilder.java:873)
	at org.eclipse.cdt.managedbuilder.internal.core.CommonBuilder.build(CommonBuilder.java:748)
	at org.eclipse.cdt.managedbuilder.internal.core.CommonBuilder.build(CommonBuilder.java:510)
	at org.eclipse.cdt.managedbuilder.internal.core.CommonBuilder.build(CommonBuilder.java:459)
	at org.eclipse.core.internal.events.BuildManager$2.run(BuildManager.java:795)
	at org.eclipse.core.runtime.SafeRunner.run(SafeRunner.java:42)
	at org.eclipse.core.internal.events.BuildManager.basicBuild(BuildManager.java:216)
	at org.eclipse.core.internal.events.BuildManager.basicBuild(BuildManager.java:259)
	at org.eclipse.core.internal.events.BuildManager$1.run(BuildManager.java:312)
	at org.eclipse.core.runtime.SafeRunner.run(SafeRunner.java:42)
	at org.eclipse.core.internal.events.BuildManager.basicBuild(BuildManager.java:315)
	at org.eclipse.core.internal.events.BuildManager.basicBuildLoop(BuildManager.java:367)
	at org.eclipse.core.internal.events.BuildManager.build(BuildManager.java:388)
	at org.eclipse.core.internal.resources.Workspace.buildInternal(Workspace.java:501)
	at org.eclipse.core.internal.resources.Workspace.build(Workspace.java:408)
	at org.eclipse.ui.actions.BuildAction$1.runInWorkspace(BuildAction.java:288)
	at org.eclipse.core.internal.resources.InternalWorkspaceJob.run(InternalWorkspaceJob.java:39)
	at org.eclipse.core.internal.jobs.Worker.run(Worker.java:60)
18:22:20 INFO  : Checking for BSP changes to sync application flags for project 'NESEmulator'...
18:22:20 INFO  : Updating application flags with new BSP settings...
18:22:20 ERROR : Failed to update application flags from BSP for 'NESEmulator'. Reason: null
java.lang.NullPointerException
	at com.xilinx.sdk.sw.internal.SwDb.getComponentAppCompilerFlags(SwDb.java:762)
	at com.xilinx.sdx.sw.internal.SDxSwPlatform.getSwPlatformCompilerFlags(SDxSwPlatform.java:1155)
	at com.xilinx.sdx.sdk.core.build.AppSwBuildOptionsHelper.inferSwPlatformFlags(AppSwBuildOptionsHelper.java:54)
	at com.xilinx.sdx.sdk.core.build.AppSwBuildOptionsHelper.updateBuildOptions(AppSwBuildOptionsHelper.java:46)
	at com.xilinx.sdx.sdk.core.build.SdkMakefileGenerationListener.updateSwBuildOptions(SdkMakefileGenerationListener.java:215)
	at com.xilinx.sdx.sdk.core.build.SdkMakefileGenerationListener.syncAppFlags(SdkMakefileGenerationListener.java:99)
	at com.xilinx.sdx.sdk.core.build.SdkMakefileGenerationListener.preMakefileGeneration(SdkMakefileGenerationListener.java:48)
	at com.xilinx.sdk.managedbuilder.XilinxGnuMakefileGenerator.notifyPreMakefileGenerationListeners(XilinxGnuMakefileGenerator.java:91)
	at com.xilinx.sdk.managedbuilder.XilinxGnuMakefileGenerator.generateMakefiles(XilinxGnuMakefileGenerator.java:40)
	at org.eclipse.cdt.managedbuilder.internal.core.CommonBuilder.performMakefileGeneration(CommonBuilder.java:1008)
	at org.eclipse.cdt.managedbuilder.internal.core.CommonBuilder.performPrebuildGeneration(CommonBuilder.java:873)
	at org.eclipse.cdt.managedbuilder.internal.core.CommonBuilder.build(CommonBuilder.java:748)
	at org.eclipse.cdt.managedbuilder.internal.core.CommonBuilder.build(CommonBuilder.java:510)
	at org.eclipse.cdt.managedbuilder.internal.core.CommonBuilder.build(CommonBuilder.java:459)
	at org.eclipse.core.internal.events.BuildManager$2.run(BuildManager.java:795)
	at org.eclipse.core.runtime.SafeRunner.run(SafeRunner.java:42)
	at org.eclipse.core.internal.events.BuildManager.basicBuild(BuildManager.java:216)
	at org.eclipse.core.internal.events.BuildManager.basicBuild(BuildManager.java:259)
	at org.eclipse.core.internal.events.BuildManager$1.run(BuildManager.java:312)
	at org.eclipse.core.runtime.SafeRunner.run(SafeRunner.java:42)
	at org.eclipse.core.internal.events.BuildManager.basicBuild(BuildManager.java:315)
	at org.eclipse.core.internal.events.BuildManager.basicBuildLoop(BuildManager.java:367)
	at org.eclipse.core.internal.events.BuildManager.build(BuildManager.java:388)
	at org.eclipse.core.internal.resources.Workspace.buildInternal(Workspace.java:501)
	at org.eclipse.core.internal.resources.Workspace.build(Workspace.java:408)
	at org.eclipse.ui.actions.BuildAction$1.runInWorkspace(BuildAction.java:288)
	at org.eclipse.core.internal.resources.InternalWorkspaceJob.run(InternalWorkspaceJob.java:39)
	at org.eclipse.core.internal.jobs.Worker.run(Worker.java:60)
18:29:06 INFO  : Checking for BSP changes to sync application flags for project 'NESEmulator'...
18:29:06 INFO  : Updating application flags with new BSP settings...
18:29:06 ERROR : Failed to update application flags from BSP for 'NESEmulator'. Reason: null
java.lang.NullPointerException
	at com.xilinx.sdk.sw.internal.SwDb.getComponentAppCompilerFlags(SwDb.java:762)
	at com.xilinx.sdx.sw.internal.SDxSwPlatform.getSwPlatformCompilerFlags(SDxSwPlatform.java:1155)
	at com.xilinx.sdx.sdk.core.build.AppSwBuildOptionsHelper.inferSwPlatformFlags(AppSwBuildOptionsHelper.java:54)
	at com.xilinx.sdx.sdk.core.build.AppSwBuildOptionsHelper.updateBuildOptions(AppSwBuildOptionsHelper.java:46)
	at com.xilinx.sdx.sdk.core.build.SdkMakefileGenerationListener.updateSwBuildOptions(SdkMakefileGenerationListener.java:215)
	at com.xilinx.sdx.sdk.core.build.SdkMakefileGenerationListener.syncAppFlags(SdkMakefileGenerationListener.java:99)
	at com.xilinx.sdx.sdk.core.build.SdkMakefileGenerationListener.preMakefileGeneration(SdkMakefileGenerationListener.java:48)
	at com.xilinx.sdk.managedbuilder.XilinxGnuMakefileGenerator.notifyPreMakefileGenerationListeners(XilinxGnuMakefileGenerator.java:91)
	at com.xilinx.sdk.managedbuilder.XilinxGnuMakefileGenerator.generateMakefiles(XilinxGnuMakefileGenerator.java:40)
	at org.eclipse.cdt.managedbuilder.internal.core.CommonBuilder.performMakefileGeneration(CommonBuilder.java:1008)
	at org.eclipse.cdt.managedbuilder.internal.core.CommonBuilder.performPrebuildGeneration(CommonBuilder.java:873)
	at org.eclipse.cdt.managedbuilder.internal.core.CommonBuilder.build(CommonBuilder.java:748)
	at org.eclipse.cdt.managedbuilder.internal.core.CommonBuilder.build(CommonBuilder.java:510)
	at org.eclipse.cdt.managedbuilder.internal.core.CommonBuilder.build(CommonBuilder.java:459)
	at org.eclipse.core.internal.events.BuildManager$2.run(BuildManager.java:795)
	at org.eclipse.core.runtime.SafeRunner.run(SafeRunner.java:42)
	at org.eclipse.core.internal.events.BuildManager.basicBuild(BuildManager.java:216)
	at org.eclipse.core.internal.events.BuildManager.basicBuild(BuildManager.java:259)
	at org.eclipse.core.internal.events.BuildManager$1.run(BuildManager.java:312)
	at org.eclipse.core.runtime.SafeRunner.run(SafeRunner.java:42)
	at org.eclipse.core.internal.events.BuildManager.basicBuild(BuildManager.java:315)
	at org.eclipse.core.internal.events.BuildManager.basicBuildLoop(BuildManager.java:367)
	at org.eclipse.core.internal.events.BuildManager.build(BuildManager.java:388)
	at org.eclipse.core.internal.resources.Workspace.buildInternal(Workspace.java:501)
	at org.eclipse.core.internal.resources.Workspace.build(Workspace.java:408)
	at org.eclipse.ui.actions.BuildAction$1.runInWorkspace(BuildAction.java:288)
	at org.eclipse.core.internal.resources.InternalWorkspaceJob.run(InternalWorkspaceJob.java:39)
	at org.eclipse.core.internal.jobs.Worker.run(Worker.java:60)
18:29:14 INFO  : Connected to target on host '127.0.0.1' and port '3121'.
18:29:14 INFO  : 'targets -set -filter {jtag_cable_name =~ "Digilent Zed 210248525658" && level==0 && jtag_device_ctx=="jsn-Zed-210248525658-23727093-0"}' command is executed.
18:29:16 INFO  : FPGA configured successfully with bitstream "C:/Users/cihem/CPRE-488-Labs/Mp-0_New/Nes/NESEmulator/_ide/bitstream/design_1_wrapper.bit"
18:29:26 INFO  : The hardware specfication used by project 'NESEmulator' is out of sync with the platform. Resource files extracted from the hardware specfiication will be updated.
18:29:26 INFO  : The file 'C:\Users\cihem\CPRE-488-Labs\Mp-0_New\Nes\NESEmulator\_ide\bitstream\design_1_wrapper.bit' stored in project is removed.
18:29:26 INFO  : The updated bitstream files are copied from platform to folder 'C:\Users\cihem\CPRE-488-Labs\Mp-0_New\Nes\NESEmulator\_ide\bitstream' in project 'NESEmulator'.
18:29:26 INFO  : The file 'C:\Users\cihem\CPRE-488-Labs\Mp-0_New\Nes\NESEmulator\_ide\psinit\ps7_init.tcl' stored in project is removed.
18:29:29 INFO  : The updated ps init files are copied from platform to folder 'C:\Users\cihem\CPRE-488-Labs\Mp-0_New\Nes\NESEmulator\_ide\psinit' in project 'NESEmulator'.
18:29:29 INFO  : Connected to target on host '127.0.0.1' and port '3121'.
18:29:29 INFO  : Jtag cable 'Digilent Zed 210248525658' is selected.
18:29:29 INFO  : 'jtag frequency' command is executed.
18:29:29 INFO  : Context for 'APU' is selected.
18:29:30 INFO  : System reset is completed.
18:29:33 INFO  : 'after 3000' command is executed.
18:29:33 INFO  : 'targets -set -filter {jtag_cable_name =~ "Digilent Zed 210248525658" && level==0 && jtag_device_ctx=="jsn-Zed-210248525658-23727093-0"}' command is executed.
18:29:35 INFO  : FPGA configured successfully with bitstream "C:/Users/cihem/CPRE-488-Labs/Mp-0_New/Nes/NESEmulator/_ide/bitstream/design_1_wrapper.bit"
18:29:35 INFO  : Context for 'APU' is selected.
18:29:35 INFO  : Hardware design and registers information is loaded from 'C:/Users/cihem/CPRE-488-Labs/Mp-0_New/Nes/design_1_wrapper/export/design_1_wrapper/hw/design_1_wrapper.xsa'.
18:29:35 INFO  : 'configparams force-mem-access 1' command is executed.
18:29:35 INFO  : Context for 'APU' is selected.
18:29:35 INFO  : Sourcing of 'C:/Users/cihem/CPRE-488-Labs/Mp-0_New/Nes/NESEmulator/_ide/psinit/ps7_init.tcl' is done.
18:29:35 INFO  : 'ps7_init' command is executed.
18:29:35 INFO  : 'ps7_post_config' command is executed.
18:29:35 INFO  : Context for processor 'ps7_cortexa9_0' is selected.
18:29:36 INFO  : The application 'C:/Users/cihem/CPRE-488-Labs/Mp-0_New/Nes/NESEmulator/Debug/NESEmulator.elf' is downloaded to processor 'ps7_cortexa9_0'.
18:29:36 INFO  : 'configparams force-mem-access 0' command is executed.
18:29:36 INFO  : ----------------XSDB Script----------------
connect -url tcp:127.0.0.1:3121
targets -set -nocase -filter {name =~"APU*"}
rst -system
after 3000
targets -set -filter {jtag_cable_name =~ "Digilent Zed 210248525658" && level==0 && jtag_device_ctx=="jsn-Zed-210248525658-23727093-0"}
fpga -file C:/Users/cihem/CPRE-488-Labs/Mp-0_New/Nes/NESEmulator/_ide/bitstream/design_1_wrapper.bit
targets -set -nocase -filter {name =~"APU*"}
loadhw -hw C:/Users/cihem/CPRE-488-Labs/Mp-0_New/Nes/design_1_wrapper/export/design_1_wrapper/hw/design_1_wrapper.xsa -mem-ranges [list {0x40000000 0xbfffffff}] -regs
configparams force-mem-access 1
targets -set -nocase -filter {name =~"APU*"}
source C:/Users/cihem/CPRE-488-Labs/Mp-0_New/Nes/NESEmulator/_ide/psinit/ps7_init.tcl
ps7_init
ps7_post_config
targets -set -nocase -filter {name =~ "*A9*#0"}
dow C:/Users/cihem/CPRE-488-Labs/Mp-0_New/Nes/NESEmulator/Debug/NESEmulator.elf
configparams force-mem-access 0
----------------End of Script----------------

18:29:36 INFO  : Context for processor 'ps7_cortexa9_0' is selected.
18:29:36 INFO  : 'con' command is executed.
18:29:36 INFO  : ----------------XSDB Script (After Launch)----------------
targets -set -nocase -filter {name =~ "*A9*#0"}
con
----------------End of Script----------------

18:29:36 INFO  : Launch script is exported to file 'C:\Users\cihem\CPRE-488-Labs\Mp-0_New\Nes\.sdk\launch_scripts\single_application_debug\debugger_nesemulator-default.tcl'
18:42:34 INFO  : Disconnected from the channel tcfchan#3.
18:42:37 INFO  : Checking for BSP changes to sync application flags for project 'NESEmulator'...
18:42:37 INFO  : Updating application flags with new BSP settings...
18:42:37 ERROR : Failed to update application flags from BSP for 'NESEmulator'. Reason: null
java.lang.NullPointerException
	at com.xilinx.sdk.sw.internal.SwDb.getComponentAppCompilerFlags(SwDb.java:762)
	at com.xilinx.sdx.sw.internal.SDxSwPlatform.getSwPlatformCompilerFlags(SDxSwPlatform.java:1155)
	at com.xilinx.sdx.sdk.core.build.AppSwBuildOptionsHelper.inferSwPlatformFlags(AppSwBuildOptionsHelper.java:54)
	at com.xilinx.sdx.sdk.core.build.AppSwBuildOptionsHelper.updateBuildOptions(AppSwBuildOptionsHelper.java:46)
	at com.xilinx.sdx.sdk.core.build.SdkMakefileGenerationListener.updateSwBuildOptions(SdkMakefileGenerationListener.java:215)
	at com.xilinx.sdx.sdk.core.build.SdkMakefileGenerationListener.syncAppFlags(SdkMakefileGenerationListener.java:99)
	at com.xilinx.sdx.sdk.core.build.SdkMakefileGenerationListener.preMakefileGeneration(SdkMakefileGenerationListener.java:48)
	at com.xilinx.sdk.managedbuilder.XilinxGnuMakefileGenerator.notifyPreMakefileGenerationListeners(XilinxGnuMakefileGenerator.java:91)
	at com.xilinx.sdk.managedbuilder.XilinxGnuMakefileGenerator.generateMakefiles(XilinxGnuMakefileGenerator.java:40)
	at org.eclipse.cdt.managedbuilder.internal.core.CommonBuilder.performMakefileGeneration(CommonBuilder.java:1008)
	at org.eclipse.cdt.managedbuilder.internal.core.CommonBuilder.performPrebuildGeneration(CommonBuilder.java:873)
	at org.eclipse.cdt.managedbuilder.internal.core.CommonBuilder.build(CommonBuilder.java:748)
	at org.eclipse.cdt.managedbuilder.internal.core.CommonBuilder.build(CommonBuilder.java:510)
	at org.eclipse.cdt.managedbuilder.internal.core.CommonBuilder.build(CommonBuilder.java:459)
	at org.eclipse.core.internal.events.BuildManager$2.run(BuildManager.java:795)
	at org.eclipse.core.runtime.SafeRunner.run(SafeRunner.java:42)
	at org.eclipse.core.internal.events.BuildManager.basicBuild(BuildManager.java:216)
	at org.eclipse.core.internal.events.BuildManager.basicBuild(BuildManager.java:259)
	at org.eclipse.core.internal.events.BuildManager$1.run(BuildManager.java:312)
	at org.eclipse.core.runtime.SafeRunner.run(SafeRunner.java:42)
	at org.eclipse.core.internal.events.BuildManager.basicBuild(BuildManager.java:315)
	at org.eclipse.core.internal.events.BuildManager.basicBuildLoop(BuildManager.java:367)
	at org.eclipse.core.internal.events.BuildManager.build(BuildManager.java:388)
	at org.eclipse.core.internal.resources.Workspace.buildInternal(Workspace.java:501)
	at org.eclipse.core.internal.resources.Workspace.build(Workspace.java:408)
	at org.eclipse.ui.actions.BuildAction$1.runInWorkspace(BuildAction.java:288)
	at org.eclipse.core.internal.resources.InternalWorkspaceJob.run(InternalWorkspaceJob.java:39)
	at org.eclipse.core.internal.jobs.Worker.run(Worker.java:60)
18:47:49 INFO  : Checking for BSP changes to sync application flags for project 'NESEmulator'...
18:47:49 INFO  : Updating application flags with new BSP settings...
18:47:49 ERROR : Failed to update application flags from BSP for 'NESEmulator'. Reason: null
java.lang.NullPointerException
	at com.xilinx.sdk.sw.internal.SwDb.getComponentAppCompilerFlags(SwDb.java:762)
	at com.xilinx.sdx.sw.internal.SDxSwPlatform.getSwPlatformCompilerFlags(SDxSwPlatform.java:1155)
	at com.xilinx.sdx.sdk.core.build.AppSwBuildOptionsHelper.inferSwPlatformFlags(AppSwBuildOptionsHelper.java:54)
	at com.xilinx.sdx.sdk.core.build.AppSwBuildOptionsHelper.updateBuildOptions(AppSwBuildOptionsHelper.java:46)
	at com.xilinx.sdx.sdk.core.build.SdkMakefileGenerationListener.updateSwBuildOptions(SdkMakefileGenerationListener.java:215)
	at com.xilinx.sdx.sdk.core.build.SdkMakefileGenerationListener.syncAppFlags(SdkMakefileGenerationListener.java:99)
	at com.xilinx.sdx.sdk.core.build.SdkMakefileGenerationListener.preMakefileGeneration(SdkMakefileGenerationListener.java:48)
	at com.xilinx.sdk.managedbuilder.XilinxGnuMakefileGenerator.notifyPreMakefileGenerationListeners(XilinxGnuMakefileGenerator.java:91)
	at com.xilinx.sdk.managedbuilder.XilinxGnuMakefileGenerator.generateMakefiles(XilinxGnuMakefileGenerator.java:40)
	at org.eclipse.cdt.managedbuilder.internal.core.CommonBuilder.performMakefileGeneration(CommonBuilder.java:1008)
	at org.eclipse.cdt.managedbuilder.internal.core.CommonBuilder.performPrebuildGeneration(CommonBuilder.java:873)
	at org.eclipse.cdt.managedbuilder.internal.core.CommonBuilder.build(CommonBuilder.java:748)
	at org.eclipse.cdt.managedbuilder.internal.core.CommonBuilder.build(CommonBuilder.java:510)
	at org.eclipse.cdt.managedbuilder.internal.core.CommonBuilder.build(CommonBuilder.java:459)
	at org.eclipse.core.internal.events.BuildManager$2.run(BuildManager.java:795)
	at org.eclipse.core.runtime.SafeRunner.run(SafeRunner.java:42)
	at org.eclipse.core.internal.events.BuildManager.basicBuild(BuildManager.java:216)
	at org.eclipse.core.internal.events.BuildManager.basicBuild(BuildManager.java:259)
	at org.eclipse.core.internal.events.BuildManager$1.run(BuildManager.java:312)
	at org.eclipse.core.runtime.SafeRunner.run(SafeRunner.java:42)
	at org.eclipse.core.internal.events.BuildManager.basicBuild(BuildManager.java:315)
	at org.eclipse.core.internal.events.BuildManager.basicBuildLoop(BuildManager.java:367)
	at org.eclipse.core.internal.events.BuildManager.build(BuildManager.java:388)
	at org.eclipse.core.internal.resources.Workspace.buildInternal(Workspace.java:501)
	at org.eclipse.core.internal.resources.Workspace.build(Workspace.java:408)
	at org.eclipse.ui.actions.BuildAction$1.runInWorkspace(BuildAction.java:288)
	at org.eclipse.core.internal.resources.InternalWorkspaceJob.run(InternalWorkspaceJob.java:39)
	at org.eclipse.core.internal.jobs.Worker.run(Worker.java:60)
18:52:55 INFO  : Checking for BSP changes to sync application flags for project 'NESEmulator'...
18:52:55 INFO  : Updating application flags with new BSP settings...
18:52:55 ERROR : Failed to update application flags from BSP for 'NESEmulator'. Reason: null
java.lang.NullPointerException
	at com.xilinx.sdk.sw.internal.SwDb.getComponentAppCompilerFlags(SwDb.java:762)
	at com.xilinx.sdx.sw.internal.SDxSwPlatform.getSwPlatformCompilerFlags(SDxSwPlatform.java:1155)
	at com.xilinx.sdx.sdk.core.build.AppSwBuildOptionsHelper.inferSwPlatformFlags(AppSwBuildOptionsHelper.java:54)
	at com.xilinx.sdx.sdk.core.build.AppSwBuildOptionsHelper.updateBuildOptions(AppSwBuildOptionsHelper.java:46)
	at com.xilinx.sdx.sdk.core.build.SdkMakefileGenerationListener.updateSwBuildOptions(SdkMakefileGenerationListener.java:215)
	at com.xilinx.sdx.sdk.core.build.SdkMakefileGenerationListener.syncAppFlags(SdkMakefileGenerationListener.java:99)
	at com.xilinx.sdx.sdk.core.build.SdkMakefileGenerationListener.preMakefileGeneration(SdkMakefileGenerationListener.java:48)
	at com.xilinx.sdk.managedbuilder.XilinxGnuMakefileGenerator.notifyPreMakefileGenerationListeners(XilinxGnuMakefileGenerator.java:91)
	at com.xilinx.sdk.managedbuilder.XilinxGnuMakefileGenerator.generateMakefiles(XilinxGnuMakefileGenerator.java:40)
	at org.eclipse.cdt.managedbuilder.internal.core.CommonBuilder.performMakefileGeneration(CommonBuilder.java:1008)
	at org.eclipse.cdt.managedbuilder.internal.core.CommonBuilder.performPrebuildGeneration(CommonBuilder.java:873)
	at org.eclipse.cdt.managedbuilder.internal.core.CommonBuilder.build(CommonBuilder.java:748)
	at org.eclipse.cdt.managedbuilder.internal.core.CommonBuilder.build(CommonBuilder.java:510)
	at org.eclipse.cdt.managedbuilder.internal.core.CommonBuilder.build(CommonBuilder.java:459)
	at org.eclipse.core.internal.events.BuildManager$2.run(BuildManager.java:795)
	at org.eclipse.core.runtime.SafeRunner.run(SafeRunner.java:42)
	at org.eclipse.core.internal.events.BuildManager.basicBuild(BuildManager.java:216)
	at org.eclipse.core.internal.events.BuildManager.basicBuild(BuildManager.java:259)
	at org.eclipse.core.internal.events.BuildManager$1.run(BuildManager.java:312)
	at org.eclipse.core.runtime.SafeRunner.run(SafeRunner.java:42)
	at org.eclipse.core.internal.events.BuildManager.basicBuild(BuildManager.java:315)
	at org.eclipse.core.internal.events.BuildManager.basicBuildLoop(BuildManager.java:367)
	at org.eclipse.core.internal.events.BuildManager.build(BuildManager.java:388)
	at org.eclipse.core.internal.resources.Workspace.buildInternal(Workspace.java:501)
	at org.eclipse.core.internal.resources.Workspace.build(Workspace.java:408)
	at org.eclipse.ui.actions.BuildAction$1.runInWorkspace(BuildAction.java:288)
	at org.eclipse.core.internal.resources.InternalWorkspaceJob.run(InternalWorkspaceJob.java:39)
	at org.eclipse.core.internal.jobs.Worker.run(Worker.java:60)
18:53:12 INFO  : Checking for BSP changes to sync application flags for project 'NESEmulator'...
18:53:12 INFO  : Updating application flags with new BSP settings...
18:53:12 ERROR : Failed to update application flags from BSP for 'NESEmulator'. Reason: null
java.lang.NullPointerException
	at com.xilinx.sdk.sw.internal.SwDb.getComponentAppCompilerFlags(SwDb.java:762)
	at com.xilinx.sdx.sw.internal.SDxSwPlatform.getSwPlatformCompilerFlags(SDxSwPlatform.java:1155)
	at com.xilinx.sdx.sdk.core.build.AppSwBuildOptionsHelper.inferSwPlatformFlags(AppSwBuildOptionsHelper.java:54)
	at com.xilinx.sdx.sdk.core.build.AppSwBuildOptionsHelper.updateBuildOptions(AppSwBuildOptionsHelper.java:46)
	at com.xilinx.sdx.sdk.core.build.SdkMakefileGenerationListener.updateSwBuildOptions(SdkMakefileGenerationListener.java:215)
	at com.xilinx.sdx.sdk.core.build.SdkMakefileGenerationListener.syncAppFlags(SdkMakefileGenerationListener.java:99)
	at com.xilinx.sdx.sdk.core.build.SdkMakefileGenerationListener.preMakefileGeneration(SdkMakefileGenerationListener.java:48)
	at com.xilinx.sdk.managedbuilder.XilinxGnuMakefileGenerator.notifyPreMakefileGenerationListeners(XilinxGnuMakefileGenerator.java:91)
	at com.xilinx.sdk.managedbuilder.XilinxGnuMakefileGenerator.generateMakefiles(XilinxGnuMakefileGenerator.java:40)
	at org.eclipse.cdt.managedbuilder.internal.core.CommonBuilder.performMakefileGeneration(CommonBuilder.java:1008)
	at org.eclipse.cdt.managedbuilder.internal.core.CommonBuilder.performPrebuildGeneration(CommonBuilder.java:873)
	at org.eclipse.cdt.managedbuilder.internal.core.CommonBuilder.build(CommonBuilder.java:748)
	at org.eclipse.cdt.managedbuilder.internal.core.CommonBuilder.build(CommonBuilder.java:510)
	at org.eclipse.cdt.managedbuilder.internal.core.CommonBuilder.build(CommonBuilder.java:459)
	at org.eclipse.core.internal.events.BuildManager$2.run(BuildManager.java:795)
	at org.eclipse.core.runtime.SafeRunner.run(SafeRunner.java:42)
	at org.eclipse.core.internal.events.BuildManager.basicBuild(BuildManager.java:216)
	at org.eclipse.core.internal.events.BuildManager.basicBuild(BuildManager.java:259)
	at org.eclipse.core.internal.events.BuildManager$1.run(BuildManager.java:312)
	at org.eclipse.core.runtime.SafeRunner.run(SafeRunner.java:42)
	at org.eclipse.core.internal.events.BuildManager.basicBuild(BuildManager.java:315)
	at org.eclipse.core.internal.events.BuildManager.basicBuildLoop(BuildManager.java:367)
	at org.eclipse.core.internal.events.BuildManager.build(BuildManager.java:388)
	at org.eclipse.core.internal.resources.Workspace.buildInternal(Workspace.java:501)
	at org.eclipse.core.internal.resources.Workspace.build(Workspace.java:408)
	at org.eclipse.ui.actions.BuildAction$1.runInWorkspace(BuildAction.java:288)
	at org.eclipse.core.internal.resources.InternalWorkspaceJob.run(InternalWorkspaceJob.java:39)
	at org.eclipse.core.internal.jobs.Worker.run(Worker.java:60)
18:53:25 INFO  : Connected to target on host '127.0.0.1' and port '3121'.
18:53:43 INFO  : ----------------XSDB Script----------------
connect -url tcp:127.0.0.1:3121
----------------End of Script----------------

18:53:43 ERROR : Could not find ARM device on the board for connection 'Local'.
Check if the target is in:
1. Split JTAG - No operations are possible with ARM DAP.
2. Non JTAG bootmode - Bootrom may need time to enable DAP.
Please try again.


Troubleshooting hints:
1. Check whether board is connected to system properly.
2. In case of zynq board, check whether Digilent/Xilinx cable switch settings are correct.
3. If you are using Xilinx Platform Cable USB, ensure that status LED is green.
18:53:54 INFO  : Connected to target on host '127.0.0.1' and port '3121'.
18:53:54 INFO  : 'targets -set -filter {jtag_cable_name =~ "Digilent Zed 210248525658" && level==0 && jtag_device_ctx=="jsn-Zed-210248525658-23727093-0"}' command is executed.
18:53:56 INFO  : FPGA configured successfully with bitstream "C:/Users/cihem/CPRE-488-Labs/Mp-0_New/Nes/NESEmulator/_ide/bitstream/design_1_wrapper.bit"
18:54:00 INFO  : Checking for BSP changes to sync application flags for project 'NESEmulator'...
18:54:00 INFO  : Updating application flags with new BSP settings...
18:54:00 ERROR : Failed to update application flags from BSP for 'NESEmulator'. Reason: null
java.lang.NullPointerException
	at com.xilinx.sdk.sw.internal.SwDb.getComponentAppCompilerFlags(SwDb.java:762)
	at com.xilinx.sdx.sw.internal.SDxSwPlatform.getSwPlatformCompilerFlags(SDxSwPlatform.java:1155)
	at com.xilinx.sdx.sdk.core.build.AppSwBuildOptionsHelper.inferSwPlatformFlags(AppSwBuildOptionsHelper.java:54)
	at com.xilinx.sdx.sdk.core.build.AppSwBuildOptionsHelper.updateBuildOptions(AppSwBuildOptionsHelper.java:46)
	at com.xilinx.sdx.sdk.core.build.SdkMakefileGenerationListener.updateSwBuildOptions(SdkMakefileGenerationListener.java:215)
	at com.xilinx.sdx.sdk.core.build.SdkMakefileGenerationListener.syncAppFlags(SdkMakefileGenerationListener.java:99)
	at com.xilinx.sdx.sdk.core.build.SdkMakefileGenerationListener.preMakefileGeneration(SdkMakefileGenerationListener.java:48)
	at com.xilinx.sdk.managedbuilder.XilinxGnuMakefileGenerator.notifyPreMakefileGenerationListeners(XilinxGnuMakefileGenerator.java:91)
	at com.xilinx.sdk.managedbuilder.XilinxGnuMakefileGenerator.generateMakefiles(XilinxGnuMakefileGenerator.java:40)
	at org.eclipse.cdt.managedbuilder.internal.core.CommonBuilder.performMakefileGeneration(CommonBuilder.java:1008)
	at org.eclipse.cdt.managedbuilder.internal.core.CommonBuilder.performPrebuildGeneration(CommonBuilder.java:873)
	at org.eclipse.cdt.managedbuilder.internal.core.CommonBuilder.build(CommonBuilder.java:748)
	at org.eclipse.cdt.managedbuilder.internal.core.CommonBuilder.build(CommonBuilder.java:510)
	at org.eclipse.cdt.managedbuilder.internal.core.CommonBuilder.build(CommonBuilder.java:459)
	at org.eclipse.core.internal.events.BuildManager$2.run(BuildManager.java:795)
	at org.eclipse.core.runtime.SafeRunner.run(SafeRunner.java:42)
	at org.eclipse.core.internal.events.BuildManager.basicBuild(BuildManager.java:216)
	at org.eclipse.core.internal.events.BuildManager.basicBuild(BuildManager.java:259)
	at org.eclipse.core.internal.events.BuildManager$1.run(BuildManager.java:312)
	at org.eclipse.core.runtime.SafeRunner.run(SafeRunner.java:42)
	at org.eclipse.core.internal.events.BuildManager.basicBuild(BuildManager.java:315)
	at org.eclipse.core.internal.events.BuildManager.basicBuildLoop(BuildManager.java:367)
	at org.eclipse.core.internal.events.BuildManager.build(BuildManager.java:388)
	at org.eclipse.core.internal.resources.Workspace.buildInternal(Workspace.java:501)
	at org.eclipse.core.internal.resources.Workspace.build(Workspace.java:408)
	at org.eclipse.ui.actions.BuildAction$1.runInWorkspace(BuildAction.java:288)
	at org.eclipse.core.internal.resources.InternalWorkspaceJob.run(InternalWorkspaceJob.java:39)
	at org.eclipse.core.internal.jobs.Worker.run(Worker.java:60)
18:54:05 INFO  : Connected to target on host '127.0.0.1' and port '3121'.
18:54:05 INFO  : Jtag cable 'Digilent Zed 210248525658' is selected.
18:54:05 INFO  : 'jtag frequency' command is executed.
18:54:05 INFO  : Context for 'APU' is selected.
18:54:05 INFO  : System reset is completed.
18:54:08 INFO  : 'after 3000' command is executed.
18:54:08 INFO  : 'targets -set -filter {jtag_cable_name =~ "Digilent Zed 210248525658" && level==0 && jtag_device_ctx=="jsn-Zed-210248525658-23727093-0"}' command is executed.
18:54:11 INFO  : FPGA configured successfully with bitstream "C:/Users/cihem/CPRE-488-Labs/Mp-0_New/Nes/NESEmulator/_ide/bitstream/design_1_wrapper.bit"
18:54:11 INFO  : Context for 'APU' is selected.
18:54:11 INFO  : Hardware design and registers information is loaded from 'C:/Users/cihem/CPRE-488-Labs/Mp-0_New/Nes/design_1_wrapper/export/design_1_wrapper/hw/design_1_wrapper.xsa'.
18:54:11 INFO  : 'configparams force-mem-access 1' command is executed.
18:54:11 INFO  : Context for 'APU' is selected.
18:54:11 INFO  : Sourcing of 'C:/Users/cihem/CPRE-488-Labs/Mp-0_New/Nes/NESEmulator/_ide/psinit/ps7_init.tcl' is done.
18:54:11 INFO  : 'ps7_init' command is executed.
18:54:11 INFO  : 'ps7_post_config' command is executed.
18:54:11 INFO  : Context for processor 'ps7_cortexa9_0' is selected.
18:54:12 INFO  : The application 'C:/Users/cihem/CPRE-488-Labs/Mp-0_New/Nes/NESEmulator/Debug/NESEmulator.elf' is downloaded to processor 'ps7_cortexa9_0'.
18:54:12 INFO  : 'configparams force-mem-access 0' command is executed.
18:54:12 INFO  : ----------------XSDB Script----------------
connect -url tcp:127.0.0.1:3121
targets -set -nocase -filter {name =~"APU*"}
rst -system
after 3000
targets -set -filter {jtag_cable_name =~ "Digilent Zed 210248525658" && level==0 && jtag_device_ctx=="jsn-Zed-210248525658-23727093-0"}
fpga -file C:/Users/cihem/CPRE-488-Labs/Mp-0_New/Nes/NESEmulator/_ide/bitstream/design_1_wrapper.bit
targets -set -nocase -filter {name =~"APU*"}
loadhw -hw C:/Users/cihem/CPRE-488-Labs/Mp-0_New/Nes/design_1_wrapper/export/design_1_wrapper/hw/design_1_wrapper.xsa -mem-ranges [list {0x40000000 0xbfffffff}] -regs
configparams force-mem-access 1
targets -set -nocase -filter {name =~"APU*"}
source C:/Users/cihem/CPRE-488-Labs/Mp-0_New/Nes/NESEmulator/_ide/psinit/ps7_init.tcl
ps7_init
ps7_post_config
targets -set -nocase -filter {name =~ "*A9*#0"}
dow C:/Users/cihem/CPRE-488-Labs/Mp-0_New/Nes/NESEmulator/Debug/NESEmulator.elf
configparams force-mem-access 0
----------------End of Script----------------

18:54:12 INFO  : Context for processor 'ps7_cortexa9_0' is selected.
18:54:12 INFO  : 'con' command is executed.
18:54:12 INFO  : ----------------XSDB Script (After Launch)----------------
targets -set -nocase -filter {name =~ "*A9*#0"}
con
----------------End of Script----------------

18:54:12 INFO  : Launch script is exported to file 'C:\Users\cihem\CPRE-488-Labs\Mp-0_New\Nes\.sdk\launch_scripts\single_application_debug\debugger_nesemulator-default.tcl'
18:56:17 INFO  : Disconnected from the channel tcfchan#4.
18:57:05 INFO  : Checking for BSP changes to sync application flags for project 'NESEmulator'...
18:57:05 INFO  : Updating application flags with new BSP settings...
18:57:05 ERROR : Failed to update application flags from BSP for 'NESEmulator'. Reason: null
java.lang.NullPointerException
	at com.xilinx.sdk.sw.internal.SwDb.getComponentAppCompilerFlags(SwDb.java:762)
	at com.xilinx.sdx.sw.internal.SDxSwPlatform.getSwPlatformCompilerFlags(SDxSwPlatform.java:1155)
	at com.xilinx.sdx.sdk.core.build.AppSwBuildOptionsHelper.inferSwPlatformFlags(AppSwBuildOptionsHelper.java:54)
	at com.xilinx.sdx.sdk.core.build.AppSwBuildOptionsHelper.updateBuildOptions(AppSwBuildOptionsHelper.java:46)
	at com.xilinx.sdx.sdk.core.build.SdkMakefileGenerationListener.updateSwBuildOptions(SdkMakefileGenerationListener.java:215)
	at com.xilinx.sdx.sdk.core.build.SdkMakefileGenerationListener.syncAppFlags(SdkMakefileGenerationListener.java:99)
	at com.xilinx.sdx.sdk.core.build.SdkMakefileGenerationListener.preMakefileGeneration(SdkMakefileGenerationListener.java:48)
	at com.xilinx.sdk.managedbuilder.XilinxGnuMakefileGenerator.notifyPreMakefileGenerationListeners(XilinxGnuMakefileGenerator.java:91)
	at com.xilinx.sdk.managedbuilder.XilinxGnuMakefileGenerator.generateMakefiles(XilinxGnuMakefileGenerator.java:40)
	at org.eclipse.cdt.managedbuilder.internal.core.CommonBuilder.performMakefileGeneration(CommonBuilder.java:1008)
	at org.eclipse.cdt.managedbuilder.internal.core.CommonBuilder.performPrebuildGeneration(CommonBuilder.java:873)
	at org.eclipse.cdt.managedbuilder.internal.core.CommonBuilder.build(CommonBuilder.java:748)
	at org.eclipse.cdt.managedbuilder.internal.core.CommonBuilder.build(CommonBuilder.java:510)
	at org.eclipse.cdt.managedbuilder.internal.core.CommonBuilder.build(CommonBuilder.java:459)
	at org.eclipse.core.internal.events.BuildManager$2.run(BuildManager.java:795)
	at org.eclipse.core.runtime.SafeRunner.run(SafeRunner.java:42)
	at org.eclipse.core.internal.events.BuildManager.basicBuild(BuildManager.java:216)
	at org.eclipse.core.internal.events.BuildManager.basicBuild(BuildManager.java:259)
	at org.eclipse.core.internal.events.BuildManager$1.run(BuildManager.java:312)
	at org.eclipse.core.runtime.SafeRunner.run(SafeRunner.java:42)
	at org.eclipse.core.internal.events.BuildManager.basicBuild(BuildManager.java:315)
	at org.eclipse.core.internal.events.BuildManager.basicBuildLoop(BuildManager.java:367)
	at org.eclipse.core.internal.events.BuildManager.build(BuildManager.java:388)
	at org.eclipse.core.internal.resources.Workspace.buildInternal(Workspace.java:501)
	at org.eclipse.core.internal.resources.Workspace.build(Workspace.java:408)
	at org.eclipse.ui.actions.BuildAction$1.runInWorkspace(BuildAction.java:288)
	at org.eclipse.core.internal.resources.InternalWorkspaceJob.run(InternalWorkspaceJob.java:39)
	at org.eclipse.core.internal.jobs.Worker.run(Worker.java:60)
18:57:10 INFO  : Connected to target on host '127.0.0.1' and port '3121'.
18:57:10 INFO  : Jtag cable 'Digilent Zed 210248525658' is selected.
18:57:10 INFO  : 'jtag frequency' command is executed.
18:57:10 INFO  : Context for 'APU' is selected.
18:57:10 INFO  : System reset is completed.
18:57:13 INFO  : 'after 3000' command is executed.
18:57:13 INFO  : 'targets -set -filter {jtag_cable_name =~ "Digilent Zed 210248525658" && level==0 && jtag_device_ctx=="jsn-Zed-210248525658-23727093-0"}' command is executed.
18:57:15 INFO  : FPGA configured successfully with bitstream "C:/Users/cihem/CPRE-488-Labs/Mp-0_New/Nes/NESEmulator/_ide/bitstream/design_1_wrapper.bit"
18:57:15 INFO  : Context for 'APU' is selected.
18:57:15 INFO  : Hardware design and registers information is loaded from 'C:/Users/cihem/CPRE-488-Labs/Mp-0_New/Nes/design_1_wrapper/export/design_1_wrapper/hw/design_1_wrapper.xsa'.
18:57:15 INFO  : 'configparams force-mem-access 1' command is executed.
18:57:15 INFO  : Context for 'APU' is selected.
18:57:15 INFO  : Sourcing of 'C:/Users/cihem/CPRE-488-Labs/Mp-0_New/Nes/NESEmulator/_ide/psinit/ps7_init.tcl' is done.
18:57:16 INFO  : 'ps7_init' command is executed.
18:57:16 INFO  : 'ps7_post_config' command is executed.
18:57:16 INFO  : Context for processor 'ps7_cortexa9_0' is selected.
18:57:17 INFO  : The application 'C:/Users/cihem/CPRE-488-Labs/Mp-0_New/Nes/NESEmulator/Debug/NESEmulator.elf' is downloaded to processor 'ps7_cortexa9_0'.
18:57:17 INFO  : 'configparams force-mem-access 0' command is executed.
18:57:17 INFO  : ----------------XSDB Script----------------
connect -url tcp:127.0.0.1:3121
targets -set -nocase -filter {name =~"APU*"}
rst -system
after 3000
targets -set -filter {jtag_cable_name =~ "Digilent Zed 210248525658" && level==0 && jtag_device_ctx=="jsn-Zed-210248525658-23727093-0"}
fpga -file C:/Users/cihem/CPRE-488-Labs/Mp-0_New/Nes/NESEmulator/_ide/bitstream/design_1_wrapper.bit
targets -set -nocase -filter {name =~"APU*"}
loadhw -hw C:/Users/cihem/CPRE-488-Labs/Mp-0_New/Nes/design_1_wrapper/export/design_1_wrapper/hw/design_1_wrapper.xsa -mem-ranges [list {0x40000000 0xbfffffff}] -regs
configparams force-mem-access 1
targets -set -nocase -filter {name =~"APU*"}
source C:/Users/cihem/CPRE-488-Labs/Mp-0_New/Nes/NESEmulator/_ide/psinit/ps7_init.tcl
ps7_init
ps7_post_config
targets -set -nocase -filter {name =~ "*A9*#0"}
dow C:/Users/cihem/CPRE-488-Labs/Mp-0_New/Nes/NESEmulator/Debug/NESEmulator.elf
configparams force-mem-access 0
----------------End of Script----------------

18:57:17 INFO  : Context for processor 'ps7_cortexa9_0' is selected.
18:57:17 INFO  : 'con' command is executed.
18:57:17 INFO  : ----------------XSDB Script (After Launch)----------------
targets -set -nocase -filter {name =~ "*A9*#0"}
con
----------------End of Script----------------

18:57:17 INFO  : Launch script is exported to file 'C:\Users\cihem\CPRE-488-Labs\Mp-0_New\Nes\.sdk\launch_scripts\single_application_debug\debugger_nesemulator-default.tcl'
19:03:08 INFO  : Disconnected from the channel tcfchan#5.
19:03:10 INFO  : Checking for BSP changes to sync application flags for project 'NESEmulator'...
19:03:10 INFO  : Updating application flags with new BSP settings...
19:03:10 ERROR : Failed to update application flags from BSP for 'NESEmulator'. Reason: null
java.lang.NullPointerException
	at com.xilinx.sdk.sw.internal.SwDb.getComponentAppCompilerFlags(SwDb.java:762)
	at com.xilinx.sdx.sw.internal.SDxSwPlatform.getSwPlatformCompilerFlags(SDxSwPlatform.java:1155)
	at com.xilinx.sdx.sdk.core.build.AppSwBuildOptionsHelper.inferSwPlatformFlags(AppSwBuildOptionsHelper.java:54)
	at com.xilinx.sdx.sdk.core.build.AppSwBuildOptionsHelper.updateBuildOptions(AppSwBuildOptionsHelper.java:46)
	at com.xilinx.sdx.sdk.core.build.SdkMakefileGenerationListener.updateSwBuildOptions(SdkMakefileGenerationListener.java:215)
	at com.xilinx.sdx.sdk.core.build.SdkMakefileGenerationListener.syncAppFlags(SdkMakefileGenerationListener.java:99)
	at com.xilinx.sdx.sdk.core.build.SdkMakefileGenerationListener.preMakefileGeneration(SdkMakefileGenerationListener.java:48)
	at com.xilinx.sdk.managedbuilder.XilinxGnuMakefileGenerator.notifyPreMakefileGenerationListeners(XilinxGnuMakefileGenerator.java:91)
	at com.xilinx.sdk.managedbuilder.XilinxGnuMakefileGenerator.generateMakefiles(XilinxGnuMakefileGenerator.java:40)
	at org.eclipse.cdt.managedbuilder.internal.core.CommonBuilder.performMakefileGeneration(CommonBuilder.java:1008)
	at org.eclipse.cdt.managedbuilder.internal.core.CommonBuilder.performPrebuildGeneration(CommonBuilder.java:873)
	at org.eclipse.cdt.managedbuilder.internal.core.CommonBuilder.build(CommonBuilder.java:748)
	at org.eclipse.cdt.managedbuilder.internal.core.CommonBuilder.build(CommonBuilder.java:510)
	at org.eclipse.cdt.managedbuilder.internal.core.CommonBuilder.build(CommonBuilder.java:459)
	at org.eclipse.core.internal.events.BuildManager$2.run(BuildManager.java:795)
	at org.eclipse.core.runtime.SafeRunner.run(SafeRunner.java:42)
	at org.eclipse.core.internal.events.BuildManager.basicBuild(BuildManager.java:216)
	at org.eclipse.core.internal.events.BuildManager.basicBuild(BuildManager.java:259)
	at org.eclipse.core.internal.events.BuildManager$1.run(BuildManager.java:312)
	at org.eclipse.core.runtime.SafeRunner.run(SafeRunner.java:42)
	at org.eclipse.core.internal.events.BuildManager.basicBuild(BuildManager.java:315)
	at org.eclipse.core.internal.events.BuildManager.basicBuildLoop(BuildManager.java:367)
	at org.eclipse.core.internal.events.BuildManager.build(BuildManager.java:388)
	at org.eclipse.core.internal.resources.Workspace.buildInternal(Workspace.java:501)
	at org.eclipse.core.internal.resources.Workspace.build(Workspace.java:408)
	at org.eclipse.ui.actions.BuildAction$1.runInWorkspace(BuildAction.java:288)
	at org.eclipse.core.internal.resources.InternalWorkspaceJob.run(InternalWorkspaceJob.java:39)
	at org.eclipse.core.internal.jobs.Worker.run(Worker.java:60)
19:03:22 INFO  : Connected to target on host '127.0.0.1' and port '3121'.
19:03:22 INFO  : Jtag cable 'Digilent Zed 210248525658' is selected.
19:03:22 INFO  : 'jtag frequency' command is executed.
19:03:22 INFO  : Context for 'APU' is selected.
19:03:22 INFO  : System reset is completed.
19:03:24 INFO  : Checking for BSP changes to sync application flags for project 'NESEmulator'...
19:03:25 INFO  : 'after 3000' command is executed.
19:03:25 INFO  : Updating application flags with new BSP settings...
19:03:25 ERROR : Failed to update application flags from BSP for 'NESEmulator'. Reason: null
java.lang.NullPointerException
	at com.xilinx.sdk.sw.internal.SwDb.getComponentAppCompilerFlags(SwDb.java:762)
	at com.xilinx.sdx.sw.internal.SDxSwPlatform.getSwPlatformCompilerFlags(SDxSwPlatform.java:1155)
	at com.xilinx.sdx.sdk.core.build.AppSwBuildOptionsHelper.inferSwPlatformFlags(AppSwBuildOptionsHelper.java:54)
	at com.xilinx.sdx.sdk.core.build.AppSwBuildOptionsHelper.updateBuildOptions(AppSwBuildOptionsHelper.java:46)
	at com.xilinx.sdx.sdk.core.build.SdkMakefileGenerationListener.updateSwBuildOptions(SdkMakefileGenerationListener.java:215)
	at com.xilinx.sdx.sdk.core.build.SdkMakefileGenerationListener.syncAppFlags(SdkMakefileGenerationListener.java:99)
	at com.xilinx.sdx.sdk.core.build.SdkMakefileGenerationListener.preMakefileGeneration(SdkMakefileGenerationListener.java:48)
	at com.xilinx.sdk.managedbuilder.XilinxGnuMakefileGenerator.notifyPreMakefileGenerationListeners(XilinxGnuMakefileGenerator.java:91)
	at com.xilinx.sdk.managedbuilder.XilinxGnuMakefileGenerator.generateMakefiles(XilinxGnuMakefileGenerator.java:40)
	at org.eclipse.cdt.managedbuilder.internal.core.CommonBuilder.performMakefileGeneration(CommonBuilder.java:1008)
	at org.eclipse.cdt.managedbuilder.internal.core.CommonBuilder.performPrebuildGeneration(CommonBuilder.java:873)
	at org.eclipse.cdt.managedbuilder.internal.core.CommonBuilder.build(CommonBuilder.java:748)
	at org.eclipse.cdt.managedbuilder.internal.core.CommonBuilder.build(CommonBuilder.java:510)
	at org.eclipse.cdt.managedbuilder.internal.core.CommonBuilder.build(CommonBuilder.java:459)
	at org.eclipse.core.internal.events.BuildManager$2.run(BuildManager.java:795)
	at org.eclipse.core.runtime.SafeRunner.run(SafeRunner.java:42)
	at org.eclipse.core.internal.events.BuildManager.basicBuild(BuildManager.java:216)
	at org.eclipse.core.internal.events.BuildManager.basicBuild(BuildManager.java:259)
	at org.eclipse.core.internal.events.BuildManager$1.run(BuildManager.java:312)
	at org.eclipse.core.runtime.SafeRunner.run(SafeRunner.java:42)
	at org.eclipse.core.internal.events.BuildManager.basicBuild(BuildManager.java:315)
	at org.eclipse.core.internal.events.BuildManager.basicBuildLoop(BuildManager.java:367)
	at org.eclipse.core.internal.events.BuildManager.build(BuildManager.java:388)
	at org.eclipse.core.internal.resources.Workspace.buildInternal(Workspace.java:501)
	at org.eclipse.core.internal.resources.Workspace.build(Workspace.java:408)
	at org.eclipse.ui.actions.BuildAction$1.runInWorkspace(BuildAction.java:288)
	at org.eclipse.core.internal.resources.InternalWorkspaceJob.run(InternalWorkspaceJob.java:39)
	at org.eclipse.core.internal.jobs.Worker.run(Worker.java:60)
19:03:25 INFO  : 'targets -set -filter {jtag_cable_name =~ "Digilent Zed 210248525658" && level==0 && jtag_device_ctx=="jsn-Zed-210248525658-23727093-0"}' command is executed.
19:03:27 INFO  : FPGA configured successfully with bitstream "C:/Users/cihem/CPRE-488-Labs/Mp-0_New/Nes/NESEmulator/_ide/bitstream/design_1_wrapper.bit"
19:03:28 INFO  : Context for 'APU' is selected.
19:03:28 INFO  : Hardware design and registers information is loaded from 'C:/Users/cihem/CPRE-488-Labs/Mp-0_New/Nes/design_1_wrapper/export/design_1_wrapper/hw/design_1_wrapper.xsa'.
19:03:28 INFO  : 'configparams force-mem-access 1' command is executed.
19:03:28 INFO  : Context for 'APU' is selected.
19:03:28 INFO  : Sourcing of 'C:/Users/cihem/CPRE-488-Labs/Mp-0_New/Nes/NESEmulator/_ide/psinit/ps7_init.tcl' is done.
19:03:28 INFO  : 'ps7_init' command is executed.
19:03:28 INFO  : 'ps7_post_config' command is executed.
19:03:28 INFO  : Context for processor 'ps7_cortexa9_0' is selected.
19:03:29 INFO  : The application 'C:/Users/cihem/CPRE-488-Labs/Mp-0_New/Nes/NESEmulator/Debug/NESEmulator.elf' is downloaded to processor 'ps7_cortexa9_0'.
19:03:29 INFO  : 'configparams force-mem-access 0' command is executed.
19:03:29 INFO  : ----------------XSDB Script----------------
connect -url tcp:127.0.0.1:3121
targets -set -nocase -filter {name =~"APU*"}
rst -system
after 3000
targets -set -filter {jtag_cable_name =~ "Digilent Zed 210248525658" && level==0 && jtag_device_ctx=="jsn-Zed-210248525658-23727093-0"}
fpga -file C:/Users/cihem/CPRE-488-Labs/Mp-0_New/Nes/NESEmulator/_ide/bitstream/design_1_wrapper.bit
targets -set -nocase -filter {name =~"APU*"}
loadhw -hw C:/Users/cihem/CPRE-488-Labs/Mp-0_New/Nes/design_1_wrapper/export/design_1_wrapper/hw/design_1_wrapper.xsa -mem-ranges [list {0x40000000 0xbfffffff}] -regs
configparams force-mem-access 1
targets -set -nocase -filter {name =~"APU*"}
source C:/Users/cihem/CPRE-488-Labs/Mp-0_New/Nes/NESEmulator/_ide/psinit/ps7_init.tcl
ps7_init
ps7_post_config
targets -set -nocase -filter {name =~ "*A9*#0"}
dow C:/Users/cihem/CPRE-488-Labs/Mp-0_New/Nes/NESEmulator/Debug/NESEmulator.elf
configparams force-mem-access 0
----------------End of Script----------------

19:03:29 INFO  : Context for processor 'ps7_cortexa9_0' is selected.
19:03:29 INFO  : 'con' command is executed.
19:03:29 INFO  : ----------------XSDB Script (After Launch)----------------
targets -set -nocase -filter {name =~ "*A9*#0"}
con
----------------End of Script----------------

19:03:29 INFO  : Launch script is exported to file 'C:\Users\cihem\CPRE-488-Labs\Mp-0_New\Nes\.sdk\launch_scripts\single_application_debug\debugger_nesemulator-default.tcl'
19:03:51 INFO  : Disconnected from the channel tcfchan#6.
19:03:57 INFO  : Connected to target on host '127.0.0.1' and port '3121'.
19:03:57 INFO  : Jtag cable 'Digilent Zed 210248525658' is selected.
19:03:57 INFO  : 'jtag frequency' command is executed.
19:03:57 INFO  : Context for 'APU' is selected.
19:03:57 INFO  : System reset is completed.
19:04:00 INFO  : 'after 3000' command is executed.
19:04:00 INFO  : 'targets -set -filter {jtag_cable_name =~ "Digilent Zed 210248525658" && level==0 && jtag_device_ctx=="jsn-Zed-210248525658-23727093-0"}' command is executed.
19:04:03 INFO  : FPGA configured successfully with bitstream "C:/Users/cihem/CPRE-488-Labs/Mp-0_New/Nes/NESEmulator/_ide/bitstream/design_1_wrapper.bit"
19:04:03 INFO  : Context for 'APU' is selected.
19:04:03 INFO  : Hardware design and registers information is loaded from 'C:/Users/cihem/CPRE-488-Labs/Mp-0_New/Nes/design_1_wrapper/export/design_1_wrapper/hw/design_1_wrapper.xsa'.
19:04:03 INFO  : 'configparams force-mem-access 1' command is executed.
19:04:03 INFO  : Context for 'APU' is selected.
19:04:03 INFO  : Sourcing of 'C:/Users/cihem/CPRE-488-Labs/Mp-0_New/Nes/NESEmulator/_ide/psinit/ps7_init.tcl' is done.
19:04:03 INFO  : 'ps7_init' command is executed.
19:04:03 INFO  : 'ps7_post_config' command is executed.
19:04:03 INFO  : Context for processor 'ps7_cortexa9_0' is selected.
19:04:04 INFO  : The application 'C:/Users/cihem/CPRE-488-Labs/Mp-0_New/Nes/NESEmulator/Debug/NESEmulator.elf' is downloaded to processor 'ps7_cortexa9_0'.
19:04:04 INFO  : 'configparams force-mem-access 0' command is executed.
19:04:04 INFO  : ----------------XSDB Script----------------
connect -url tcp:127.0.0.1:3121
targets -set -nocase -filter {name =~"APU*"}
rst -system
after 3000
targets -set -filter {jtag_cable_name =~ "Digilent Zed 210248525658" && level==0 && jtag_device_ctx=="jsn-Zed-210248525658-23727093-0"}
fpga -file C:/Users/cihem/CPRE-488-Labs/Mp-0_New/Nes/NESEmulator/_ide/bitstream/design_1_wrapper.bit
targets -set -nocase -filter {name =~"APU*"}
loadhw -hw C:/Users/cihem/CPRE-488-Labs/Mp-0_New/Nes/design_1_wrapper/export/design_1_wrapper/hw/design_1_wrapper.xsa -mem-ranges [list {0x40000000 0xbfffffff}] -regs
configparams force-mem-access 1
targets -set -nocase -filter {name =~"APU*"}
source C:/Users/cihem/CPRE-488-Labs/Mp-0_New/Nes/NESEmulator/_ide/psinit/ps7_init.tcl
ps7_init
ps7_post_config
targets -set -nocase -filter {name =~ "*A9*#0"}
dow C:/Users/cihem/CPRE-488-Labs/Mp-0_New/Nes/NESEmulator/Debug/NESEmulator.elf
configparams force-mem-access 0
----------------End of Script----------------

19:04:04 INFO  : Context for processor 'ps7_cortexa9_0' is selected.
19:04:04 INFO  : 'con' command is executed.
19:04:04 INFO  : ----------------XSDB Script (After Launch)----------------
targets -set -nocase -filter {name =~ "*A9*#0"}
con
----------------End of Script----------------

19:04:04 INFO  : Launch script is exported to file 'C:\Users\cihem\CPRE-488-Labs\Mp-0_New\Nes\.sdk\launch_scripts\single_application_debug\debugger_nesemulator-default.tcl'
19:04:50 INFO  : Disconnected from the channel tcfchan#7.
19:05:54 INFO  : Checking for BSP changes to sync application flags for project 'NESEmulator'...
19:05:54 INFO  : Updating application flags with new BSP settings...
19:05:54 ERROR : Failed to update application flags from BSP for 'NESEmulator'. Reason: null
java.lang.NullPointerException
	at com.xilinx.sdk.sw.internal.SwDb.getComponentAppCompilerFlags(SwDb.java:762)
	at com.xilinx.sdx.sw.internal.SDxSwPlatform.getSwPlatformCompilerFlags(SDxSwPlatform.java:1155)
	at com.xilinx.sdx.sdk.core.build.AppSwBuildOptionsHelper.inferSwPlatformFlags(AppSwBuildOptionsHelper.java:54)
	at com.xilinx.sdx.sdk.core.build.AppSwBuildOptionsHelper.updateBuildOptions(AppSwBuildOptionsHelper.java:46)
	at com.xilinx.sdx.sdk.core.build.SdkMakefileGenerationListener.updateSwBuildOptions(SdkMakefileGenerationListener.java:215)
	at com.xilinx.sdx.sdk.core.build.SdkMakefileGenerationListener.syncAppFlags(SdkMakefileGenerationListener.java:99)
	at com.xilinx.sdx.sdk.core.build.SdkMakefileGenerationListener.preMakefileGeneration(SdkMakefileGenerationListener.java:48)
	at com.xilinx.sdk.managedbuilder.XilinxGnuMakefileGenerator.notifyPreMakefileGenerationListeners(XilinxGnuMakefileGenerator.java:91)
	at com.xilinx.sdk.managedbuilder.XilinxGnuMakefileGenerator.generateMakefiles(XilinxGnuMakefileGenerator.java:40)
	at org.eclipse.cdt.managedbuilder.internal.core.CommonBuilder.performMakefileGeneration(CommonBuilder.java:1008)
	at org.eclipse.cdt.managedbuilder.internal.core.CommonBuilder.performPrebuildGeneration(CommonBuilder.java:873)
	at org.eclipse.cdt.managedbuilder.internal.core.CommonBuilder.build(CommonBuilder.java:748)
	at org.eclipse.cdt.managedbuilder.internal.core.CommonBuilder.build(CommonBuilder.java:510)
	at org.eclipse.cdt.managedbuilder.internal.core.CommonBuilder.build(CommonBuilder.java:459)
	at org.eclipse.core.internal.events.BuildManager$2.run(BuildManager.java:795)
	at org.eclipse.core.runtime.SafeRunner.run(SafeRunner.java:42)
	at org.eclipse.core.internal.events.BuildManager.basicBuild(BuildManager.java:216)
	at org.eclipse.core.internal.events.BuildManager.basicBuild(BuildManager.java:259)
	at org.eclipse.core.internal.events.BuildManager$1.run(BuildManager.java:312)
	at org.eclipse.core.runtime.SafeRunner.run(SafeRunner.java:42)
	at org.eclipse.core.internal.events.BuildManager.basicBuild(BuildManager.java:315)
	at org.eclipse.core.internal.events.BuildManager.basicBuildLoop(BuildManager.java:367)
	at org.eclipse.core.internal.events.BuildManager.build(BuildManager.java:388)
	at org.eclipse.core.internal.resources.Workspace.buildInternal(Workspace.java:501)
	at org.eclipse.core.internal.resources.Workspace.build(Workspace.java:408)
	at org.eclipse.ui.actions.BuildAction$1.runInWorkspace(BuildAction.java:288)
	at org.eclipse.core.internal.resources.InternalWorkspaceJob.run(InternalWorkspaceJob.java:39)
	at org.eclipse.core.internal.jobs.Worker.run(Worker.java:60)
19:06:10 INFO  : Connected to target on host '127.0.0.1' and port '3121'.
19:06:10 INFO  : Jtag cable 'Digilent Zed 210248525658' is selected.
19:06:10 INFO  : 'jtag frequency' command is executed.
19:06:10 INFO  : Context for 'APU' is selected.
19:06:10 INFO  : System reset is completed.
19:06:13 INFO  : 'after 3000' command is executed.
19:06:13 INFO  : 'targets -set -filter {jtag_cable_name =~ "Digilent Zed 210248525658" && level==0 && jtag_device_ctx=="jsn-Zed-210248525658-23727093-0"}' command is executed.
19:06:16 INFO  : FPGA configured successfully with bitstream "C:/Users/cihem/CPRE-488-Labs/Mp-0_New/Nes/NESEmulator/_ide/bitstream/design_1_wrapper.bit"
19:06:16 INFO  : Context for 'APU' is selected.
19:06:16 INFO  : Hardware design and registers information is loaded from 'C:/Users/cihem/CPRE-488-Labs/Mp-0_New/Nes/design_1_wrapper/export/design_1_wrapper/hw/design_1_wrapper.xsa'.
19:06:16 INFO  : 'configparams force-mem-access 1' command is executed.
19:06:16 INFO  : Context for 'APU' is selected.
19:06:16 INFO  : Sourcing of 'C:/Users/cihem/CPRE-488-Labs/Mp-0_New/Nes/NESEmulator/_ide/psinit/ps7_init.tcl' is done.
19:06:16 INFO  : 'ps7_init' command is executed.
19:06:16 INFO  : 'ps7_post_config' command is executed.
19:06:16 INFO  : Context for processor 'ps7_cortexa9_0' is selected.
19:06:17 INFO  : The application 'C:/Users/cihem/CPRE-488-Labs/Mp-0_New/Nes/NESEmulator/Debug/NESEmulator.elf' is downloaded to processor 'ps7_cortexa9_0'.
19:06:17 INFO  : 'configparams force-mem-access 0' command is executed.
19:06:17 INFO  : ----------------XSDB Script----------------
connect -url tcp:127.0.0.1:3121
targets -set -nocase -filter {name =~"APU*"}
rst -system
after 3000
targets -set -filter {jtag_cable_name =~ "Digilent Zed 210248525658" && level==0 && jtag_device_ctx=="jsn-Zed-210248525658-23727093-0"}
fpga -file C:/Users/cihem/CPRE-488-Labs/Mp-0_New/Nes/NESEmulator/_ide/bitstream/design_1_wrapper.bit
targets -set -nocase -filter {name =~"APU*"}
loadhw -hw C:/Users/cihem/CPRE-488-Labs/Mp-0_New/Nes/design_1_wrapper/export/design_1_wrapper/hw/design_1_wrapper.xsa -mem-ranges [list {0x40000000 0xbfffffff}] -regs
configparams force-mem-access 1
targets -set -nocase -filter {name =~"APU*"}
source C:/Users/cihem/CPRE-488-Labs/Mp-0_New/Nes/NESEmulator/_ide/psinit/ps7_init.tcl
ps7_init
ps7_post_config
targets -set -nocase -filter {name =~ "*A9*#0"}
dow C:/Users/cihem/CPRE-488-Labs/Mp-0_New/Nes/NESEmulator/Debug/NESEmulator.elf
configparams force-mem-access 0
----------------End of Script----------------

19:06:17 INFO  : Context for processor 'ps7_cortexa9_0' is selected.
19:06:17 INFO  : 'con' command is executed.
19:06:17 INFO  : ----------------XSDB Script (After Launch)----------------
targets -set -nocase -filter {name =~ "*A9*#0"}
con
----------------End of Script----------------

19:06:17 INFO  : Launch script is exported to file 'C:\Users\cihem\CPRE-488-Labs\Mp-0_New\Nes\.sdk\launch_scripts\single_application_debug\debugger_nesemulator-default.tcl'
19:06:36 INFO  : Disconnected from the channel tcfchan#8.
19:07:48 INFO  : Checking for BSP changes to sync application flags for project 'NESEmulator'...
19:07:48 INFO  : Updating application flags with new BSP settings...
19:07:48 ERROR : Failed to update application flags from BSP for 'NESEmulator'. Reason: null
java.lang.NullPointerException
	at com.xilinx.sdk.sw.internal.SwDb.getComponentAppCompilerFlags(SwDb.java:762)
	at com.xilinx.sdx.sw.internal.SDxSwPlatform.getSwPlatformCompilerFlags(SDxSwPlatform.java:1155)
	at com.xilinx.sdx.sdk.core.build.AppSwBuildOptionsHelper.inferSwPlatformFlags(AppSwBuildOptionsHelper.java:54)
	at com.xilinx.sdx.sdk.core.build.AppSwBuildOptionsHelper.updateBuildOptions(AppSwBuildOptionsHelper.java:46)
	at com.xilinx.sdx.sdk.core.build.SdkMakefileGenerationListener.updateSwBuildOptions(SdkMakefileGenerationListener.java:215)
	at com.xilinx.sdx.sdk.core.build.SdkMakefileGenerationListener.syncAppFlags(SdkMakefileGenerationListener.java:99)
	at com.xilinx.sdx.sdk.core.build.SdkMakefileGenerationListener.preMakefileGeneration(SdkMakefileGenerationListener.java:48)
	at com.xilinx.sdk.managedbuilder.XilinxGnuMakefileGenerator.notifyPreMakefileGenerationListeners(XilinxGnuMakefileGenerator.java:91)
	at com.xilinx.sdk.managedbuilder.XilinxGnuMakefileGenerator.generateMakefiles(XilinxGnuMakefileGenerator.java:40)
	at org.eclipse.cdt.managedbuilder.internal.core.CommonBuilder.performMakefileGeneration(CommonBuilder.java:1008)
	at org.eclipse.cdt.managedbuilder.internal.core.CommonBuilder.performPrebuildGeneration(CommonBuilder.java:873)
	at org.eclipse.cdt.managedbuilder.internal.core.CommonBuilder.build(CommonBuilder.java:748)
	at org.eclipse.cdt.managedbuilder.internal.core.CommonBuilder.build(CommonBuilder.java:510)
	at org.eclipse.cdt.managedbuilder.internal.core.CommonBuilder.build(CommonBuilder.java:459)
	at org.eclipse.core.internal.events.BuildManager$2.run(BuildManager.java:795)
	at org.eclipse.core.runtime.SafeRunner.run(SafeRunner.java:42)
	at org.eclipse.core.internal.events.BuildManager.basicBuild(BuildManager.java:216)
	at org.eclipse.core.internal.events.BuildManager.basicBuild(BuildManager.java:259)
	at org.eclipse.core.internal.events.BuildManager$1.run(BuildManager.java:312)
	at org.eclipse.core.runtime.SafeRunner.run(SafeRunner.java:42)
	at org.eclipse.core.internal.events.BuildManager.basicBuild(BuildManager.java:315)
	at org.eclipse.core.internal.events.BuildManager.basicBuildLoop(BuildManager.java:367)
	at org.eclipse.core.internal.events.BuildManager.build(BuildManager.java:388)
	at org.eclipse.core.internal.resources.Workspace.buildInternal(Workspace.java:501)
	at org.eclipse.core.internal.resources.Workspace.build(Workspace.java:408)
	at org.eclipse.ui.actions.BuildAction$1.runInWorkspace(BuildAction.java:288)
	at org.eclipse.core.internal.resources.InternalWorkspaceJob.run(InternalWorkspaceJob.java:39)
	at org.eclipse.core.internal.jobs.Worker.run(Worker.java:60)
19:08:03 INFO  : Checking for BSP changes to sync application flags for project 'NESEmulator'...
19:08:03 INFO  : Updating application flags with new BSP settings...
19:08:03 ERROR : Failed to update application flags from BSP for 'NESEmulator'. Reason: null
java.lang.NullPointerException
	at com.xilinx.sdk.sw.internal.SwDb.getComponentAppCompilerFlags(SwDb.java:762)
	at com.xilinx.sdx.sw.internal.SDxSwPlatform.getSwPlatformCompilerFlags(SDxSwPlatform.java:1155)
	at com.xilinx.sdx.sdk.core.build.AppSwBuildOptionsHelper.inferSwPlatformFlags(AppSwBuildOptionsHelper.java:54)
	at com.xilinx.sdx.sdk.core.build.AppSwBuildOptionsHelper.updateBuildOptions(AppSwBuildOptionsHelper.java:46)
	at com.xilinx.sdx.sdk.core.build.SdkMakefileGenerationListener.updateSwBuildOptions(SdkMakefileGenerationListener.java:215)
	at com.xilinx.sdx.sdk.core.build.SdkMakefileGenerationListener.syncAppFlags(SdkMakefileGenerationListener.java:99)
	at com.xilinx.sdx.sdk.core.build.SdkMakefileGenerationListener.preMakefileGeneration(SdkMakefileGenerationListener.java:48)
	at com.xilinx.sdk.managedbuilder.XilinxGnuMakefileGenerator.notifyPreMakefileGenerationListeners(XilinxGnuMakefileGenerator.java:91)
	at com.xilinx.sdk.managedbuilder.XilinxGnuMakefileGenerator.generateMakefiles(XilinxGnuMakefileGenerator.java:40)
	at org.eclipse.cdt.managedbuilder.internal.core.CommonBuilder.performMakefileGeneration(CommonBuilder.java:1008)
	at org.eclipse.cdt.managedbuilder.internal.core.CommonBuilder.performPrebuildGeneration(CommonBuilder.java:873)
	at org.eclipse.cdt.managedbuilder.internal.core.CommonBuilder.build(CommonBuilder.java:748)
	at org.eclipse.cdt.managedbuilder.internal.core.CommonBuilder.build(CommonBuilder.java:510)
	at org.eclipse.cdt.managedbuilder.internal.core.CommonBuilder.build(CommonBuilder.java:459)
	at org.eclipse.core.internal.events.BuildManager$2.run(BuildManager.java:795)
	at org.eclipse.core.runtime.SafeRunner.run(SafeRunner.java:42)
	at org.eclipse.core.internal.events.BuildManager.basicBuild(BuildManager.java:216)
	at org.eclipse.core.internal.events.BuildManager.basicBuild(BuildManager.java:259)
	at org.eclipse.core.internal.events.BuildManager$1.run(BuildManager.java:312)
	at org.eclipse.core.runtime.SafeRunner.run(SafeRunner.java:42)
	at org.eclipse.core.internal.events.BuildManager.basicBuild(BuildManager.java:315)
	at org.eclipse.core.internal.events.BuildManager.basicBuildLoop(BuildManager.java:367)
	at org.eclipse.core.internal.events.BuildManager.build(BuildManager.java:388)
	at org.eclipse.core.internal.resources.Workspace.buildInternal(Workspace.java:501)
	at org.eclipse.core.internal.resources.Workspace.build(Workspace.java:408)
	at org.eclipse.ui.actions.BuildAction$1.runInWorkspace(BuildAction.java:288)
	at org.eclipse.core.internal.resources.InternalWorkspaceJob.run(InternalWorkspaceJob.java:39)
	at org.eclipse.core.internal.jobs.Worker.run(Worker.java:60)
19:08:24 INFO  : Checking for BSP changes to sync application flags for project 'NESEmulator'...
19:08:24 INFO  : Updating application flags with new BSP settings...
19:08:24 ERROR : Failed to update application flags from BSP for 'NESEmulator'. Reason: null
java.lang.NullPointerException
	at com.xilinx.sdk.sw.internal.SwDb.getComponentAppCompilerFlags(SwDb.java:762)
	at com.xilinx.sdx.sw.internal.SDxSwPlatform.getSwPlatformCompilerFlags(SDxSwPlatform.java:1155)
	at com.xilinx.sdx.sdk.core.build.AppSwBuildOptionsHelper.inferSwPlatformFlags(AppSwBuildOptionsHelper.java:54)
	at com.xilinx.sdx.sdk.core.build.AppSwBuildOptionsHelper.updateBuildOptions(AppSwBuildOptionsHelper.java:46)
	at com.xilinx.sdx.sdk.core.build.SdkMakefileGenerationListener.updateSwBuildOptions(SdkMakefileGenerationListener.java:215)
	at com.xilinx.sdx.sdk.core.build.SdkMakefileGenerationListener.syncAppFlags(SdkMakefileGenerationListener.java:99)
	at com.xilinx.sdx.sdk.core.build.SdkMakefileGenerationListener.preMakefileGeneration(SdkMakefileGenerationListener.java:48)
	at com.xilinx.sdk.managedbuilder.XilinxGnuMakefileGenerator.notifyPreMakefileGenerationListeners(XilinxGnuMakefileGenerator.java:91)
	at com.xilinx.sdk.managedbuilder.XilinxGnuMakefileGenerator.generateMakefiles(XilinxGnuMakefileGenerator.java:40)
	at org.eclipse.cdt.managedbuilder.internal.core.CommonBuilder.performMakefileGeneration(CommonBuilder.java:1008)
	at org.eclipse.cdt.managedbuilder.internal.core.CommonBuilder.performPrebuildGeneration(CommonBuilder.java:873)
	at org.eclipse.cdt.managedbuilder.internal.core.CommonBuilder.build(CommonBuilder.java:748)
	at org.eclipse.cdt.managedbuilder.internal.core.CommonBuilder.build(CommonBuilder.java:510)
	at org.eclipse.cdt.managedbuilder.internal.core.CommonBuilder.build(CommonBuilder.java:459)
	at org.eclipse.core.internal.events.BuildManager$2.run(BuildManager.java:795)
	at org.eclipse.core.runtime.SafeRunner.run(SafeRunner.java:42)
	at org.eclipse.core.internal.events.BuildManager.basicBuild(BuildManager.java:216)
	at org.eclipse.core.internal.events.BuildManager.basicBuild(BuildManager.java:259)
	at org.eclipse.core.internal.events.BuildManager$1.run(BuildManager.java:312)
	at org.eclipse.core.runtime.SafeRunner.run(SafeRunner.java:42)
	at org.eclipse.core.internal.events.BuildManager.basicBuild(BuildManager.java:315)
	at org.eclipse.core.internal.events.BuildManager.basicBuildLoop(BuildManager.java:367)
	at org.eclipse.core.internal.events.BuildManager.build(BuildManager.java:388)
	at org.eclipse.core.internal.resources.Workspace.buildInternal(Workspace.java:501)
	at org.eclipse.core.internal.resources.Workspace.build(Workspace.java:408)
	at org.eclipse.ui.actions.BuildAction$1.runInWorkspace(BuildAction.java:288)
	at org.eclipse.core.internal.resources.InternalWorkspaceJob.run(InternalWorkspaceJob.java:39)
	at org.eclipse.core.internal.jobs.Worker.run(Worker.java:60)
19:08:49 INFO  : Checking for BSP changes to sync application flags for project 'NESEmulator'...
19:08:49 INFO  : Updating application flags with new BSP settings...
19:08:49 ERROR : Failed to update application flags from BSP for 'NESEmulator'. Reason: null
java.lang.NullPointerException
	at com.xilinx.sdk.sw.internal.SwDb.getComponentAppCompilerFlags(SwDb.java:762)
	at com.xilinx.sdx.sw.internal.SDxSwPlatform.getSwPlatformCompilerFlags(SDxSwPlatform.java:1155)
	at com.xilinx.sdx.sdk.core.build.AppSwBuildOptionsHelper.inferSwPlatformFlags(AppSwBuildOptionsHelper.java:54)
	at com.xilinx.sdx.sdk.core.build.AppSwBuildOptionsHelper.updateBuildOptions(AppSwBuildOptionsHelper.java:46)
	at com.xilinx.sdx.sdk.core.build.SdkMakefileGenerationListener.updateSwBuildOptions(SdkMakefileGenerationListener.java:215)
	at com.xilinx.sdx.sdk.core.build.SdkMakefileGenerationListener.syncAppFlags(SdkMakefileGenerationListener.java:99)
	at com.xilinx.sdx.sdk.core.build.SdkMakefileGenerationListener.preMakefileGeneration(SdkMakefileGenerationListener.java:48)
	at com.xilinx.sdk.managedbuilder.XilinxGnuMakefileGenerator.notifyPreMakefileGenerationListeners(XilinxGnuMakefileGenerator.java:91)
	at com.xilinx.sdk.managedbuilder.XilinxGnuMakefileGenerator.generateMakefiles(XilinxGnuMakefileGenerator.java:40)
	at org.eclipse.cdt.managedbuilder.internal.core.CommonBuilder.performMakefileGeneration(CommonBuilder.java:1008)
	at org.eclipse.cdt.managedbuilder.internal.core.CommonBuilder.performPrebuildGeneration(CommonBuilder.java:873)
	at org.eclipse.cdt.managedbuilder.internal.core.CommonBuilder.build(CommonBuilder.java:748)
	at org.eclipse.cdt.managedbuilder.internal.core.CommonBuilder.build(CommonBuilder.java:510)
	at org.eclipse.cdt.managedbuilder.internal.core.CommonBuilder.build(CommonBuilder.java:459)
	at org.eclipse.core.internal.events.BuildManager$2.run(BuildManager.java:795)
	at org.eclipse.core.runtime.SafeRunner.run(SafeRunner.java:42)
	at org.eclipse.core.internal.events.BuildManager.basicBuild(BuildManager.java:216)
	at org.eclipse.core.internal.events.BuildManager.basicBuild(BuildManager.java:259)
	at org.eclipse.core.internal.events.BuildManager$1.run(BuildManager.java:312)
	at org.eclipse.core.runtime.SafeRunner.run(SafeRunner.java:42)
	at org.eclipse.core.internal.events.BuildManager.basicBuild(BuildManager.java:315)
	at org.eclipse.core.internal.events.BuildManager.basicBuildLoop(BuildManager.java:367)
	at org.eclipse.core.internal.events.BuildManager.build(BuildManager.java:388)
	at org.eclipse.core.internal.resources.Workspace.buildInternal(Workspace.java:501)
	at org.eclipse.core.internal.resources.Workspace.build(Workspace.java:408)
	at org.eclipse.ui.actions.BuildAction$1.runInWorkspace(BuildAction.java:288)
	at org.eclipse.core.internal.resources.InternalWorkspaceJob.run(InternalWorkspaceJob.java:39)
	at org.eclipse.core.internal.jobs.Worker.run(Worker.java:60)
19:08:53 INFO  : Connected to target on host '127.0.0.1' and port '3121'.
19:08:53 INFO  : Jtag cable 'Digilent Zed 210248525658' is selected.
19:08:53 INFO  : 'jtag frequency' command is executed.
19:08:53 INFO  : Context for 'APU' is selected.
19:08:53 INFO  : System reset is completed.
19:08:56 INFO  : 'after 3000' command is executed.
19:08:56 INFO  : 'targets -set -filter {jtag_cable_name =~ "Digilent Zed 210248525658" && level==0 && jtag_device_ctx=="jsn-Zed-210248525658-23727093-0"}' command is executed.
19:08:58 INFO  : FPGA configured successfully with bitstream "C:/Users/cihem/CPRE-488-Labs/Mp-0_New/Nes/NESEmulator/_ide/bitstream/design_1_wrapper.bit"
19:08:59 INFO  : Context for 'APU' is selected.
19:08:59 INFO  : Hardware design and registers information is loaded from 'C:/Users/cihem/CPRE-488-Labs/Mp-0_New/Nes/design_1_wrapper/export/design_1_wrapper/hw/design_1_wrapper.xsa'.
19:08:59 INFO  : 'configparams force-mem-access 1' command is executed.
19:08:59 INFO  : Context for 'APU' is selected.
19:08:59 INFO  : Sourcing of 'C:/Users/cihem/CPRE-488-Labs/Mp-0_New/Nes/NESEmulator/_ide/psinit/ps7_init.tcl' is done.
19:08:59 INFO  : 'ps7_init' command is executed.
19:08:59 INFO  : 'ps7_post_config' command is executed.
19:08:59 INFO  : Context for processor 'ps7_cortexa9_0' is selected.
19:09:00 INFO  : The application 'C:/Users/cihem/CPRE-488-Labs/Mp-0_New/Nes/NESEmulator/Debug/NESEmulator.elf' is downloaded to processor 'ps7_cortexa9_0'.
19:09:00 INFO  : 'configparams force-mem-access 0' command is executed.
19:09:00 INFO  : ----------------XSDB Script----------------
connect -url tcp:127.0.0.1:3121
targets -set -nocase -filter {name =~"APU*"}
rst -system
after 3000
targets -set -filter {jtag_cable_name =~ "Digilent Zed 210248525658" && level==0 && jtag_device_ctx=="jsn-Zed-210248525658-23727093-0"}
fpga -file C:/Users/cihem/CPRE-488-Labs/Mp-0_New/Nes/NESEmulator/_ide/bitstream/design_1_wrapper.bit
targets -set -nocase -filter {name =~"APU*"}
loadhw -hw C:/Users/cihem/CPRE-488-Labs/Mp-0_New/Nes/design_1_wrapper/export/design_1_wrapper/hw/design_1_wrapper.xsa -mem-ranges [list {0x40000000 0xbfffffff}] -regs
configparams force-mem-access 1
targets -set -nocase -filter {name =~"APU*"}
source C:/Users/cihem/CPRE-488-Labs/Mp-0_New/Nes/NESEmulator/_ide/psinit/ps7_init.tcl
ps7_init
ps7_post_config
targets -set -nocase -filter {name =~ "*A9*#0"}
dow C:/Users/cihem/CPRE-488-Labs/Mp-0_New/Nes/NESEmulator/Debug/NESEmulator.elf
configparams force-mem-access 0
----------------End of Script----------------

19:09:00 INFO  : Context for processor 'ps7_cortexa9_0' is selected.
19:09:00 INFO  : 'con' command is executed.
19:09:00 INFO  : ----------------XSDB Script (After Launch)----------------
targets -set -nocase -filter {name =~ "*A9*#0"}
con
----------------End of Script----------------

19:09:00 INFO  : Launch script is exported to file 'C:\Users\cihem\CPRE-488-Labs\Mp-0_New\Nes\.sdk\launch_scripts\single_application_debug\debugger_nesemulator-default.tcl'
19:10:12 INFO  : Disconnected from the channel tcfchan#9.
19:10:14 INFO  : Checking for BSP changes to sync application flags for project 'NESEmulator'...
19:10:14 INFO  : Updating application flags with new BSP settings...
19:10:14 ERROR : Failed to update application flags from BSP for 'NESEmulator'. Reason: null
java.lang.NullPointerException
	at com.xilinx.sdk.sw.internal.SwDb.getComponentAppCompilerFlags(SwDb.java:762)
	at com.xilinx.sdx.sw.internal.SDxSwPlatform.getSwPlatformCompilerFlags(SDxSwPlatform.java:1155)
	at com.xilinx.sdx.sdk.core.build.AppSwBuildOptionsHelper.inferSwPlatformFlags(AppSwBuildOptionsHelper.java:54)
	at com.xilinx.sdx.sdk.core.build.AppSwBuildOptionsHelper.updateBuildOptions(AppSwBuildOptionsHelper.java:46)
	at com.xilinx.sdx.sdk.core.build.SdkMakefileGenerationListener.updateSwBuildOptions(SdkMakefileGenerationListener.java:215)
	at com.xilinx.sdx.sdk.core.build.SdkMakefileGenerationListener.syncAppFlags(SdkMakefileGenerationListener.java:99)
	at com.xilinx.sdx.sdk.core.build.SdkMakefileGenerationListener.preMakefileGeneration(SdkMakefileGenerationListener.java:48)
	at com.xilinx.sdk.managedbuilder.XilinxGnuMakefileGenerator.notifyPreMakefileGenerationListeners(XilinxGnuMakefileGenerator.java:91)
	at com.xilinx.sdk.managedbuilder.XilinxGnuMakefileGenerator.generateMakefiles(XilinxGnuMakefileGenerator.java:40)
	at org.eclipse.cdt.managedbuilder.internal.core.CommonBuilder.performMakefileGeneration(CommonBuilder.java:1008)
	at org.eclipse.cdt.managedbuilder.internal.core.CommonBuilder.performPrebuildGeneration(CommonBuilder.java:873)
	at org.eclipse.cdt.managedbuilder.internal.core.CommonBuilder.build(CommonBuilder.java:748)
	at org.eclipse.cdt.managedbuilder.internal.core.CommonBuilder.build(CommonBuilder.java:510)
	at org.eclipse.cdt.managedbuilder.internal.core.CommonBuilder.build(CommonBuilder.java:459)
	at org.eclipse.core.internal.events.BuildManager$2.run(BuildManager.java:795)
	at org.eclipse.core.runtime.SafeRunner.run(SafeRunner.java:42)
	at org.eclipse.core.internal.events.BuildManager.basicBuild(BuildManager.java:216)
	at org.eclipse.core.internal.events.BuildManager.basicBuild(BuildManager.java:259)
	at org.eclipse.core.internal.events.BuildManager$1.run(BuildManager.java:312)
	at org.eclipse.core.runtime.SafeRunner.run(SafeRunner.java:42)
	at org.eclipse.core.internal.events.BuildManager.basicBuild(BuildManager.java:315)
	at org.eclipse.core.internal.events.BuildManager.basicBuildLoop(BuildManager.java:367)
	at org.eclipse.core.internal.events.BuildManager.build(BuildManager.java:388)
	at org.eclipse.core.internal.resources.Workspace.buildInternal(Workspace.java:501)
	at org.eclipse.core.internal.resources.Workspace.build(Workspace.java:408)
	at org.eclipse.ui.actions.BuildAction$1.runInWorkspace(BuildAction.java:288)
	at org.eclipse.core.internal.resources.InternalWorkspaceJob.run(InternalWorkspaceJob.java:39)
	at org.eclipse.core.internal.jobs.Worker.run(Worker.java:60)
19:10:21 INFO  : Connected to target on host '127.0.0.1' and port '3121'.
19:10:21 INFO  : Jtag cable 'Digilent Zed 210248525658' is selected.
19:10:21 INFO  : 'jtag frequency' command is executed.
19:10:21 INFO  : Context for 'APU' is selected.
19:10:21 INFO  : System reset is completed.
19:10:24 INFO  : 'after 3000' command is executed.
19:10:24 INFO  : 'targets -set -filter {jtag_cable_name =~ "Digilent Zed 210248525658" && level==0 && jtag_device_ctx=="jsn-Zed-210248525658-23727093-0"}' command is executed.
19:10:26 INFO  : FPGA configured successfully with bitstream "C:/Users/cihem/CPRE-488-Labs/Mp-0_New/Nes/NESEmulator/_ide/bitstream/design_1_wrapper.bit"
19:10:26 INFO  : Context for 'APU' is selected.
19:10:26 INFO  : Hardware design and registers information is loaded from 'C:/Users/cihem/CPRE-488-Labs/Mp-0_New/Nes/design_1_wrapper/export/design_1_wrapper/hw/design_1_wrapper.xsa'.
19:10:26 INFO  : 'configparams force-mem-access 1' command is executed.
19:10:26 INFO  : Context for 'APU' is selected.
19:10:26 INFO  : Sourcing of 'C:/Users/cihem/CPRE-488-Labs/Mp-0_New/Nes/NESEmulator/_ide/psinit/ps7_init.tcl' is done.
19:10:26 INFO  : 'ps7_init' command is executed.
19:10:26 INFO  : 'ps7_post_config' command is executed.
19:10:26 INFO  : Context for processor 'ps7_cortexa9_0' is selected.
19:10:27 INFO  : The application 'C:/Users/cihem/CPRE-488-Labs/Mp-0_New/Nes/NESEmulator/Debug/NESEmulator.elf' is downloaded to processor 'ps7_cortexa9_0'.
19:10:27 INFO  : 'configparams force-mem-access 0' command is executed.
19:10:27 INFO  : ----------------XSDB Script----------------
connect -url tcp:127.0.0.1:3121
targets -set -nocase -filter {name =~"APU*"}
rst -system
after 3000
targets -set -filter {jtag_cable_name =~ "Digilent Zed 210248525658" && level==0 && jtag_device_ctx=="jsn-Zed-210248525658-23727093-0"}
fpga -file C:/Users/cihem/CPRE-488-Labs/Mp-0_New/Nes/NESEmulator/_ide/bitstream/design_1_wrapper.bit
targets -set -nocase -filter {name =~"APU*"}
loadhw -hw C:/Users/cihem/CPRE-488-Labs/Mp-0_New/Nes/design_1_wrapper/export/design_1_wrapper/hw/design_1_wrapper.xsa -mem-ranges [list {0x40000000 0xbfffffff}] -regs
configparams force-mem-access 1
targets -set -nocase -filter {name =~"APU*"}
source C:/Users/cihem/CPRE-488-Labs/Mp-0_New/Nes/NESEmulator/_ide/psinit/ps7_init.tcl
ps7_init
ps7_post_config
targets -set -nocase -filter {name =~ "*A9*#0"}
dow C:/Users/cihem/CPRE-488-Labs/Mp-0_New/Nes/NESEmulator/Debug/NESEmulator.elf
configparams force-mem-access 0
----------------End of Script----------------

19:10:27 INFO  : Context for processor 'ps7_cortexa9_0' is selected.
19:10:28 INFO  : 'con' command is executed.
19:10:28 INFO  : ----------------XSDB Script (After Launch)----------------
targets -set -nocase -filter {name =~ "*A9*#0"}
con
----------------End of Script----------------

19:10:28 INFO  : Launch script is exported to file 'C:\Users\cihem\CPRE-488-Labs\Mp-0_New\Nes\.sdk\launch_scripts\single_application_debug\debugger_nesemulator-default.tcl'
19:14:54 INFO  : Checking for BSP changes to sync application flags for project 'NESEmulator'...
19:14:54 INFO  : Updating application flags with new BSP settings...
19:14:54 ERROR : Failed to update application flags from BSP for 'NESEmulator'. Reason: null
java.lang.NullPointerException
	at com.xilinx.sdk.sw.internal.SwDb.getComponentAppCompilerFlags(SwDb.java:762)
	at com.xilinx.sdx.sw.internal.SDxSwPlatform.getSwPlatformCompilerFlags(SDxSwPlatform.java:1155)
	at com.xilinx.sdx.sdk.core.build.AppSwBuildOptionsHelper.inferSwPlatformFlags(AppSwBuildOptionsHelper.java:54)
	at com.xilinx.sdx.sdk.core.build.AppSwBuildOptionsHelper.updateBuildOptions(AppSwBuildOptionsHelper.java:46)
	at com.xilinx.sdx.sdk.core.build.SdkMakefileGenerationListener.updateSwBuildOptions(SdkMakefileGenerationListener.java:215)
	at com.xilinx.sdx.sdk.core.build.SdkMakefileGenerationListener.syncAppFlags(SdkMakefileGenerationListener.java:99)
	at com.xilinx.sdx.sdk.core.build.SdkMakefileGenerationListener.preMakefileGeneration(SdkMakefileGenerationListener.java:48)
	at com.xilinx.sdk.managedbuilder.XilinxGnuMakefileGenerator.notifyPreMakefileGenerationListeners(XilinxGnuMakefileGenerator.java:91)
	at com.xilinx.sdk.managedbuilder.XilinxGnuMakefileGenerator.generateMakefiles(XilinxGnuMakefileGenerator.java:40)
	at org.eclipse.cdt.managedbuilder.internal.core.CommonBuilder.performMakefileGeneration(CommonBuilder.java:1008)
	at org.eclipse.cdt.managedbuilder.internal.core.CommonBuilder.performPrebuildGeneration(CommonBuilder.java:873)
	at org.eclipse.cdt.managedbuilder.internal.core.CommonBuilder.build(CommonBuilder.java:748)
	at org.eclipse.cdt.managedbuilder.internal.core.CommonBuilder.build(CommonBuilder.java:510)
	at org.eclipse.cdt.managedbuilder.internal.core.CommonBuilder.build(CommonBuilder.java:459)
	at org.eclipse.core.internal.events.BuildManager$2.run(BuildManager.java:795)
	at org.eclipse.core.runtime.SafeRunner.run(SafeRunner.java:42)
	at org.eclipse.core.internal.events.BuildManager.basicBuild(BuildManager.java:216)
	at org.eclipse.core.internal.events.BuildManager.basicBuild(BuildManager.java:259)
	at org.eclipse.core.internal.events.BuildManager$1.run(BuildManager.java:312)
	at org.eclipse.core.runtime.SafeRunner.run(SafeRunner.java:42)
	at org.eclipse.core.internal.events.BuildManager.basicBuild(BuildManager.java:315)
	at org.eclipse.core.internal.events.BuildManager.basicBuildLoop(BuildManager.java:367)
	at org.eclipse.core.internal.events.BuildManager.build(BuildManager.java:388)
	at org.eclipse.core.internal.resources.Workspace.buildInternal(Workspace.java:501)
	at org.eclipse.core.internal.resources.Workspace.build(Workspace.java:408)
	at org.eclipse.ui.actions.BuildAction$1.runInWorkspace(BuildAction.java:288)
	at org.eclipse.core.internal.resources.InternalWorkspaceJob.run(InternalWorkspaceJob.java:39)
	at org.eclipse.core.internal.jobs.Worker.run(Worker.java:60)
19:15:02 INFO  : Disconnected from the channel tcfchan#10.
19:15:06 INFO  : Connected to target on host '127.0.0.1' and port '3121'.
19:15:06 INFO  : Jtag cable 'Digilent Zed 210248525658' is selected.
19:15:06 INFO  : 'jtag frequency' command is executed.
19:15:06 INFO  : Context for 'APU' is selected.
19:15:06 INFO  : System reset is completed.
19:15:09 INFO  : 'after 3000' command is executed.
19:15:09 INFO  : 'targets -set -filter {jtag_cable_name =~ "Digilent Zed 210248525658" && level==0 && jtag_device_ctx=="jsn-Zed-210248525658-23727093-0"}' command is executed.
19:15:11 INFO  : FPGA configured successfully with bitstream "C:/Users/cihem/CPRE-488-Labs/Mp-0_New/Nes/NESEmulator/_ide/bitstream/design_1_wrapper.bit"
19:15:11 INFO  : Context for 'APU' is selected.
19:15:11 INFO  : Hardware design and registers information is loaded from 'C:/Users/cihem/CPRE-488-Labs/Mp-0_New/Nes/design_1_wrapper/export/design_1_wrapper/hw/design_1_wrapper.xsa'.
19:15:11 INFO  : 'configparams force-mem-access 1' command is executed.
19:15:11 INFO  : Context for 'APU' is selected.
19:15:11 INFO  : Sourcing of 'C:/Users/cihem/CPRE-488-Labs/Mp-0_New/Nes/NESEmulator/_ide/psinit/ps7_init.tcl' is done.
19:15:12 INFO  : 'ps7_init' command is executed.
19:15:12 INFO  : 'ps7_post_config' command is executed.
19:15:12 INFO  : Context for processor 'ps7_cortexa9_0' is selected.
19:15:13 INFO  : The application 'C:/Users/cihem/CPRE-488-Labs/Mp-0_New/Nes/NESEmulator/Debug/NESEmulator.elf' is downloaded to processor 'ps7_cortexa9_0'.
19:15:13 INFO  : 'configparams force-mem-access 0' command is executed.
19:15:13 INFO  : ----------------XSDB Script----------------
connect -url tcp:127.0.0.1:3121
targets -set -nocase -filter {name =~"APU*"}
rst -system
after 3000
targets -set -filter {jtag_cable_name =~ "Digilent Zed 210248525658" && level==0 && jtag_device_ctx=="jsn-Zed-210248525658-23727093-0"}
fpga -file C:/Users/cihem/CPRE-488-Labs/Mp-0_New/Nes/NESEmulator/_ide/bitstream/design_1_wrapper.bit
targets -set -nocase -filter {name =~"APU*"}
loadhw -hw C:/Users/cihem/CPRE-488-Labs/Mp-0_New/Nes/design_1_wrapper/export/design_1_wrapper/hw/design_1_wrapper.xsa -mem-ranges [list {0x40000000 0xbfffffff}] -regs
configparams force-mem-access 1
targets -set -nocase -filter {name =~"APU*"}
source C:/Users/cihem/CPRE-488-Labs/Mp-0_New/Nes/NESEmulator/_ide/psinit/ps7_init.tcl
ps7_init
ps7_post_config
targets -set -nocase -filter {name =~ "*A9*#0"}
dow C:/Users/cihem/CPRE-488-Labs/Mp-0_New/Nes/NESEmulator/Debug/NESEmulator.elf
configparams force-mem-access 0
----------------End of Script----------------

19:15:13 INFO  : Context for processor 'ps7_cortexa9_0' is selected.
19:15:13 INFO  : 'con' command is executed.
19:15:13 INFO  : ----------------XSDB Script (After Launch)----------------
targets -set -nocase -filter {name =~ "*A9*#0"}
con
----------------End of Script----------------

19:15:13 INFO  : Launch script is exported to file 'C:\Users\cihem\CPRE-488-Labs\Mp-0_New\Nes\.sdk\launch_scripts\single_application_debug\debugger_nesemulator-default.tcl'
19:23:06 INFO  : Disconnected from the channel tcfchan#11.
19:23:07 INFO  : Checking for BSP changes to sync application flags for project 'NESEmulator'...
19:23:07 INFO  : Updating application flags with new BSP settings...
19:23:07 ERROR : Failed to update application flags from BSP for 'NESEmulator'. Reason: null
java.lang.NullPointerException
	at com.xilinx.sdk.sw.internal.SwDb.getComponentAppCompilerFlags(SwDb.java:762)
	at com.xilinx.sdx.sw.internal.SDxSwPlatform.getSwPlatformCompilerFlags(SDxSwPlatform.java:1155)
	at com.xilinx.sdx.sdk.core.build.AppSwBuildOptionsHelper.inferSwPlatformFlags(AppSwBuildOptionsHelper.java:54)
	at com.xilinx.sdx.sdk.core.build.AppSwBuildOptionsHelper.updateBuildOptions(AppSwBuildOptionsHelper.java:46)
	at com.xilinx.sdx.sdk.core.build.SdkMakefileGenerationListener.updateSwBuildOptions(SdkMakefileGenerationListener.java:215)
	at com.xilinx.sdx.sdk.core.build.SdkMakefileGenerationListener.syncAppFlags(SdkMakefileGenerationListener.java:99)
	at com.xilinx.sdx.sdk.core.build.SdkMakefileGenerationListener.preMakefileGeneration(SdkMakefileGenerationListener.java:48)
	at com.xilinx.sdk.managedbuilder.XilinxGnuMakefileGenerator.notifyPreMakefileGenerationListeners(XilinxGnuMakefileGenerator.java:91)
	at com.xilinx.sdk.managedbuilder.XilinxGnuMakefileGenerator.generateMakefiles(XilinxGnuMakefileGenerator.java:40)
	at org.eclipse.cdt.managedbuilder.internal.core.CommonBuilder.performMakefileGeneration(CommonBuilder.java:1008)
	at org.eclipse.cdt.managedbuilder.internal.core.CommonBuilder.performPrebuildGeneration(CommonBuilder.java:873)
	at org.eclipse.cdt.managedbuilder.internal.core.CommonBuilder.build(CommonBuilder.java:748)
	at org.eclipse.cdt.managedbuilder.internal.core.CommonBuilder.build(CommonBuilder.java:510)
	at org.eclipse.cdt.managedbuilder.internal.core.CommonBuilder.build(CommonBuilder.java:459)
	at org.eclipse.core.internal.events.BuildManager$2.run(BuildManager.java:795)
	at org.eclipse.core.runtime.SafeRunner.run(SafeRunner.java:42)
	at org.eclipse.core.internal.events.BuildManager.basicBuild(BuildManager.java:216)
	at org.eclipse.core.internal.events.BuildManager.basicBuild(BuildManager.java:259)
	at org.eclipse.core.internal.events.BuildManager$1.run(BuildManager.java:312)
	at org.eclipse.core.runtime.SafeRunner.run(SafeRunner.java:42)
	at org.eclipse.core.internal.events.BuildManager.basicBuild(BuildManager.java:315)
	at org.eclipse.core.internal.events.BuildManager.basicBuildLoop(BuildManager.java:367)
	at org.eclipse.core.internal.events.BuildManager.build(BuildManager.java:388)
	at org.eclipse.core.internal.resources.Workspace.buildInternal(Workspace.java:501)
	at org.eclipse.core.internal.resources.Workspace.build(Workspace.java:408)
	at org.eclipse.ui.actions.BuildAction$1.runInWorkspace(BuildAction.java:288)
	at org.eclipse.core.internal.resources.InternalWorkspaceJob.run(InternalWorkspaceJob.java:39)
	at org.eclipse.core.internal.jobs.Worker.run(Worker.java:60)
19:23:28 INFO  : Checking for BSP changes to sync application flags for project 'NESEmulator'...
19:23:28 INFO  : Updating application flags with new BSP settings...
19:23:28 ERROR : Failed to update application flags from BSP for 'NESEmulator'. Reason: null
java.lang.NullPointerException
	at com.xilinx.sdk.sw.internal.SwDb.getComponentAppCompilerFlags(SwDb.java:762)
	at com.xilinx.sdx.sw.internal.SDxSwPlatform.getSwPlatformCompilerFlags(SDxSwPlatform.java:1155)
	at com.xilinx.sdx.sdk.core.build.AppSwBuildOptionsHelper.inferSwPlatformFlags(AppSwBuildOptionsHelper.java:54)
	at com.xilinx.sdx.sdk.core.build.AppSwBuildOptionsHelper.updateBuildOptions(AppSwBuildOptionsHelper.java:46)
	at com.xilinx.sdx.sdk.core.build.SdkMakefileGenerationListener.updateSwBuildOptions(SdkMakefileGenerationListener.java:215)
	at com.xilinx.sdx.sdk.core.build.SdkMakefileGenerationListener.syncAppFlags(SdkMakefileGenerationListener.java:99)
	at com.xilinx.sdx.sdk.core.build.SdkMakefileGenerationListener.preMakefileGeneration(SdkMakefileGenerationListener.java:48)
	at com.xilinx.sdk.managedbuilder.XilinxGnuMakefileGenerator.notifyPreMakefileGenerationListeners(XilinxGnuMakefileGenerator.java:91)
	at com.xilinx.sdk.managedbuilder.XilinxGnuMakefileGenerator.generateMakefiles(XilinxGnuMakefileGenerator.java:40)
	at org.eclipse.cdt.managedbuilder.internal.core.CommonBuilder.performMakefileGeneration(CommonBuilder.java:1008)
	at org.eclipse.cdt.managedbuilder.internal.core.CommonBuilder.performPrebuildGeneration(CommonBuilder.java:873)
	at org.eclipse.cdt.managedbuilder.internal.core.CommonBuilder.build(CommonBuilder.java:748)
	at org.eclipse.cdt.managedbuilder.internal.core.CommonBuilder.build(CommonBuilder.java:510)
	at org.eclipse.cdt.managedbuilder.internal.core.CommonBuilder.build(CommonBuilder.java:459)
	at org.eclipse.core.internal.events.BuildManager$2.run(BuildManager.java:795)
	at org.eclipse.core.runtime.SafeRunner.run(SafeRunner.java:42)
	at org.eclipse.core.internal.events.BuildManager.basicBuild(BuildManager.java:216)
	at org.eclipse.core.internal.events.BuildManager.basicBuild(BuildManager.java:259)
	at org.eclipse.core.internal.events.BuildManager$1.run(BuildManager.java:312)
	at org.eclipse.core.runtime.SafeRunner.run(SafeRunner.java:42)
	at org.eclipse.core.internal.events.BuildManager.basicBuild(BuildManager.java:315)
	at org.eclipse.core.internal.events.BuildManager.basicBuildLoop(BuildManager.java:367)
	at org.eclipse.core.internal.events.BuildManager.build(BuildManager.java:388)
	at org.eclipse.core.internal.resources.Workspace.buildInternal(Workspace.java:501)
	at org.eclipse.core.internal.resources.Workspace.build(Workspace.java:408)
	at org.eclipse.ui.actions.BuildAction$1.runInWorkspace(BuildAction.java:288)
	at org.eclipse.core.internal.resources.InternalWorkspaceJob.run(InternalWorkspaceJob.java:39)
	at org.eclipse.core.internal.jobs.Worker.run(Worker.java:60)
19:23:33 INFO  : Connected to target on host '127.0.0.1' and port '3121'.
19:23:33 INFO  : Jtag cable 'Digilent Zed 210248525658' is selected.
19:23:33 INFO  : 'jtag frequency' command is executed.
19:23:33 INFO  : Context for 'APU' is selected.
19:23:33 INFO  : System reset is completed.
19:23:36 INFO  : 'after 3000' command is executed.
19:23:36 INFO  : 'targets -set -filter {jtag_cable_name =~ "Digilent Zed 210248525658" && level==0 && jtag_device_ctx=="jsn-Zed-210248525658-23727093-0"}' command is executed.
19:23:38 INFO  : FPGA configured successfully with bitstream "C:/Users/cihem/CPRE-488-Labs/Mp-0_New/Nes/NESEmulator/_ide/bitstream/design_1_wrapper.bit"
19:23:38 INFO  : Context for 'APU' is selected.
19:23:38 INFO  : Hardware design and registers information is loaded from 'C:/Users/cihem/CPRE-488-Labs/Mp-0_New/Nes/design_1_wrapper/export/design_1_wrapper/hw/design_1_wrapper.xsa'.
19:23:38 INFO  : 'configparams force-mem-access 1' command is executed.
19:23:38 INFO  : Context for 'APU' is selected.
19:23:38 INFO  : Sourcing of 'C:/Users/cihem/CPRE-488-Labs/Mp-0_New/Nes/NESEmulator/_ide/psinit/ps7_init.tcl' is done.
19:23:38 INFO  : 'ps7_init' command is executed.
19:23:38 INFO  : 'ps7_post_config' command is executed.
19:23:38 INFO  : Context for processor 'ps7_cortexa9_0' is selected.
19:23:39 INFO  : The application 'C:/Users/cihem/CPRE-488-Labs/Mp-0_New/Nes/NESEmulator/Debug/NESEmulator.elf' is downloaded to processor 'ps7_cortexa9_0'.
19:23:40 INFO  : 'configparams force-mem-access 0' command is executed.
19:23:40 INFO  : ----------------XSDB Script----------------
connect -url tcp:127.0.0.1:3121
targets -set -nocase -filter {name =~"APU*"}
rst -system
after 3000
targets -set -filter {jtag_cable_name =~ "Digilent Zed 210248525658" && level==0 && jtag_device_ctx=="jsn-Zed-210248525658-23727093-0"}
fpga -file C:/Users/cihem/CPRE-488-Labs/Mp-0_New/Nes/NESEmulator/_ide/bitstream/design_1_wrapper.bit
targets -set -nocase -filter {name =~"APU*"}
loadhw -hw C:/Users/cihem/CPRE-488-Labs/Mp-0_New/Nes/design_1_wrapper/export/design_1_wrapper/hw/design_1_wrapper.xsa -mem-ranges [list {0x40000000 0xbfffffff}] -regs
configparams force-mem-access 1
targets -set -nocase -filter {name =~"APU*"}
source C:/Users/cihem/CPRE-488-Labs/Mp-0_New/Nes/NESEmulator/_ide/psinit/ps7_init.tcl
ps7_init
ps7_post_config
targets -set -nocase -filter {name =~ "*A9*#0"}
dow C:/Users/cihem/CPRE-488-Labs/Mp-0_New/Nes/NESEmulator/Debug/NESEmulator.elf
configparams force-mem-access 0
----------------End of Script----------------

19:23:40 INFO  : Context for processor 'ps7_cortexa9_0' is selected.
19:23:40 INFO  : 'con' command is executed.
19:23:40 INFO  : ----------------XSDB Script (After Launch)----------------
targets -set -nocase -filter {name =~ "*A9*#0"}
con
----------------End of Script----------------

19:23:40 INFO  : Launch script is exported to file 'C:\Users\cihem\CPRE-488-Labs\Mp-0_New\Nes\.sdk\launch_scripts\single_application_debug\debugger_nesemulator-default.tcl'
19:25:52 INFO  : Checking for BSP changes to sync application flags for project 'NESEmulator'...
19:25:52 INFO  : Updating application flags with new BSP settings...
19:25:52 ERROR : Failed to update application flags from BSP for 'NESEmulator'. Reason: null
java.lang.NullPointerException
	at com.xilinx.sdk.sw.internal.SwDb.getComponentAppCompilerFlags(SwDb.java:762)
	at com.xilinx.sdx.sw.internal.SDxSwPlatform.getSwPlatformCompilerFlags(SDxSwPlatform.java:1155)
	at com.xilinx.sdx.sdk.core.build.AppSwBuildOptionsHelper.inferSwPlatformFlags(AppSwBuildOptionsHelper.java:54)
	at com.xilinx.sdx.sdk.core.build.AppSwBuildOptionsHelper.updateBuildOptions(AppSwBuildOptionsHelper.java:46)
	at com.xilinx.sdx.sdk.core.build.SdkMakefileGenerationListener.updateSwBuildOptions(SdkMakefileGenerationListener.java:215)
	at com.xilinx.sdx.sdk.core.build.SdkMakefileGenerationListener.syncAppFlags(SdkMakefileGenerationListener.java:99)
	at com.xilinx.sdx.sdk.core.build.SdkMakefileGenerationListener.preMakefileGeneration(SdkMakefileGenerationListener.java:48)
	at com.xilinx.sdk.managedbuilder.XilinxGnuMakefileGenerator.notifyPreMakefileGenerationListeners(XilinxGnuMakefileGenerator.java:91)
	at com.xilinx.sdk.managedbuilder.XilinxGnuMakefileGenerator.generateMakefiles(XilinxGnuMakefileGenerator.java:40)
	at org.eclipse.cdt.managedbuilder.internal.core.CommonBuilder.performMakefileGeneration(CommonBuilder.java:1008)
	at org.eclipse.cdt.managedbuilder.internal.core.CommonBuilder.performPrebuildGeneration(CommonBuilder.java:873)
	at org.eclipse.cdt.managedbuilder.internal.core.CommonBuilder.build(CommonBuilder.java:748)
	at org.eclipse.cdt.managedbuilder.internal.core.CommonBuilder.build(CommonBuilder.java:510)
	at org.eclipse.cdt.managedbuilder.internal.core.CommonBuilder.build(CommonBuilder.java:459)
	at org.eclipse.core.internal.events.BuildManager$2.run(BuildManager.java:795)
	at org.eclipse.core.runtime.SafeRunner.run(SafeRunner.java:42)
	at org.eclipse.core.internal.events.BuildManager.basicBuild(BuildManager.java:216)
	at org.eclipse.core.internal.events.BuildManager.basicBuild(BuildManager.java:259)
	at org.eclipse.core.internal.events.BuildManager$1.run(BuildManager.java:312)
	at org.eclipse.core.runtime.SafeRunner.run(SafeRunner.java:42)
	at org.eclipse.core.internal.events.BuildManager.basicBuild(BuildManager.java:315)
	at org.eclipse.core.internal.events.BuildManager.basicBuildLoop(BuildManager.java:367)
	at org.eclipse.core.internal.events.BuildManager.build(BuildManager.java:388)
	at org.eclipse.core.internal.resources.Workspace.buildInternal(Workspace.java:501)
	at org.eclipse.core.internal.resources.Workspace.build(Workspace.java:408)
	at org.eclipse.ui.actions.BuildAction$1.runInWorkspace(BuildAction.java:288)
	at org.eclipse.core.internal.resources.InternalWorkspaceJob.run(InternalWorkspaceJob.java:39)
	at org.eclipse.core.internal.jobs.Worker.run(Worker.java:60)
19:25:54 INFO  : Disconnected from the channel tcfchan#12.
19:26:02 INFO  : Connected to target on host '127.0.0.1' and port '3121'.
19:26:02 INFO  : Jtag cable 'Digilent Zed 210248525658' is selected.
19:26:02 INFO  : 'jtag frequency' command is executed.
19:26:02 INFO  : Context for 'APU' is selected.
19:26:02 INFO  : System reset is completed.
19:26:05 INFO  : 'after 3000' command is executed.
19:26:05 INFO  : 'targets -set -filter {jtag_cable_name =~ "Digilent Zed 210248525658" && level==0 && jtag_device_ctx=="jsn-Zed-210248525658-23727093-0"}' command is executed.
19:26:07 INFO  : FPGA configured successfully with bitstream "C:/Users/cihem/CPRE-488-Labs/Mp-0_New/Nes/NESEmulator/_ide/bitstream/design_1_wrapper.bit"
19:26:07 INFO  : Context for 'APU' is selected.
19:26:07 INFO  : Hardware design and registers information is loaded from 'C:/Users/cihem/CPRE-488-Labs/Mp-0_New/Nes/design_1_wrapper/export/design_1_wrapper/hw/design_1_wrapper.xsa'.
19:26:07 INFO  : 'configparams force-mem-access 1' command is executed.
19:26:07 INFO  : Context for 'APU' is selected.
19:26:07 INFO  : Sourcing of 'C:/Users/cihem/CPRE-488-Labs/Mp-0_New/Nes/NESEmulator/_ide/psinit/ps7_init.tcl' is done.
19:26:07 INFO  : 'ps7_init' command is executed.
19:26:07 INFO  : 'ps7_post_config' command is executed.
19:26:07 INFO  : Context for processor 'ps7_cortexa9_0' is selected.
19:26:08 INFO  : The application 'C:/Users/cihem/CPRE-488-Labs/Mp-0_New/Nes/NESEmulator/Debug/NESEmulator.elf' is downloaded to processor 'ps7_cortexa9_0'.
19:26:08 INFO  : 'configparams force-mem-access 0' command is executed.
19:26:08 INFO  : ----------------XSDB Script----------------
connect -url tcp:127.0.0.1:3121
targets -set -nocase -filter {name =~"APU*"}
rst -system
after 3000
targets -set -filter {jtag_cable_name =~ "Digilent Zed 210248525658" && level==0 && jtag_device_ctx=="jsn-Zed-210248525658-23727093-0"}
fpga -file C:/Users/cihem/CPRE-488-Labs/Mp-0_New/Nes/NESEmulator/_ide/bitstream/design_1_wrapper.bit
targets -set -nocase -filter {name =~"APU*"}
loadhw -hw C:/Users/cihem/CPRE-488-Labs/Mp-0_New/Nes/design_1_wrapper/export/design_1_wrapper/hw/design_1_wrapper.xsa -mem-ranges [list {0x40000000 0xbfffffff}] -regs
configparams force-mem-access 1
targets -set -nocase -filter {name =~"APU*"}
source C:/Users/cihem/CPRE-488-Labs/Mp-0_New/Nes/NESEmulator/_ide/psinit/ps7_init.tcl
ps7_init
ps7_post_config
targets -set -nocase -filter {name =~ "*A9*#0"}
dow C:/Users/cihem/CPRE-488-Labs/Mp-0_New/Nes/NESEmulator/Debug/NESEmulator.elf
configparams force-mem-access 0
----------------End of Script----------------

19:26:09 INFO  : Context for processor 'ps7_cortexa9_0' is selected.
19:26:09 INFO  : 'con' command is executed.
19:26:09 INFO  : ----------------XSDB Script (After Launch)----------------
targets -set -nocase -filter {name =~ "*A9*#0"}
con
----------------End of Script----------------

19:26:09 INFO  : Launch script is exported to file 'C:\Users\cihem\CPRE-488-Labs\Mp-0_New\Nes\.sdk\launch_scripts\single_application_debug\debugger_nesemulator-default.tcl'
19:31:46 INFO  : Disconnected from the channel tcfchan#13.
19:31:49 INFO  : Checking for BSP changes to sync application flags for project 'NESEmulator'...
19:31:49 INFO  : Updating application flags with new BSP settings...
19:31:49 ERROR : Failed to update application flags from BSP for 'NESEmulator'. Reason: null
java.lang.NullPointerException
	at com.xilinx.sdk.sw.internal.SwDb.getComponentAppCompilerFlags(SwDb.java:762)
	at com.xilinx.sdx.sw.internal.SDxSwPlatform.getSwPlatformCompilerFlags(SDxSwPlatform.java:1155)
	at com.xilinx.sdx.sdk.core.build.AppSwBuildOptionsHelper.inferSwPlatformFlags(AppSwBuildOptionsHelper.java:54)
	at com.xilinx.sdx.sdk.core.build.AppSwBuildOptionsHelper.updateBuildOptions(AppSwBuildOptionsHelper.java:46)
	at com.xilinx.sdx.sdk.core.build.SdkMakefileGenerationListener.updateSwBuildOptions(SdkMakefileGenerationListener.java:215)
	at com.xilinx.sdx.sdk.core.build.SdkMakefileGenerationListener.syncAppFlags(SdkMakefileGenerationListener.java:99)
	at com.xilinx.sdx.sdk.core.build.SdkMakefileGenerationListener.preMakefileGeneration(SdkMakefileGenerationListener.java:48)
	at com.xilinx.sdk.managedbuilder.XilinxGnuMakefileGenerator.notifyPreMakefileGenerationListeners(XilinxGnuMakefileGenerator.java:91)
	at com.xilinx.sdk.managedbuilder.XilinxGnuMakefileGenerator.generateMakefiles(XilinxGnuMakefileGenerator.java:40)
	at org.eclipse.cdt.managedbuilder.internal.core.CommonBuilder.performMakefileGeneration(CommonBuilder.java:1008)
	at org.eclipse.cdt.managedbuilder.internal.core.CommonBuilder.performPrebuildGeneration(CommonBuilder.java:873)
	at org.eclipse.cdt.managedbuilder.internal.core.CommonBuilder.build(CommonBuilder.java:748)
	at org.eclipse.cdt.managedbuilder.internal.core.CommonBuilder.build(CommonBuilder.java:510)
	at org.eclipse.cdt.managedbuilder.internal.core.CommonBuilder.build(CommonBuilder.java:459)
	at org.eclipse.core.internal.events.BuildManager$2.run(BuildManager.java:795)
	at org.eclipse.core.runtime.SafeRunner.run(SafeRunner.java:42)
	at org.eclipse.core.internal.events.BuildManager.basicBuild(BuildManager.java:216)
	at org.eclipse.core.internal.events.BuildManager.basicBuild(BuildManager.java:259)
	at org.eclipse.core.internal.events.BuildManager$1.run(BuildManager.java:312)
	at org.eclipse.core.runtime.SafeRunner.run(SafeRunner.java:42)
	at org.eclipse.core.internal.events.BuildManager.basicBuild(BuildManager.java:315)
	at org.eclipse.core.internal.events.BuildManager.basicBuildLoop(BuildManager.java:367)
	at org.eclipse.core.internal.events.BuildManager.build(BuildManager.java:388)
	at org.eclipse.core.internal.resources.Workspace.buildInternal(Workspace.java:501)
	at org.eclipse.core.internal.resources.Workspace.build(Workspace.java:408)
	at org.eclipse.ui.actions.BuildAction$1.runInWorkspace(BuildAction.java:288)
	at org.eclipse.core.internal.resources.InternalWorkspaceJob.run(InternalWorkspaceJob.java:39)
	at org.eclipse.core.internal.jobs.Worker.run(Worker.java:60)
19:31:54 INFO  : Connected to target on host '127.0.0.1' and port '3121'.
19:31:54 INFO  : Jtag cable 'Digilent Zed 210248525658' is selected.
19:31:54 INFO  : 'jtag frequency' command is executed.
19:31:54 INFO  : Context for 'APU' is selected.
19:31:54 INFO  : System reset is completed.
19:31:57 INFO  : 'after 3000' command is executed.
19:31:57 INFO  : 'targets -set -filter {jtag_cable_name =~ "Digilent Zed 210248525658" && level==0 && jtag_device_ctx=="jsn-Zed-210248525658-23727093-0"}' command is executed.
19:31:59 INFO  : FPGA configured successfully with bitstream "C:/Users/cihem/CPRE-488-Labs/Mp-0_New/Nes/NESEmulator/_ide/bitstream/design_1_wrapper.bit"
19:31:59 INFO  : Context for 'APU' is selected.
19:31:59 INFO  : Hardware design and registers information is loaded from 'C:/Users/cihem/CPRE-488-Labs/Mp-0_New/Nes/design_1_wrapper/export/design_1_wrapper/hw/design_1_wrapper.xsa'.
19:31:59 INFO  : 'configparams force-mem-access 1' command is executed.
19:31:59 INFO  : Context for 'APU' is selected.
19:31:59 INFO  : Sourcing of 'C:/Users/cihem/CPRE-488-Labs/Mp-0_New/Nes/NESEmulator/_ide/psinit/ps7_init.tcl' is done.
19:32:00 INFO  : 'ps7_init' command is executed.
19:32:00 INFO  : 'ps7_post_config' command is executed.
19:32:00 INFO  : Context for processor 'ps7_cortexa9_0' is selected.
19:32:01 INFO  : The application 'C:/Users/cihem/CPRE-488-Labs/Mp-0_New/Nes/NESEmulator/Debug/NESEmulator.elf' is downloaded to processor 'ps7_cortexa9_0'.
19:32:01 INFO  : 'configparams force-mem-access 0' command is executed.
19:32:01 INFO  : ----------------XSDB Script----------------
connect -url tcp:127.0.0.1:3121
targets -set -nocase -filter {name =~"APU*"}
rst -system
after 3000
targets -set -filter {jtag_cable_name =~ "Digilent Zed 210248525658" && level==0 && jtag_device_ctx=="jsn-Zed-210248525658-23727093-0"}
fpga -file C:/Users/cihem/CPRE-488-Labs/Mp-0_New/Nes/NESEmulator/_ide/bitstream/design_1_wrapper.bit
targets -set -nocase -filter {name =~"APU*"}
loadhw -hw C:/Users/cihem/CPRE-488-Labs/Mp-0_New/Nes/design_1_wrapper/export/design_1_wrapper/hw/design_1_wrapper.xsa -mem-ranges [list {0x40000000 0xbfffffff}] -regs
configparams force-mem-access 1
targets -set -nocase -filter {name =~"APU*"}
source C:/Users/cihem/CPRE-488-Labs/Mp-0_New/Nes/NESEmulator/_ide/psinit/ps7_init.tcl
ps7_init
ps7_post_config
targets -set -nocase -filter {name =~ "*A9*#0"}
dow C:/Users/cihem/CPRE-488-Labs/Mp-0_New/Nes/NESEmulator/Debug/NESEmulator.elf
configparams force-mem-access 0
----------------End of Script----------------

19:32:01 INFO  : Context for processor 'ps7_cortexa9_0' is selected.
19:32:01 INFO  : 'con' command is executed.
19:32:01 INFO  : ----------------XSDB Script (After Launch)----------------
targets -set -nocase -filter {name =~ "*A9*#0"}
con
----------------End of Script----------------

19:32:01 INFO  : Launch script is exported to file 'C:\Users\cihem\CPRE-488-Labs\Mp-0_New\Nes\.sdk\launch_scripts\single_application_debug\debugger_nesemulator-default.tcl'
19:33:27 INFO  : Disconnected from the channel tcfchan#14.
19:33:55 INFO  : Checking for BSP changes to sync application flags for project 'NESEmulator'...
19:33:55 INFO  : Updating application flags with new BSP settings...
19:33:55 ERROR : Failed to update application flags from BSP for 'NESEmulator'. Reason: null
java.lang.NullPointerException
	at com.xilinx.sdk.sw.internal.SwDb.getComponentAppCompilerFlags(SwDb.java:762)
	at com.xilinx.sdx.sw.internal.SDxSwPlatform.getSwPlatformCompilerFlags(SDxSwPlatform.java:1155)
	at com.xilinx.sdx.sdk.core.build.AppSwBuildOptionsHelper.inferSwPlatformFlags(AppSwBuildOptionsHelper.java:54)
	at com.xilinx.sdx.sdk.core.build.AppSwBuildOptionsHelper.updateBuildOptions(AppSwBuildOptionsHelper.java:46)
	at com.xilinx.sdx.sdk.core.build.SdkMakefileGenerationListener.updateSwBuildOptions(SdkMakefileGenerationListener.java:215)
	at com.xilinx.sdx.sdk.core.build.SdkMakefileGenerationListener.syncAppFlags(SdkMakefileGenerationListener.java:99)
	at com.xilinx.sdx.sdk.core.build.SdkMakefileGenerationListener.preMakefileGeneration(SdkMakefileGenerationListener.java:48)
	at com.xilinx.sdk.managedbuilder.XilinxGnuMakefileGenerator.notifyPreMakefileGenerationListeners(XilinxGnuMakefileGenerator.java:91)
	at com.xilinx.sdk.managedbuilder.XilinxGnuMakefileGenerator.generateMakefiles(XilinxGnuMakefileGenerator.java:40)
	at org.eclipse.cdt.managedbuilder.internal.core.CommonBuilder.performMakefileGeneration(CommonBuilder.java:1008)
	at org.eclipse.cdt.managedbuilder.internal.core.CommonBuilder.performPrebuildGeneration(CommonBuilder.java:873)
	at org.eclipse.cdt.managedbuilder.internal.core.CommonBuilder.build(CommonBuilder.java:748)
	at org.eclipse.cdt.managedbuilder.internal.core.CommonBuilder.build(CommonBuilder.java:510)
	at org.eclipse.cdt.managedbuilder.internal.core.CommonBuilder.build(CommonBuilder.java:459)
	at org.eclipse.core.internal.events.BuildManager$2.run(BuildManager.java:795)
	at org.eclipse.core.runtime.SafeRunner.run(SafeRunner.java:42)
	at org.eclipse.core.internal.events.BuildManager.basicBuild(BuildManager.java:216)
	at org.eclipse.core.internal.events.BuildManager.basicBuild(BuildManager.java:259)
	at org.eclipse.core.internal.events.BuildManager$1.run(BuildManager.java:312)
	at org.eclipse.core.runtime.SafeRunner.run(SafeRunner.java:42)
	at org.eclipse.core.internal.events.BuildManager.basicBuild(BuildManager.java:315)
	at org.eclipse.core.internal.events.BuildManager.basicBuildLoop(BuildManager.java:367)
	at org.eclipse.core.internal.events.BuildManager.build(BuildManager.java:388)
	at org.eclipse.core.internal.resources.Workspace.buildInternal(Workspace.java:501)
	at org.eclipse.core.internal.resources.Workspace.build(Workspace.java:408)
	at org.eclipse.ui.actions.BuildAction$1.runInWorkspace(BuildAction.java:288)
	at org.eclipse.core.internal.resources.InternalWorkspaceJob.run(InternalWorkspaceJob.java:39)
	at org.eclipse.core.internal.jobs.Worker.run(Worker.java:60)
19:33:59 INFO  : Connected to target on host '127.0.0.1' and port '3121'.
19:33:59 INFO  : Jtag cable 'Digilent Zed 210248525658' is selected.
19:33:59 INFO  : 'jtag frequency' command is executed.
19:33:59 INFO  : Context for 'APU' is selected.
19:33:59 INFO  : System reset is completed.
19:34:02 INFO  : 'after 3000' command is executed.
19:34:02 INFO  : 'targets -set -filter {jtag_cable_name =~ "Digilent Zed 210248525658" && level==0 && jtag_device_ctx=="jsn-Zed-210248525658-23727093-0"}' command is executed.
19:34:05 INFO  : FPGA configured successfully with bitstream "C:/Users/cihem/CPRE-488-Labs/Mp-0_New/Nes/NESEmulator/_ide/bitstream/design_1_wrapper.bit"
19:34:05 INFO  : Context for 'APU' is selected.
19:34:05 INFO  : Hardware design and registers information is loaded from 'C:/Users/cihem/CPRE-488-Labs/Mp-0_New/Nes/design_1_wrapper/export/design_1_wrapper/hw/design_1_wrapper.xsa'.
19:34:05 INFO  : 'configparams force-mem-access 1' command is executed.
19:34:05 INFO  : Context for 'APU' is selected.
19:34:05 INFO  : Sourcing of 'C:/Users/cihem/CPRE-488-Labs/Mp-0_New/Nes/NESEmulator/_ide/psinit/ps7_init.tcl' is done.
19:34:05 INFO  : 'ps7_init' command is executed.
19:34:05 INFO  : 'ps7_post_config' command is executed.
19:34:05 INFO  : Context for processor 'ps7_cortexa9_0' is selected.
19:34:06 INFO  : The application 'C:/Users/cihem/CPRE-488-Labs/Mp-0_New/Nes/NESEmulator/Debug/NESEmulator.elf' is downloaded to processor 'ps7_cortexa9_0'.
19:34:06 INFO  : 'configparams force-mem-access 0' command is executed.
19:34:06 INFO  : ----------------XSDB Script----------------
connect -url tcp:127.0.0.1:3121
targets -set -nocase -filter {name =~"APU*"}
rst -system
after 3000
targets -set -filter {jtag_cable_name =~ "Digilent Zed 210248525658" && level==0 && jtag_device_ctx=="jsn-Zed-210248525658-23727093-0"}
fpga -file C:/Users/cihem/CPRE-488-Labs/Mp-0_New/Nes/NESEmulator/_ide/bitstream/design_1_wrapper.bit
targets -set -nocase -filter {name =~"APU*"}
loadhw -hw C:/Users/cihem/CPRE-488-Labs/Mp-0_New/Nes/design_1_wrapper/export/design_1_wrapper/hw/design_1_wrapper.xsa -mem-ranges [list {0x40000000 0xbfffffff}] -regs
configparams force-mem-access 1
targets -set -nocase -filter {name =~"APU*"}
source C:/Users/cihem/CPRE-488-Labs/Mp-0_New/Nes/NESEmulator/_ide/psinit/ps7_init.tcl
ps7_init
ps7_post_config
targets -set -nocase -filter {name =~ "*A9*#0"}
dow C:/Users/cihem/CPRE-488-Labs/Mp-0_New/Nes/NESEmulator/Debug/NESEmulator.elf
configparams force-mem-access 0
----------------End of Script----------------

19:34:06 INFO  : Context for processor 'ps7_cortexa9_0' is selected.
19:34:06 INFO  : 'con' command is executed.
19:34:06 INFO  : ----------------XSDB Script (After Launch)----------------
targets -set -nocase -filter {name =~ "*A9*#0"}
con
----------------End of Script----------------

19:34:06 INFO  : Launch script is exported to file 'C:\Users\cihem\CPRE-488-Labs\Mp-0_New\Nes\.sdk\launch_scripts\single_application_debug\debugger_nesemulator-default.tcl'
19:37:08 INFO  : Disconnected from the channel tcfchan#15.
19:37:09 INFO  : Checking for BSP changes to sync application flags for project 'NESEmulator'...
19:37:09 INFO  : Updating application flags with new BSP settings...
19:37:09 ERROR : Failed to update application flags from BSP for 'NESEmulator'. Reason: null
java.lang.NullPointerException
	at com.xilinx.sdk.sw.internal.SwDb.getComponentAppCompilerFlags(SwDb.java:762)
	at com.xilinx.sdx.sw.internal.SDxSwPlatform.getSwPlatformCompilerFlags(SDxSwPlatform.java:1155)
	at com.xilinx.sdx.sdk.core.build.AppSwBuildOptionsHelper.inferSwPlatformFlags(AppSwBuildOptionsHelper.java:54)
	at com.xilinx.sdx.sdk.core.build.AppSwBuildOptionsHelper.updateBuildOptions(AppSwBuildOptionsHelper.java:46)
	at com.xilinx.sdx.sdk.core.build.SdkMakefileGenerationListener.updateSwBuildOptions(SdkMakefileGenerationListener.java:215)
	at com.xilinx.sdx.sdk.core.build.SdkMakefileGenerationListener.syncAppFlags(SdkMakefileGenerationListener.java:99)
	at com.xilinx.sdx.sdk.core.build.SdkMakefileGenerationListener.preMakefileGeneration(SdkMakefileGenerationListener.java:48)
	at com.xilinx.sdk.managedbuilder.XilinxGnuMakefileGenerator.notifyPreMakefileGenerationListeners(XilinxGnuMakefileGenerator.java:91)
	at com.xilinx.sdk.managedbuilder.XilinxGnuMakefileGenerator.generateMakefiles(XilinxGnuMakefileGenerator.java:40)
	at org.eclipse.cdt.managedbuilder.internal.core.CommonBuilder.performMakefileGeneration(CommonBuilder.java:1008)
	at org.eclipse.cdt.managedbuilder.internal.core.CommonBuilder.performPrebuildGeneration(CommonBuilder.java:873)
	at org.eclipse.cdt.managedbuilder.internal.core.CommonBuilder.build(CommonBuilder.java:748)
	at org.eclipse.cdt.managedbuilder.internal.core.CommonBuilder.build(CommonBuilder.java:510)
	at org.eclipse.cdt.managedbuilder.internal.core.CommonBuilder.build(CommonBuilder.java:459)
	at org.eclipse.core.internal.events.BuildManager$2.run(BuildManager.java:795)
	at org.eclipse.core.runtime.SafeRunner.run(SafeRunner.java:42)
	at org.eclipse.core.internal.events.BuildManager.basicBuild(BuildManager.java:216)
	at org.eclipse.core.internal.events.BuildManager.basicBuild(BuildManager.java:259)
	at org.eclipse.core.internal.events.BuildManager$1.run(BuildManager.java:312)
	at org.eclipse.core.runtime.SafeRunner.run(SafeRunner.java:42)
	at org.eclipse.core.internal.events.BuildManager.basicBuild(BuildManager.java:315)
	at org.eclipse.core.internal.events.BuildManager.basicBuildLoop(BuildManager.java:367)
	at org.eclipse.core.internal.events.BuildManager.build(BuildManager.java:388)
	at org.eclipse.core.internal.resources.Workspace.buildInternal(Workspace.java:501)
	at org.eclipse.core.internal.resources.Workspace.build(Workspace.java:408)
	at org.eclipse.ui.actions.BuildAction$1.runInWorkspace(BuildAction.java:288)
	at org.eclipse.core.internal.resources.InternalWorkspaceJob.run(InternalWorkspaceJob.java:39)
	at org.eclipse.core.internal.jobs.Worker.run(Worker.java:60)
19:37:13 INFO  : Connected to target on host '127.0.0.1' and port '3121'.
19:37:13 INFO  : Jtag cable 'Digilent Zed 210248525658' is selected.
19:37:13 INFO  : 'jtag frequency' command is executed.
19:37:13 INFO  : Context for 'APU' is selected.
19:37:13 INFO  : System reset is completed.
19:37:16 INFO  : 'after 3000' command is executed.
19:37:16 INFO  : 'targets -set -filter {jtag_cable_name =~ "Digilent Zed 210248525658" && level==0 && jtag_device_ctx=="jsn-Zed-210248525658-23727093-0"}' command is executed.
19:37:19 INFO  : FPGA configured successfully with bitstream "C:/Users/cihem/CPRE-488-Labs/Mp-0_New/Nes/NESEmulator/_ide/bitstream/design_1_wrapper.bit"
19:37:19 INFO  : Context for 'APU' is selected.
19:37:19 INFO  : Hardware design and registers information is loaded from 'C:/Users/cihem/CPRE-488-Labs/Mp-0_New/Nes/design_1_wrapper/export/design_1_wrapper/hw/design_1_wrapper.xsa'.
19:37:19 INFO  : 'configparams force-mem-access 1' command is executed.
19:37:19 INFO  : Context for 'APU' is selected.
19:37:19 INFO  : Sourcing of 'C:/Users/cihem/CPRE-488-Labs/Mp-0_New/Nes/NESEmulator/_ide/psinit/ps7_init.tcl' is done.
19:37:19 INFO  : 'ps7_init' command is executed.
19:37:19 INFO  : 'ps7_post_config' command is executed.
19:37:19 INFO  : Context for processor 'ps7_cortexa9_0' is selected.
19:37:20 INFO  : The application 'C:/Users/cihem/CPRE-488-Labs/Mp-0_New/Nes/NESEmulator/Debug/NESEmulator.elf' is downloaded to processor 'ps7_cortexa9_0'.
19:37:20 INFO  : 'configparams force-mem-access 0' command is executed.
19:37:20 INFO  : ----------------XSDB Script----------------
connect -url tcp:127.0.0.1:3121
targets -set -nocase -filter {name =~"APU*"}
rst -system
after 3000
targets -set -filter {jtag_cable_name =~ "Digilent Zed 210248525658" && level==0 && jtag_device_ctx=="jsn-Zed-210248525658-23727093-0"}
fpga -file C:/Users/cihem/CPRE-488-Labs/Mp-0_New/Nes/NESEmulator/_ide/bitstream/design_1_wrapper.bit
targets -set -nocase -filter {name =~"APU*"}
loadhw -hw C:/Users/cihem/CPRE-488-Labs/Mp-0_New/Nes/design_1_wrapper/export/design_1_wrapper/hw/design_1_wrapper.xsa -mem-ranges [list {0x40000000 0xbfffffff}] -regs
configparams force-mem-access 1
targets -set -nocase -filter {name =~"APU*"}
source C:/Users/cihem/CPRE-488-Labs/Mp-0_New/Nes/NESEmulator/_ide/psinit/ps7_init.tcl
ps7_init
ps7_post_config
targets -set -nocase -filter {name =~ "*A9*#0"}
dow C:/Users/cihem/CPRE-488-Labs/Mp-0_New/Nes/NESEmulator/Debug/NESEmulator.elf
configparams force-mem-access 0
----------------End of Script----------------

19:37:20 INFO  : Context for processor 'ps7_cortexa9_0' is selected.
19:37:20 INFO  : 'con' command is executed.
19:37:20 INFO  : ----------------XSDB Script (After Launch)----------------
targets -set -nocase -filter {name =~ "*A9*#0"}
con
----------------End of Script----------------

19:37:20 INFO  : Launch script is exported to file 'C:\Users\cihem\CPRE-488-Labs\Mp-0_New\Nes\.sdk\launch_scripts\single_application_debug\debugger_nesemulator-default.tcl'
19:39:26 INFO  : Disconnected from the channel tcfchan#16.
19:40:09 INFO  : Checking for BSP changes to sync application flags for project 'NESEmulator'...
19:40:09 INFO  : Updating application flags with new BSP settings...
19:40:09 ERROR : Failed to update application flags from BSP for 'NESEmulator'. Reason: null
java.lang.NullPointerException
	at com.xilinx.sdk.sw.internal.SwDb.getComponentAppCompilerFlags(SwDb.java:762)
	at com.xilinx.sdx.sw.internal.SDxSwPlatform.getSwPlatformCompilerFlags(SDxSwPlatform.java:1155)
	at com.xilinx.sdx.sdk.core.build.AppSwBuildOptionsHelper.inferSwPlatformFlags(AppSwBuildOptionsHelper.java:54)
	at com.xilinx.sdx.sdk.core.build.AppSwBuildOptionsHelper.updateBuildOptions(AppSwBuildOptionsHelper.java:46)
	at com.xilinx.sdx.sdk.core.build.SdkMakefileGenerationListener.updateSwBuildOptions(SdkMakefileGenerationListener.java:215)
	at com.xilinx.sdx.sdk.core.build.SdkMakefileGenerationListener.syncAppFlags(SdkMakefileGenerationListener.java:99)
	at com.xilinx.sdx.sdk.core.build.SdkMakefileGenerationListener.preMakefileGeneration(SdkMakefileGenerationListener.java:48)
	at com.xilinx.sdk.managedbuilder.XilinxGnuMakefileGenerator.notifyPreMakefileGenerationListeners(XilinxGnuMakefileGenerator.java:91)
	at com.xilinx.sdk.managedbuilder.XilinxGnuMakefileGenerator.generateMakefiles(XilinxGnuMakefileGenerator.java:40)
	at org.eclipse.cdt.managedbuilder.internal.core.CommonBuilder.performMakefileGeneration(CommonBuilder.java:1008)
	at org.eclipse.cdt.managedbuilder.internal.core.CommonBuilder.performPrebuildGeneration(CommonBuilder.java:873)
	at org.eclipse.cdt.managedbuilder.internal.core.CommonBuilder.build(CommonBuilder.java:748)
	at org.eclipse.cdt.managedbuilder.internal.core.CommonBuilder.build(CommonBuilder.java:510)
	at org.eclipse.cdt.managedbuilder.internal.core.CommonBuilder.build(CommonBuilder.java:459)
	at org.eclipse.core.internal.events.BuildManager$2.run(BuildManager.java:795)
	at org.eclipse.core.runtime.SafeRunner.run(SafeRunner.java:42)
	at org.eclipse.core.internal.events.BuildManager.basicBuild(BuildManager.java:216)
	at org.eclipse.core.internal.events.BuildManager.basicBuild(BuildManager.java:259)
	at org.eclipse.core.internal.events.BuildManager$1.run(BuildManager.java:312)
	at org.eclipse.core.runtime.SafeRunner.run(SafeRunner.java:42)
	at org.eclipse.core.internal.events.BuildManager.basicBuild(BuildManager.java:315)
	at org.eclipse.core.internal.events.BuildManager.basicBuildLoop(BuildManager.java:367)
	at org.eclipse.core.internal.events.BuildManager.build(BuildManager.java:388)
	at org.eclipse.core.internal.resources.Workspace.buildInternal(Workspace.java:501)
	at org.eclipse.core.internal.resources.Workspace.build(Workspace.java:408)
	at org.eclipse.ui.actions.BuildAction$1.runInWorkspace(BuildAction.java:288)
	at org.eclipse.core.internal.resources.InternalWorkspaceJob.run(InternalWorkspaceJob.java:39)
	at org.eclipse.core.internal.jobs.Worker.run(Worker.java:60)
19:40:13 INFO  : Connected to target on host '127.0.0.1' and port '3121'.
19:40:13 INFO  : Jtag cable 'Digilent Zed 210248525658' is selected.
19:40:13 INFO  : 'jtag frequency' command is executed.
19:40:13 INFO  : Context for 'APU' is selected.
19:40:13 INFO  : System reset is completed.
19:40:16 INFO  : 'after 3000' command is executed.
19:40:16 INFO  : 'targets -set -filter {jtag_cable_name =~ "Digilent Zed 210248525658" && level==0 && jtag_device_ctx=="jsn-Zed-210248525658-23727093-0"}' command is executed.
19:40:19 INFO  : FPGA configured successfully with bitstream "C:/Users/cihem/CPRE-488-Labs/Mp-0_New/Nes/NESEmulator/_ide/bitstream/design_1_wrapper.bit"
19:40:19 INFO  : Context for 'APU' is selected.
19:40:19 INFO  : Hardware design and registers information is loaded from 'C:/Users/cihem/CPRE-488-Labs/Mp-0_New/Nes/design_1_wrapper/export/design_1_wrapper/hw/design_1_wrapper.xsa'.
19:40:19 INFO  : 'configparams force-mem-access 1' command is executed.
19:40:19 INFO  : Context for 'APU' is selected.
19:40:19 INFO  : Sourcing of 'C:/Users/cihem/CPRE-488-Labs/Mp-0_New/Nes/NESEmulator/_ide/psinit/ps7_init.tcl' is done.
19:40:19 INFO  : 'ps7_init' command is executed.
19:40:19 INFO  : 'ps7_post_config' command is executed.
19:40:19 INFO  : Context for processor 'ps7_cortexa9_0' is selected.
19:40:20 INFO  : The application 'C:/Users/cihem/CPRE-488-Labs/Mp-0_New/Nes/NESEmulator/Debug/NESEmulator.elf' is downloaded to processor 'ps7_cortexa9_0'.
19:40:20 INFO  : 'configparams force-mem-access 0' command is executed.
19:40:20 INFO  : ----------------XSDB Script----------------
connect -url tcp:127.0.0.1:3121
targets -set -nocase -filter {name =~"APU*"}
rst -system
after 3000
targets -set -filter {jtag_cable_name =~ "Digilent Zed 210248525658" && level==0 && jtag_device_ctx=="jsn-Zed-210248525658-23727093-0"}
fpga -file C:/Users/cihem/CPRE-488-Labs/Mp-0_New/Nes/NESEmulator/_ide/bitstream/design_1_wrapper.bit
targets -set -nocase -filter {name =~"APU*"}
loadhw -hw C:/Users/cihem/CPRE-488-Labs/Mp-0_New/Nes/design_1_wrapper/export/design_1_wrapper/hw/design_1_wrapper.xsa -mem-ranges [list {0x40000000 0xbfffffff}] -regs
configparams force-mem-access 1
targets -set -nocase -filter {name =~"APU*"}
source C:/Users/cihem/CPRE-488-Labs/Mp-0_New/Nes/NESEmulator/_ide/psinit/ps7_init.tcl
ps7_init
ps7_post_config
targets -set -nocase -filter {name =~ "*A9*#0"}
dow C:/Users/cihem/CPRE-488-Labs/Mp-0_New/Nes/NESEmulator/Debug/NESEmulator.elf
configparams force-mem-access 0
----------------End of Script----------------

19:40:20 INFO  : Context for processor 'ps7_cortexa9_0' is selected.
19:40:20 INFO  : 'con' command is executed.
19:40:20 INFO  : ----------------XSDB Script (After Launch)----------------
targets -set -nocase -filter {name =~ "*A9*#0"}
con
----------------End of Script----------------

19:40:20 INFO  : Launch script is exported to file 'C:\Users\cihem\CPRE-488-Labs\Mp-0_New\Nes\.sdk\launch_scripts\single_application_debug\debugger_nesemulator-default.tcl'
19:44:24 INFO  : Disconnected from the channel tcfchan#17.
19:44:27 INFO  : Checking for BSP changes to sync application flags for project 'NESEmulator'...
19:44:27 INFO  : Updating application flags with new BSP settings...
19:44:27 ERROR : Failed to update application flags from BSP for 'NESEmulator'. Reason: null
java.lang.NullPointerException
	at com.xilinx.sdk.sw.internal.SwDb.getComponentAppCompilerFlags(SwDb.java:762)
	at com.xilinx.sdx.sw.internal.SDxSwPlatform.getSwPlatformCompilerFlags(SDxSwPlatform.java:1155)
	at com.xilinx.sdx.sdk.core.build.AppSwBuildOptionsHelper.inferSwPlatformFlags(AppSwBuildOptionsHelper.java:54)
	at com.xilinx.sdx.sdk.core.build.AppSwBuildOptionsHelper.updateBuildOptions(AppSwBuildOptionsHelper.java:46)
	at com.xilinx.sdx.sdk.core.build.SdkMakefileGenerationListener.updateSwBuildOptions(SdkMakefileGenerationListener.java:215)
	at com.xilinx.sdx.sdk.core.build.SdkMakefileGenerationListener.syncAppFlags(SdkMakefileGenerationListener.java:99)
	at com.xilinx.sdx.sdk.core.build.SdkMakefileGenerationListener.preMakefileGeneration(SdkMakefileGenerationListener.java:48)
	at com.xilinx.sdk.managedbuilder.XilinxGnuMakefileGenerator.notifyPreMakefileGenerationListeners(XilinxGnuMakefileGenerator.java:91)
	at com.xilinx.sdk.managedbuilder.XilinxGnuMakefileGenerator.generateMakefiles(XilinxGnuMakefileGenerator.java:40)
	at org.eclipse.cdt.managedbuilder.internal.core.CommonBuilder.performMakefileGeneration(CommonBuilder.java:1008)
	at org.eclipse.cdt.managedbuilder.internal.core.CommonBuilder.performPrebuildGeneration(CommonBuilder.java:873)
	at org.eclipse.cdt.managedbuilder.internal.core.CommonBuilder.build(CommonBuilder.java:748)
	at org.eclipse.cdt.managedbuilder.internal.core.CommonBuilder.build(CommonBuilder.java:510)
	at org.eclipse.cdt.managedbuilder.internal.core.CommonBuilder.build(CommonBuilder.java:459)
	at org.eclipse.core.internal.events.BuildManager$2.run(BuildManager.java:795)
	at org.eclipse.core.runtime.SafeRunner.run(SafeRunner.java:42)
	at org.eclipse.core.internal.events.BuildManager.basicBuild(BuildManager.java:216)
	at org.eclipse.core.internal.events.BuildManager.basicBuild(BuildManager.java:259)
	at org.eclipse.core.internal.events.BuildManager$1.run(BuildManager.java:312)
	at org.eclipse.core.runtime.SafeRunner.run(SafeRunner.java:42)
	at org.eclipse.core.internal.events.BuildManager.basicBuild(BuildManager.java:315)
	at org.eclipse.core.internal.events.BuildManager.basicBuildLoop(BuildManager.java:367)
	at org.eclipse.core.internal.events.BuildManager.build(BuildManager.java:388)
	at org.eclipse.core.internal.resources.Workspace.buildInternal(Workspace.java:501)
	at org.eclipse.core.internal.resources.Workspace.build(Workspace.java:408)
	at org.eclipse.ui.actions.BuildAction$1.runInWorkspace(BuildAction.java:288)
	at org.eclipse.core.internal.resources.InternalWorkspaceJob.run(InternalWorkspaceJob.java:39)
	at org.eclipse.core.internal.jobs.Worker.run(Worker.java:60)
19:44:32 INFO  : Connected to target on host '127.0.0.1' and port '3121'.
19:44:32 INFO  : Jtag cable 'Digilent Zed 210248525658' is selected.
19:44:32 INFO  : 'jtag frequency' command is executed.
19:44:32 INFO  : Context for 'APU' is selected.
19:44:32 INFO  : System reset is completed.
19:44:35 INFO  : 'after 3000' command is executed.
19:44:35 INFO  : 'targets -set -filter {jtag_cable_name =~ "Digilent Zed 210248525658" && level==0 && jtag_device_ctx=="jsn-Zed-210248525658-23727093-0"}' command is executed.
19:44:37 INFO  : FPGA configured successfully with bitstream "C:/Users/cihem/CPRE-488-Labs/Mp-0_New/Nes/NESEmulator/_ide/bitstream/design_1_wrapper.bit"
19:44:37 INFO  : Context for 'APU' is selected.
19:44:37 INFO  : Hardware design and registers information is loaded from 'C:/Users/cihem/CPRE-488-Labs/Mp-0_New/Nes/design_1_wrapper/export/design_1_wrapper/hw/design_1_wrapper.xsa'.
19:44:37 INFO  : 'configparams force-mem-access 1' command is executed.
19:44:37 INFO  : Context for 'APU' is selected.
19:44:37 INFO  : Sourcing of 'C:/Users/cihem/CPRE-488-Labs/Mp-0_New/Nes/NESEmulator/_ide/psinit/ps7_init.tcl' is done.
19:44:37 INFO  : 'ps7_init' command is executed.
19:44:37 INFO  : 'ps7_post_config' command is executed.
19:44:37 INFO  : Context for processor 'ps7_cortexa9_0' is selected.
19:44:38 INFO  : The application 'C:/Users/cihem/CPRE-488-Labs/Mp-0_New/Nes/NESEmulator/Debug/NESEmulator.elf' is downloaded to processor 'ps7_cortexa9_0'.
19:44:38 INFO  : 'configparams force-mem-access 0' command is executed.
19:44:38 INFO  : ----------------XSDB Script----------------
connect -url tcp:127.0.0.1:3121
targets -set -nocase -filter {name =~"APU*"}
rst -system
after 3000
targets -set -filter {jtag_cable_name =~ "Digilent Zed 210248525658" && level==0 && jtag_device_ctx=="jsn-Zed-210248525658-23727093-0"}
fpga -file C:/Users/cihem/CPRE-488-Labs/Mp-0_New/Nes/NESEmulator/_ide/bitstream/design_1_wrapper.bit
targets -set -nocase -filter {name =~"APU*"}
loadhw -hw C:/Users/cihem/CPRE-488-Labs/Mp-0_New/Nes/design_1_wrapper/export/design_1_wrapper/hw/design_1_wrapper.xsa -mem-ranges [list {0x40000000 0xbfffffff}] -regs
configparams force-mem-access 1
targets -set -nocase -filter {name =~"APU*"}
source C:/Users/cihem/CPRE-488-Labs/Mp-0_New/Nes/NESEmulator/_ide/psinit/ps7_init.tcl
ps7_init
ps7_post_config
targets -set -nocase -filter {name =~ "*A9*#0"}
dow C:/Users/cihem/CPRE-488-Labs/Mp-0_New/Nes/NESEmulator/Debug/NESEmulator.elf
configparams force-mem-access 0
----------------End of Script----------------

19:44:38 INFO  : Context for processor 'ps7_cortexa9_0' is selected.
19:44:38 INFO  : 'con' command is executed.
19:44:38 INFO  : ----------------XSDB Script (After Launch)----------------
targets -set -nocase -filter {name =~ "*A9*#0"}
con
----------------End of Script----------------

19:44:38 INFO  : Launch script is exported to file 'C:\Users\cihem\CPRE-488-Labs\Mp-0_New\Nes\.sdk\launch_scripts\single_application_debug\debugger_nesemulator-default.tcl'
19:45:26 INFO  : Checking for BSP changes to sync application flags for project 'NESEmulator'...
19:45:26 INFO  : Updating application flags with new BSP settings...
19:45:26 ERROR : Failed to update application flags from BSP for 'NESEmulator'. Reason: null
java.lang.NullPointerException
	at com.xilinx.sdk.sw.internal.SwDb.getComponentAppCompilerFlags(SwDb.java:762)
	at com.xilinx.sdx.sw.internal.SDxSwPlatform.getSwPlatformCompilerFlags(SDxSwPlatform.java:1155)
	at com.xilinx.sdx.sdk.core.build.AppSwBuildOptionsHelper.inferSwPlatformFlags(AppSwBuildOptionsHelper.java:54)
	at com.xilinx.sdx.sdk.core.build.AppSwBuildOptionsHelper.updateBuildOptions(AppSwBuildOptionsHelper.java:46)
	at com.xilinx.sdx.sdk.core.build.SdkMakefileGenerationListener.updateSwBuildOptions(SdkMakefileGenerationListener.java:215)
	at com.xilinx.sdx.sdk.core.build.SdkMakefileGenerationListener.syncAppFlags(SdkMakefileGenerationListener.java:99)
	at com.xilinx.sdx.sdk.core.build.SdkMakefileGenerationListener.preMakefileGeneration(SdkMakefileGenerationListener.java:48)
	at com.xilinx.sdk.managedbuilder.XilinxGnuMakefileGenerator.notifyPreMakefileGenerationListeners(XilinxGnuMakefileGenerator.java:91)
	at com.xilinx.sdk.managedbuilder.XilinxGnuMakefileGenerator.generateMakefiles(XilinxGnuMakefileGenerator.java:40)
	at org.eclipse.cdt.managedbuilder.internal.core.CommonBuilder.performMakefileGeneration(CommonBuilder.java:1008)
	at org.eclipse.cdt.managedbuilder.internal.core.CommonBuilder.performPrebuildGeneration(CommonBuilder.java:873)
	at org.eclipse.cdt.managedbuilder.internal.core.CommonBuilder.build(CommonBuilder.java:748)
	at org.eclipse.cdt.managedbuilder.internal.core.CommonBuilder.build(CommonBuilder.java:510)
	at org.eclipse.cdt.managedbuilder.internal.core.CommonBuilder.build(CommonBuilder.java:459)
	at org.eclipse.core.internal.events.BuildManager$2.run(BuildManager.java:795)
	at org.eclipse.core.runtime.SafeRunner.run(SafeRunner.java:42)
	at org.eclipse.core.internal.events.BuildManager.basicBuild(BuildManager.java:216)
	at org.eclipse.core.internal.events.BuildManager.basicBuild(BuildManager.java:259)
	at org.eclipse.core.internal.events.BuildManager$1.run(BuildManager.java:312)
	at org.eclipse.core.runtime.SafeRunner.run(SafeRunner.java:42)
	at org.eclipse.core.internal.events.BuildManager.basicBuild(BuildManager.java:315)
	at org.eclipse.core.internal.events.BuildManager.basicBuildLoop(BuildManager.java:367)
	at org.eclipse.core.internal.events.BuildManager.build(BuildManager.java:388)
	at org.eclipse.core.internal.resources.Workspace.buildInternal(Workspace.java:501)
	at org.eclipse.core.internal.resources.Workspace.build(Workspace.java:408)
	at org.eclipse.ui.actions.BuildAction$1.runInWorkspace(BuildAction.java:288)
	at org.eclipse.core.internal.resources.InternalWorkspaceJob.run(InternalWorkspaceJob.java:39)
	at org.eclipse.core.internal.jobs.Worker.run(Worker.java:60)
19:49:36 INFO  : Checking for BSP changes to sync application flags for project 'NESEmulator'...
19:49:36 INFO  : Updating application flags with new BSP settings...
19:49:36 ERROR : Failed to update application flags from BSP for 'NESEmulator'. Reason: null
java.lang.NullPointerException
	at com.xilinx.sdk.sw.internal.SwDb.getComponentAppCompilerFlags(SwDb.java:762)
	at com.xilinx.sdx.sw.internal.SDxSwPlatform.getSwPlatformCompilerFlags(SDxSwPlatform.java:1155)
	at com.xilinx.sdx.sdk.core.build.AppSwBuildOptionsHelper.inferSwPlatformFlags(AppSwBuildOptionsHelper.java:54)
	at com.xilinx.sdx.sdk.core.build.AppSwBuildOptionsHelper.updateBuildOptions(AppSwBuildOptionsHelper.java:46)
	at com.xilinx.sdx.sdk.core.build.SdkMakefileGenerationListener.updateSwBuildOptions(SdkMakefileGenerationListener.java:215)
	at com.xilinx.sdx.sdk.core.build.SdkMakefileGenerationListener.syncAppFlags(SdkMakefileGenerationListener.java:99)
	at com.xilinx.sdx.sdk.core.build.SdkMakefileGenerationListener.preMakefileGeneration(SdkMakefileGenerationListener.java:48)
	at com.xilinx.sdk.managedbuilder.XilinxGnuMakefileGenerator.notifyPreMakefileGenerationListeners(XilinxGnuMakefileGenerator.java:91)
	at com.xilinx.sdk.managedbuilder.XilinxGnuMakefileGenerator.generateMakefiles(XilinxGnuMakefileGenerator.java:40)
	at org.eclipse.cdt.managedbuilder.internal.core.CommonBuilder.performMakefileGeneration(CommonBuilder.java:1008)
	at org.eclipse.cdt.managedbuilder.internal.core.CommonBuilder.performPrebuildGeneration(CommonBuilder.java:873)
	at org.eclipse.cdt.managedbuilder.internal.core.CommonBuilder.build(CommonBuilder.java:748)
	at org.eclipse.cdt.managedbuilder.internal.core.CommonBuilder.build(CommonBuilder.java:510)
	at org.eclipse.cdt.managedbuilder.internal.core.CommonBuilder.build(CommonBuilder.java:459)
	at org.eclipse.core.internal.events.BuildManager$2.run(BuildManager.java:795)
	at org.eclipse.core.runtime.SafeRunner.run(SafeRunner.java:42)
	at org.eclipse.core.internal.events.BuildManager.basicBuild(BuildManager.java:216)
	at org.eclipse.core.internal.events.BuildManager.basicBuild(BuildManager.java:259)
	at org.eclipse.core.internal.events.BuildManager$1.run(BuildManager.java:312)
	at org.eclipse.core.runtime.SafeRunner.run(SafeRunner.java:42)
	at org.eclipse.core.internal.events.BuildManager.basicBuild(BuildManager.java:315)
	at org.eclipse.core.internal.events.BuildManager.basicBuildLoop(BuildManager.java:367)
	at org.eclipse.core.internal.events.BuildManager.build(BuildManager.java:388)
	at org.eclipse.core.internal.resources.Workspace.buildInternal(Workspace.java:501)
	at org.eclipse.core.internal.resources.Workspace.build(Workspace.java:408)
	at org.eclipse.ui.actions.BuildAction$1.runInWorkspace(BuildAction.java:288)
	at org.eclipse.core.internal.resources.InternalWorkspaceJob.run(InternalWorkspaceJob.java:39)
	at org.eclipse.core.internal.jobs.Worker.run(Worker.java:60)
19:49:44 INFO  : Disconnected from the channel tcfchan#18.
19:49:45 INFO  : Connected to target on host '127.0.0.1' and port '3121'.
19:49:45 INFO  : Jtag cable 'Digilent Zed 210248525658' is selected.
19:49:45 INFO  : 'jtag frequency' command is executed.
19:49:45 INFO  : Context for 'APU' is selected.
19:49:45 INFO  : System reset is completed.
19:49:48 INFO  : 'after 3000' command is executed.
19:49:48 INFO  : 'targets -set -filter {jtag_cable_name =~ "Digilent Zed 210248525658" && level==0 && jtag_device_ctx=="jsn-Zed-210248525658-23727093-0"}' command is executed.
19:49:50 INFO  : FPGA configured successfully with bitstream "C:/Users/cihem/CPRE-488-Labs/Mp-0_New/Nes/NESEmulator/_ide/bitstream/design_1_wrapper.bit"
19:49:50 INFO  : Context for 'APU' is selected.
19:49:50 INFO  : Hardware design and registers information is loaded from 'C:/Users/cihem/CPRE-488-Labs/Mp-0_New/Nes/design_1_wrapper/export/design_1_wrapper/hw/design_1_wrapper.xsa'.
19:49:50 INFO  : 'configparams force-mem-access 1' command is executed.
19:49:50 INFO  : Context for 'APU' is selected.
19:49:50 INFO  : Sourcing of 'C:/Users/cihem/CPRE-488-Labs/Mp-0_New/Nes/NESEmulator/_ide/psinit/ps7_init.tcl' is done.
19:49:50 INFO  : 'ps7_init' command is executed.
19:49:50 INFO  : 'ps7_post_config' command is executed.
19:49:50 INFO  : Context for processor 'ps7_cortexa9_0' is selected.
19:49:51 INFO  : The application 'C:/Users/cihem/CPRE-488-Labs/Mp-0_New/Nes/NESEmulator/Debug/NESEmulator.elf' is downloaded to processor 'ps7_cortexa9_0'.
19:49:51 INFO  : 'configparams force-mem-access 0' command is executed.
19:49:51 INFO  : ----------------XSDB Script----------------
connect -url tcp:127.0.0.1:3121
targets -set -nocase -filter {name =~"APU*"}
rst -system
after 3000
targets -set -filter {jtag_cable_name =~ "Digilent Zed 210248525658" && level==0 && jtag_device_ctx=="jsn-Zed-210248525658-23727093-0"}
fpga -file C:/Users/cihem/CPRE-488-Labs/Mp-0_New/Nes/NESEmulator/_ide/bitstream/design_1_wrapper.bit
targets -set -nocase -filter {name =~"APU*"}
loadhw -hw C:/Users/cihem/CPRE-488-Labs/Mp-0_New/Nes/design_1_wrapper/export/design_1_wrapper/hw/design_1_wrapper.xsa -mem-ranges [list {0x40000000 0xbfffffff}] -regs
configparams force-mem-access 1
targets -set -nocase -filter {name =~"APU*"}
source C:/Users/cihem/CPRE-488-Labs/Mp-0_New/Nes/NESEmulator/_ide/psinit/ps7_init.tcl
ps7_init
ps7_post_config
targets -set -nocase -filter {name =~ "*A9*#0"}
dow C:/Users/cihem/CPRE-488-Labs/Mp-0_New/Nes/NESEmulator/Debug/NESEmulator.elf
configparams force-mem-access 0
----------------End of Script----------------

19:49:51 INFO  : Context for processor 'ps7_cortexa9_0' is selected.
19:49:51 INFO  : 'con' command is executed.
19:49:51 INFO  : ----------------XSDB Script (After Launch)----------------
targets -set -nocase -filter {name =~ "*A9*#0"}
con
----------------End of Script----------------

19:49:51 INFO  : Launch script is exported to file 'C:\Users\cihem\CPRE-488-Labs\Mp-0_New\Nes\.sdk\launch_scripts\single_application_debug\debugger_nesemulator-default.tcl'
19:50:31 INFO  : Disconnected from the channel tcfchan#19.
19:51:32 INFO  : Checking for BSP changes to sync application flags for project 'NESEmulator'...
19:51:32 INFO  : Updating application flags with new BSP settings...
19:51:32 ERROR : Failed to update application flags from BSP for 'NESEmulator'. Reason: null
java.lang.NullPointerException
	at com.xilinx.sdk.sw.internal.SwDb.getComponentAppCompilerFlags(SwDb.java:762)
	at com.xilinx.sdx.sw.internal.SDxSwPlatform.getSwPlatformCompilerFlags(SDxSwPlatform.java:1155)
	at com.xilinx.sdx.sdk.core.build.AppSwBuildOptionsHelper.inferSwPlatformFlags(AppSwBuildOptionsHelper.java:54)
	at com.xilinx.sdx.sdk.core.build.AppSwBuildOptionsHelper.updateBuildOptions(AppSwBuildOptionsHelper.java:46)
	at com.xilinx.sdx.sdk.core.build.SdkMakefileGenerationListener.updateSwBuildOptions(SdkMakefileGenerationListener.java:215)
	at com.xilinx.sdx.sdk.core.build.SdkMakefileGenerationListener.syncAppFlags(SdkMakefileGenerationListener.java:99)
	at com.xilinx.sdx.sdk.core.build.SdkMakefileGenerationListener.preMakefileGeneration(SdkMakefileGenerationListener.java:48)
	at com.xilinx.sdk.managedbuilder.XilinxGnuMakefileGenerator.notifyPreMakefileGenerationListeners(XilinxGnuMakefileGenerator.java:91)
	at com.xilinx.sdk.managedbuilder.XilinxGnuMakefileGenerator.generateMakefiles(XilinxGnuMakefileGenerator.java:40)
	at org.eclipse.cdt.managedbuilder.internal.core.CommonBuilder.performMakefileGeneration(CommonBuilder.java:1008)
	at org.eclipse.cdt.managedbuilder.internal.core.CommonBuilder.performPrebuildGeneration(CommonBuilder.java:873)
	at org.eclipse.cdt.managedbuilder.internal.core.CommonBuilder.build(CommonBuilder.java:748)
	at org.eclipse.cdt.managedbuilder.internal.core.CommonBuilder.build(CommonBuilder.java:510)
	at org.eclipse.cdt.managedbuilder.internal.core.CommonBuilder.build(CommonBuilder.java:459)
	at org.eclipse.core.internal.events.BuildManager$2.run(BuildManager.java:795)
	at org.eclipse.core.runtime.SafeRunner.run(SafeRunner.java:42)
	at org.eclipse.core.internal.events.BuildManager.basicBuild(BuildManager.java:216)
	at org.eclipse.core.internal.events.BuildManager.basicBuild(BuildManager.java:259)
	at org.eclipse.core.internal.events.BuildManager$1.run(BuildManager.java:312)
	at org.eclipse.core.runtime.SafeRunner.run(SafeRunner.java:42)
	at org.eclipse.core.internal.events.BuildManager.basicBuild(BuildManager.java:315)
	at org.eclipse.core.internal.events.BuildManager.basicBuildLoop(BuildManager.java:367)
	at org.eclipse.core.internal.events.BuildManager.build(BuildManager.java:388)
	at org.eclipse.core.internal.resources.Workspace.buildInternal(Workspace.java:501)
	at org.eclipse.core.internal.resources.Workspace.build(Workspace.java:408)
	at org.eclipse.ui.actions.BuildAction$1.runInWorkspace(BuildAction.java:288)
	at org.eclipse.core.internal.resources.InternalWorkspaceJob.run(InternalWorkspaceJob.java:39)
	at org.eclipse.core.internal.jobs.Worker.run(Worker.java:60)
19:51:38 INFO  : Connected to target on host '127.0.0.1' and port '3121'.
19:51:38 INFO  : Jtag cable 'Digilent Zed 210248525658' is selected.
19:51:38 INFO  : 'jtag frequency' command is executed.
19:51:39 INFO  : Context for 'APU' is selected.
19:51:39 INFO  : System reset is completed.
19:51:42 INFO  : 'after 3000' command is executed.
19:51:42 INFO  : 'targets -set -filter {jtag_cable_name =~ "Digilent Zed 210248525658" && level==0 && jtag_device_ctx=="jsn-Zed-210248525658-23727093-0"}' command is executed.
19:51:44 INFO  : FPGA configured successfully with bitstream "C:/Users/cihem/CPRE-488-Labs/Mp-0_New/Nes/NESEmulator/_ide/bitstream/design_1_wrapper.bit"
19:51:44 INFO  : Context for 'APU' is selected.
19:51:44 INFO  : Hardware design and registers information is loaded from 'C:/Users/cihem/CPRE-488-Labs/Mp-0_New/Nes/design_1_wrapper/export/design_1_wrapper/hw/design_1_wrapper.xsa'.
19:51:44 INFO  : 'configparams force-mem-access 1' command is executed.
19:51:44 INFO  : Context for 'APU' is selected.
19:51:44 INFO  : Sourcing of 'C:/Users/cihem/CPRE-488-Labs/Mp-0_New/Nes/NESEmulator/_ide/psinit/ps7_init.tcl' is done.
19:51:44 INFO  : 'ps7_init' command is executed.
19:51:44 INFO  : 'ps7_post_config' command is executed.
19:51:44 INFO  : Context for processor 'ps7_cortexa9_0' is selected.
19:51:45 INFO  : The application 'C:/Users/cihem/CPRE-488-Labs/Mp-0_New/Nes/NESEmulator/Debug/NESEmulator.elf' is downloaded to processor 'ps7_cortexa9_0'.
19:51:45 INFO  : 'configparams force-mem-access 0' command is executed.
19:51:45 INFO  : ----------------XSDB Script----------------
connect -url tcp:127.0.0.1:3121
targets -set -nocase -filter {name =~"APU*"}
rst -system
after 3000
targets -set -filter {jtag_cable_name =~ "Digilent Zed 210248525658" && level==0 && jtag_device_ctx=="jsn-Zed-210248525658-23727093-0"}
fpga -file C:/Users/cihem/CPRE-488-Labs/Mp-0_New/Nes/NESEmulator/_ide/bitstream/design_1_wrapper.bit
targets -set -nocase -filter {name =~"APU*"}
loadhw -hw C:/Users/cihem/CPRE-488-Labs/Mp-0_New/Nes/design_1_wrapper/export/design_1_wrapper/hw/design_1_wrapper.xsa -mem-ranges [list {0x40000000 0xbfffffff}] -regs
configparams force-mem-access 1
targets -set -nocase -filter {name =~"APU*"}
source C:/Users/cihem/CPRE-488-Labs/Mp-0_New/Nes/NESEmulator/_ide/psinit/ps7_init.tcl
ps7_init
ps7_post_config
targets -set -nocase -filter {name =~ "*A9*#0"}
dow C:/Users/cihem/CPRE-488-Labs/Mp-0_New/Nes/NESEmulator/Debug/NESEmulator.elf
configparams force-mem-access 0
----------------End of Script----------------

19:51:45 INFO  : Context for processor 'ps7_cortexa9_0' is selected.
19:51:45 INFO  : 'con' command is executed.
19:51:45 INFO  : ----------------XSDB Script (After Launch)----------------
targets -set -nocase -filter {name =~ "*A9*#0"}
con
----------------End of Script----------------

19:51:45 INFO  : Launch script is exported to file 'C:\Users\cihem\CPRE-488-Labs\Mp-0_New\Nes\.sdk\launch_scripts\single_application_debug\debugger_nesemulator-default.tcl'
19:52:24 INFO  : Checking for BSP changes to sync application flags for project 'NESEmulator'...
19:52:24 INFO  : Updating application flags with new BSP settings...
19:52:24 ERROR : Failed to update application flags from BSP for 'NESEmulator'. Reason: null
java.lang.NullPointerException
	at com.xilinx.sdk.sw.internal.SwDb.getComponentAppCompilerFlags(SwDb.java:762)
	at com.xilinx.sdx.sw.internal.SDxSwPlatform.getSwPlatformCompilerFlags(SDxSwPlatform.java:1155)
	at com.xilinx.sdx.sdk.core.build.AppSwBuildOptionsHelper.inferSwPlatformFlags(AppSwBuildOptionsHelper.java:54)
	at com.xilinx.sdx.sdk.core.build.AppSwBuildOptionsHelper.updateBuildOptions(AppSwBuildOptionsHelper.java:46)
	at com.xilinx.sdx.sdk.core.build.SdkMakefileGenerationListener.updateSwBuildOptions(SdkMakefileGenerationListener.java:215)
	at com.xilinx.sdx.sdk.core.build.SdkMakefileGenerationListener.syncAppFlags(SdkMakefileGenerationListener.java:99)
	at com.xilinx.sdx.sdk.core.build.SdkMakefileGenerationListener.preMakefileGeneration(SdkMakefileGenerationListener.java:48)
	at com.xilinx.sdk.managedbuilder.XilinxGnuMakefileGenerator.notifyPreMakefileGenerationListeners(XilinxGnuMakefileGenerator.java:91)
	at com.xilinx.sdk.managedbuilder.XilinxGnuMakefileGenerator.generateMakefiles(XilinxGnuMakefileGenerator.java:40)
	at org.eclipse.cdt.managedbuilder.internal.core.CommonBuilder.performMakefileGeneration(CommonBuilder.java:1008)
	at org.eclipse.cdt.managedbuilder.internal.core.CommonBuilder.performPrebuildGeneration(CommonBuilder.java:873)
	at org.eclipse.cdt.managedbuilder.internal.core.CommonBuilder.build(CommonBuilder.java:748)
	at org.eclipse.cdt.managedbuilder.internal.core.CommonBuilder.build(CommonBuilder.java:510)
	at org.eclipse.cdt.managedbuilder.internal.core.CommonBuilder.build(CommonBuilder.java:459)
	at org.eclipse.core.internal.events.BuildManager$2.run(BuildManager.java:795)
	at org.eclipse.core.runtime.SafeRunner.run(SafeRunner.java:42)
	at org.eclipse.core.internal.events.BuildManager.basicBuild(BuildManager.java:216)
	at org.eclipse.core.internal.events.BuildManager.basicBuild(BuildManager.java:259)
	at org.eclipse.core.internal.events.BuildManager$1.run(BuildManager.java:312)
	at org.eclipse.core.runtime.SafeRunner.run(SafeRunner.java:42)
	at org.eclipse.core.internal.events.BuildManager.basicBuild(BuildManager.java:315)
	at org.eclipse.core.internal.events.BuildManager.basicBuildLoop(BuildManager.java:367)
	at org.eclipse.core.internal.events.BuildManager.build(BuildManager.java:388)
	at org.eclipse.core.internal.resources.Workspace.buildInternal(Workspace.java:501)
	at org.eclipse.core.internal.resources.Workspace.build(Workspace.java:408)
	at org.eclipse.ui.actions.BuildAction$1.runInWorkspace(BuildAction.java:288)
	at org.eclipse.core.internal.resources.InternalWorkspaceJob.run(InternalWorkspaceJob.java:39)
	at org.eclipse.core.internal.jobs.Worker.run(Worker.java:60)
19:52:33 INFO  : Disconnected from the channel tcfchan#20.
19:52:34 INFO  : Connected to target on host '127.0.0.1' and port '3121'.
19:52:34 INFO  : Jtag cable 'Digilent Zed 210248525658' is selected.
19:52:34 INFO  : 'jtag frequency' command is executed.
19:52:34 INFO  : Context for 'APU' is selected.
19:52:34 INFO  : System reset is completed.
19:52:37 INFO  : 'after 3000' command is executed.
19:52:37 INFO  : 'targets -set -filter {jtag_cable_name =~ "Digilent Zed 210248525658" && level==0 && jtag_device_ctx=="jsn-Zed-210248525658-23727093-0"}' command is executed.
19:52:39 INFO  : FPGA configured successfully with bitstream "C:/Users/cihem/CPRE-488-Labs/Mp-0_New/Nes/NESEmulator/_ide/bitstream/design_1_wrapper.bit"
19:52:39 INFO  : Context for 'APU' is selected.
19:52:39 INFO  : Hardware design and registers information is loaded from 'C:/Users/cihem/CPRE-488-Labs/Mp-0_New/Nes/design_1_wrapper/export/design_1_wrapper/hw/design_1_wrapper.xsa'.
19:52:39 INFO  : 'configparams force-mem-access 1' command is executed.
19:52:39 INFO  : Context for 'APU' is selected.
19:52:39 INFO  : Sourcing of 'C:/Users/cihem/CPRE-488-Labs/Mp-0_New/Nes/NESEmulator/_ide/psinit/ps7_init.tcl' is done.
19:52:40 INFO  : 'ps7_init' command is executed.
19:52:40 INFO  : 'ps7_post_config' command is executed.
19:52:40 INFO  : Context for processor 'ps7_cortexa9_0' is selected.
19:52:41 INFO  : The application 'C:/Users/cihem/CPRE-488-Labs/Mp-0_New/Nes/NESEmulator/Debug/NESEmulator.elf' is downloaded to processor 'ps7_cortexa9_0'.
19:52:41 INFO  : 'configparams force-mem-access 0' command is executed.
19:52:41 INFO  : ----------------XSDB Script----------------
connect -url tcp:127.0.0.1:3121
targets -set -nocase -filter {name =~"APU*"}
rst -system
after 3000
targets -set -filter {jtag_cable_name =~ "Digilent Zed 210248525658" && level==0 && jtag_device_ctx=="jsn-Zed-210248525658-23727093-0"}
fpga -file C:/Users/cihem/CPRE-488-Labs/Mp-0_New/Nes/NESEmulator/_ide/bitstream/design_1_wrapper.bit
targets -set -nocase -filter {name =~"APU*"}
loadhw -hw C:/Users/cihem/CPRE-488-Labs/Mp-0_New/Nes/design_1_wrapper/export/design_1_wrapper/hw/design_1_wrapper.xsa -mem-ranges [list {0x40000000 0xbfffffff}] -regs
configparams force-mem-access 1
targets -set -nocase -filter {name =~"APU*"}
source C:/Users/cihem/CPRE-488-Labs/Mp-0_New/Nes/NESEmulator/_ide/psinit/ps7_init.tcl
ps7_init
ps7_post_config
targets -set -nocase -filter {name =~ "*A9*#0"}
dow C:/Users/cihem/CPRE-488-Labs/Mp-0_New/Nes/NESEmulator/Debug/NESEmulator.elf
configparams force-mem-access 0
----------------End of Script----------------

19:52:41 INFO  : Context for processor 'ps7_cortexa9_0' is selected.
19:52:41 INFO  : 'con' command is executed.
19:52:41 INFO  : ----------------XSDB Script (After Launch)----------------
targets -set -nocase -filter {name =~ "*A9*#0"}
con
----------------End of Script----------------

19:52:41 INFO  : Launch script is exported to file 'C:\Users\cihem\CPRE-488-Labs\Mp-0_New\Nes\.sdk\launch_scripts\single_application_debug\debugger_nesemulator-default.tcl'
20:04:48 INFO  : Checking for BSP changes to sync application flags for project 'NESEmulator'...
20:04:48 INFO  : Updating application flags with new BSP settings...
20:04:48 ERROR : Failed to update application flags from BSP for 'NESEmulator'. Reason: null
java.lang.NullPointerException
	at com.xilinx.sdk.sw.internal.SwDb.getComponentAppCompilerFlags(SwDb.java:762)
	at com.xilinx.sdx.sw.internal.SDxSwPlatform.getSwPlatformCompilerFlags(SDxSwPlatform.java:1155)
	at com.xilinx.sdx.sdk.core.build.AppSwBuildOptionsHelper.inferSwPlatformFlags(AppSwBuildOptionsHelper.java:54)
	at com.xilinx.sdx.sdk.core.build.AppSwBuildOptionsHelper.updateBuildOptions(AppSwBuildOptionsHelper.java:46)
	at com.xilinx.sdx.sdk.core.build.SdkMakefileGenerationListener.updateSwBuildOptions(SdkMakefileGenerationListener.java:215)
	at com.xilinx.sdx.sdk.core.build.SdkMakefileGenerationListener.syncAppFlags(SdkMakefileGenerationListener.java:99)
	at com.xilinx.sdx.sdk.core.build.SdkMakefileGenerationListener.preMakefileGeneration(SdkMakefileGenerationListener.java:48)
	at com.xilinx.sdk.managedbuilder.XilinxGnuMakefileGenerator.notifyPreMakefileGenerationListeners(XilinxGnuMakefileGenerator.java:91)
	at com.xilinx.sdk.managedbuilder.XilinxGnuMakefileGenerator.generateMakefiles(XilinxGnuMakefileGenerator.java:40)
	at org.eclipse.cdt.managedbuilder.internal.core.CommonBuilder.performMakefileGeneration(CommonBuilder.java:1008)
	at org.eclipse.cdt.managedbuilder.internal.core.CommonBuilder.performPrebuildGeneration(CommonBuilder.java:873)
	at org.eclipse.cdt.managedbuilder.internal.core.CommonBuilder.build(CommonBuilder.java:748)
	at org.eclipse.cdt.managedbuilder.internal.core.CommonBuilder.build(CommonBuilder.java:510)
	at org.eclipse.cdt.managedbuilder.internal.core.CommonBuilder.build(CommonBuilder.java:459)
	at org.eclipse.core.internal.events.BuildManager$2.run(BuildManager.java:795)
	at org.eclipse.core.runtime.SafeRunner.run(SafeRunner.java:42)
	at org.eclipse.core.internal.events.BuildManager.basicBuild(BuildManager.java:216)
	at org.eclipse.core.internal.events.BuildManager.basicBuild(BuildManager.java:259)
	at org.eclipse.core.internal.events.BuildManager$1.run(BuildManager.java:312)
	at org.eclipse.core.runtime.SafeRunner.run(SafeRunner.java:42)
	at org.eclipse.core.internal.events.BuildManager.basicBuild(BuildManager.java:315)
	at org.eclipse.core.internal.events.BuildManager.basicBuildLoop(BuildManager.java:367)
	at org.eclipse.core.internal.events.BuildManager.build(BuildManager.java:388)
	at org.eclipse.core.internal.resources.Workspace.buildInternal(Workspace.java:501)
	at org.eclipse.core.internal.resources.Workspace.build(Workspace.java:408)
	at org.eclipse.ui.actions.BuildAction$1.runInWorkspace(BuildAction.java:288)
	at org.eclipse.core.internal.resources.InternalWorkspaceJob.run(InternalWorkspaceJob.java:39)
	at org.eclipse.core.internal.jobs.Worker.run(Worker.java:60)
20:04:55 INFO  : Disconnected from the channel tcfchan#21.
20:04:59 INFO  : Connected to target on host '127.0.0.1' and port '3121'.
20:04:59 INFO  : Jtag cable 'Digilent Zed 210248525658' is selected.
20:04:59 INFO  : 'jtag frequency' command is executed.
20:04:59 INFO  : Context for 'APU' is selected.
20:04:59 INFO  : System reset is completed.
20:05:02 INFO  : 'after 3000' command is executed.
20:05:02 INFO  : 'targets -set -filter {jtag_cable_name =~ "Digilent Zed 210248525658" && level==0 && jtag_device_ctx=="jsn-Zed-210248525658-23727093-0"}' command is executed.
20:05:05 INFO  : FPGA configured successfully with bitstream "C:/Users/cihem/CPRE-488-Labs/Mp-0_New/Nes/NESEmulator/_ide/bitstream/design_1_wrapper.bit"
20:05:05 INFO  : Context for 'APU' is selected.
20:05:05 INFO  : Hardware design and registers information is loaded from 'C:/Users/cihem/CPRE-488-Labs/Mp-0_New/Nes/design_1_wrapper/export/design_1_wrapper/hw/design_1_wrapper.xsa'.
20:05:05 INFO  : 'configparams force-mem-access 1' command is executed.
20:05:05 INFO  : Context for 'APU' is selected.
20:05:05 INFO  : Sourcing of 'C:/Users/cihem/CPRE-488-Labs/Mp-0_New/Nes/NESEmulator/_ide/psinit/ps7_init.tcl' is done.
20:05:05 INFO  : 'ps7_init' command is executed.
20:05:05 INFO  : 'ps7_post_config' command is executed.
20:05:05 INFO  : Context for processor 'ps7_cortexa9_0' is selected.
20:05:06 INFO  : The application 'C:/Users/cihem/CPRE-488-Labs/Mp-0_New/Nes/NESEmulator/Debug/NESEmulator.elf' is downloaded to processor 'ps7_cortexa9_0'.
20:05:06 INFO  : 'configparams force-mem-access 0' command is executed.
20:05:06 INFO  : ----------------XSDB Script----------------
connect -url tcp:127.0.0.1:3121
targets -set -nocase -filter {name =~"APU*"}
rst -system
after 3000
targets -set -filter {jtag_cable_name =~ "Digilent Zed 210248525658" && level==0 && jtag_device_ctx=="jsn-Zed-210248525658-23727093-0"}
fpga -file C:/Users/cihem/CPRE-488-Labs/Mp-0_New/Nes/NESEmulator/_ide/bitstream/design_1_wrapper.bit
targets -set -nocase -filter {name =~"APU*"}
loadhw -hw C:/Users/cihem/CPRE-488-Labs/Mp-0_New/Nes/design_1_wrapper/export/design_1_wrapper/hw/design_1_wrapper.xsa -mem-ranges [list {0x40000000 0xbfffffff}] -regs
configparams force-mem-access 1
targets -set -nocase -filter {name =~"APU*"}
source C:/Users/cihem/CPRE-488-Labs/Mp-0_New/Nes/NESEmulator/_ide/psinit/ps7_init.tcl
ps7_init
ps7_post_config
targets -set -nocase -filter {name =~ "*A9*#0"}
dow C:/Users/cihem/CPRE-488-Labs/Mp-0_New/Nes/NESEmulator/Debug/NESEmulator.elf
configparams force-mem-access 0
----------------End of Script----------------

20:05:06 INFO  : Context for processor 'ps7_cortexa9_0' is selected.
20:05:06 INFO  : 'con' command is executed.
20:05:06 INFO  : ----------------XSDB Script (After Launch)----------------
targets -set -nocase -filter {name =~ "*A9*#0"}
con
----------------End of Script----------------

20:05:06 INFO  : Launch script is exported to file 'C:\Users\cihem\CPRE-488-Labs\Mp-0_New\Nes\.sdk\launch_scripts\single_application_debug\debugger_nesemulator-default.tcl'
20:09:08 INFO  : Disconnected from the channel tcfchan#22.
20:09:11 INFO  : Checking for BSP changes to sync application flags for project 'NESEmulator'...
20:09:11 INFO  : Updating application flags with new BSP settings...
20:09:11 ERROR : Failed to update application flags from BSP for 'NESEmulator'. Reason: null
java.lang.NullPointerException
	at com.xilinx.sdk.sw.internal.SwDb.getComponentAppCompilerFlags(SwDb.java:762)
	at com.xilinx.sdx.sw.internal.SDxSwPlatform.getSwPlatformCompilerFlags(SDxSwPlatform.java:1155)
	at com.xilinx.sdx.sdk.core.build.AppSwBuildOptionsHelper.inferSwPlatformFlags(AppSwBuildOptionsHelper.java:54)
	at com.xilinx.sdx.sdk.core.build.AppSwBuildOptionsHelper.updateBuildOptions(AppSwBuildOptionsHelper.java:46)
	at com.xilinx.sdx.sdk.core.build.SdkMakefileGenerationListener.updateSwBuildOptions(SdkMakefileGenerationListener.java:215)
	at com.xilinx.sdx.sdk.core.build.SdkMakefileGenerationListener.syncAppFlags(SdkMakefileGenerationListener.java:99)
	at com.xilinx.sdx.sdk.core.build.SdkMakefileGenerationListener.preMakefileGeneration(SdkMakefileGenerationListener.java:48)
	at com.xilinx.sdk.managedbuilder.XilinxGnuMakefileGenerator.notifyPreMakefileGenerationListeners(XilinxGnuMakefileGenerator.java:91)
	at com.xilinx.sdk.managedbuilder.XilinxGnuMakefileGenerator.generateMakefiles(XilinxGnuMakefileGenerator.java:40)
	at org.eclipse.cdt.managedbuilder.internal.core.CommonBuilder.performMakefileGeneration(CommonBuilder.java:1008)
	at org.eclipse.cdt.managedbuilder.internal.core.CommonBuilder.performPrebuildGeneration(CommonBuilder.java:873)
	at org.eclipse.cdt.managedbuilder.internal.core.CommonBuilder.build(CommonBuilder.java:748)
	at org.eclipse.cdt.managedbuilder.internal.core.CommonBuilder.build(CommonBuilder.java:510)
	at org.eclipse.cdt.managedbuilder.internal.core.CommonBuilder.build(CommonBuilder.java:459)
	at org.eclipse.core.internal.events.BuildManager$2.run(BuildManager.java:795)
	at org.eclipse.core.runtime.SafeRunner.run(SafeRunner.java:42)
	at org.eclipse.core.internal.events.BuildManager.basicBuild(BuildManager.java:216)
	at org.eclipse.core.internal.events.BuildManager.basicBuild(BuildManager.java:259)
	at org.eclipse.core.internal.events.BuildManager$1.run(BuildManager.java:312)
	at org.eclipse.core.runtime.SafeRunner.run(SafeRunner.java:42)
	at org.eclipse.core.internal.events.BuildManager.basicBuild(BuildManager.java:315)
	at org.eclipse.core.internal.events.BuildManager.basicBuildLoop(BuildManager.java:367)
	at org.eclipse.core.internal.events.BuildManager.build(BuildManager.java:388)
	at org.eclipse.core.internal.resources.Workspace.buildInternal(Workspace.java:501)
	at org.eclipse.core.internal.resources.Workspace.build(Workspace.java:408)
	at org.eclipse.ui.actions.BuildAction$1.runInWorkspace(BuildAction.java:288)
	at org.eclipse.core.internal.resources.InternalWorkspaceJob.run(InternalWorkspaceJob.java:39)
	at org.eclipse.core.internal.jobs.Worker.run(Worker.java:60)
20:09:15 INFO  : Connected to target on host '127.0.0.1' and port '3121'.
20:09:15 INFO  : Jtag cable 'Digilent Zed 210248525658' is selected.
20:09:15 INFO  : 'jtag frequency' command is executed.
20:09:15 INFO  : Context for 'APU' is selected.
20:09:15 INFO  : System reset is completed.
20:09:18 INFO  : 'after 3000' command is executed.
20:09:18 INFO  : 'targets -set -filter {jtag_cable_name =~ "Digilent Zed 210248525658" && level==0 && jtag_device_ctx=="jsn-Zed-210248525658-23727093-0"}' command is executed.
20:09:20 INFO  : FPGA configured successfully with bitstream "C:/Users/cihem/CPRE-488-Labs/Mp-0_New/Nes/NESEmulator/_ide/bitstream/design_1_wrapper.bit"
20:09:20 INFO  : Context for 'APU' is selected.
20:09:21 INFO  : Hardware design and registers information is loaded from 'C:/Users/cihem/CPRE-488-Labs/Mp-0_New/Nes/design_1_wrapper/export/design_1_wrapper/hw/design_1_wrapper.xsa'.
20:09:21 INFO  : 'configparams force-mem-access 1' command is executed.
20:09:21 INFO  : Context for 'APU' is selected.
20:09:21 INFO  : Sourcing of 'C:/Users/cihem/CPRE-488-Labs/Mp-0_New/Nes/NESEmulator/_ide/psinit/ps7_init.tcl' is done.
20:09:21 INFO  : 'ps7_init' command is executed.
20:09:21 INFO  : 'ps7_post_config' command is executed.
20:09:21 INFO  : Context for processor 'ps7_cortexa9_0' is selected.
20:09:22 INFO  : The application 'C:/Users/cihem/CPRE-488-Labs/Mp-0_New/Nes/NESEmulator/Debug/NESEmulator.elf' is downloaded to processor 'ps7_cortexa9_0'.
20:09:22 INFO  : 'configparams force-mem-access 0' command is executed.
20:09:22 INFO  : ----------------XSDB Script----------------
connect -url tcp:127.0.0.1:3121
targets -set -nocase -filter {name =~"APU*"}
rst -system
after 3000
targets -set -filter {jtag_cable_name =~ "Digilent Zed 210248525658" && level==0 && jtag_device_ctx=="jsn-Zed-210248525658-23727093-0"}
fpga -file C:/Users/cihem/CPRE-488-Labs/Mp-0_New/Nes/NESEmulator/_ide/bitstream/design_1_wrapper.bit
targets -set -nocase -filter {name =~"APU*"}
loadhw -hw C:/Users/cihem/CPRE-488-Labs/Mp-0_New/Nes/design_1_wrapper/export/design_1_wrapper/hw/design_1_wrapper.xsa -mem-ranges [list {0x40000000 0xbfffffff}] -regs
configparams force-mem-access 1
targets -set -nocase -filter {name =~"APU*"}
source C:/Users/cihem/CPRE-488-Labs/Mp-0_New/Nes/NESEmulator/_ide/psinit/ps7_init.tcl
ps7_init
ps7_post_config
targets -set -nocase -filter {name =~ "*A9*#0"}
dow C:/Users/cihem/CPRE-488-Labs/Mp-0_New/Nes/NESEmulator/Debug/NESEmulator.elf
configparams force-mem-access 0
----------------End of Script----------------

20:09:22 INFO  : Context for processor 'ps7_cortexa9_0' is selected.
20:09:22 INFO  : 'con' command is executed.
20:09:22 INFO  : ----------------XSDB Script (After Launch)----------------
targets -set -nocase -filter {name =~ "*A9*#0"}
con
----------------End of Script----------------

20:09:22 INFO  : Launch script is exported to file 'C:\Users\cihem\CPRE-488-Labs\Mp-0_New\Nes\.sdk\launch_scripts\single_application_debug\debugger_nesemulator-default.tcl'
20:11:05 INFO  : Disconnected from the channel tcfchan#23.
20:11:06 INFO  : Checking for BSP changes to sync application flags for project 'NESEmulator'...
20:11:06 INFO  : Updating application flags with new BSP settings...
20:11:06 ERROR : Failed to update application flags from BSP for 'NESEmulator'. Reason: null
java.lang.NullPointerException
	at com.xilinx.sdk.sw.internal.SwDb.getComponentAppCompilerFlags(SwDb.java:762)
	at com.xilinx.sdx.sw.internal.SDxSwPlatform.getSwPlatformCompilerFlags(SDxSwPlatform.java:1155)
	at com.xilinx.sdx.sdk.core.build.AppSwBuildOptionsHelper.inferSwPlatformFlags(AppSwBuildOptionsHelper.java:54)
	at com.xilinx.sdx.sdk.core.build.AppSwBuildOptionsHelper.updateBuildOptions(AppSwBuildOptionsHelper.java:46)
	at com.xilinx.sdx.sdk.core.build.SdkMakefileGenerationListener.updateSwBuildOptions(SdkMakefileGenerationListener.java:215)
	at com.xilinx.sdx.sdk.core.build.SdkMakefileGenerationListener.syncAppFlags(SdkMakefileGenerationListener.java:99)
	at com.xilinx.sdx.sdk.core.build.SdkMakefileGenerationListener.preMakefileGeneration(SdkMakefileGenerationListener.java:48)
	at com.xilinx.sdk.managedbuilder.XilinxGnuMakefileGenerator.notifyPreMakefileGenerationListeners(XilinxGnuMakefileGenerator.java:91)
	at com.xilinx.sdk.managedbuilder.XilinxGnuMakefileGenerator.generateMakefiles(XilinxGnuMakefileGenerator.java:40)
	at org.eclipse.cdt.managedbuilder.internal.core.CommonBuilder.performMakefileGeneration(CommonBuilder.java:1008)
	at org.eclipse.cdt.managedbuilder.internal.core.CommonBuilder.performPrebuildGeneration(CommonBuilder.java:873)
	at org.eclipse.cdt.managedbuilder.internal.core.CommonBuilder.build(CommonBuilder.java:748)
	at org.eclipse.cdt.managedbuilder.internal.core.CommonBuilder.build(CommonBuilder.java:510)
	at org.eclipse.cdt.managedbuilder.internal.core.CommonBuilder.build(CommonBuilder.java:459)
	at org.eclipse.core.internal.events.BuildManager$2.run(BuildManager.java:795)
	at org.eclipse.core.runtime.SafeRunner.run(SafeRunner.java:42)
	at org.eclipse.core.internal.events.BuildManager.basicBuild(BuildManager.java:216)
	at org.eclipse.core.internal.events.BuildManager.basicBuild(BuildManager.java:259)
	at org.eclipse.core.internal.events.BuildManager$1.run(BuildManager.java:312)
	at org.eclipse.core.runtime.SafeRunner.run(SafeRunner.java:42)
	at org.eclipse.core.internal.events.BuildManager.basicBuild(BuildManager.java:315)
	at org.eclipse.core.internal.events.BuildManager.basicBuildLoop(BuildManager.java:367)
	at org.eclipse.core.internal.events.BuildManager.build(BuildManager.java:388)
	at org.eclipse.core.internal.resources.Workspace.buildInternal(Workspace.java:501)
	at org.eclipse.core.internal.resources.Workspace.build(Workspace.java:408)
	at org.eclipse.ui.actions.BuildAction$1.runInWorkspace(BuildAction.java:288)
	at org.eclipse.core.internal.resources.InternalWorkspaceJob.run(InternalWorkspaceJob.java:39)
	at org.eclipse.core.internal.jobs.Worker.run(Worker.java:60)
20:11:09 INFO  : Connected to target on host '127.0.0.1' and port '3121'.
20:11:09 INFO  : Jtag cable 'Digilent Zed 210248525658' is selected.
20:11:09 INFO  : 'jtag frequency' command is executed.
20:11:09 INFO  : Context for 'APU' is selected.
20:11:09 INFO  : System reset is completed.
20:11:12 INFO  : 'after 3000' command is executed.
20:11:12 INFO  : 'targets -set -filter {jtag_cable_name =~ "Digilent Zed 210248525658" && level==0 && jtag_device_ctx=="jsn-Zed-210248525658-23727093-0"}' command is executed.
20:11:15 INFO  : FPGA configured successfully with bitstream "C:/Users/cihem/CPRE-488-Labs/Mp-0_New/Nes/NESEmulator/_ide/bitstream/design_1_wrapper.bit"
20:11:15 INFO  : Context for 'APU' is selected.
20:11:15 INFO  : Hardware design and registers information is loaded from 'C:/Users/cihem/CPRE-488-Labs/Mp-0_New/Nes/design_1_wrapper/export/design_1_wrapper/hw/design_1_wrapper.xsa'.
20:11:15 INFO  : 'configparams force-mem-access 1' command is executed.
20:11:15 INFO  : Context for 'APU' is selected.
20:11:15 INFO  : Sourcing of 'C:/Users/cihem/CPRE-488-Labs/Mp-0_New/Nes/NESEmulator/_ide/psinit/ps7_init.tcl' is done.
20:11:15 INFO  : 'ps7_init' command is executed.
20:11:15 INFO  : 'ps7_post_config' command is executed.
20:11:15 INFO  : Context for processor 'ps7_cortexa9_0' is selected.
20:11:16 INFO  : The application 'C:/Users/cihem/CPRE-488-Labs/Mp-0_New/Nes/NESEmulator/Debug/NESEmulator.elf' is downloaded to processor 'ps7_cortexa9_0'.
20:11:16 INFO  : 'configparams force-mem-access 0' command is executed.
20:11:16 INFO  : ----------------XSDB Script----------------
connect -url tcp:127.0.0.1:3121
targets -set -nocase -filter {name =~"APU*"}
rst -system
after 3000
targets -set -filter {jtag_cable_name =~ "Digilent Zed 210248525658" && level==0 && jtag_device_ctx=="jsn-Zed-210248525658-23727093-0"}
fpga -file C:/Users/cihem/CPRE-488-Labs/Mp-0_New/Nes/NESEmulator/_ide/bitstream/design_1_wrapper.bit
targets -set -nocase -filter {name =~"APU*"}
loadhw -hw C:/Users/cihem/CPRE-488-Labs/Mp-0_New/Nes/design_1_wrapper/export/design_1_wrapper/hw/design_1_wrapper.xsa -mem-ranges [list {0x40000000 0xbfffffff}] -regs
configparams force-mem-access 1
targets -set -nocase -filter {name =~"APU*"}
source C:/Users/cihem/CPRE-488-Labs/Mp-0_New/Nes/NESEmulator/_ide/psinit/ps7_init.tcl
ps7_init
ps7_post_config
targets -set -nocase -filter {name =~ "*A9*#0"}
dow C:/Users/cihem/CPRE-488-Labs/Mp-0_New/Nes/NESEmulator/Debug/NESEmulator.elf
configparams force-mem-access 0
----------------End of Script----------------

20:11:16 INFO  : Context for processor 'ps7_cortexa9_0' is selected.
20:11:16 INFO  : 'con' command is executed.
20:11:16 INFO  : ----------------XSDB Script (After Launch)----------------
targets -set -nocase -filter {name =~ "*A9*#0"}
con
----------------End of Script----------------

20:11:16 INFO  : Launch script is exported to file 'C:\Users\cihem\CPRE-488-Labs\Mp-0_New\Nes\.sdk\launch_scripts\single_application_debug\debugger_nesemulator-default.tcl'
20:17:00 INFO  : Disconnected from the channel tcfchan#24.
20:17:01 INFO  : Checking for BSP changes to sync application flags for project 'NESEmulator'...
20:17:01 INFO  : Updating application flags with new BSP settings...
20:17:01 ERROR : Failed to update application flags from BSP for 'NESEmulator'. Reason: null
java.lang.NullPointerException
	at com.xilinx.sdk.sw.internal.SwDb.getComponentAppCompilerFlags(SwDb.java:762)
	at com.xilinx.sdx.sw.internal.SDxSwPlatform.getSwPlatformCompilerFlags(SDxSwPlatform.java:1155)
	at com.xilinx.sdx.sdk.core.build.AppSwBuildOptionsHelper.inferSwPlatformFlags(AppSwBuildOptionsHelper.java:54)
	at com.xilinx.sdx.sdk.core.build.AppSwBuildOptionsHelper.updateBuildOptions(AppSwBuildOptionsHelper.java:46)
	at com.xilinx.sdx.sdk.core.build.SdkMakefileGenerationListener.updateSwBuildOptions(SdkMakefileGenerationListener.java:215)
	at com.xilinx.sdx.sdk.core.build.SdkMakefileGenerationListener.syncAppFlags(SdkMakefileGenerationListener.java:99)
	at com.xilinx.sdx.sdk.core.build.SdkMakefileGenerationListener.preMakefileGeneration(SdkMakefileGenerationListener.java:48)
	at com.xilinx.sdk.managedbuilder.XilinxGnuMakefileGenerator.notifyPreMakefileGenerationListeners(XilinxGnuMakefileGenerator.java:91)
	at com.xilinx.sdk.managedbuilder.XilinxGnuMakefileGenerator.generateMakefiles(XilinxGnuMakefileGenerator.java:40)
	at org.eclipse.cdt.managedbuilder.internal.core.CommonBuilder.performMakefileGeneration(CommonBuilder.java:1008)
	at org.eclipse.cdt.managedbuilder.internal.core.CommonBuilder.performPrebuildGeneration(CommonBuilder.java:873)
	at org.eclipse.cdt.managedbuilder.internal.core.CommonBuilder.build(CommonBuilder.java:748)
	at org.eclipse.cdt.managedbuilder.internal.core.CommonBuilder.build(CommonBuilder.java:510)
	at org.eclipse.cdt.managedbuilder.internal.core.CommonBuilder.build(CommonBuilder.java:459)
	at org.eclipse.core.internal.events.BuildManager$2.run(BuildManager.java:795)
	at org.eclipse.core.runtime.SafeRunner.run(SafeRunner.java:42)
	at org.eclipse.core.internal.events.BuildManager.basicBuild(BuildManager.java:216)
	at org.eclipse.core.internal.events.BuildManager.basicBuild(BuildManager.java:259)
	at org.eclipse.core.internal.events.BuildManager$1.run(BuildManager.java:312)
	at org.eclipse.core.runtime.SafeRunner.run(SafeRunner.java:42)
	at org.eclipse.core.internal.events.BuildManager.basicBuild(BuildManager.java:315)
	at org.eclipse.core.internal.events.BuildManager.basicBuildLoop(BuildManager.java:367)
	at org.eclipse.core.internal.events.BuildManager.build(BuildManager.java:388)
	at org.eclipse.core.internal.resources.Workspace.buildInternal(Workspace.java:501)
	at org.eclipse.core.internal.resources.Workspace.build(Workspace.java:408)
	at org.eclipse.ui.actions.BuildAction$1.runInWorkspace(BuildAction.java:288)
	at org.eclipse.core.internal.resources.InternalWorkspaceJob.run(InternalWorkspaceJob.java:39)
	at org.eclipse.core.internal.jobs.Worker.run(Worker.java:60)
20:17:10 INFO  : Checking for BSP changes to sync application flags for project 'NESEmulator'...
20:17:10 INFO  : Updating application flags with new BSP settings...
20:17:10 ERROR : Failed to update application flags from BSP for 'NESEmulator'. Reason: null
java.lang.NullPointerException
	at com.xilinx.sdk.sw.internal.SwDb.getComponentAppCompilerFlags(SwDb.java:762)
	at com.xilinx.sdx.sw.internal.SDxSwPlatform.getSwPlatformCompilerFlags(SDxSwPlatform.java:1155)
	at com.xilinx.sdx.sdk.core.build.AppSwBuildOptionsHelper.inferSwPlatformFlags(AppSwBuildOptionsHelper.java:54)
	at com.xilinx.sdx.sdk.core.build.AppSwBuildOptionsHelper.updateBuildOptions(AppSwBuildOptionsHelper.java:46)
	at com.xilinx.sdx.sdk.core.build.SdkMakefileGenerationListener.updateSwBuildOptions(SdkMakefileGenerationListener.java:215)
	at com.xilinx.sdx.sdk.core.build.SdkMakefileGenerationListener.syncAppFlags(SdkMakefileGenerationListener.java:99)
	at com.xilinx.sdx.sdk.core.build.SdkMakefileGenerationListener.preMakefileGeneration(SdkMakefileGenerationListener.java:48)
	at com.xilinx.sdk.managedbuilder.XilinxGnuMakefileGenerator.notifyPreMakefileGenerationListeners(XilinxGnuMakefileGenerator.java:91)
	at com.xilinx.sdk.managedbuilder.XilinxGnuMakefileGenerator.generateMakefiles(XilinxGnuMakefileGenerator.java:40)
	at org.eclipse.cdt.managedbuilder.internal.core.CommonBuilder.performMakefileGeneration(CommonBuilder.java:1008)
	at org.eclipse.cdt.managedbuilder.internal.core.CommonBuilder.performPrebuildGeneration(CommonBuilder.java:873)
	at org.eclipse.cdt.managedbuilder.internal.core.CommonBuilder.build(CommonBuilder.java:748)
	at org.eclipse.cdt.managedbuilder.internal.core.CommonBuilder.build(CommonBuilder.java:510)
	at org.eclipse.cdt.managedbuilder.internal.core.CommonBuilder.build(CommonBuilder.java:459)
	at org.eclipse.core.internal.events.BuildManager$2.run(BuildManager.java:795)
	at org.eclipse.core.runtime.SafeRunner.run(SafeRunner.java:42)
	at org.eclipse.core.internal.events.BuildManager.basicBuild(BuildManager.java:216)
	at org.eclipse.core.internal.events.BuildManager.basicBuild(BuildManager.java:259)
	at org.eclipse.core.internal.events.BuildManager$1.run(BuildManager.java:312)
	at org.eclipse.core.runtime.SafeRunner.run(SafeRunner.java:42)
	at org.eclipse.core.internal.events.BuildManager.basicBuild(BuildManager.java:315)
	at org.eclipse.core.internal.events.BuildManager.basicBuildLoop(BuildManager.java:367)
	at org.eclipse.core.internal.events.BuildManager.build(BuildManager.java:388)
	at org.eclipse.core.internal.resources.Workspace.buildInternal(Workspace.java:501)
	at org.eclipse.core.internal.resources.Workspace.build(Workspace.java:408)
	at org.eclipse.ui.actions.BuildAction$1.runInWorkspace(BuildAction.java:288)
	at org.eclipse.core.internal.resources.InternalWorkspaceJob.run(InternalWorkspaceJob.java:39)
	at org.eclipse.core.internal.jobs.Worker.run(Worker.java:60)
20:17:42 INFO  : Checking for BSP changes to sync application flags for project 'NESEmulator'...
20:17:42 INFO  : Updating application flags with new BSP settings...
20:17:42 ERROR : Failed to update application flags from BSP for 'NESEmulator'. Reason: null
java.lang.NullPointerException
	at com.xilinx.sdk.sw.internal.SwDb.getComponentAppCompilerFlags(SwDb.java:762)
	at com.xilinx.sdx.sw.internal.SDxSwPlatform.getSwPlatformCompilerFlags(SDxSwPlatform.java:1155)
	at com.xilinx.sdx.sdk.core.build.AppSwBuildOptionsHelper.inferSwPlatformFlags(AppSwBuildOptionsHelper.java:54)
	at com.xilinx.sdx.sdk.core.build.AppSwBuildOptionsHelper.updateBuildOptions(AppSwBuildOptionsHelper.java:46)
	at com.xilinx.sdx.sdk.core.build.SdkMakefileGenerationListener.updateSwBuildOptions(SdkMakefileGenerationListener.java:215)
	at com.xilinx.sdx.sdk.core.build.SdkMakefileGenerationListener.syncAppFlags(SdkMakefileGenerationListener.java:99)
	at com.xilinx.sdx.sdk.core.build.SdkMakefileGenerationListener.preMakefileGeneration(SdkMakefileGenerationListener.java:48)
	at com.xilinx.sdk.managedbuilder.XilinxGnuMakefileGenerator.notifyPreMakefileGenerationListeners(XilinxGnuMakefileGenerator.java:91)
	at com.xilinx.sdk.managedbuilder.XilinxGnuMakefileGenerator.generateMakefiles(XilinxGnuMakefileGenerator.java:40)
	at org.eclipse.cdt.managedbuilder.internal.core.CommonBuilder.performMakefileGeneration(CommonBuilder.java:1008)
	at org.eclipse.cdt.managedbuilder.internal.core.CommonBuilder.performPrebuildGeneration(CommonBuilder.java:873)
	at org.eclipse.cdt.managedbuilder.internal.core.CommonBuilder.build(CommonBuilder.java:748)
	at org.eclipse.cdt.managedbuilder.internal.core.CommonBuilder.build(CommonBuilder.java:510)
	at org.eclipse.cdt.managedbuilder.internal.core.CommonBuilder.build(CommonBuilder.java:459)
	at org.eclipse.core.internal.events.BuildManager$2.run(BuildManager.java:795)
	at org.eclipse.core.runtime.SafeRunner.run(SafeRunner.java:42)
	at org.eclipse.core.internal.events.BuildManager.basicBuild(BuildManager.java:216)
	at org.eclipse.core.internal.events.BuildManager.basicBuild(BuildManager.java:259)
	at org.eclipse.core.internal.events.BuildManager$1.run(BuildManager.java:312)
	at org.eclipse.core.runtime.SafeRunner.run(SafeRunner.java:42)
	at org.eclipse.core.internal.events.BuildManager.basicBuild(BuildManager.java:315)
	at org.eclipse.core.internal.events.BuildManager.basicBuildLoop(BuildManager.java:367)
	at org.eclipse.core.internal.events.BuildManager.build(BuildManager.java:388)
	at org.eclipse.core.internal.resources.Workspace.buildInternal(Workspace.java:501)
	at org.eclipse.core.internal.resources.Workspace.build(Workspace.java:408)
	at org.eclipse.ui.actions.BuildAction$1.runInWorkspace(BuildAction.java:288)
	at org.eclipse.core.internal.resources.InternalWorkspaceJob.run(InternalWorkspaceJob.java:39)
	at org.eclipse.core.internal.jobs.Worker.run(Worker.java:60)
20:18:28 INFO  : Checking for BSP changes to sync application flags for project 'NESEmulator'...
20:18:28 INFO  : Updating application flags with new BSP settings...
20:18:28 ERROR : Failed to update application flags from BSP for 'NESEmulator'. Reason: null
java.lang.NullPointerException
	at com.xilinx.sdk.sw.internal.SwDb.getComponentAppCompilerFlags(SwDb.java:762)
	at com.xilinx.sdx.sw.internal.SDxSwPlatform.getSwPlatformCompilerFlags(SDxSwPlatform.java:1155)
	at com.xilinx.sdx.sdk.core.build.AppSwBuildOptionsHelper.inferSwPlatformFlags(AppSwBuildOptionsHelper.java:54)
	at com.xilinx.sdx.sdk.core.build.AppSwBuildOptionsHelper.updateBuildOptions(AppSwBuildOptionsHelper.java:46)
	at com.xilinx.sdx.sdk.core.build.SdkMakefileGenerationListener.updateSwBuildOptions(SdkMakefileGenerationListener.java:215)
	at com.xilinx.sdx.sdk.core.build.SdkMakefileGenerationListener.syncAppFlags(SdkMakefileGenerationListener.java:99)
	at com.xilinx.sdx.sdk.core.build.SdkMakefileGenerationListener.preMakefileGeneration(SdkMakefileGenerationListener.java:48)
	at com.xilinx.sdk.managedbuilder.XilinxGnuMakefileGenerator.notifyPreMakefileGenerationListeners(XilinxGnuMakefileGenerator.java:91)
	at com.xilinx.sdk.managedbuilder.XilinxGnuMakefileGenerator.generateMakefiles(XilinxGnuMakefileGenerator.java:40)
	at org.eclipse.cdt.managedbuilder.internal.core.CommonBuilder.performMakefileGeneration(CommonBuilder.java:1008)
	at org.eclipse.cdt.managedbuilder.internal.core.CommonBuilder.performPrebuildGeneration(CommonBuilder.java:873)
	at org.eclipse.cdt.managedbuilder.internal.core.CommonBuilder.build(CommonBuilder.java:748)
	at org.eclipse.cdt.managedbuilder.internal.core.CommonBuilder.build(CommonBuilder.java:510)
	at org.eclipse.cdt.managedbuilder.internal.core.CommonBuilder.build(CommonBuilder.java:459)
	at org.eclipse.core.internal.events.BuildManager$2.run(BuildManager.java:795)
	at org.eclipse.core.runtime.SafeRunner.run(SafeRunner.java:42)
	at org.eclipse.core.internal.events.BuildManager.basicBuild(BuildManager.java:216)
	at org.eclipse.core.internal.events.BuildManager.basicBuild(BuildManager.java:259)
	at org.eclipse.core.internal.events.BuildManager$1.run(BuildManager.java:312)
	at org.eclipse.core.runtime.SafeRunner.run(SafeRunner.java:42)
	at org.eclipse.core.internal.events.BuildManager.basicBuild(BuildManager.java:315)
	at org.eclipse.core.internal.events.BuildManager.basicBuildLoop(BuildManager.java:367)
	at org.eclipse.core.internal.events.BuildManager.build(BuildManager.java:388)
	at org.eclipse.core.internal.resources.Workspace.buildInternal(Workspace.java:501)
	at org.eclipse.core.internal.resources.Workspace.build(Workspace.java:408)
	at org.eclipse.ui.actions.BuildAction$1.runInWorkspace(BuildAction.java:288)
	at org.eclipse.core.internal.resources.InternalWorkspaceJob.run(InternalWorkspaceJob.java:39)
	at org.eclipse.core.internal.jobs.Worker.run(Worker.java:60)
20:18:49 INFO  : Checking for BSP changes to sync application flags for project 'NESEmulator'...
20:18:49 INFO  : Updating application flags with new BSP settings...
20:18:49 ERROR : Failed to update application flags from BSP for 'NESEmulator'. Reason: null
java.lang.NullPointerException
	at com.xilinx.sdk.sw.internal.SwDb.getComponentAppCompilerFlags(SwDb.java:762)
	at com.xilinx.sdx.sw.internal.SDxSwPlatform.getSwPlatformCompilerFlags(SDxSwPlatform.java:1155)
	at com.xilinx.sdx.sdk.core.build.AppSwBuildOptionsHelper.inferSwPlatformFlags(AppSwBuildOptionsHelper.java:54)
	at com.xilinx.sdx.sdk.core.build.AppSwBuildOptionsHelper.updateBuildOptions(AppSwBuildOptionsHelper.java:46)
	at com.xilinx.sdx.sdk.core.build.SdkMakefileGenerationListener.updateSwBuildOptions(SdkMakefileGenerationListener.java:215)
	at com.xilinx.sdx.sdk.core.build.SdkMakefileGenerationListener.syncAppFlags(SdkMakefileGenerationListener.java:99)
	at com.xilinx.sdx.sdk.core.build.SdkMakefileGenerationListener.preMakefileGeneration(SdkMakefileGenerationListener.java:48)
	at com.xilinx.sdk.managedbuilder.XilinxGnuMakefileGenerator.notifyPreMakefileGenerationListeners(XilinxGnuMakefileGenerator.java:91)
	at com.xilinx.sdk.managedbuilder.XilinxGnuMakefileGenerator.generateMakefiles(XilinxGnuMakefileGenerator.java:40)
	at org.eclipse.cdt.managedbuilder.internal.core.CommonBuilder.performMakefileGeneration(CommonBuilder.java:1008)
	at org.eclipse.cdt.managedbuilder.internal.core.CommonBuilder.performPrebuildGeneration(CommonBuilder.java:873)
	at org.eclipse.cdt.managedbuilder.internal.core.CommonBuilder.build(CommonBuilder.java:748)
	at org.eclipse.cdt.managedbuilder.internal.core.CommonBuilder.build(CommonBuilder.java:510)
	at org.eclipse.cdt.managedbuilder.internal.core.CommonBuilder.build(CommonBuilder.java:459)
	at org.eclipse.core.internal.events.BuildManager$2.run(BuildManager.java:795)
	at org.eclipse.core.runtime.SafeRunner.run(SafeRunner.java:42)
	at org.eclipse.core.internal.events.BuildManager.basicBuild(BuildManager.java:216)
	at org.eclipse.core.internal.events.BuildManager.basicBuild(BuildManager.java:259)
	at org.eclipse.core.internal.events.BuildManager$1.run(BuildManager.java:312)
	at org.eclipse.core.runtime.SafeRunner.run(SafeRunner.java:42)
	at org.eclipse.core.internal.events.BuildManager.basicBuild(BuildManager.java:315)
	at org.eclipse.core.internal.events.BuildManager.basicBuildLoop(BuildManager.java:367)
	at org.eclipse.core.internal.events.BuildManager.build(BuildManager.java:388)
	at org.eclipse.core.internal.resources.Workspace.buildInternal(Workspace.java:501)
	at org.eclipse.core.internal.resources.Workspace.build(Workspace.java:408)
	at org.eclipse.ui.actions.BuildAction$1.runInWorkspace(BuildAction.java:288)
	at org.eclipse.core.internal.resources.InternalWorkspaceJob.run(InternalWorkspaceJob.java:39)
	at org.eclipse.core.internal.jobs.Worker.run(Worker.java:60)
20:19:03 INFO  : Checking for BSP changes to sync application flags for project 'NESEmulator'...
20:19:03 INFO  : Updating application flags with new BSP settings...
20:19:03 ERROR : Failed to update application flags from BSP for 'NESEmulator'. Reason: null
java.lang.NullPointerException
	at com.xilinx.sdk.sw.internal.SwDb.getComponentAppCompilerFlags(SwDb.java:762)
	at com.xilinx.sdx.sw.internal.SDxSwPlatform.getSwPlatformCompilerFlags(SDxSwPlatform.java:1155)
	at com.xilinx.sdx.sdk.core.build.AppSwBuildOptionsHelper.inferSwPlatformFlags(AppSwBuildOptionsHelper.java:54)
	at com.xilinx.sdx.sdk.core.build.AppSwBuildOptionsHelper.updateBuildOptions(AppSwBuildOptionsHelper.java:46)
	at com.xilinx.sdx.sdk.core.build.SdkMakefileGenerationListener.updateSwBuildOptions(SdkMakefileGenerationListener.java:215)
	at com.xilinx.sdx.sdk.core.build.SdkMakefileGenerationListener.syncAppFlags(SdkMakefileGenerationListener.java:99)
	at com.xilinx.sdx.sdk.core.build.SdkMakefileGenerationListener.preMakefileGeneration(SdkMakefileGenerationListener.java:48)
	at com.xilinx.sdk.managedbuilder.XilinxGnuMakefileGenerator.notifyPreMakefileGenerationListeners(XilinxGnuMakefileGenerator.java:91)
	at com.xilinx.sdk.managedbuilder.XilinxGnuMakefileGenerator.generateMakefiles(XilinxGnuMakefileGenerator.java:40)
	at org.eclipse.cdt.managedbuilder.internal.core.CommonBuilder.performMakefileGeneration(CommonBuilder.java:1008)
	at org.eclipse.cdt.managedbuilder.internal.core.CommonBuilder.performPrebuildGeneration(CommonBuilder.java:873)
	at org.eclipse.cdt.managedbuilder.internal.core.CommonBuilder.build(CommonBuilder.java:748)
	at org.eclipse.cdt.managedbuilder.internal.core.CommonBuilder.build(CommonBuilder.java:510)
	at org.eclipse.cdt.managedbuilder.internal.core.CommonBuilder.build(CommonBuilder.java:459)
	at org.eclipse.core.internal.events.BuildManager$2.run(BuildManager.java:795)
	at org.eclipse.core.runtime.SafeRunner.run(SafeRunner.java:42)
	at org.eclipse.core.internal.events.BuildManager.basicBuild(BuildManager.java:216)
	at org.eclipse.core.internal.events.BuildManager.basicBuild(BuildManager.java:259)
	at org.eclipse.core.internal.events.BuildManager$1.run(BuildManager.java:312)
	at org.eclipse.core.runtime.SafeRunner.run(SafeRunner.java:42)
	at org.eclipse.core.internal.events.BuildManager.basicBuild(BuildManager.java:315)
	at org.eclipse.core.internal.events.BuildManager.basicBuildLoop(BuildManager.java:367)
	at org.eclipse.core.internal.events.BuildManager.build(BuildManager.java:388)
	at org.eclipse.core.internal.resources.Workspace.buildInternal(Workspace.java:501)
	at org.eclipse.core.internal.resources.Workspace.build(Workspace.java:408)
	at org.eclipse.ui.actions.BuildAction$1.runInWorkspace(BuildAction.java:288)
	at org.eclipse.core.internal.resources.InternalWorkspaceJob.run(InternalWorkspaceJob.java:39)
	at org.eclipse.core.internal.jobs.Worker.run(Worker.java:60)
20:19:14 INFO  : Checking for BSP changes to sync application flags for project 'NESEmulator'...
20:19:14 INFO  : Updating application flags with new BSP settings...
20:19:14 ERROR : Failed to update application flags from BSP for 'NESEmulator'. Reason: null
java.lang.NullPointerException
	at com.xilinx.sdk.sw.internal.SwDb.getComponentAppCompilerFlags(SwDb.java:762)
	at com.xilinx.sdx.sw.internal.SDxSwPlatform.getSwPlatformCompilerFlags(SDxSwPlatform.java:1155)
	at com.xilinx.sdx.sdk.core.build.AppSwBuildOptionsHelper.inferSwPlatformFlags(AppSwBuildOptionsHelper.java:54)
	at com.xilinx.sdx.sdk.core.build.AppSwBuildOptionsHelper.updateBuildOptions(AppSwBuildOptionsHelper.java:46)
	at com.xilinx.sdx.sdk.core.build.SdkMakefileGenerationListener.updateSwBuildOptions(SdkMakefileGenerationListener.java:215)
	at com.xilinx.sdx.sdk.core.build.SdkMakefileGenerationListener.syncAppFlags(SdkMakefileGenerationListener.java:99)
	at com.xilinx.sdx.sdk.core.build.SdkMakefileGenerationListener.preMakefileGeneration(SdkMakefileGenerationListener.java:48)
	at com.xilinx.sdk.managedbuilder.XilinxGnuMakefileGenerator.notifyPreMakefileGenerationListeners(XilinxGnuMakefileGenerator.java:91)
	at com.xilinx.sdk.managedbuilder.XilinxGnuMakefileGenerator.generateMakefiles(XilinxGnuMakefileGenerator.java:40)
	at org.eclipse.cdt.managedbuilder.internal.core.CommonBuilder.performMakefileGeneration(CommonBuilder.java:1008)
	at org.eclipse.cdt.managedbuilder.internal.core.CommonBuilder.performPrebuildGeneration(CommonBuilder.java:873)
	at org.eclipse.cdt.managedbuilder.internal.core.CommonBuilder.build(CommonBuilder.java:748)
	at org.eclipse.cdt.managedbuilder.internal.core.CommonBuilder.build(CommonBuilder.java:510)
	at org.eclipse.cdt.managedbuilder.internal.core.CommonBuilder.build(CommonBuilder.java:459)
	at org.eclipse.core.internal.events.BuildManager$2.run(BuildManager.java:795)
	at org.eclipse.core.runtime.SafeRunner.run(SafeRunner.java:42)
	at org.eclipse.core.internal.events.BuildManager.basicBuild(BuildManager.java:216)
	at org.eclipse.core.internal.events.BuildManager.basicBuild(BuildManager.java:259)
	at org.eclipse.core.internal.events.BuildManager$1.run(BuildManager.java:312)
	at org.eclipse.core.runtime.SafeRunner.run(SafeRunner.java:42)
	at org.eclipse.core.internal.events.BuildManager.basicBuild(BuildManager.java:315)
	at org.eclipse.core.internal.events.BuildManager.basicBuildLoop(BuildManager.java:367)
	at org.eclipse.core.internal.events.BuildManager.build(BuildManager.java:388)
	at org.eclipse.core.internal.resources.Workspace.buildInternal(Workspace.java:501)
	at org.eclipse.core.internal.resources.Workspace.build(Workspace.java:408)
	at org.eclipse.ui.actions.BuildAction$1.runInWorkspace(BuildAction.java:288)
	at org.eclipse.core.internal.resources.InternalWorkspaceJob.run(InternalWorkspaceJob.java:39)
	at org.eclipse.core.internal.jobs.Worker.run(Worker.java:60)
20:19:18 INFO  : Connected to target on host '127.0.0.1' and port '3121'.
20:19:18 INFO  : Jtag cable 'Digilent Zed 210248525658' is selected.
20:19:18 INFO  : 'jtag frequency' command is executed.
20:19:18 INFO  : Context for 'APU' is selected.
20:19:19 INFO  : System reset is completed.
20:19:22 INFO  : 'after 3000' command is executed.
20:19:22 INFO  : 'targets -set -filter {jtag_cable_name =~ "Digilent Zed 210248525658" && level==0 && jtag_device_ctx=="jsn-Zed-210248525658-23727093-0"}' command is executed.
20:19:24 INFO  : FPGA configured successfully with bitstream "C:/Users/cihem/CPRE-488-Labs/Mp-0_New/Nes/NESEmulator/_ide/bitstream/design_1_wrapper.bit"
20:19:24 INFO  : Context for 'APU' is selected.
20:19:24 INFO  : Hardware design and registers information is loaded from 'C:/Users/cihem/CPRE-488-Labs/Mp-0_New/Nes/design_1_wrapper/export/design_1_wrapper/hw/design_1_wrapper.xsa'.
20:19:24 INFO  : 'configparams force-mem-access 1' command is executed.
20:19:24 INFO  : Context for 'APU' is selected.
20:19:24 INFO  : Sourcing of 'C:/Users/cihem/CPRE-488-Labs/Mp-0_New/Nes/NESEmulator/_ide/psinit/ps7_init.tcl' is done.
20:19:24 INFO  : 'ps7_init' command is executed.
20:19:24 INFO  : 'ps7_post_config' command is executed.
20:19:24 INFO  : Context for processor 'ps7_cortexa9_0' is selected.
20:19:25 INFO  : The application 'C:/Users/cihem/CPRE-488-Labs/Mp-0_New/Nes/NESEmulator/Debug/NESEmulator.elf' is downloaded to processor 'ps7_cortexa9_0'.
20:19:25 INFO  : 'configparams force-mem-access 0' command is executed.
20:19:25 INFO  : ----------------XSDB Script----------------
connect -url tcp:127.0.0.1:3121
targets -set -nocase -filter {name =~"APU*"}
rst -system
after 3000
targets -set -filter {jtag_cable_name =~ "Digilent Zed 210248525658" && level==0 && jtag_device_ctx=="jsn-Zed-210248525658-23727093-0"}
fpga -file C:/Users/cihem/CPRE-488-Labs/Mp-0_New/Nes/NESEmulator/_ide/bitstream/design_1_wrapper.bit
targets -set -nocase -filter {name =~"APU*"}
loadhw -hw C:/Users/cihem/CPRE-488-Labs/Mp-0_New/Nes/design_1_wrapper/export/design_1_wrapper/hw/design_1_wrapper.xsa -mem-ranges [list {0x40000000 0xbfffffff}] -regs
configparams force-mem-access 1
targets -set -nocase -filter {name =~"APU*"}
source C:/Users/cihem/CPRE-488-Labs/Mp-0_New/Nes/NESEmulator/_ide/psinit/ps7_init.tcl
ps7_init
ps7_post_config
targets -set -nocase -filter {name =~ "*A9*#0"}
dow C:/Users/cihem/CPRE-488-Labs/Mp-0_New/Nes/NESEmulator/Debug/NESEmulator.elf
configparams force-mem-access 0
----------------End of Script----------------

20:19:25 INFO  : Context for processor 'ps7_cortexa9_0' is selected.
20:19:25 INFO  : 'con' command is executed.
20:19:25 INFO  : ----------------XSDB Script (After Launch)----------------
targets -set -nocase -filter {name =~ "*A9*#0"}
con
----------------End of Script----------------

20:19:25 INFO  : Launch script is exported to file 'C:\Users\cihem\CPRE-488-Labs\Mp-0_New\Nes\.sdk\launch_scripts\single_application_debug\debugger_nesemulator-default.tcl'
20:20:35 INFO  : Disconnected from the channel tcfchan#25.
