TRACE::2026-02-05.17:45:32::SCWPlatform::Trying to open the hw design at C:/Users/cihem/CPRE-488-Labs/Mp-0_New/Nes/design_1_wrapper/hw/design_1_wrapper.xsa
TRACE::2026-02-05.17:45:32::SCWPlatform::DSA given C:/Users/cihem/CPRE-488-Labs/Mp-0_New/Nes/design_1_wrapper/hw/design_1_wrapper.xsa
TRACE::2026-02-05.17:45:32::SCWPlatform::DSA absoulate path C:/Users/cihem/CPRE-488-Labs/Mp-0_New/Nes/design_1_wrapper/hw/design_1_wrapper.xsa
TRACE::2026-02-05.17:45:33::SCWPlatform::DSA directory C:/Users/cihem/CPRE-488-Labs/Mp-0_New/Nes/design_1_wrapper/hw
TRACE::2026-02-05.17:45:33::SCWPlatform:: Platform Path C:/Users/cihem/CPRE-488-Labs/Mp-0_New/Nes/design_1_wrapper/hw/design_1_wrapper.xsa
TRACE::2026-02-05.17:45:33::SCWPlatform:: Unique name xilinx:zed::0.0
TRACE::2026-02-05.17:45:33::SCWPlatform::Do not have an existing db opened. 
TRACE::2026-02-05.17:45:34::SCWPlatform::Opened new HwDB with name design_1_wrapper_0
TRACE::2026-02-05.17:45:34::SCWWriter::formatted JSON is {
	"platformName":	"design_1_wrapper",
	"sprVersion":	"2.0",
	"mode":	"gui",
	"dsaType":	"Fixed",
	"platformDesc":	"design_1_wrapper",
	"platHandOff":	"C:/Users/cihem/CPRE-488-Labs/Mp-0_New/TheNextBigThing/design_1_wrapper.xsa",
	"platIntHandOff":	"<platformDir>/hw/design_1_wrapper.xsa",
	"deviceType":	"zynq",
	"platIsPrebuiltAutogen":	"false",
	"platIsNoBootBsp":	"false",
	"hasFsblMakeHasChanges":	"false",
	"hasPmufwMakeHasChanges":	"false",
	"platPreBuiltFlag":	false,
	"platformSamplesDir":	""
}
TRACE::2026-02-05.17:45:34::SCWWriter::formatted JSON is {
	"platformName":	"design_1_wrapper",
	"sprVersion":	"2.0",
	"mode":	"gui",
	"dsaType":	"Fixed",
	"platformDesc":	"design_1_wrapper",
	"platHandOff":	"C:/Users/cihem/CPRE-488-Labs/Mp-0_New/TheNextBigThing/design_1_wrapper.xsa",
	"platIntHandOff":	"<platformDir>/hw/design_1_wrapper.xsa",
	"deviceType":	"zynq",
	"platIsPrebuiltAutogen":	"false",
	"platIsNoBootBsp":	"false",
	"hasFsblMakeHasChanges":	"false",
	"hasPmufwMakeHasChanges":	"false",
	"platPreBuiltFlag":	false,
	"platformSamplesDir":	"",
	"platActiveSys":	"design_1_wrapper",
	"systems":	[{
			"systemName":	"design_1_wrapper",
			"systemDesc":	"design_1_wrapper",
			"sysIsBootAutoGen":	"true",
			"systemDispName":	"design_1_wrapper"
		}]
}
TRACE::2026-02-05.17:45:35::SCWPlatform::Boot application domains not present, creating them
TRACE::2026-02-05.17:45:35::SCWDomain::checking for install qemu data   : 
TRACE::2026-02-05.17:45:35::SCWDomain:: Using the QEMU Data from install at  : C:/Xilinx/Vitis/2020.1/data/emulation/platforms/zynq/qemu/
TRACE::2026-02-05.17:45:35::SCWDomain:: Using the QEMU args  from install at  : C:/Xilinx/Vitis/2020.1/data/emulation/platforms/zynq/qemu/qemu_args.txt
TRACE::2026-02-05.17:45:35::SCWPlatform::Trying to open the hw design at C:/Users/cihem/CPRE-488-Labs/Mp-0_New/Nes/design_1_wrapper/hw/design_1_wrapper.xsa
TRACE::2026-02-05.17:45:35::SCWPlatform::DSA given C:/Users/cihem/CPRE-488-Labs/Mp-0_New/Nes/design_1_wrapper/hw/design_1_wrapper.xsa
TRACE::2026-02-05.17:45:35::SCWPlatform::DSA absoulate path C:/Users/cihem/CPRE-488-Labs/Mp-0_New/Nes/design_1_wrapper/hw/design_1_wrapper.xsa
TRACE::2026-02-05.17:45:35::SCWPlatform::DSA directory C:/Users/cihem/CPRE-488-Labs/Mp-0_New/Nes/design_1_wrapper/hw
TRACE::2026-02-05.17:45:35::SCWPlatform:: Platform Path C:/Users/cihem/CPRE-488-Labs/Mp-0_New/Nes/design_1_wrapper/hw/design_1_wrapper.xsa
TRACE::2026-02-05.17:45:35::SCWPlatform:: Unique name xilinx:zed::0.0
TRACE::2026-02-05.17:45:35::SCWPlatform::Trying to set the existing hwdb with name design_1_wrapper_0
TRACE::2026-02-05.17:45:35::SCWPlatform::Opened existing hwdb design_1_wrapper_0
TRACE::2026-02-05.17:45:35::SCWPlatform::Found the Hw Db part of the input DSA
TRACE::2026-02-05.17:45:35::SCWPlatform::Trying to open the hw design at C:/Users/cihem/CPRE-488-Labs/Mp-0_New/Nes/design_1_wrapper/hw/design_1_wrapper.xsa
TRACE::2026-02-05.17:45:35::SCWPlatform::DSA given C:/Users/cihem/CPRE-488-Labs/Mp-0_New/Nes/design_1_wrapper/hw/design_1_wrapper.xsa
TRACE::2026-02-05.17:45:35::SCWPlatform::DSA absoulate path C:/Users/cihem/CPRE-488-Labs/Mp-0_New/Nes/design_1_wrapper/hw/design_1_wrapper.xsa
TRACE::2026-02-05.17:45:35::SCWPlatform::DSA directory C:/Users/cihem/CPRE-488-Labs/Mp-0_New/Nes/design_1_wrapper/hw
TRACE::2026-02-05.17:45:35::SCWPlatform:: Platform Path C:/Users/cihem/CPRE-488-Labs/Mp-0_New/Nes/design_1_wrapper/hw/design_1_wrapper.xsa
TRACE::2026-02-05.17:45:35::SCWPlatform:: Unique name xilinx:zed::0.0
TRACE::2026-02-05.17:45:35::SCWPlatform::Trying to set the existing hwdb with name design_1_wrapper_0
TRACE::2026-02-05.17:45:35::SCWPlatform::Opened existing hwdb design_1_wrapper_0
TRACE::2026-02-05.17:45:35::SCWPlatform::Found the Hw Db part of the input DSA
TRACE::2026-02-05.17:45:35::SCWPlatform::Trying to open the hw design at C:/Users/cihem/CPRE-488-Labs/Mp-0_New/Nes/design_1_wrapper/hw/design_1_wrapper.xsa
TRACE::2026-02-05.17:45:35::SCWPlatform::DSA given C:/Users/cihem/CPRE-488-Labs/Mp-0_New/Nes/design_1_wrapper/hw/design_1_wrapper.xsa
TRACE::2026-02-05.17:45:35::SCWPlatform::DSA absoulate path C:/Users/cihem/CPRE-488-Labs/Mp-0_New/Nes/design_1_wrapper/hw/design_1_wrapper.xsa
TRACE::2026-02-05.17:45:35::SCWPlatform::DSA directory C:/Users/cihem/CPRE-488-Labs/Mp-0_New/Nes/design_1_wrapper/hw
TRACE::2026-02-05.17:45:35::SCWPlatform:: Platform Path C:/Users/cihem/CPRE-488-Labs/Mp-0_New/Nes/design_1_wrapper/hw/design_1_wrapper.xsa
TRACE::2026-02-05.17:45:35::SCWPlatform:: Unique name xilinx:zed::0.0
TRACE::2026-02-05.17:45:35::SCWPlatform::Trying to set the existing hwdb with name design_1_wrapper_0
TRACE::2026-02-05.17:45:35::SCWPlatform::Opened existing hwdb design_1_wrapper_0
TRACE::2026-02-05.17:45:35::SCWPlatform::Found the Hw Db part of the input DSA
TRACE::2026-02-05.17:45:35::SCWPlatform::Boot application domain added for zynq_fsbl
TRACE::2026-02-05.17:45:35::SCWPlatform::Generating the sources  .
TRACE::2026-02-05.17:45:35::SCWBDomain::Generating boot domain sources.
TRACE::2026-02-05.17:45:35::SCWBDomain:: Generating the zynq_fsbl Application.
TRACE::2026-02-05.17:45:35::SCWPlatform::Trying to open the hw design at C:/Users/cihem/CPRE-488-Labs/Mp-0_New/Nes/design_1_wrapper/hw/design_1_wrapper.xsa
TRACE::2026-02-05.17:45:35::SCWPlatform::DSA given C:/Users/cihem/CPRE-488-Labs/Mp-0_New/Nes/design_1_wrapper/hw/design_1_wrapper.xsa
TRACE::2026-02-05.17:45:35::SCWPlatform::DSA absoulate path C:/Users/cihem/CPRE-488-Labs/Mp-0_New/Nes/design_1_wrapper/hw/design_1_wrapper.xsa
TRACE::2026-02-05.17:45:35::SCWPlatform::DSA directory C:/Users/cihem/CPRE-488-Labs/Mp-0_New/Nes/design_1_wrapper/hw
TRACE::2026-02-05.17:45:35::SCWPlatform:: Platform Path C:/Users/cihem/CPRE-488-Labs/Mp-0_New/Nes/design_1_wrapper/hw/design_1_wrapper.xsa
TRACE::2026-02-05.17:45:35::SCWPlatform:: Unique name xilinx:zed::0.0
TRACE::2026-02-05.17:45:35::SCWPlatform::Trying to set the existing hwdb with name design_1_wrapper_0
TRACE::2026-02-05.17:45:35::SCWPlatform::Opened existing hwdb design_1_wrapper_0
TRACE::2026-02-05.17:45:35::SCWPlatform::Found the Hw Db part of the input DSA
TRACE::2026-02-05.17:45:35::SCWMssOS::Checking the sw design at  C:/Users/cihem/CPRE-488-Labs/Mp-0_New/Nes/design_1_wrapper/zynq_fsbl/zynq_fsbl_bsp/system.mss
TRACE::2026-02-05.17:45:35::SCWMssOS::DEBUG:  swdes dump  
TRACE::2026-02-05.17:45:35::SCWMssOS::No sw design opened at  C:/Users/cihem/CPRE-488-Labs/Mp-0_New/Nes/design_1_wrapper/zynq_fsbl/zynq_fsbl_bsp/system.mss
TRACE::2026-02-05.17:45:35::SCWMssOS::mss does not exists at C:/Users/cihem/CPRE-488-Labs/Mp-0_New/Nes/design_1_wrapper/zynq_fsbl/zynq_fsbl_bsp/system.mss
TRACE::2026-02-05.17:45:35::SCWMssOS::Creating sw design at  C:/Users/cihem/CPRE-488-Labs/Mp-0_New/Nes/design_1_wrapper/zynq_fsbl/zynq_fsbl_bsp/system.mss
TRACE::2026-02-05.17:45:35::SCWMssOS::Adding the swdes entry, created swdb C:/Users/cihem/CPRE-488-Labs/Mp-0_New/Nes/design_1_wrapper/zynq_fsbl/zynq_fsbl_bsp/system.mss with des name C:/Users/cihem/CPRE-488-Labs/Mp-0_New/Nes/design_1_wrapper/zynq_fsbl/zynq_fsbl_bsp/system.mss
TRACE::2026-02-05.17:45:35::SCWMssOS::updating the scw layer changes to swdes at   C:/Users/cihem/CPRE-488-Labs/Mp-0_New/Nes/design_1_wrapper/zynq_fsbl/zynq_fsbl_bsp/system.mss
TRACE::2026-02-05.17:45:35::SCWMssOS::Writing mss at C:/Users/cihem/CPRE-488-Labs/Mp-0_New/Nes/design_1_wrapper/zynq_fsbl/zynq_fsbl_bsp/system.mss
TRACE::2026-02-05.17:45:35::SCWMssOS::Completed writing the mss file at C:/Users/cihem/CPRE-488-Labs/Mp-0_New/Nes/design_1_wrapper/zynq_fsbl/zynq_fsbl_bsp
TRACE::2026-02-05.17:45:35::SCWMssOS::Picking up changes from newly written mss file into SCW Layer. 
TRACE::2026-02-05.17:45:35::SCWMssOS::Updated the changes from newly written mss file into SCW Layer. 
TRACE::2026-02-05.17:45:35::SCWBDomain::Completed writing the mss file at C:/Users/cihem/CPRE-488-Labs/Mp-0_New/Nes/design_1_wrapper/zynq_fsbl/zynq_fsbl_bsp
TRACE::2026-02-05.17:45:38::SCWPlatform::Generating sources Done.
TRACE::2026-02-05.17:45:38::SCWPlatform::Trying to open the hw design at C:/Users/cihem/CPRE-488-Labs/Mp-0_New/Nes/design_1_wrapper/hw/design_1_wrapper.xsa
TRACE::2026-02-05.17:45:38::SCWPlatform::DSA given C:/Users/cihem/CPRE-488-Labs/Mp-0_New/Nes/design_1_wrapper/hw/design_1_wrapper.xsa
TRACE::2026-02-05.17:45:38::SCWPlatform::DSA absoulate path C:/Users/cihem/CPRE-488-Labs/Mp-0_New/Nes/design_1_wrapper/hw/design_1_wrapper.xsa
TRACE::2026-02-05.17:45:38::SCWPlatform::DSA directory C:/Users/cihem/CPRE-488-Labs/Mp-0_New/Nes/design_1_wrapper/hw
TRACE::2026-02-05.17:45:38::SCWPlatform:: Platform Path C:/Users/cihem/CPRE-488-Labs/Mp-0_New/Nes/design_1_wrapper/hw/design_1_wrapper.xsa
TRACE::2026-02-05.17:45:38::SCWPlatform:: Unique name xilinx:zed::0.0
TRACE::2026-02-05.17:45:38::SCWPlatform::Trying to set the existing hwdb with name design_1_wrapper_0
TRACE::2026-02-05.17:45:38::SCWPlatform::Opened existing hwdb design_1_wrapper_0
TRACE::2026-02-05.17:45:38::SCWPlatform::Found the Hw Db part of the input DSA
TRACE::2026-02-05.17:45:38::SCWMssOS::Checking the sw design at  C:/Users/cihem/CPRE-488-Labs/Mp-0_New/Nes/design_1_wrapper/zynq_fsbl/zynq_fsbl_bsp/system.mss
TRACE::2026-02-05.17:45:38::SCWMssOS::DEBUG:  swdes dump  C:/Users/cihem/CPRE-488-Labs/Mp-0_New/Nes/design_1_wrapper/zynq_fsbl/zynq_fsbl_bsp/system.mss|C:/Users/cihem/CPRE-488-Labs/Mp-0_New/Nes/design_1_wrapper/zynq_fsbl/zynq_fsbl_bsp/system.mss||

KEYINFO::2026-02-05.17:45:38::SCWMssOS::Could not open the swdb for C:/Users/cihem/CPRE-488-Labs/Mp-0_New/Nes/design_1_wrapper/zynq_fsbl/zynq_fsbl_bsp/system.mss
KEYINFO::2026-02-05.17:45:38::SCWMssOS::Could not open the sw design at  C:/Users/cihem/CPRE-488-Labs/Mp-0_New/Nes/design_1_wrapper/zynq_fsbl/zynq_fsbl_bsp/system.mss
ERROR: [Hsi 55-1558] Software Design C:/Users/cihem/CPRE-488-Labs/Mp-0_New/Nes/design_1_wrapper/zynq_fsbl/zynq_fsbl_bsp/system.mss is not found

TRACE::2026-02-05.17:45:38::SCWMssOS::Cleared the swdb table entry
TRACE::2026-02-05.17:45:38::SCWMssOS::No sw design opened at  C:/Users/cihem/CPRE-488-Labs/Mp-0_New/Nes/design_1_wrapper/zynq_fsbl/zynq_fsbl_bsp/system.mss
TRACE::2026-02-05.17:45:38::SCWMssOS::mss exists loading the mss file  C:/Users/cihem/CPRE-488-Labs/Mp-0_New/Nes/design_1_wrapper/zynq_fsbl/zynq_fsbl_bsp/system.mss
TRACE::2026-02-05.17:45:38::SCWMssOS::Opened the sw design from mss  C:/Users/cihem/CPRE-488-Labs/Mp-0_New/Nes/design_1_wrapper/zynq_fsbl/zynq_fsbl_bsp/system.mss
TRACE::2026-02-05.17:45:38::SCWMssOS::Adding the swdes entry C:/Users/cihem/CPRE-488-Labs/Mp-0_New/Nes/design_1_wrapper/zynq_fsbl/zynq_fsbl_bsp/system.mss with des name system
TRACE::2026-02-05.17:45:38::SCWMssOS::updating the scw layer about changes
TRACE::2026-02-05.17:45:38::SCWMssOS::Opened the sw design.  C:/Users/cihem/CPRE-488-Labs/Mp-0_New/Nes/design_1_wrapper/zynq_fsbl/zynq_fsbl_bsp/system.mss
TRACE::2026-02-05.17:45:38::SCWMssOS::Saving the mss changes C:/Users/cihem/CPRE-488-Labs/Mp-0_New/Nes/design_1_wrapper/zynq_fsbl/zynq_fsbl_bsp/system.mss
TRACE::2026-02-05.17:45:38::SCWMssOS::Found a swdesign opened with the mssfile.
TRACE::2026-02-05.17:45:38::SCWMssOS::Completed writemss as part of save.
TRACE::2026-02-05.17:45:38::SCWMssOS::Commit changes completed.
TRACE::2026-02-05.17:45:38::SCWPlatform::Trying to open the hw design at C:/Users/cihem/CPRE-488-Labs/Mp-0_New/Nes/design_1_wrapper/hw/design_1_wrapper.xsa
TRACE::2026-02-05.17:45:38::SCWPlatform::DSA given C:/Users/cihem/CPRE-488-Labs/Mp-0_New/Nes/design_1_wrapper/hw/design_1_wrapper.xsa
TRACE::2026-02-05.17:45:38::SCWPlatform::DSA absoulate path C:/Users/cihem/CPRE-488-Labs/Mp-0_New/Nes/design_1_wrapper/hw/design_1_wrapper.xsa
TRACE::2026-02-05.17:45:38::SCWPlatform::DSA directory C:/Users/cihem/CPRE-488-Labs/Mp-0_New/Nes/design_1_wrapper/hw
TRACE::2026-02-05.17:45:38::SCWPlatform:: Platform Path C:/Users/cihem/CPRE-488-Labs/Mp-0_New/Nes/design_1_wrapper/hw/design_1_wrapper.xsa
TRACE::2026-02-05.17:45:38::SCWPlatform:: Unique name xilinx:zed::0.0
TRACE::2026-02-05.17:45:38::SCWPlatform::Trying to set the existing hwdb with name design_1_wrapper_0
TRACE::2026-02-05.17:45:38::SCWPlatform::Opened existing hwdb design_1_wrapper_0
TRACE::2026-02-05.17:45:38::SCWPlatform::Found the Hw Db part of the input DSA
TRACE::2026-02-05.17:45:38::SCWMssOS::Checking the sw design at  C:/Users/cihem/CPRE-488-Labs/Mp-0_New/Nes/design_1_wrapper/zynq_fsbl/zynq_fsbl_bsp/system.mss
TRACE::2026-02-05.17:45:38::SCWMssOS::DEBUG:  swdes dump  C:/Users/cihem/CPRE-488-Labs/Mp-0_New/Nes/design_1_wrapper/zynq_fsbl/zynq_fsbl_bsp/system.mss|system||

TRACE::2026-02-05.17:45:38::SCWMssOS::Sw design exists and opened at  C:/Users/cihem/CPRE-488-Labs/Mp-0_New/Nes/design_1_wrapper/zynq_fsbl/zynq_fsbl_bsp/system.mss
TRACE::2026-02-05.17:45:38::SCWPlatform::Trying to open the hw design at C:/Users/cihem/CPRE-488-Labs/Mp-0_New/Nes/design_1_wrapper/hw/design_1_wrapper.xsa
TRACE::2026-02-05.17:45:38::SCWPlatform::DSA given C:/Users/cihem/CPRE-488-Labs/Mp-0_New/Nes/design_1_wrapper/hw/design_1_wrapper.xsa
TRACE::2026-02-05.17:45:38::SCWPlatform::DSA absoulate path C:/Users/cihem/CPRE-488-Labs/Mp-0_New/Nes/design_1_wrapper/hw/design_1_wrapper.xsa
TRACE::2026-02-05.17:45:38::SCWPlatform::DSA directory C:/Users/cihem/CPRE-488-Labs/Mp-0_New/Nes/design_1_wrapper/hw
TRACE::2026-02-05.17:45:38::SCWPlatform:: Platform Path C:/Users/cihem/CPRE-488-Labs/Mp-0_New/Nes/design_1_wrapper/hw/design_1_wrapper.xsa
TRACE::2026-02-05.17:45:38::SCWPlatform:: Unique name xilinx:zed::0.0
TRACE::2026-02-05.17:45:38::SCWPlatform::Trying to set the existing hwdb with name design_1_wrapper_0
TRACE::2026-02-05.17:45:38::SCWPlatform::Opened existing hwdb design_1_wrapper_0
TRACE::2026-02-05.17:45:38::SCWPlatform::Found the Hw Db part of the input DSA
TRACE::2026-02-05.17:45:38::SCWMssOS::Checking the sw design at  C:/Users/cihem/CPRE-488-Labs/Mp-0_New/Nes/design_1_wrapper/zynq_fsbl/zynq_fsbl_bsp/system.mss
TRACE::2026-02-05.17:45:38::SCWMssOS::DEBUG:  swdes dump  C:/Users/cihem/CPRE-488-Labs/Mp-0_New/Nes/design_1_wrapper/zynq_fsbl/zynq_fsbl_bsp/system.mss|system||

TRACE::2026-02-05.17:45:38::SCWMssOS::Sw design exists and opened at  C:/Users/cihem/CPRE-488-Labs/Mp-0_New/Nes/design_1_wrapper/zynq_fsbl/zynq_fsbl_bsp/system.mss
TRACE::2026-02-05.17:45:38::SCWPlatform::Trying to open the hw design at C:/Users/cihem/CPRE-488-Labs/Mp-0_New/Nes/design_1_wrapper/hw/design_1_wrapper.xsa
TRACE::2026-02-05.17:45:38::SCWPlatform::DSA given C:/Users/cihem/CPRE-488-Labs/Mp-0_New/Nes/design_1_wrapper/hw/design_1_wrapper.xsa
TRACE::2026-02-05.17:45:38::SCWPlatform::DSA absoulate path C:/Users/cihem/CPRE-488-Labs/Mp-0_New/Nes/design_1_wrapper/hw/design_1_wrapper.xsa
TRACE::2026-02-05.17:45:38::SCWPlatform::DSA directory C:/Users/cihem/CPRE-488-Labs/Mp-0_New/Nes/design_1_wrapper/hw
TRACE::2026-02-05.17:45:38::SCWPlatform:: Platform Path C:/Users/cihem/CPRE-488-Labs/Mp-0_New/Nes/design_1_wrapper/hw/design_1_wrapper.xsa
TRACE::2026-02-05.17:45:38::SCWPlatform:: Unique name xilinx:zed::0.0
TRACE::2026-02-05.17:45:38::SCWPlatform::Trying to set the existing hwdb with name design_1_wrapper_0
TRACE::2026-02-05.17:45:38::SCWPlatform::Opened existing hwdb design_1_wrapper_0
TRACE::2026-02-05.17:45:38::SCWPlatform::Found the Hw Db part of the input DSA
TRACE::2026-02-05.17:45:38::SCWMssOS::Checking the sw design at  C:/Users/cihem/CPRE-488-Labs/Mp-0_New/Nes/design_1_wrapper/zynq_fsbl/zynq_fsbl_bsp/system.mss
TRACE::2026-02-05.17:45:38::SCWMssOS::DEBUG:  swdes dump  C:/Users/cihem/CPRE-488-Labs/Mp-0_New/Nes/design_1_wrapper/zynq_fsbl/zynq_fsbl_bsp/system.mss|system||

TRACE::2026-02-05.17:45:38::SCWMssOS::Sw design exists and opened at  C:/Users/cihem/CPRE-488-Labs/Mp-0_New/Nes/design_1_wrapper/zynq_fsbl/zynq_fsbl_bsp/system.mss
TRACE::2026-02-05.17:45:38::SCWWriter::formatted JSON is {
	"platformName":	"design_1_wrapper",
	"sprVersion":	"2.0",
	"mode":	"gui",
	"dsaType":	"Fixed",
	"platformDesc":	"design_1_wrapper",
	"platHandOff":	"C:/Users/cihem/CPRE-488-Labs/Mp-0_New/TheNextBigThing/design_1_wrapper.xsa",
	"platIntHandOff":	"<platformDir>/hw/design_1_wrapper.xsa",
	"deviceType":	"zynq",
	"platIsPrebuiltAutogen":	"false",
	"platIsNoBootBsp":	"false",
	"platFsblTarget":	"ps7_cortexa9_0",
	"hasFsblMakeHasChanges":	"false",
	"hasPmufwMakeHasChanges":	"false",
	"fsblExtraCompilerFlags":	"-MMD -MP       -mcpu=cortex-a9 -mfpu=vfpv3 -mfloat-abi=hard ",
	"platPreBuiltFlag":	false,
	"platformSamplesDir":	"",
	"platActiveSys":	"design_1_wrapper",
	"systems":	[{
			"systemName":	"design_1_wrapper",
			"systemDesc":	"design_1_wrapper",
			"sysIsBootAutoGen":	"true",
			"systemDispName":	"design_1_wrapper",
			"sysActiveDom":	"zynq_fsbl",
			"sysDefaultDom":	"",
			"domains":	[{
					"domainName":	"zynq_fsbl",
					"domainDispName":	"zynq_fsbl",
					"domainDesc":	"FSBL Application BSP - Auto Generated.",
					"processors":	"ps7_cortexa9_0",
					"os":	"standalone",
					"sdxOs":	"standalone",
					"debugEnable":	"",
					"domRuntimes":	["cpp"],
					"swRepo":	"",
					"mssOsVer":	"7.2",
					"mssFile":	"",
					"md5Digest":	"6a16c01a2dc85916823989659d34a150",
					"compatibleApp":	"zynq_fsbl",
					"domType":	"bootDomain",
					"arch":	"32-bit",
					"appSettings":	{
						"appCompilerFlags":	"",
						"appLinkerFlags":	""
					},
					"addedLibs":	["xilffs:4.3", "xilrsa:1.6"],
					"libOptions":	{
						"libsContainingOptions":	[]
					},
					"prebuiltLibs":	{
						"prebuiltIncPath":	[],
						"prebuiltLibPath":	[]
					},
					"isolation":	{
					}
				}]
		}]
}
TRACE::2026-02-05.17:45:38::SCWMssOS::Saving the mss changes C:/Users/cihem/CPRE-488-Labs/Mp-0_New/Nes/design_1_wrapper/zynq_fsbl/zynq_fsbl_bsp/system.mss
TRACE::2026-02-05.17:45:38::SCWMssOS::Found a swdesign opened with the mssfile.
TRACE::2026-02-05.17:45:38::SCWMssOS::Completed writemss as part of save.
TRACE::2026-02-05.17:45:38::SCWMssOS::Commit changes completed.
TRACE::2026-02-05.17:45:38::SCWPlatform::Trying to open the hw design at C:/Users/cihem/CPRE-488-Labs/Mp-0_New/Nes/design_1_wrapper/hw/design_1_wrapper.xsa
TRACE::2026-02-05.17:45:38::SCWPlatform::DSA given C:/Users/cihem/CPRE-488-Labs/Mp-0_New/Nes/design_1_wrapper/hw/design_1_wrapper.xsa
TRACE::2026-02-05.17:45:38::SCWPlatform::DSA absoulate path C:/Users/cihem/CPRE-488-Labs/Mp-0_New/Nes/design_1_wrapper/hw/design_1_wrapper.xsa
TRACE::2026-02-05.17:45:38::SCWPlatform::DSA directory C:/Users/cihem/CPRE-488-Labs/Mp-0_New/Nes/design_1_wrapper/hw
TRACE::2026-02-05.17:45:38::SCWPlatform:: Platform Path C:/Users/cihem/CPRE-488-Labs/Mp-0_New/Nes/design_1_wrapper/hw/design_1_wrapper.xsa
TRACE::2026-02-05.17:45:38::SCWPlatform:: Unique name xilinx:zed::0.0
TRACE::2026-02-05.17:45:38::SCWPlatform::Trying to set the existing hwdb with name design_1_wrapper_0
TRACE::2026-02-05.17:45:38::SCWPlatform::Opened existing hwdb design_1_wrapper_0
TRACE::2026-02-05.17:45:38::SCWPlatform::Found the Hw Db part of the input DSA
TRACE::2026-02-05.17:45:38::SCWMssOS::Checking the sw design at  C:/Users/cihem/CPRE-488-Labs/Mp-0_New/Nes/design_1_wrapper/zynq_fsbl/zynq_fsbl_bsp/system.mss
TRACE::2026-02-05.17:45:38::SCWMssOS::DEBUG:  swdes dump  C:/Users/cihem/CPRE-488-Labs/Mp-0_New/Nes/design_1_wrapper/zynq_fsbl/zynq_fsbl_bsp/system.mss|system||

TRACE::2026-02-05.17:45:38::SCWMssOS::Sw design exists and opened at  C:/Users/cihem/CPRE-488-Labs/Mp-0_New/Nes/design_1_wrapper/zynq_fsbl/zynq_fsbl_bsp/system.mss
TRACE::2026-02-05.17:45:38::SCWPlatform::Trying to open the hw design at C:/Users/cihem/CPRE-488-Labs/Mp-0_New/Nes/design_1_wrapper/hw/design_1_wrapper.xsa
TRACE::2026-02-05.17:45:38::SCWPlatform::DSA given C:/Users/cihem/CPRE-488-Labs/Mp-0_New/Nes/design_1_wrapper/hw/design_1_wrapper.xsa
TRACE::2026-02-05.17:45:38::SCWPlatform::DSA absoulate path C:/Users/cihem/CPRE-488-Labs/Mp-0_New/Nes/design_1_wrapper/hw/design_1_wrapper.xsa
TRACE::2026-02-05.17:45:38::SCWPlatform::DSA directory C:/Users/cihem/CPRE-488-Labs/Mp-0_New/Nes/design_1_wrapper/hw
TRACE::2026-02-05.17:45:38::SCWPlatform:: Platform Path C:/Users/cihem/CPRE-488-Labs/Mp-0_New/Nes/design_1_wrapper/hw/design_1_wrapper.xsa
TRACE::2026-02-05.17:45:38::SCWPlatform:: Unique name xilinx:zed::0.0
TRACE::2026-02-05.17:45:38::SCWPlatform::Trying to set the existing hwdb with name design_1_wrapper_0
TRACE::2026-02-05.17:45:38::SCWPlatform::Opened existing hwdb design_1_wrapper_0
TRACE::2026-02-05.17:45:38::SCWPlatform::Found the Hw Db part of the input DSA
TRACE::2026-02-05.17:45:38::SCWMssOS::Checking the sw design at  C:/Users/cihem/CPRE-488-Labs/Mp-0_New/Nes/design_1_wrapper/zynq_fsbl/zynq_fsbl_bsp/system.mss
TRACE::2026-02-05.17:45:38::SCWMssOS::DEBUG:  swdes dump  C:/Users/cihem/CPRE-488-Labs/Mp-0_New/Nes/design_1_wrapper/zynq_fsbl/zynq_fsbl_bsp/system.mss|system||

TRACE::2026-02-05.17:45:38::SCWMssOS::Sw design exists and opened at  C:/Users/cihem/CPRE-488-Labs/Mp-0_New/Nes/design_1_wrapper/zynq_fsbl/zynq_fsbl_bsp/system.mss
TRACE::2026-02-05.17:45:38::SCWPlatform::Trying to open the hw design at C:/Users/cihem/CPRE-488-Labs/Mp-0_New/Nes/design_1_wrapper/hw/design_1_wrapper.xsa
TRACE::2026-02-05.17:45:38::SCWPlatform::DSA given C:/Users/cihem/CPRE-488-Labs/Mp-0_New/Nes/design_1_wrapper/hw/design_1_wrapper.xsa
TRACE::2026-02-05.17:45:38::SCWPlatform::DSA absoulate path C:/Users/cihem/CPRE-488-Labs/Mp-0_New/Nes/design_1_wrapper/hw/design_1_wrapper.xsa
TRACE::2026-02-05.17:45:38::SCWPlatform::DSA directory C:/Users/cihem/CPRE-488-Labs/Mp-0_New/Nes/design_1_wrapper/hw
TRACE::2026-02-05.17:45:38::SCWPlatform:: Platform Path C:/Users/cihem/CPRE-488-Labs/Mp-0_New/Nes/design_1_wrapper/hw/design_1_wrapper.xsa
TRACE::2026-02-05.17:45:38::SCWPlatform:: Unique name xilinx:zed::0.0
TRACE::2026-02-05.17:45:38::SCWPlatform::Trying to set the existing hwdb with name design_1_wrapper_0
TRACE::2026-02-05.17:45:38::SCWPlatform::Opened existing hwdb design_1_wrapper_0
TRACE::2026-02-05.17:45:38::SCWPlatform::Found the Hw Db part of the input DSA
TRACE::2026-02-05.17:45:38::SCWMssOS::Checking the sw design at  C:/Users/cihem/CPRE-488-Labs/Mp-0_New/Nes/design_1_wrapper/zynq_fsbl/zynq_fsbl_bsp/system.mss
TRACE::2026-02-05.17:45:38::SCWMssOS::DEBUG:  swdes dump  C:/Users/cihem/CPRE-488-Labs/Mp-0_New/Nes/design_1_wrapper/zynq_fsbl/zynq_fsbl_bsp/system.mss|system||

TRACE::2026-02-05.17:45:38::SCWMssOS::Sw design exists and opened at  C:/Users/cihem/CPRE-488-Labs/Mp-0_New/Nes/design_1_wrapper/zynq_fsbl/zynq_fsbl_bsp/system.mss
TRACE::2026-02-05.17:45:38::SCWWriter::formatted JSON is {
	"platformName":	"design_1_wrapper",
	"sprVersion":	"2.0",
	"mode":	"gui",
	"dsaType":	"Fixed",
	"platformDesc":	"design_1_wrapper",
	"platHandOff":	"C:/Users/cihem/CPRE-488-Labs/Mp-0_New/TheNextBigThing/design_1_wrapper.xsa",
	"platIntHandOff":	"<platformDir>/hw/design_1_wrapper.xsa",
	"deviceType":	"zynq",
	"platIsPrebuiltAutogen":	"false",
	"platIsNoBootBsp":	"false",
	"platFsblTarget":	"ps7_cortexa9_0",
	"hasFsblMakeHasChanges":	"false",
	"hasPmufwMakeHasChanges":	"false",
	"fsblExtraCompilerFlags":	"-MMD -MP       -mcpu=cortex-a9 -mfpu=vfpv3 -mfloat-abi=hard ",
	"platPreBuiltFlag":	false,
	"platformSamplesDir":	"",
	"platActiveSys":	"design_1_wrapper",
	"systems":	[{
			"systemName":	"design_1_wrapper",
			"systemDesc":	"design_1_wrapper",
			"sysIsBootAutoGen":	"true",
			"systemDispName":	"design_1_wrapper",
			"sysActiveDom":	"zynq_fsbl",
			"sysDefaultDom":	"",
			"domains":	[{
					"domainName":	"zynq_fsbl",
					"domainDispName":	"zynq_fsbl",
					"domainDesc":	"FSBL Application BSP - Auto Generated.",
					"processors":	"ps7_cortexa9_0",
					"os":	"standalone",
					"sdxOs":	"standalone",
					"debugEnable":	"",
					"domRuntimes":	["cpp"],
					"swRepo":	"",
					"mssOsVer":	"7.2",
					"mssFile":	"",
					"md5Digest":	"6a16c01a2dc85916823989659d34a150",
					"compatibleApp":	"zynq_fsbl",
					"domType":	"bootDomain",
					"arch":	"32-bit",
					"appSettings":	{
						"appCompilerFlags":	"",
						"appLinkerFlags":	""
					},
					"addedLibs":	["xilffs:4.3", "xilrsa:1.6"],
					"libOptions":	{
						"libsContainingOptions":	[]
					},
					"prebuiltLibs":	{
						"prebuiltIncPath":	[],
						"prebuiltLibPath":	[]
					},
					"isolation":	{
					}
				}]
		}]
}
TRACE::2026-02-05.17:45:38::SCWDomain::checking for install qemu data   : 
TRACE::2026-02-05.17:45:38::SCWDomain:: Using the QEMU Data from install at  : C:/Xilinx/Vitis/2020.1/data/emulation/platforms/zynq/qemu/
TRACE::2026-02-05.17:45:38::SCWDomain:: Using the QEMU args  from install at  : C:/Xilinx/Vitis/2020.1/data/emulation/platforms/zynq/qemu/qemu_args.txt
TRACE::2026-02-05.17:45:38::SCWPlatform::Trying to open the hw design at C:/Users/cihem/CPRE-488-Labs/Mp-0_New/Nes/design_1_wrapper/hw/design_1_wrapper.xsa
TRACE::2026-02-05.17:45:38::SCWPlatform::DSA given C:/Users/cihem/CPRE-488-Labs/Mp-0_New/Nes/design_1_wrapper/hw/design_1_wrapper.xsa
TRACE::2026-02-05.17:45:38::SCWPlatform::DSA absoulate path C:/Users/cihem/CPRE-488-Labs/Mp-0_New/Nes/design_1_wrapper/hw/design_1_wrapper.xsa
TRACE::2026-02-05.17:45:38::SCWPlatform::DSA directory C:/Users/cihem/CPRE-488-Labs/Mp-0_New/Nes/design_1_wrapper/hw
TRACE::2026-02-05.17:45:38::SCWPlatform:: Platform Path C:/Users/cihem/CPRE-488-Labs/Mp-0_New/Nes/design_1_wrapper/hw/design_1_wrapper.xsa
TRACE::2026-02-05.17:45:38::SCWPlatform:: Unique name xilinx:zed::0.0
TRACE::2026-02-05.17:45:38::SCWPlatform::Trying to set the existing hwdb with name design_1_wrapper_0
TRACE::2026-02-05.17:45:38::SCWPlatform::Opened existing hwdb design_1_wrapper_0
TRACE::2026-02-05.17:45:38::SCWPlatform::Found the Hw Db part of the input DSA
TRACE::2026-02-05.17:45:38::SCWPlatform::Trying to open the hw design at C:/Users/cihem/CPRE-488-Labs/Mp-0_New/Nes/design_1_wrapper/hw/design_1_wrapper.xsa
TRACE::2026-02-05.17:45:38::SCWPlatform::DSA given C:/Users/cihem/CPRE-488-Labs/Mp-0_New/Nes/design_1_wrapper/hw/design_1_wrapper.xsa
TRACE::2026-02-05.17:45:38::SCWPlatform::DSA absoulate path C:/Users/cihem/CPRE-488-Labs/Mp-0_New/Nes/design_1_wrapper/hw/design_1_wrapper.xsa
TRACE::2026-02-05.17:45:38::SCWPlatform::DSA directory C:/Users/cihem/CPRE-488-Labs/Mp-0_New/Nes/design_1_wrapper/hw
TRACE::2026-02-05.17:45:38::SCWPlatform:: Platform Path C:/Users/cihem/CPRE-488-Labs/Mp-0_New/Nes/design_1_wrapper/hw/design_1_wrapper.xsa
TRACE::2026-02-05.17:45:38::SCWPlatform:: Unique name xilinx:zed::0.0
TRACE::2026-02-05.17:45:38::SCWPlatform::Trying to set the existing hwdb with name design_1_wrapper_0
TRACE::2026-02-05.17:45:38::SCWPlatform::Opened existing hwdb design_1_wrapper_0
TRACE::2026-02-05.17:45:38::SCWPlatform::Found the Hw Db part of the input DSA
TRACE::2026-02-05.17:45:38::SCWPlatform::Trying to open the hw design at C:/Users/cihem/CPRE-488-Labs/Mp-0_New/Nes/design_1_wrapper/hw/design_1_wrapper.xsa
TRACE::2026-02-05.17:45:38::SCWPlatform::DSA given C:/Users/cihem/CPRE-488-Labs/Mp-0_New/Nes/design_1_wrapper/hw/design_1_wrapper.xsa
TRACE::2026-02-05.17:45:38::SCWPlatform::DSA absoulate path C:/Users/cihem/CPRE-488-Labs/Mp-0_New/Nes/design_1_wrapper/hw/design_1_wrapper.xsa
TRACE::2026-02-05.17:45:38::SCWPlatform::DSA directory C:/Users/cihem/CPRE-488-Labs/Mp-0_New/Nes/design_1_wrapper/hw
TRACE::2026-02-05.17:45:38::SCWPlatform:: Platform Path C:/Users/cihem/CPRE-488-Labs/Mp-0_New/Nes/design_1_wrapper/hw/design_1_wrapper.xsa
TRACE::2026-02-05.17:45:38::SCWPlatform:: Unique name xilinx:zed::0.0
TRACE::2026-02-05.17:45:38::SCWPlatform::Trying to set the existing hwdb with name design_1_wrapper_0
TRACE::2026-02-05.17:45:38::SCWPlatform::Opened existing hwdb design_1_wrapper_0
TRACE::2026-02-05.17:45:38::SCWPlatform::Found the Hw Db part of the input DSA
TRACE::2026-02-05.17:45:38::SCWMssOS::Checking the sw design at  C:/Users/cihem/CPRE-488-Labs/Mp-0_New/Nes/design_1_wrapper/ps7_cortexa9_0/domain_ps7_cortexa9_0/bsp/system.mss
TRACE::2026-02-05.17:45:38::SCWMssOS::DEBUG:  swdes dump  C:/Users/cihem/CPRE-488-Labs/Mp-0_New/Nes/design_1_wrapper/zynq_fsbl/zynq_fsbl_bsp/system.mss|system||

TRACE::2026-02-05.17:45:38::SCWMssOS::No sw design opened at  C:/Users/cihem/CPRE-488-Labs/Mp-0_New/Nes/design_1_wrapper/ps7_cortexa9_0/domain_ps7_cortexa9_0/bsp/system.mss
TRACE::2026-02-05.17:45:38::SCWMssOS::mss does not exists at C:/Users/cihem/CPRE-488-Labs/Mp-0_New/Nes/design_1_wrapper/ps7_cortexa9_0/domain_ps7_cortexa9_0/bsp/system.mss
TRACE::2026-02-05.17:45:38::SCWMssOS::Creating sw design at  C:/Users/cihem/CPRE-488-Labs/Mp-0_New/Nes/design_1_wrapper/ps7_cortexa9_0/domain_ps7_cortexa9_0/bsp/system.mss
TRACE::2026-02-05.17:45:38::SCWMssOS::Adding the swdes entry, created swdb C:/Users/cihem/CPRE-488-Labs/Mp-0_New/Nes/design_1_wrapper/ps7_cortexa9_0/domain_ps7_cortexa9_0/bsp/system.mss with des name C:/Users/cihem/CPRE-488-Labs/Mp-0_New/Nes/design_1_wrapper/ps7_cortexa9_0/domain_ps7_cortexa9_0/bsp/system.mss
TRACE::2026-02-05.17:45:38::SCWMssOS::updating the scw layer changes to swdes at   C:/Users/cihem/CPRE-488-Labs/Mp-0_New/Nes/design_1_wrapper/ps7_cortexa9_0/domain_ps7_cortexa9_0/bsp/system.mss
TRACE::2026-02-05.17:45:38::SCWMssOS::Writing mss at C:/Users/cihem/CPRE-488-Labs/Mp-0_New/Nes/design_1_wrapper/ps7_cortexa9_0/domain_ps7_cortexa9_0/bsp/system.mss
TRACE::2026-02-05.17:45:38::SCWMssOS::Completed writing the mss file at C:/Users/cihem/CPRE-488-Labs/Mp-0_New/Nes/design_1_wrapper/ps7_cortexa9_0/domain_ps7_cortexa9_0/bsp
TRACE::2026-02-05.17:45:38::SCWMssOS::Picking up changes from newly written mss file into SCW Layer. 
TRACE::2026-02-05.17:45:38::SCWMssOS::Updated the changes from newly written mss file into SCW Layer. 
TRACE::2026-02-05.17:45:38::SCWMssOS::Completed writing the mss file at C:/Users/cihem/CPRE-488-Labs/Mp-0_New/Nes/design_1_wrapper/ps7_cortexa9_0/domain_ps7_cortexa9_0/bsp
TRACE::2026-02-05.17:45:38::SCWMssOS::Forcing BSP Sources regeneration.
TRACE::2026-02-05.17:45:39::SCWMssOS::Saving the mss changes C:/Users/cihem/CPRE-488-Labs/Mp-0_New/Nes/design_1_wrapper/zynq_fsbl/zynq_fsbl_bsp/system.mss
TRACE::2026-02-05.17:45:39::SCWMssOS::Found a swdesign opened with the mssfile.
TRACE::2026-02-05.17:45:39::SCWMssOS::Completed writemss as part of save.
TRACE::2026-02-05.17:45:39::SCWMssOS::Commit changes completed.
TRACE::2026-02-05.17:45:39::SCWMssOS::Saving the mss changes C:/Users/cihem/CPRE-488-Labs/Mp-0_New/Nes/design_1_wrapper/ps7_cortexa9_0/domain_ps7_cortexa9_0/bsp/system.mss
TRACE::2026-02-05.17:45:39::SCWMssOS::Found a swdesign opened with the mssfile.
TRACE::2026-02-05.17:45:39::SCWMssOS::Running validate of swdbs.
KEYINFO::2026-02-05.17:45:39::SCWMssOS::Could not open the swdb for C:/Users/cihem/CPRE-488-Labs/Mp-0_New/Nes/design_1_wrapper/ps7_cortexa9_0/domain_ps7_cortexa9_0/bsp/system.mss
KEYINFO::2026-02-05.17:45:39::SCWMssOS::Could not open the sw design at  C:/Users/cihem/CPRE-488-Labs/Mp-0_New/Nes/design_1_wrapper/ps7_cortexa9_0/domain_ps7_cortexa9_0/bsp/system.mss
ERROR: [Hsi 55-1558] Software Design C:/Users/cihem/CPRE-488-Labs/Mp-0_New/Nes/design_1_wrapper/ps7_cortexa9_0/domain_ps7_cortexa9_0/bsp/system.mss is not found

TRACE::2026-02-05.17:45:39::SCWMssOS::Cleared the swdb table entry
TRACE::2026-02-05.17:45:39::SCWMssOS::Adding the swdes entry, mss present, able to open swdb C:/Users/cihem/CPRE-488-Labs/Mp-0_New/Nes/design_1_wrapper/ps7_cortexa9_0/domain_ps7_cortexa9_0/bsp/system.mss with des name system_0
TRACE::2026-02-05.17:45:39::SCWMssOS::Writing the mss file completed C:/Users/cihem/CPRE-488-Labs/Mp-0_New/Nes/design_1_wrapper/ps7_cortexa9_0/domain_ps7_cortexa9_0/bsp/system.mss
TRACE::2026-02-05.17:45:39::SCWMssOS::Commit changes completed.
TRACE::2026-02-05.17:45:39::SCWPlatform::Trying to open the hw design at C:/Users/cihem/CPRE-488-Labs/Mp-0_New/Nes/design_1_wrapper/hw/design_1_wrapper.xsa
TRACE::2026-02-05.17:45:39::SCWPlatform::DSA given C:/Users/cihem/CPRE-488-Labs/Mp-0_New/Nes/design_1_wrapper/hw/design_1_wrapper.xsa
TRACE::2026-02-05.17:45:39::SCWPlatform::DSA absoulate path C:/Users/cihem/CPRE-488-Labs/Mp-0_New/Nes/design_1_wrapper/hw/design_1_wrapper.xsa
TRACE::2026-02-05.17:45:39::SCWPlatform::DSA directory C:/Users/cihem/CPRE-488-Labs/Mp-0_New/Nes/design_1_wrapper/hw
TRACE::2026-02-05.17:45:39::SCWPlatform:: Platform Path C:/Users/cihem/CPRE-488-Labs/Mp-0_New/Nes/design_1_wrapper/hw/design_1_wrapper.xsa
TRACE::2026-02-05.17:45:39::SCWPlatform:: Unique name xilinx:zed::0.0
TRACE::2026-02-05.17:45:39::SCWPlatform::Trying to set the existing hwdb with name design_1_wrapper_0
TRACE::2026-02-05.17:45:39::SCWPlatform::Opened existing hwdb design_1_wrapper_0
TRACE::2026-02-05.17:45:39::SCWPlatform::Found the Hw Db part of the input DSA
TRACE::2026-02-05.17:45:39::SCWMssOS::Checking the sw design at  C:/Users/cihem/CPRE-488-Labs/Mp-0_New/Nes/design_1_wrapper/zynq_fsbl/zynq_fsbl_bsp/system.mss
TRACE::2026-02-05.17:45:39::SCWMssOS::DEBUG:  swdes dump  C:/Users/cihem/CPRE-488-Labs/Mp-0_New/Nes/design_1_wrapper/ps7_cortexa9_0/domain_ps7_cortexa9_0/bsp/system.mss|system_0||
C:/Users/cihem/CPRE-488-Labs/Mp-0_New/Nes/design_1_wrapper/zynq_fsbl/zynq_fsbl_bsp/system.mss|system||

TRACE::2026-02-05.17:45:39::SCWMssOS::Sw design exists and opened at  C:/Users/cihem/CPRE-488-Labs/Mp-0_New/Nes/design_1_wrapper/zynq_fsbl/zynq_fsbl_bsp/system.mss
TRACE::2026-02-05.17:45:39::SCWPlatform::Trying to open the hw design at C:/Users/cihem/CPRE-488-Labs/Mp-0_New/Nes/design_1_wrapper/hw/design_1_wrapper.xsa
TRACE::2026-02-05.17:45:39::SCWPlatform::DSA given C:/Users/cihem/CPRE-488-Labs/Mp-0_New/Nes/design_1_wrapper/hw/design_1_wrapper.xsa
TRACE::2026-02-05.17:45:39::SCWPlatform::DSA absoulate path C:/Users/cihem/CPRE-488-Labs/Mp-0_New/Nes/design_1_wrapper/hw/design_1_wrapper.xsa
TRACE::2026-02-05.17:45:39::SCWPlatform::DSA directory C:/Users/cihem/CPRE-488-Labs/Mp-0_New/Nes/design_1_wrapper/hw
TRACE::2026-02-05.17:45:39::SCWPlatform:: Platform Path C:/Users/cihem/CPRE-488-Labs/Mp-0_New/Nes/design_1_wrapper/hw/design_1_wrapper.xsa
TRACE::2026-02-05.17:45:39::SCWPlatform:: Unique name xilinx:zed::0.0
TRACE::2026-02-05.17:45:39::SCWPlatform::Trying to set the existing hwdb with name design_1_wrapper_0
TRACE::2026-02-05.17:45:39::SCWPlatform::Opened existing hwdb design_1_wrapper_0
TRACE::2026-02-05.17:45:39::SCWPlatform::Found the Hw Db part of the input DSA
TRACE::2026-02-05.17:45:39::SCWMssOS::Checking the sw design at  C:/Users/cihem/CPRE-488-Labs/Mp-0_New/Nes/design_1_wrapper/zynq_fsbl/zynq_fsbl_bsp/system.mss
TRACE::2026-02-05.17:45:39::SCWMssOS::DEBUG:  swdes dump  C:/Users/cihem/CPRE-488-Labs/Mp-0_New/Nes/design_1_wrapper/ps7_cortexa9_0/domain_ps7_cortexa9_0/bsp/system.mss|system_0||
C:/Users/cihem/CPRE-488-Labs/Mp-0_New/Nes/design_1_wrapper/zynq_fsbl/zynq_fsbl_bsp/system.mss|system||

TRACE::2026-02-05.17:45:39::SCWMssOS::Sw design exists and opened at  C:/Users/cihem/CPRE-488-Labs/Mp-0_New/Nes/design_1_wrapper/zynq_fsbl/zynq_fsbl_bsp/system.mss
TRACE::2026-02-05.17:45:39::SCWPlatform::Trying to open the hw design at C:/Users/cihem/CPRE-488-Labs/Mp-0_New/Nes/design_1_wrapper/hw/design_1_wrapper.xsa
TRACE::2026-02-05.17:45:39::SCWPlatform::DSA given C:/Users/cihem/CPRE-488-Labs/Mp-0_New/Nes/design_1_wrapper/hw/design_1_wrapper.xsa
TRACE::2026-02-05.17:45:39::SCWPlatform::DSA absoulate path C:/Users/cihem/CPRE-488-Labs/Mp-0_New/Nes/design_1_wrapper/hw/design_1_wrapper.xsa
TRACE::2026-02-05.17:45:39::SCWPlatform::DSA directory C:/Users/cihem/CPRE-488-Labs/Mp-0_New/Nes/design_1_wrapper/hw
TRACE::2026-02-05.17:45:39::SCWPlatform:: Platform Path C:/Users/cihem/CPRE-488-Labs/Mp-0_New/Nes/design_1_wrapper/hw/design_1_wrapper.xsa
TRACE::2026-02-05.17:45:39::SCWPlatform:: Unique name xilinx:zed::0.0
TRACE::2026-02-05.17:45:39::SCWPlatform::Trying to set the existing hwdb with name design_1_wrapper_0
TRACE::2026-02-05.17:45:39::SCWPlatform::Opened existing hwdb design_1_wrapper_0
TRACE::2026-02-05.17:45:39::SCWPlatform::Found the Hw Db part of the input DSA
TRACE::2026-02-05.17:45:39::SCWMssOS::Checking the sw design at  C:/Users/cihem/CPRE-488-Labs/Mp-0_New/Nes/design_1_wrapper/zynq_fsbl/zynq_fsbl_bsp/system.mss
TRACE::2026-02-05.17:45:39::SCWMssOS::DEBUG:  swdes dump  C:/Users/cihem/CPRE-488-Labs/Mp-0_New/Nes/design_1_wrapper/ps7_cortexa9_0/domain_ps7_cortexa9_0/bsp/system.mss|system_0||
C:/Users/cihem/CPRE-488-Labs/Mp-0_New/Nes/design_1_wrapper/zynq_fsbl/zynq_fsbl_bsp/system.mss|system||

TRACE::2026-02-05.17:45:39::SCWMssOS::Sw design exists and opened at  C:/Users/cihem/CPRE-488-Labs/Mp-0_New/Nes/design_1_wrapper/zynq_fsbl/zynq_fsbl_bsp/system.mss
TRACE::2026-02-05.17:45:39::SCWPlatform::Trying to open the hw design at C:/Users/cihem/CPRE-488-Labs/Mp-0_New/Nes/design_1_wrapper/hw/design_1_wrapper.xsa
TRACE::2026-02-05.17:45:39::SCWPlatform::DSA given C:/Users/cihem/CPRE-488-Labs/Mp-0_New/Nes/design_1_wrapper/hw/design_1_wrapper.xsa
TRACE::2026-02-05.17:45:39::SCWPlatform::DSA absoulate path C:/Users/cihem/CPRE-488-Labs/Mp-0_New/Nes/design_1_wrapper/hw/design_1_wrapper.xsa
TRACE::2026-02-05.17:45:39::SCWPlatform::DSA directory C:/Users/cihem/CPRE-488-Labs/Mp-0_New/Nes/design_1_wrapper/hw
TRACE::2026-02-05.17:45:39::SCWPlatform:: Platform Path C:/Users/cihem/CPRE-488-Labs/Mp-0_New/Nes/design_1_wrapper/hw/design_1_wrapper.xsa
TRACE::2026-02-05.17:45:39::SCWPlatform:: Unique name xilinx:zed::0.0
TRACE::2026-02-05.17:45:39::SCWPlatform::Trying to set the existing hwdb with name design_1_wrapper_0
TRACE::2026-02-05.17:45:39::SCWPlatform::Opened existing hwdb design_1_wrapper_0
TRACE::2026-02-05.17:45:39::SCWPlatform::Found the Hw Db part of the input DSA
TRACE::2026-02-05.17:45:39::SCWMssOS::Checking the sw design at  C:/Users/cihem/CPRE-488-Labs/Mp-0_New/Nes/design_1_wrapper/ps7_cortexa9_0/domain_ps7_cortexa9_0/bsp/system.mss
TRACE::2026-02-05.17:45:39::SCWMssOS::DEBUG:  swdes dump  C:/Users/cihem/CPRE-488-Labs/Mp-0_New/Nes/design_1_wrapper/ps7_cortexa9_0/domain_ps7_cortexa9_0/bsp/system.mss|system_0||
C:/Users/cihem/CPRE-488-Labs/Mp-0_New/Nes/design_1_wrapper/zynq_fsbl/zynq_fsbl_bsp/system.mss|system||

TRACE::2026-02-05.17:45:39::SCWMssOS::Sw design exists and opened at  C:/Users/cihem/CPRE-488-Labs/Mp-0_New/Nes/design_1_wrapper/ps7_cortexa9_0/domain_ps7_cortexa9_0/bsp/system.mss
TRACE::2026-02-05.17:45:39::SCWPlatform::Trying to open the hw design at C:/Users/cihem/CPRE-488-Labs/Mp-0_New/Nes/design_1_wrapper/hw/design_1_wrapper.xsa
TRACE::2026-02-05.17:45:39::SCWPlatform::DSA given C:/Users/cihem/CPRE-488-Labs/Mp-0_New/Nes/design_1_wrapper/hw/design_1_wrapper.xsa
TRACE::2026-02-05.17:45:39::SCWPlatform::DSA absoulate path C:/Users/cihem/CPRE-488-Labs/Mp-0_New/Nes/design_1_wrapper/hw/design_1_wrapper.xsa
TRACE::2026-02-05.17:45:39::SCWPlatform::DSA directory C:/Users/cihem/CPRE-488-Labs/Mp-0_New/Nes/design_1_wrapper/hw
TRACE::2026-02-05.17:45:39::SCWPlatform:: Platform Path C:/Users/cihem/CPRE-488-Labs/Mp-0_New/Nes/design_1_wrapper/hw/design_1_wrapper.xsa
TRACE::2026-02-05.17:45:39::SCWPlatform:: Unique name xilinx:zed::0.0
TRACE::2026-02-05.17:45:39::SCWPlatform::Trying to set the existing hwdb with name design_1_wrapper_0
TRACE::2026-02-05.17:45:39::SCWPlatform::Opened existing hwdb design_1_wrapper_0
TRACE::2026-02-05.17:45:39::SCWPlatform::Found the Hw Db part of the input DSA
TRACE::2026-02-05.17:45:39::SCWMssOS::Checking the sw design at  C:/Users/cihem/CPRE-488-Labs/Mp-0_New/Nes/design_1_wrapper/ps7_cortexa9_0/domain_ps7_cortexa9_0/bsp/system.mss
TRACE::2026-02-05.17:45:39::SCWMssOS::DEBUG:  swdes dump  C:/Users/cihem/CPRE-488-Labs/Mp-0_New/Nes/design_1_wrapper/ps7_cortexa9_0/domain_ps7_cortexa9_0/bsp/system.mss|system_0||
C:/Users/cihem/CPRE-488-Labs/Mp-0_New/Nes/design_1_wrapper/zynq_fsbl/zynq_fsbl_bsp/system.mss|system||

TRACE::2026-02-05.17:45:39::SCWMssOS::Sw design exists and opened at  C:/Users/cihem/CPRE-488-Labs/Mp-0_New/Nes/design_1_wrapper/ps7_cortexa9_0/domain_ps7_cortexa9_0/bsp/system.mss
TRACE::2026-02-05.17:45:39::SCWPlatform::Trying to open the hw design at C:/Users/cihem/CPRE-488-Labs/Mp-0_New/Nes/design_1_wrapper/hw/design_1_wrapper.xsa
TRACE::2026-02-05.17:45:39::SCWPlatform::DSA given C:/Users/cihem/CPRE-488-Labs/Mp-0_New/Nes/design_1_wrapper/hw/design_1_wrapper.xsa
TRACE::2026-02-05.17:45:39::SCWPlatform::DSA absoulate path C:/Users/cihem/CPRE-488-Labs/Mp-0_New/Nes/design_1_wrapper/hw/design_1_wrapper.xsa
TRACE::2026-02-05.17:45:39::SCWPlatform::DSA directory C:/Users/cihem/CPRE-488-Labs/Mp-0_New/Nes/design_1_wrapper/hw
TRACE::2026-02-05.17:45:39::SCWPlatform:: Platform Path C:/Users/cihem/CPRE-488-Labs/Mp-0_New/Nes/design_1_wrapper/hw/design_1_wrapper.xsa
TRACE::2026-02-05.17:45:39::SCWPlatform:: Unique name xilinx:zed::0.0
TRACE::2026-02-05.17:45:39::SCWPlatform::Trying to set the existing hwdb with name design_1_wrapper_0
TRACE::2026-02-05.17:45:39::SCWPlatform::Opened existing hwdb design_1_wrapper_0
TRACE::2026-02-05.17:45:39::SCWPlatform::Found the Hw Db part of the input DSA
TRACE::2026-02-05.17:45:39::SCWMssOS::Checking the sw design at  C:/Users/cihem/CPRE-488-Labs/Mp-0_New/Nes/design_1_wrapper/ps7_cortexa9_0/domain_ps7_cortexa9_0/bsp/system.mss
TRACE::2026-02-05.17:45:39::SCWMssOS::DEBUG:  swdes dump  C:/Users/cihem/CPRE-488-Labs/Mp-0_New/Nes/design_1_wrapper/ps7_cortexa9_0/domain_ps7_cortexa9_0/bsp/system.mss|system_0||
C:/Users/cihem/CPRE-488-Labs/Mp-0_New/Nes/design_1_wrapper/zynq_fsbl/zynq_fsbl_bsp/system.mss|system||

TRACE::2026-02-05.17:45:39::SCWMssOS::Sw design exists and opened at  C:/Users/cihem/CPRE-488-Labs/Mp-0_New/Nes/design_1_wrapper/ps7_cortexa9_0/domain_ps7_cortexa9_0/bsp/system.mss
TRACE::2026-02-05.17:45:39::SCWWriter::formatted JSON is {
	"platformName":	"design_1_wrapper",
	"sprVersion":	"2.0",
	"mode":	"gui",
	"dsaType":	"Fixed",
	"platformDesc":	"design_1_wrapper",
	"platHandOff":	"C:/Users/cihem/CPRE-488-Labs/Mp-0_New/TheNextBigThing/design_1_wrapper.xsa",
	"platIntHandOff":	"<platformDir>/hw/design_1_wrapper.xsa",
	"deviceType":	"zynq",
	"platIsPrebuiltAutogen":	"false",
	"platIsNoBootBsp":	"false",
	"platFsblTarget":	"ps7_cortexa9_0",
	"hasFsblMakeHasChanges":	"false",
	"hasPmufwMakeHasChanges":	"false",
	"fsblExtraCompilerFlags":	"-MMD -MP       -mcpu=cortex-a9 -mfpu=vfpv3 -mfloat-abi=hard ",
	"platPreBuiltFlag":	false,
	"platformSamplesDir":	"",
	"platActiveSys":	"design_1_wrapper",
	"systems":	[{
			"systemName":	"design_1_wrapper",
			"systemDesc":	"design_1_wrapper",
			"sysIsBootAutoGen":	"true",
			"systemDispName":	"design_1_wrapper",
			"sysActiveDom":	"domain_ps7_cortexa9_0",
			"sysDefaultDom":	"domain_ps7_cortexa9_0",
			"domains":	[{
					"domainName":	"zynq_fsbl",
					"domainDispName":	"zynq_fsbl",
					"domainDesc":	"FSBL Application BSP - Auto Generated.",
					"processors":	"ps7_cortexa9_0",
					"os":	"standalone",
					"sdxOs":	"standalone",
					"debugEnable":	"",
					"domRuntimes":	["cpp"],
					"swRepo":	"",
					"mssOsVer":	"7.2",
					"mssFile":	"",
					"md5Digest":	"6a16c01a2dc85916823989659d34a150",
					"compatibleApp":	"zynq_fsbl",
					"domType":	"bootDomain",
					"arch":	"32-bit",
					"appSettings":	{
						"appCompilerFlags":	"",
						"appLinkerFlags":	""
					},
					"addedLibs":	["xilffs:4.3", "xilrsa:1.6"],
					"libOptions":	{
						"libsContainingOptions":	[]
					},
					"prebuiltLibs":	{
						"prebuiltIncPath":	[],
						"prebuiltLibPath":	[]
					},
					"isolation":	{
					}
				}, {
					"domainName":	"domain_ps7_cortexa9_0",
					"domainDispName":	"domain_ps7_cortexa9_0",
					"domainDesc":	"domain_ps7_cortexa9_0",
					"processors":	"ps7_cortexa9_0",
					"os":	"standalone",
					"sdxOs":	"standalone",
					"qemuArgs":	"C:/Xilinx/Vitis/2020.1/data/emulation/platforms/zynq/qemu/qemu_args.txt",
					"qemuData":	"C:/Xilinx/Vitis/2020.1/data/emulation/platforms/zynq/qemu/",
					"debugEnable":	"False",
					"domRuntimes":	["cpp"],
					"swRepo":	"",
					"mssOsVer":	"7.2",
					"mssFile":	"",
					"md5Digest":	"e7eb7ecd472555f72b367dd978989e0a",
					"compatibleApp":	"hello_world",
					"domType":	"mssDomain",
					"arch":	"32-bit",
					"appSettings":	{
						"appCompilerFlags":	"",
						"appLinkerFlags":	""
					},
					"addedLibs":	[],
					"libOptions":	{
						"libsContainingOptions":	[]
					},
					"prebuiltLibs":	{
						"prebuiltIncPath":	[],
						"prebuiltLibPath":	[]
					},
					"isolation":	{
					}
				}]
		}]
}
LOG::2026-02-05.17:45:39::SCWPlatform::Started generating the artifacts platform design_1_wrapper
TRACE::2026-02-05.17:45:39::SCWPlatform::Sanity checking of platform is completed
LOG::2026-02-05.17:45:39::SCWPlatform::Started generating the artifacts for system configuration design_1_wrapper
LOG::2026-02-05.17:45:39::SCWSystem::Checking the domain zynq_fsbl
LOG::2026-02-05.17:45:39::SCWSystem::Doing application build for :  zynq_fsbl
TRACE::2026-02-05.17:45:39::SCWBDomain::Not a forced makefile updation, No changes are present. 
TRACE::2026-02-05.17:45:39::SCWDomain::Skipping the build for domain :  zynq_fsbl
LOG::2026-02-05.17:45:39::SCWSystem::Checking the domain domain_ps7_cortexa9_0
LOG::2026-02-05.17:45:39::SCWSystem::Not a boot domain 
LOG::2026-02-05.17:45:39::SCWSystem::Started Processing the domain domain_ps7_cortexa9_0
TRACE::2026-02-05.17:45:39::SCWDomain::Generating domain artifcats
TRACE::2026-02-05.17:45:39::SCWMssOS::Generating standalone artifcats
TRACE::2026-02-05.17:45:39::SCWMssOS::Copying the qemu file from  C:/Xilinx/Vitis/2020.1/data/emulation/platforms/zynq/qemu/qemu_args.txt To C:/Users/cihem/CPRE-488-Labs/Mp-0_New/Nes/design_1_wrapper/export/design_1_wrapper/sw/design_1_wrapper/qemu/
TRACE::2026-02-05.17:45:39::SCWMssOS::Copying the qemu file from  C:/Xilinx/Vitis/2020.1/data/emulation/platforms/zynq/qemu/qemu_args.txt To C:/Users/cihem/CPRE-488-Labs/Mp-0_New/Nes/design_1_wrapper/export/design_1_wrapper/sw/design_1_wrapper/domain_ps7_cortexa9_0/qemu/
TRACE::2026-02-05.17:45:39::SCWMssOS:: Copying the user libraries. 
TRACE::2026-02-05.17:45:39::SCWPlatform::Trying to open the hw design at C:/Users/cihem/CPRE-488-Labs/Mp-0_New/Nes/design_1_wrapper/hw/design_1_wrapper.xsa
TRACE::2026-02-05.17:45:39::SCWPlatform::DSA given C:/Users/cihem/CPRE-488-Labs/Mp-0_New/Nes/design_1_wrapper/hw/design_1_wrapper.xsa
TRACE::2026-02-05.17:45:39::SCWPlatform::DSA absoulate path C:/Users/cihem/CPRE-488-Labs/Mp-0_New/Nes/design_1_wrapper/hw/design_1_wrapper.xsa
TRACE::2026-02-05.17:45:39::SCWPlatform::DSA directory C:/Users/cihem/CPRE-488-Labs/Mp-0_New/Nes/design_1_wrapper/hw
TRACE::2026-02-05.17:45:39::SCWPlatform:: Platform Path C:/Users/cihem/CPRE-488-Labs/Mp-0_New/Nes/design_1_wrapper/hw/design_1_wrapper.xsa
TRACE::2026-02-05.17:45:39::SCWPlatform:: Unique name xilinx:zed::0.0
TRACE::2026-02-05.17:45:39::SCWPlatform::Trying to set the existing hwdb with name design_1_wrapper_0
TRACE::2026-02-05.17:45:39::SCWPlatform::Opened existing hwdb design_1_wrapper_0
TRACE::2026-02-05.17:45:39::SCWPlatform::Found the Hw Db part of the input DSA
TRACE::2026-02-05.17:45:39::SCWMssOS::Checking the sw design at  C:/Users/cihem/CPRE-488-Labs/Mp-0_New/Nes/design_1_wrapper/ps7_cortexa9_0/domain_ps7_cortexa9_0/bsp/system.mss
TRACE::2026-02-05.17:45:39::SCWMssOS::DEBUG:  swdes dump  C:/Users/cihem/CPRE-488-Labs/Mp-0_New/Nes/design_1_wrapper/ps7_cortexa9_0/domain_ps7_cortexa9_0/bsp/system.mss|system_0||
C:/Users/cihem/CPRE-488-Labs/Mp-0_New/Nes/design_1_wrapper/zynq_fsbl/zynq_fsbl_bsp/system.mss|system||

TRACE::2026-02-05.17:45:39::SCWMssOS::Sw design exists and opened at  C:/Users/cihem/CPRE-488-Labs/Mp-0_New/Nes/design_1_wrapper/ps7_cortexa9_0/domain_ps7_cortexa9_0/bsp/system.mss
TRACE::2026-02-05.17:45:39::SCWMssOS::Completed writing the mss file at C:/Users/cihem/CPRE-488-Labs/Mp-0_New/Nes/design_1_wrapper/ps7_cortexa9_0/domain_ps7_cortexa9_0/bsp
TRACE::2026-02-05.17:45:39::SCWMssOS::Mss edits present, copying mssfile into export location C:/Users/cihem/CPRE-488-Labs/Mp-0_New/Nes/design_1_wrapper/ps7_cortexa9_0/domain_ps7_cortexa9_0/bsp/system.mss
TRACE::2026-02-05.17:45:39::SCWMssOS::bsp generated is upto date with the mss file. Skipping bsp generation.
TRACE::2026-02-05.17:45:39::SCWMssOS::BSP is already built. skipping the bsp build ... 
TRACE::2026-02-05.17:45:39::SCWDomain::Skipping the build for domain :  domain_ps7_cortexa9_0
TRACE::2026-02-05.17:45:39::SCWMssOS::skipping the bsp build ... 
TRACE::2026-02-05.17:45:39::SCWMssOS::Copying to export directory.
TRACE::2026-02-05.17:45:39::SCWMssOS:: Checking if to create the Supporting Applications
TRACE::2026-02-05.17:45:39::SCWMssOS:: No Linux domain exists, trying to generate FSBL 
TRACE::2026-02-05.17:45:39::SCWMssOS:: Completed Standalone Artifacts creation 
LOG::2026-02-05.17:45:39::SCWSystem::Completed Processing the domain domain_ps7_cortexa9_0
LOG::2026-02-05.17:45:39::SCWSystem::Completed Processing the sysconfig design_1_wrapper
LOG::2026-02-05.17:45:39::SCWPlatform::Completed generating the artifacts for system configuration design_1_wrapper
TRACE::2026-02-05.17:45:39::SCWPlatform::Started preparing the platform 
TRACE::2026-02-05.17:45:39::SCWSystem::Writing the bif file for system config design_1_wrapper
TRACE::2026-02-05.17:45:39::SCWSystem::dir created 
TRACE::2026-02-05.17:45:39::SCWSystem::Writing the bif 
TRACE::2026-02-05.17:45:39::SCWPlatform::Started writing the spfm file 
TRACE::2026-02-05.17:45:39::SCWPlatform::Started writing the xpfm file 
TRACE::2026-02-05.17:45:39::SCWPlatform::Completed generating the platform
TRACE::2026-02-05.17:45:39::SCWMssOS::Saving the mss changes C:/Users/cihem/CPRE-488-Labs/Mp-0_New/Nes/design_1_wrapper/zynq_fsbl/zynq_fsbl_bsp/system.mss
TRACE::2026-02-05.17:45:39::SCWMssOS::Found a swdesign opened with the mssfile.
TRACE::2026-02-05.17:45:39::SCWMssOS::Completed writemss as part of save.
TRACE::2026-02-05.17:45:39::SCWMssOS::Commit changes completed.
TRACE::2026-02-05.17:45:39::SCWMssOS::Saving the mss changes C:/Users/cihem/CPRE-488-Labs/Mp-0_New/Nes/design_1_wrapper/ps7_cortexa9_0/domain_ps7_cortexa9_0/bsp/system.mss
TRACE::2026-02-05.17:45:39::SCWMssOS::Found a swdesign opened with the mssfile.
TRACE::2026-02-05.17:45:39::SCWMssOS::Completed writemss as part of save.
TRACE::2026-02-05.17:45:39::SCWMssOS::Commit changes completed.
TRACE::2026-02-05.17:45:39::SCWPlatform::Trying to open the hw design at C:/Users/cihem/CPRE-488-Labs/Mp-0_New/Nes/design_1_wrapper/hw/design_1_wrapper.xsa
TRACE::2026-02-05.17:45:39::SCWPlatform::DSA given C:/Users/cihem/CPRE-488-Labs/Mp-0_New/Nes/design_1_wrapper/hw/design_1_wrapper.xsa
TRACE::2026-02-05.17:45:39::SCWPlatform::DSA absoulate path C:/Users/cihem/CPRE-488-Labs/Mp-0_New/Nes/design_1_wrapper/hw/design_1_wrapper.xsa
TRACE::2026-02-05.17:45:39::SCWPlatform::DSA directory C:/Users/cihem/CPRE-488-Labs/Mp-0_New/Nes/design_1_wrapper/hw
TRACE::2026-02-05.17:45:39::SCWPlatform:: Platform Path C:/Users/cihem/CPRE-488-Labs/Mp-0_New/Nes/design_1_wrapper/hw/design_1_wrapper.xsa
TRACE::2026-02-05.17:45:39::SCWPlatform:: Unique name xilinx:zed::0.0
TRACE::2026-02-05.17:45:39::SCWPlatform::Trying to set the existing hwdb with name design_1_wrapper_0
TRACE::2026-02-05.17:45:39::SCWPlatform::Opened existing hwdb design_1_wrapper_0
TRACE::2026-02-05.17:45:39::SCWPlatform::Found the Hw Db part of the input DSA
TRACE::2026-02-05.17:45:39::SCWMssOS::Checking the sw design at  C:/Users/cihem/CPRE-488-Labs/Mp-0_New/Nes/design_1_wrapper/zynq_fsbl/zynq_fsbl_bsp/system.mss
TRACE::2026-02-05.17:45:39::SCWMssOS::DEBUG:  swdes dump  C:/Users/cihem/CPRE-488-Labs/Mp-0_New/Nes/design_1_wrapper/ps7_cortexa9_0/domain_ps7_cortexa9_0/bsp/system.mss|system_0||
C:/Users/cihem/CPRE-488-Labs/Mp-0_New/Nes/design_1_wrapper/zynq_fsbl/zynq_fsbl_bsp/system.mss|system||

TRACE::2026-02-05.17:45:39::SCWMssOS::Sw design exists and opened at  C:/Users/cihem/CPRE-488-Labs/Mp-0_New/Nes/design_1_wrapper/zynq_fsbl/zynq_fsbl_bsp/system.mss
TRACE::2026-02-05.17:45:39::SCWPlatform::Trying to open the hw design at C:/Users/cihem/CPRE-488-Labs/Mp-0_New/Nes/design_1_wrapper/hw/design_1_wrapper.xsa
TRACE::2026-02-05.17:45:39::SCWPlatform::DSA given C:/Users/cihem/CPRE-488-Labs/Mp-0_New/Nes/design_1_wrapper/hw/design_1_wrapper.xsa
TRACE::2026-02-05.17:45:39::SCWPlatform::DSA absoulate path C:/Users/cihem/CPRE-488-Labs/Mp-0_New/Nes/design_1_wrapper/hw/design_1_wrapper.xsa
TRACE::2026-02-05.17:45:39::SCWPlatform::DSA directory C:/Users/cihem/CPRE-488-Labs/Mp-0_New/Nes/design_1_wrapper/hw
TRACE::2026-02-05.17:45:39::SCWPlatform:: Platform Path C:/Users/cihem/CPRE-488-Labs/Mp-0_New/Nes/design_1_wrapper/hw/design_1_wrapper.xsa
TRACE::2026-02-05.17:45:39::SCWPlatform:: Unique name xilinx:zed::0.0
TRACE::2026-02-05.17:45:39::SCWPlatform::Trying to set the existing hwdb with name design_1_wrapper_0
TRACE::2026-02-05.17:45:39::SCWPlatform::Opened existing hwdb design_1_wrapper_0
TRACE::2026-02-05.17:45:39::SCWPlatform::Found the Hw Db part of the input DSA
TRACE::2026-02-05.17:45:39::SCWMssOS::Checking the sw design at  C:/Users/cihem/CPRE-488-Labs/Mp-0_New/Nes/design_1_wrapper/zynq_fsbl/zynq_fsbl_bsp/system.mss
TRACE::2026-02-05.17:45:39::SCWMssOS::DEBUG:  swdes dump  C:/Users/cihem/CPRE-488-Labs/Mp-0_New/Nes/design_1_wrapper/ps7_cortexa9_0/domain_ps7_cortexa9_0/bsp/system.mss|system_0||
C:/Users/cihem/CPRE-488-Labs/Mp-0_New/Nes/design_1_wrapper/zynq_fsbl/zynq_fsbl_bsp/system.mss|system||

TRACE::2026-02-05.17:45:39::SCWMssOS::Sw design exists and opened at  C:/Users/cihem/CPRE-488-Labs/Mp-0_New/Nes/design_1_wrapper/zynq_fsbl/zynq_fsbl_bsp/system.mss
TRACE::2026-02-05.17:45:39::SCWPlatform::Trying to open the hw design at C:/Users/cihem/CPRE-488-Labs/Mp-0_New/Nes/design_1_wrapper/hw/design_1_wrapper.xsa
TRACE::2026-02-05.17:45:39::SCWPlatform::DSA given C:/Users/cihem/CPRE-488-Labs/Mp-0_New/Nes/design_1_wrapper/hw/design_1_wrapper.xsa
TRACE::2026-02-05.17:45:39::SCWPlatform::DSA absoulate path C:/Users/cihem/CPRE-488-Labs/Mp-0_New/Nes/design_1_wrapper/hw/design_1_wrapper.xsa
TRACE::2026-02-05.17:45:39::SCWPlatform::DSA directory C:/Users/cihem/CPRE-488-Labs/Mp-0_New/Nes/design_1_wrapper/hw
TRACE::2026-02-05.17:45:39::SCWPlatform:: Platform Path C:/Users/cihem/CPRE-488-Labs/Mp-0_New/Nes/design_1_wrapper/hw/design_1_wrapper.xsa
TRACE::2026-02-05.17:45:39::SCWPlatform:: Unique name xilinx:zed::0.0
TRACE::2026-02-05.17:45:39::SCWPlatform::Trying to set the existing hwdb with name design_1_wrapper_0
TRACE::2026-02-05.17:45:39::SCWPlatform::Opened existing hwdb design_1_wrapper_0
TRACE::2026-02-05.17:45:39::SCWPlatform::Found the Hw Db part of the input DSA
TRACE::2026-02-05.17:45:39::SCWMssOS::Checking the sw design at  C:/Users/cihem/CPRE-488-Labs/Mp-0_New/Nes/design_1_wrapper/zynq_fsbl/zynq_fsbl_bsp/system.mss
TRACE::2026-02-05.17:45:39::SCWMssOS::DEBUG:  swdes dump  C:/Users/cihem/CPRE-488-Labs/Mp-0_New/Nes/design_1_wrapper/ps7_cortexa9_0/domain_ps7_cortexa9_0/bsp/system.mss|system_0||
C:/Users/cihem/CPRE-488-Labs/Mp-0_New/Nes/design_1_wrapper/zynq_fsbl/zynq_fsbl_bsp/system.mss|system||

TRACE::2026-02-05.17:45:39::SCWMssOS::Sw design exists and opened at  C:/Users/cihem/CPRE-488-Labs/Mp-0_New/Nes/design_1_wrapper/zynq_fsbl/zynq_fsbl_bsp/system.mss
TRACE::2026-02-05.17:45:39::SCWPlatform::Trying to open the hw design at C:/Users/cihem/CPRE-488-Labs/Mp-0_New/Nes/design_1_wrapper/hw/design_1_wrapper.xsa
TRACE::2026-02-05.17:45:39::SCWPlatform::DSA given C:/Users/cihem/CPRE-488-Labs/Mp-0_New/Nes/design_1_wrapper/hw/design_1_wrapper.xsa
TRACE::2026-02-05.17:45:39::SCWPlatform::DSA absoulate path C:/Users/cihem/CPRE-488-Labs/Mp-0_New/Nes/design_1_wrapper/hw/design_1_wrapper.xsa
TRACE::2026-02-05.17:45:39::SCWPlatform::DSA directory C:/Users/cihem/CPRE-488-Labs/Mp-0_New/Nes/design_1_wrapper/hw
TRACE::2026-02-05.17:45:39::SCWPlatform:: Platform Path C:/Users/cihem/CPRE-488-Labs/Mp-0_New/Nes/design_1_wrapper/hw/design_1_wrapper.xsa
TRACE::2026-02-05.17:45:39::SCWPlatform:: Unique name xilinx:zed::0.0
TRACE::2026-02-05.17:45:39::SCWPlatform::Trying to set the existing hwdb with name design_1_wrapper_0
TRACE::2026-02-05.17:45:39::SCWPlatform::Opened existing hwdb design_1_wrapper_0
TRACE::2026-02-05.17:45:39::SCWPlatform::Found the Hw Db part of the input DSA
TRACE::2026-02-05.17:45:39::SCWMssOS::Checking the sw design at  C:/Users/cihem/CPRE-488-Labs/Mp-0_New/Nes/design_1_wrapper/ps7_cortexa9_0/domain_ps7_cortexa9_0/bsp/system.mss
TRACE::2026-02-05.17:45:39::SCWMssOS::DEBUG:  swdes dump  C:/Users/cihem/CPRE-488-Labs/Mp-0_New/Nes/design_1_wrapper/ps7_cortexa9_0/domain_ps7_cortexa9_0/bsp/system.mss|system_0||
C:/Users/cihem/CPRE-488-Labs/Mp-0_New/Nes/design_1_wrapper/zynq_fsbl/zynq_fsbl_bsp/system.mss|system||

TRACE::2026-02-05.17:45:39::SCWMssOS::Sw design exists and opened at  C:/Users/cihem/CPRE-488-Labs/Mp-0_New/Nes/design_1_wrapper/ps7_cortexa9_0/domain_ps7_cortexa9_0/bsp/system.mss
TRACE::2026-02-05.17:45:39::SCWPlatform::Trying to open the hw design at C:/Users/cihem/CPRE-488-Labs/Mp-0_New/Nes/design_1_wrapper/hw/design_1_wrapper.xsa
TRACE::2026-02-05.17:45:39::SCWPlatform::DSA given C:/Users/cihem/CPRE-488-Labs/Mp-0_New/Nes/design_1_wrapper/hw/design_1_wrapper.xsa
TRACE::2026-02-05.17:45:39::SCWPlatform::DSA absoulate path C:/Users/cihem/CPRE-488-Labs/Mp-0_New/Nes/design_1_wrapper/hw/design_1_wrapper.xsa
TRACE::2026-02-05.17:45:39::SCWPlatform::DSA directory C:/Users/cihem/CPRE-488-Labs/Mp-0_New/Nes/design_1_wrapper/hw
TRACE::2026-02-05.17:45:39::SCWPlatform:: Platform Path C:/Users/cihem/CPRE-488-Labs/Mp-0_New/Nes/design_1_wrapper/hw/design_1_wrapper.xsa
TRACE::2026-02-05.17:45:39::SCWPlatform:: Unique name xilinx:zed::0.0
TRACE::2026-02-05.17:45:39::SCWPlatform::Trying to set the existing hwdb with name design_1_wrapper_0
TRACE::2026-02-05.17:45:39::SCWPlatform::Opened existing hwdb design_1_wrapper_0
TRACE::2026-02-05.17:45:39::SCWPlatform::Found the Hw Db part of the input DSA
TRACE::2026-02-05.17:45:39::SCWMssOS::Checking the sw design at  C:/Users/cihem/CPRE-488-Labs/Mp-0_New/Nes/design_1_wrapper/ps7_cortexa9_0/domain_ps7_cortexa9_0/bsp/system.mss
TRACE::2026-02-05.17:45:39::SCWMssOS::DEBUG:  swdes dump  C:/Users/cihem/CPRE-488-Labs/Mp-0_New/Nes/design_1_wrapper/ps7_cortexa9_0/domain_ps7_cortexa9_0/bsp/system.mss|system_0||
C:/Users/cihem/CPRE-488-Labs/Mp-0_New/Nes/design_1_wrapper/zynq_fsbl/zynq_fsbl_bsp/system.mss|system||

TRACE::2026-02-05.17:45:39::SCWMssOS::Sw design exists and opened at  C:/Users/cihem/CPRE-488-Labs/Mp-0_New/Nes/design_1_wrapper/ps7_cortexa9_0/domain_ps7_cortexa9_0/bsp/system.mss
TRACE::2026-02-05.17:45:39::SCWPlatform::Trying to open the hw design at C:/Users/cihem/CPRE-488-Labs/Mp-0_New/Nes/design_1_wrapper/hw/design_1_wrapper.xsa
TRACE::2026-02-05.17:45:39::SCWPlatform::DSA given C:/Users/cihem/CPRE-488-Labs/Mp-0_New/Nes/design_1_wrapper/hw/design_1_wrapper.xsa
TRACE::2026-02-05.17:45:39::SCWPlatform::DSA absoulate path C:/Users/cihem/CPRE-488-Labs/Mp-0_New/Nes/design_1_wrapper/hw/design_1_wrapper.xsa
TRACE::2026-02-05.17:45:39::SCWPlatform::DSA directory C:/Users/cihem/CPRE-488-Labs/Mp-0_New/Nes/design_1_wrapper/hw
TRACE::2026-02-05.17:45:39::SCWPlatform:: Platform Path C:/Users/cihem/CPRE-488-Labs/Mp-0_New/Nes/design_1_wrapper/hw/design_1_wrapper.xsa
TRACE::2026-02-05.17:45:39::SCWPlatform:: Unique name xilinx:zed::0.0
TRACE::2026-02-05.17:45:39::SCWPlatform::Trying to set the existing hwdb with name design_1_wrapper_0
TRACE::2026-02-05.17:45:39::SCWPlatform::Opened existing hwdb design_1_wrapper_0
TRACE::2026-02-05.17:45:39::SCWPlatform::Found the Hw Db part of the input DSA
TRACE::2026-02-05.17:45:39::SCWMssOS::Checking the sw design at  C:/Users/cihem/CPRE-488-Labs/Mp-0_New/Nes/design_1_wrapper/ps7_cortexa9_0/domain_ps7_cortexa9_0/bsp/system.mss
TRACE::2026-02-05.17:45:39::SCWMssOS::DEBUG:  swdes dump  C:/Users/cihem/CPRE-488-Labs/Mp-0_New/Nes/design_1_wrapper/ps7_cortexa9_0/domain_ps7_cortexa9_0/bsp/system.mss|system_0||
C:/Users/cihem/CPRE-488-Labs/Mp-0_New/Nes/design_1_wrapper/zynq_fsbl/zynq_fsbl_bsp/system.mss|system||

TRACE::2026-02-05.17:45:39::SCWMssOS::Sw design exists and opened at  C:/Users/cihem/CPRE-488-Labs/Mp-0_New/Nes/design_1_wrapper/ps7_cortexa9_0/domain_ps7_cortexa9_0/bsp/system.mss
TRACE::2026-02-05.17:45:39::SCWWriter::formatted JSON is {
	"platformName":	"design_1_wrapper",
	"sprVersion":	"2.0",
	"mode":	"gui",
	"dsaType":	"Fixed",
	"platformDesc":	"design_1_wrapper",
	"platHandOff":	"C:/Users/cihem/CPRE-488-Labs/Mp-0_New/TheNextBigThing/design_1_wrapper.xsa",
	"platIntHandOff":	"<platformDir>/hw/design_1_wrapper.xsa",
	"deviceType":	"zynq",
	"platIsPrebuiltAutogen":	"false",
	"platIsNoBootBsp":	"false",
	"platFsblTarget":	"ps7_cortexa9_0",
	"hasFsblMakeHasChanges":	"false",
	"hasPmufwMakeHasChanges":	"false",
	"fsblExtraCompilerFlags":	"-MMD -MP       -mcpu=cortex-a9 -mfpu=vfpv3 -mfloat-abi=hard ",
	"platPreBuiltFlag":	false,
	"platformSamplesDir":	"",
	"platActiveSys":	"design_1_wrapper",
	"systems":	[{
			"systemName":	"design_1_wrapper",
			"systemDesc":	"design_1_wrapper",
			"sysIsBootAutoGen":	"true",
			"systemDispName":	"design_1_wrapper",
			"sysActiveDom":	"domain_ps7_cortexa9_0",
			"sysDefaultDom":	"domain_ps7_cortexa9_0",
			"domains":	[{
					"domainName":	"zynq_fsbl",
					"domainDispName":	"zynq_fsbl",
					"domainDesc":	"FSBL Application BSP - Auto Generated.",
					"processors":	"ps7_cortexa9_0",
					"os":	"standalone",
					"sdxOs":	"standalone",
					"debugEnable":	"",
					"domRuntimes":	["cpp"],
					"swRepo":	"",
					"mssOsVer":	"7.2",
					"mssFile":	"",
					"md5Digest":	"6a16c01a2dc85916823989659d34a150",
					"compatibleApp":	"zynq_fsbl",
					"domType":	"bootDomain",
					"arch":	"32-bit",
					"appSettings":	{
						"appCompilerFlags":	"",
						"appLinkerFlags":	""
					},
					"addedLibs":	["xilffs:4.3", "xilrsa:1.6"],
					"libOptions":	{
						"libsContainingOptions":	[]
					},
					"prebuiltLibs":	{
						"prebuiltIncPath":	[],
						"prebuiltLibPath":	[]
					},
					"isolation":	{
					}
				}, {
					"domainName":	"domain_ps7_cortexa9_0",
					"domainDispName":	"domain_ps7_cortexa9_0",
					"domainDesc":	"domain_ps7_cortexa9_0",
					"processors":	"ps7_cortexa9_0",
					"os":	"standalone",
					"sdxOs":	"standalone",
					"qemuArgs":	"C:/Xilinx/Vitis/2020.1/data/emulation/platforms/zynq/qemu/qemu_args.txt",
					"qemuData":	"C:/Xilinx/Vitis/2020.1/data/emulation/platforms/zynq/qemu/",
					"debugEnable":	"False",
					"domRuntimes":	["cpp"],
					"swRepo":	"",
					"mssOsVer":	"7.2",
					"mssFile":	"",
					"md5Digest":	"e7eb7ecd472555f72b367dd978989e0a",
					"compatibleApp":	"hello_world",
					"domType":	"mssDomain",
					"arch":	"32-bit",
					"appSettings":	{
						"appCompilerFlags":	"",
						"appLinkerFlags":	""
					},
					"addedLibs":	[],
					"libOptions":	{
						"libsContainingOptions":	[]
					},
					"prebuiltLibs":	{
						"prebuiltIncPath":	[],
						"prebuiltLibPath":	[]
					},
					"isolation":	{
					}
				}]
		}]
}
KEYINFO::2026-02-05.17:45:39::SCWPlatform::updated the xpfm file.
TRACE::2026-02-05.17:45:39::SCWPlatform::Trying to open the hw design at C:/Users/cihem/CPRE-488-Labs/Mp-0_New/Nes/design_1_wrapper/hw/design_1_wrapper.xsa
TRACE::2026-02-05.17:45:39::SCWPlatform::DSA given C:/Users/cihem/CPRE-488-Labs/Mp-0_New/Nes/design_1_wrapper/hw/design_1_wrapper.xsa
TRACE::2026-02-05.17:45:39::SCWPlatform::DSA absoulate path C:/Users/cihem/CPRE-488-Labs/Mp-0_New/Nes/design_1_wrapper/hw/design_1_wrapper.xsa
TRACE::2026-02-05.17:45:39::SCWPlatform::DSA directory C:/Users/cihem/CPRE-488-Labs/Mp-0_New/Nes/design_1_wrapper/hw
TRACE::2026-02-05.17:45:39::SCWPlatform:: Platform Path C:/Users/cihem/CPRE-488-Labs/Mp-0_New/Nes/design_1_wrapper/hw/design_1_wrapper.xsa
TRACE::2026-02-05.17:45:39::SCWPlatform:: Unique name xilinx:zed::0.0
TRACE::2026-02-05.17:45:39::SCWPlatform::Trying to set the existing hwdb with name design_1_wrapper_0
TRACE::2026-02-05.17:45:39::SCWPlatform::Opened existing hwdb design_1_wrapper_0
TRACE::2026-02-05.17:45:39::SCWPlatform::Found the Hw Db part of the input DSA
TRACE::2026-02-05.17:45:39::SCWMssOS::Checking the sw design at  C:/Users/cihem/CPRE-488-Labs/Mp-0_New/Nes/design_1_wrapper/ps7_cortexa9_0/domain_ps7_cortexa9_0/bsp/system.mss
TRACE::2026-02-05.17:45:39::SCWMssOS::DEBUG:  swdes dump  C:/Users/cihem/CPRE-488-Labs/Mp-0_New/Nes/design_1_wrapper/ps7_cortexa9_0/domain_ps7_cortexa9_0/bsp/system.mss|system_0||
C:/Users/cihem/CPRE-488-Labs/Mp-0_New/Nes/design_1_wrapper/zynq_fsbl/zynq_fsbl_bsp/system.mss|system||

TRACE::2026-02-05.17:45:39::SCWMssOS::Sw design exists and opened at  C:/Users/cihem/CPRE-488-Labs/Mp-0_New/Nes/design_1_wrapper/ps7_cortexa9_0/domain_ps7_cortexa9_0/bsp/system.mss
TRACE::2026-02-05.17:45:39::SCWMssOS::Saving the mss changes C:/Users/cihem/CPRE-488-Labs/Mp-0_New/Nes/design_1_wrapper/zynq_fsbl/zynq_fsbl_bsp/system.mss
TRACE::2026-02-05.17:45:39::SCWMssOS::Found a swdesign opened with the mssfile.
TRACE::2026-02-05.17:45:39::SCWMssOS::Completed writemss as part of save.
TRACE::2026-02-05.17:45:39::SCWMssOS::Commit changes completed.
TRACE::2026-02-05.17:45:39::SCWMssOS::Saving the mss changes C:/Users/cihem/CPRE-488-Labs/Mp-0_New/Nes/design_1_wrapper/ps7_cortexa9_0/domain_ps7_cortexa9_0/bsp/system.mss
TRACE::2026-02-05.17:45:39::SCWMssOS::Found a swdesign opened with the mssfile.
TRACE::2026-02-05.17:45:39::SCWMssOS::Completed writemss as part of save.
TRACE::2026-02-05.17:45:39::SCWMssOS::Commit changes completed.
TRACE::2026-02-05.17:45:39::SCWPlatform::Trying to open the hw design at C:/Users/cihem/CPRE-488-Labs/Mp-0_New/Nes/design_1_wrapper/hw/design_1_wrapper.xsa
TRACE::2026-02-05.17:45:39::SCWPlatform::DSA given C:/Users/cihem/CPRE-488-Labs/Mp-0_New/Nes/design_1_wrapper/hw/design_1_wrapper.xsa
TRACE::2026-02-05.17:45:39::SCWPlatform::DSA absoulate path C:/Users/cihem/CPRE-488-Labs/Mp-0_New/Nes/design_1_wrapper/hw/design_1_wrapper.xsa
TRACE::2026-02-05.17:45:39::SCWPlatform::DSA directory C:/Users/cihem/CPRE-488-Labs/Mp-0_New/Nes/design_1_wrapper/hw
TRACE::2026-02-05.17:45:39::SCWPlatform:: Platform Path C:/Users/cihem/CPRE-488-Labs/Mp-0_New/Nes/design_1_wrapper/hw/design_1_wrapper.xsa
TRACE::2026-02-05.17:45:39::SCWPlatform:: Unique name xilinx:zed::0.0
TRACE::2026-02-05.17:45:39::SCWPlatform::Trying to set the existing hwdb with name design_1_wrapper_0
TRACE::2026-02-05.17:45:39::SCWPlatform::Opened existing hwdb design_1_wrapper_0
TRACE::2026-02-05.17:45:39::SCWPlatform::Found the Hw Db part of the input DSA
TRACE::2026-02-05.17:45:39::SCWMssOS::Checking the sw design at  C:/Users/cihem/CPRE-488-Labs/Mp-0_New/Nes/design_1_wrapper/zynq_fsbl/zynq_fsbl_bsp/system.mss
TRACE::2026-02-05.17:45:39::SCWMssOS::DEBUG:  swdes dump  C:/Users/cihem/CPRE-488-Labs/Mp-0_New/Nes/design_1_wrapper/ps7_cortexa9_0/domain_ps7_cortexa9_0/bsp/system.mss|system_0||
C:/Users/cihem/CPRE-488-Labs/Mp-0_New/Nes/design_1_wrapper/zynq_fsbl/zynq_fsbl_bsp/system.mss|system||

TRACE::2026-02-05.17:45:39::SCWMssOS::Sw design exists and opened at  C:/Users/cihem/CPRE-488-Labs/Mp-0_New/Nes/design_1_wrapper/zynq_fsbl/zynq_fsbl_bsp/system.mss
TRACE::2026-02-05.17:45:39::SCWPlatform::Trying to open the hw design at C:/Users/cihem/CPRE-488-Labs/Mp-0_New/Nes/design_1_wrapper/hw/design_1_wrapper.xsa
TRACE::2026-02-05.17:45:39::SCWPlatform::DSA given C:/Users/cihem/CPRE-488-Labs/Mp-0_New/Nes/design_1_wrapper/hw/design_1_wrapper.xsa
TRACE::2026-02-05.17:45:39::SCWPlatform::DSA absoulate path C:/Users/cihem/CPRE-488-Labs/Mp-0_New/Nes/design_1_wrapper/hw/design_1_wrapper.xsa
TRACE::2026-02-05.17:45:39::SCWPlatform::DSA directory C:/Users/cihem/CPRE-488-Labs/Mp-0_New/Nes/design_1_wrapper/hw
TRACE::2026-02-05.17:45:39::SCWPlatform:: Platform Path C:/Users/cihem/CPRE-488-Labs/Mp-0_New/Nes/design_1_wrapper/hw/design_1_wrapper.xsa
TRACE::2026-02-05.17:45:39::SCWPlatform:: Unique name xilinx:zed::0.0
TRACE::2026-02-05.17:45:39::SCWPlatform::Trying to set the existing hwdb with name design_1_wrapper_0
TRACE::2026-02-05.17:45:39::SCWPlatform::Opened existing hwdb design_1_wrapper_0
TRACE::2026-02-05.17:45:39::SCWPlatform::Found the Hw Db part of the input DSA
TRACE::2026-02-05.17:45:39::SCWMssOS::Checking the sw design at  C:/Users/cihem/CPRE-488-Labs/Mp-0_New/Nes/design_1_wrapper/zynq_fsbl/zynq_fsbl_bsp/system.mss
TRACE::2026-02-05.17:45:39::SCWMssOS::DEBUG:  swdes dump  C:/Users/cihem/CPRE-488-Labs/Mp-0_New/Nes/design_1_wrapper/ps7_cortexa9_0/domain_ps7_cortexa9_0/bsp/system.mss|system_0||
C:/Users/cihem/CPRE-488-Labs/Mp-0_New/Nes/design_1_wrapper/zynq_fsbl/zynq_fsbl_bsp/system.mss|system||

TRACE::2026-02-05.17:45:39::SCWMssOS::Sw design exists and opened at  C:/Users/cihem/CPRE-488-Labs/Mp-0_New/Nes/design_1_wrapper/zynq_fsbl/zynq_fsbl_bsp/system.mss
TRACE::2026-02-05.17:45:39::SCWPlatform::Trying to open the hw design at C:/Users/cihem/CPRE-488-Labs/Mp-0_New/Nes/design_1_wrapper/hw/design_1_wrapper.xsa
TRACE::2026-02-05.17:45:39::SCWPlatform::DSA given C:/Users/cihem/CPRE-488-Labs/Mp-0_New/Nes/design_1_wrapper/hw/design_1_wrapper.xsa
TRACE::2026-02-05.17:45:39::SCWPlatform::DSA absoulate path C:/Users/cihem/CPRE-488-Labs/Mp-0_New/Nes/design_1_wrapper/hw/design_1_wrapper.xsa
TRACE::2026-02-05.17:45:39::SCWPlatform::DSA directory C:/Users/cihem/CPRE-488-Labs/Mp-0_New/Nes/design_1_wrapper/hw
TRACE::2026-02-05.17:45:39::SCWPlatform:: Platform Path C:/Users/cihem/CPRE-488-Labs/Mp-0_New/Nes/design_1_wrapper/hw/design_1_wrapper.xsa
TRACE::2026-02-05.17:45:39::SCWPlatform:: Unique name xilinx:zed::0.0
TRACE::2026-02-05.17:45:39::SCWPlatform::Trying to set the existing hwdb with name design_1_wrapper_0
TRACE::2026-02-05.17:45:39::SCWPlatform::Opened existing hwdb design_1_wrapper_0
TRACE::2026-02-05.17:45:39::SCWPlatform::Found the Hw Db part of the input DSA
TRACE::2026-02-05.17:45:39::SCWMssOS::Checking the sw design at  C:/Users/cihem/CPRE-488-Labs/Mp-0_New/Nes/design_1_wrapper/zynq_fsbl/zynq_fsbl_bsp/system.mss
TRACE::2026-02-05.17:45:39::SCWMssOS::DEBUG:  swdes dump  C:/Users/cihem/CPRE-488-Labs/Mp-0_New/Nes/design_1_wrapper/ps7_cortexa9_0/domain_ps7_cortexa9_0/bsp/system.mss|system_0||
C:/Users/cihem/CPRE-488-Labs/Mp-0_New/Nes/design_1_wrapper/zynq_fsbl/zynq_fsbl_bsp/system.mss|system||

TRACE::2026-02-05.17:45:39::SCWMssOS::Sw design exists and opened at  C:/Users/cihem/CPRE-488-Labs/Mp-0_New/Nes/design_1_wrapper/zynq_fsbl/zynq_fsbl_bsp/system.mss
TRACE::2026-02-05.17:45:39::SCWPlatform::Trying to open the hw design at C:/Users/cihem/CPRE-488-Labs/Mp-0_New/Nes/design_1_wrapper/hw/design_1_wrapper.xsa
TRACE::2026-02-05.17:45:39::SCWPlatform::DSA given C:/Users/cihem/CPRE-488-Labs/Mp-0_New/Nes/design_1_wrapper/hw/design_1_wrapper.xsa
TRACE::2026-02-05.17:45:39::SCWPlatform::DSA absoulate path C:/Users/cihem/CPRE-488-Labs/Mp-0_New/Nes/design_1_wrapper/hw/design_1_wrapper.xsa
TRACE::2026-02-05.17:45:39::SCWPlatform::DSA directory C:/Users/cihem/CPRE-488-Labs/Mp-0_New/Nes/design_1_wrapper/hw
TRACE::2026-02-05.17:45:39::SCWPlatform:: Platform Path C:/Users/cihem/CPRE-488-Labs/Mp-0_New/Nes/design_1_wrapper/hw/design_1_wrapper.xsa
TRACE::2026-02-05.17:45:39::SCWPlatform:: Unique name xilinx:zed::0.0
TRACE::2026-02-05.17:45:39::SCWPlatform::Trying to set the existing hwdb with name design_1_wrapper_0
TRACE::2026-02-05.17:45:39::SCWPlatform::Opened existing hwdb design_1_wrapper_0
TRACE::2026-02-05.17:45:39::SCWPlatform::Found the Hw Db part of the input DSA
TRACE::2026-02-05.17:45:39::SCWMssOS::Checking the sw design at  C:/Users/cihem/CPRE-488-Labs/Mp-0_New/Nes/design_1_wrapper/ps7_cortexa9_0/domain_ps7_cortexa9_0/bsp/system.mss
TRACE::2026-02-05.17:45:39::SCWMssOS::DEBUG:  swdes dump  C:/Users/cihem/CPRE-488-Labs/Mp-0_New/Nes/design_1_wrapper/ps7_cortexa9_0/domain_ps7_cortexa9_0/bsp/system.mss|system_0||
C:/Users/cihem/CPRE-488-Labs/Mp-0_New/Nes/design_1_wrapper/zynq_fsbl/zynq_fsbl_bsp/system.mss|system||

TRACE::2026-02-05.17:45:39::SCWMssOS::Sw design exists and opened at  C:/Users/cihem/CPRE-488-Labs/Mp-0_New/Nes/design_1_wrapper/ps7_cortexa9_0/domain_ps7_cortexa9_0/bsp/system.mss
TRACE::2026-02-05.17:45:39::SCWPlatform::Trying to open the hw design at C:/Users/cihem/CPRE-488-Labs/Mp-0_New/Nes/design_1_wrapper/hw/design_1_wrapper.xsa
TRACE::2026-02-05.17:45:39::SCWPlatform::DSA given C:/Users/cihem/CPRE-488-Labs/Mp-0_New/Nes/design_1_wrapper/hw/design_1_wrapper.xsa
TRACE::2026-02-05.17:45:39::SCWPlatform::DSA absoulate path C:/Users/cihem/CPRE-488-Labs/Mp-0_New/Nes/design_1_wrapper/hw/design_1_wrapper.xsa
TRACE::2026-02-05.17:45:39::SCWPlatform::DSA directory C:/Users/cihem/CPRE-488-Labs/Mp-0_New/Nes/design_1_wrapper/hw
TRACE::2026-02-05.17:45:39::SCWPlatform:: Platform Path C:/Users/cihem/CPRE-488-Labs/Mp-0_New/Nes/design_1_wrapper/hw/design_1_wrapper.xsa
TRACE::2026-02-05.17:45:39::SCWPlatform:: Unique name xilinx:zed::0.0
TRACE::2026-02-05.17:45:39::SCWPlatform::Trying to set the existing hwdb with name design_1_wrapper_0
TRACE::2026-02-05.17:45:39::SCWPlatform::Opened existing hwdb design_1_wrapper_0
TRACE::2026-02-05.17:45:39::SCWPlatform::Found the Hw Db part of the input DSA
TRACE::2026-02-05.17:45:39::SCWMssOS::Checking the sw design at  C:/Users/cihem/CPRE-488-Labs/Mp-0_New/Nes/design_1_wrapper/ps7_cortexa9_0/domain_ps7_cortexa9_0/bsp/system.mss
TRACE::2026-02-05.17:45:39::SCWMssOS::DEBUG:  swdes dump  C:/Users/cihem/CPRE-488-Labs/Mp-0_New/Nes/design_1_wrapper/ps7_cortexa9_0/domain_ps7_cortexa9_0/bsp/system.mss|system_0||
C:/Users/cihem/CPRE-488-Labs/Mp-0_New/Nes/design_1_wrapper/zynq_fsbl/zynq_fsbl_bsp/system.mss|system||

TRACE::2026-02-05.17:45:39::SCWMssOS::Sw design exists and opened at  C:/Users/cihem/CPRE-488-Labs/Mp-0_New/Nes/design_1_wrapper/ps7_cortexa9_0/domain_ps7_cortexa9_0/bsp/system.mss
TRACE::2026-02-05.17:45:39::SCWPlatform::Trying to open the hw design at C:/Users/cihem/CPRE-488-Labs/Mp-0_New/Nes/design_1_wrapper/hw/design_1_wrapper.xsa
TRACE::2026-02-05.17:45:39::SCWPlatform::DSA given C:/Users/cihem/CPRE-488-Labs/Mp-0_New/Nes/design_1_wrapper/hw/design_1_wrapper.xsa
TRACE::2026-02-05.17:45:39::SCWPlatform::DSA absoulate path C:/Users/cihem/CPRE-488-Labs/Mp-0_New/Nes/design_1_wrapper/hw/design_1_wrapper.xsa
TRACE::2026-02-05.17:45:39::SCWPlatform::DSA directory C:/Users/cihem/CPRE-488-Labs/Mp-0_New/Nes/design_1_wrapper/hw
TRACE::2026-02-05.17:45:39::SCWPlatform:: Platform Path C:/Users/cihem/CPRE-488-Labs/Mp-0_New/Nes/design_1_wrapper/hw/design_1_wrapper.xsa
TRACE::2026-02-05.17:45:39::SCWPlatform:: Unique name xilinx:zed::0.0
TRACE::2026-02-05.17:45:39::SCWPlatform::Trying to set the existing hwdb with name design_1_wrapper_0
TRACE::2026-02-05.17:45:39::SCWPlatform::Opened existing hwdb design_1_wrapper_0
TRACE::2026-02-05.17:45:39::SCWPlatform::Found the Hw Db part of the input DSA
TRACE::2026-02-05.17:45:39::SCWMssOS::Checking the sw design at  C:/Users/cihem/CPRE-488-Labs/Mp-0_New/Nes/design_1_wrapper/ps7_cortexa9_0/domain_ps7_cortexa9_0/bsp/system.mss
TRACE::2026-02-05.17:45:39::SCWMssOS::DEBUG:  swdes dump  C:/Users/cihem/CPRE-488-Labs/Mp-0_New/Nes/design_1_wrapper/ps7_cortexa9_0/domain_ps7_cortexa9_0/bsp/system.mss|system_0||
C:/Users/cihem/CPRE-488-Labs/Mp-0_New/Nes/design_1_wrapper/zynq_fsbl/zynq_fsbl_bsp/system.mss|system||

TRACE::2026-02-05.17:45:39::SCWMssOS::Sw design exists and opened at  C:/Users/cihem/CPRE-488-Labs/Mp-0_New/Nes/design_1_wrapper/ps7_cortexa9_0/domain_ps7_cortexa9_0/bsp/system.mss
TRACE::2026-02-05.17:45:39::SCWWriter::formatted JSON is {
	"platformName":	"design_1_wrapper",
	"sprVersion":	"2.0",
	"mode":	"gui",
	"dsaType":	"Fixed",
	"platformDesc":	"design_1_wrapper",
	"platHandOff":	"C:/Users/cihem/CPRE-488-Labs/Mp-0_New/TheNextBigThing/design_1_wrapper.xsa",
	"platIntHandOff":	"<platformDir>/hw/design_1_wrapper.xsa",
	"deviceType":	"zynq",
	"platIsPrebuiltAutogen":	"false",
	"platIsNoBootBsp":	"false",
	"platFsblTarget":	"ps7_cortexa9_0",
	"hasFsblMakeHasChanges":	"false",
	"hasPmufwMakeHasChanges":	"false",
	"fsblExtraCompilerFlags":	"-MMD -MP       -mcpu=cortex-a9 -mfpu=vfpv3 -mfloat-abi=hard ",
	"platPreBuiltFlag":	false,
	"platformSamplesDir":	"",
	"platActiveSys":	"design_1_wrapper",
	"systems":	[{
			"systemName":	"design_1_wrapper",
			"systemDesc":	"design_1_wrapper",
			"sysIsBootAutoGen":	"true",
			"systemDispName":	"design_1_wrapper",
			"sysActiveDom":	"domain_ps7_cortexa9_0",
			"sysDefaultDom":	"domain_ps7_cortexa9_0",
			"domains":	[{
					"domainName":	"zynq_fsbl",
					"domainDispName":	"zynq_fsbl",
					"domainDesc":	"FSBL Application BSP - Auto Generated.",
					"processors":	"ps7_cortexa9_0",
					"os":	"standalone",
					"sdxOs":	"standalone",
					"debugEnable":	"",
					"domRuntimes":	["cpp"],
					"swRepo":	"",
					"mssOsVer":	"7.2",
					"mssFile":	"",
					"md5Digest":	"6a16c01a2dc85916823989659d34a150",
					"compatibleApp":	"zynq_fsbl",
					"domType":	"bootDomain",
					"arch":	"32-bit",
					"appSettings":	{
						"appCompilerFlags":	"",
						"appLinkerFlags":	""
					},
					"addedLibs":	["xilffs:4.3", "xilrsa:1.6"],
					"libOptions":	{
						"libsContainingOptions":	[]
					},
					"prebuiltLibs":	{
						"prebuiltIncPath":	[],
						"prebuiltLibPath":	[]
					},
					"isolation":	{
					}
				}, {
					"domainName":	"domain_ps7_cortexa9_0",
					"domainDispName":	"domain_ps7_cortexa9_0",
					"domainDesc":	"domain_ps7_cortexa9_0",
					"processors":	"ps7_cortexa9_0",
					"os":	"standalone",
					"sdxOs":	"standalone",
					"qemuArgs":	"C:/Xilinx/Vitis/2020.1/data/emulation/platforms/zynq/qemu/qemu_args.txt",
					"qemuData":	"C:/Xilinx/Vitis/2020.1/data/emulation/platforms/zynq/qemu/",
					"debugEnable":	"False",
					"domRuntimes":	["cpp"],
					"swRepo":	"",
					"mssOsVer":	"7.2",
					"mssFile":	"",
					"md5Digest":	"e7eb7ecd472555f72b367dd978989e0a",
					"compatibleApp":	"hello_world",
					"domType":	"mssDomain",
					"arch":	"32-bit",
					"appSettings":	{
						"appCompilerFlags":	"",
						"appLinkerFlags":	""
					},
					"addedLibs":	[],
					"libOptions":	{
						"libsContainingOptions":	[]
					},
					"prebuiltLibs":	{
						"prebuiltIncPath":	[],
						"prebuiltLibPath":	[]
					},
					"isolation":	{
					}
				}]
		}]
}
TRACE::2026-02-05.17:45:39::SCWPlatform::Trying to open the hw design at C:/Users/cihem/CPRE-488-Labs/Mp-0_New/Nes/design_1_wrapper/hw/design_1_wrapper.xsa
TRACE::2026-02-05.17:45:39::SCWPlatform::DSA given C:/Users/cihem/CPRE-488-Labs/Mp-0_New/Nes/design_1_wrapper/hw/design_1_wrapper.xsa
TRACE::2026-02-05.17:45:39::SCWPlatform::DSA absoulate path C:/Users/cihem/CPRE-488-Labs/Mp-0_New/Nes/design_1_wrapper/hw/design_1_wrapper.xsa
TRACE::2026-02-05.17:45:39::SCWPlatform::DSA directory C:/Users/cihem/CPRE-488-Labs/Mp-0_New/Nes/design_1_wrapper/hw
TRACE::2026-02-05.17:45:39::SCWPlatform:: Platform Path C:/Users/cihem/CPRE-488-Labs/Mp-0_New/Nes/design_1_wrapper/hw/design_1_wrapper.xsa
TRACE::2026-02-05.17:45:39::SCWPlatform:: Unique name xilinx:zed::0.0
TRACE::2026-02-05.17:45:39::SCWPlatform::Trying to set the existing hwdb with name design_1_wrapper_0
TRACE::2026-02-05.17:45:39::SCWPlatform::Opened existing hwdb design_1_wrapper_0
TRACE::2026-02-05.17:45:39::SCWPlatform::Found the Hw Db part of the input DSA
TRACE::2026-02-05.17:45:39::SCWMssOS::Checking the sw design at  C:/Users/cihem/CPRE-488-Labs/Mp-0_New/Nes/design_1_wrapper/ps7_cortexa9_0/domain_ps7_cortexa9_0/bsp/system.mss
TRACE::2026-02-05.17:45:39::SCWMssOS::DEBUG:  swdes dump  C:/Users/cihem/CPRE-488-Labs/Mp-0_New/Nes/design_1_wrapper/ps7_cortexa9_0/domain_ps7_cortexa9_0/bsp/system.mss|system_0||
C:/Users/cihem/CPRE-488-Labs/Mp-0_New/Nes/design_1_wrapper/zynq_fsbl/zynq_fsbl_bsp/system.mss|system||

TRACE::2026-02-05.17:45:39::SCWMssOS::Sw design exists and opened at  C:/Users/cihem/CPRE-488-Labs/Mp-0_New/Nes/design_1_wrapper/ps7_cortexa9_0/domain_ps7_cortexa9_0/bsp/system.mss
TRACE::2026-02-05.17:45:39::SCWPlatform::Trying to open the hw design at C:/Users/cihem/CPRE-488-Labs/Mp-0_New/Nes/design_1_wrapper/hw/design_1_wrapper.xsa
TRACE::2026-02-05.17:45:39::SCWPlatform::DSA given C:/Users/cihem/CPRE-488-Labs/Mp-0_New/Nes/design_1_wrapper/hw/design_1_wrapper.xsa
TRACE::2026-02-05.17:45:39::SCWPlatform::DSA absoulate path C:/Users/cihem/CPRE-488-Labs/Mp-0_New/Nes/design_1_wrapper/hw/design_1_wrapper.xsa
TRACE::2026-02-05.17:45:39::SCWPlatform::DSA directory C:/Users/cihem/CPRE-488-Labs/Mp-0_New/Nes/design_1_wrapper/hw
TRACE::2026-02-05.17:45:39::SCWPlatform:: Platform Path C:/Users/cihem/CPRE-488-Labs/Mp-0_New/Nes/design_1_wrapper/hw/design_1_wrapper.xsa
TRACE::2026-02-05.17:45:39::SCWPlatform:: Unique name xilinx:zed::0.0
TRACE::2026-02-05.17:45:39::SCWPlatform::Trying to set the existing hwdb with name design_1_wrapper_0
TRACE::2026-02-05.17:45:39::SCWPlatform::Opened existing hwdb design_1_wrapper_0
TRACE::2026-02-05.17:45:39::SCWPlatform::Found the Hw Db part of the input DSA
TRACE::2026-02-05.17:45:39::SCWMssOS::Checking the sw design at  C:/Users/cihem/CPRE-488-Labs/Mp-0_New/Nes/design_1_wrapper/ps7_cortexa9_0/domain_ps7_cortexa9_0/bsp/system.mss
TRACE::2026-02-05.17:45:39::SCWMssOS::DEBUG:  swdes dump  C:/Users/cihem/CPRE-488-Labs/Mp-0_New/Nes/design_1_wrapper/ps7_cortexa9_0/domain_ps7_cortexa9_0/bsp/system.mss|system_0||
C:/Users/cihem/CPRE-488-Labs/Mp-0_New/Nes/design_1_wrapper/zynq_fsbl/zynq_fsbl_bsp/system.mss|system||

TRACE::2026-02-05.17:45:39::SCWMssOS::Sw design exists and opened at  C:/Users/cihem/CPRE-488-Labs/Mp-0_New/Nes/design_1_wrapper/ps7_cortexa9_0/domain_ps7_cortexa9_0/bsp/system.mss
TRACE::2026-02-05.17:45:39::SCWMssOS::Saving the mss changes C:/Users/cihem/CPRE-488-Labs/Mp-0_New/Nes/design_1_wrapper/zynq_fsbl/zynq_fsbl_bsp/system.mss
TRACE::2026-02-05.17:45:39::SCWMssOS::Found a swdesign opened with the mssfile.
TRACE::2026-02-05.17:45:39::SCWMssOS::Completed writemss as part of save.
TRACE::2026-02-05.17:45:39::SCWMssOS::Commit changes completed.
TRACE::2026-02-05.17:45:39::SCWMssOS::Saving the mss changes C:/Users/cihem/CPRE-488-Labs/Mp-0_New/Nes/design_1_wrapper/ps7_cortexa9_0/domain_ps7_cortexa9_0/bsp/system.mss
TRACE::2026-02-05.17:45:39::SCWMssOS::Found a swdesign opened with the mssfile.
TRACE::2026-02-05.17:45:39::SCWMssOS::Completed writemss as part of save.
TRACE::2026-02-05.17:45:39::SCWMssOS::Commit changes completed.
TRACE::2026-02-05.17:45:39::SCWPlatform::Trying to open the hw design at C:/Users/cihem/CPRE-488-Labs/Mp-0_New/Nes/design_1_wrapper/hw/design_1_wrapper.xsa
TRACE::2026-02-05.17:45:39::SCWPlatform::DSA given C:/Users/cihem/CPRE-488-Labs/Mp-0_New/Nes/design_1_wrapper/hw/design_1_wrapper.xsa
TRACE::2026-02-05.17:45:39::SCWPlatform::DSA absoulate path C:/Users/cihem/CPRE-488-Labs/Mp-0_New/Nes/design_1_wrapper/hw/design_1_wrapper.xsa
TRACE::2026-02-05.17:45:39::SCWPlatform::DSA directory C:/Users/cihem/CPRE-488-Labs/Mp-0_New/Nes/design_1_wrapper/hw
TRACE::2026-02-05.17:45:39::SCWPlatform:: Platform Path C:/Users/cihem/CPRE-488-Labs/Mp-0_New/Nes/design_1_wrapper/hw/design_1_wrapper.xsa
TRACE::2026-02-05.17:45:39::SCWPlatform:: Unique name xilinx:zed::0.0
TRACE::2026-02-05.17:45:39::SCWPlatform::Trying to set the existing hwdb with name design_1_wrapper_0
TRACE::2026-02-05.17:45:39::SCWPlatform::Opened existing hwdb design_1_wrapper_0
TRACE::2026-02-05.17:45:39::SCWPlatform::Found the Hw Db part of the input DSA
TRACE::2026-02-05.17:45:39::SCWMssOS::Checking the sw design at  C:/Users/cihem/CPRE-488-Labs/Mp-0_New/Nes/design_1_wrapper/zynq_fsbl/zynq_fsbl_bsp/system.mss
TRACE::2026-02-05.17:45:39::SCWMssOS::DEBUG:  swdes dump  C:/Users/cihem/CPRE-488-Labs/Mp-0_New/Nes/design_1_wrapper/ps7_cortexa9_0/domain_ps7_cortexa9_0/bsp/system.mss|system_0||
C:/Users/cihem/CPRE-488-Labs/Mp-0_New/Nes/design_1_wrapper/zynq_fsbl/zynq_fsbl_bsp/system.mss|system||

TRACE::2026-02-05.17:45:39::SCWMssOS::Sw design exists and opened at  C:/Users/cihem/CPRE-488-Labs/Mp-0_New/Nes/design_1_wrapper/zynq_fsbl/zynq_fsbl_bsp/system.mss
TRACE::2026-02-05.17:45:39::SCWPlatform::Trying to open the hw design at C:/Users/cihem/CPRE-488-Labs/Mp-0_New/Nes/design_1_wrapper/hw/design_1_wrapper.xsa
TRACE::2026-02-05.17:45:39::SCWPlatform::DSA given C:/Users/cihem/CPRE-488-Labs/Mp-0_New/Nes/design_1_wrapper/hw/design_1_wrapper.xsa
TRACE::2026-02-05.17:45:39::SCWPlatform::DSA absoulate path C:/Users/cihem/CPRE-488-Labs/Mp-0_New/Nes/design_1_wrapper/hw/design_1_wrapper.xsa
TRACE::2026-02-05.17:45:39::SCWPlatform::DSA directory C:/Users/cihem/CPRE-488-Labs/Mp-0_New/Nes/design_1_wrapper/hw
TRACE::2026-02-05.17:45:39::SCWPlatform:: Platform Path C:/Users/cihem/CPRE-488-Labs/Mp-0_New/Nes/design_1_wrapper/hw/design_1_wrapper.xsa
TRACE::2026-02-05.17:45:39::SCWPlatform:: Unique name xilinx:zed::0.0
TRACE::2026-02-05.17:45:39::SCWPlatform::Trying to set the existing hwdb with name design_1_wrapper_0
TRACE::2026-02-05.17:45:39::SCWPlatform::Opened existing hwdb design_1_wrapper_0
TRACE::2026-02-05.17:45:39::SCWPlatform::Found the Hw Db part of the input DSA
TRACE::2026-02-05.17:45:39::SCWMssOS::Checking the sw design at  C:/Users/cihem/CPRE-488-Labs/Mp-0_New/Nes/design_1_wrapper/zynq_fsbl/zynq_fsbl_bsp/system.mss
TRACE::2026-02-05.17:45:39::SCWMssOS::DEBUG:  swdes dump  C:/Users/cihem/CPRE-488-Labs/Mp-0_New/Nes/design_1_wrapper/ps7_cortexa9_0/domain_ps7_cortexa9_0/bsp/system.mss|system_0||
C:/Users/cihem/CPRE-488-Labs/Mp-0_New/Nes/design_1_wrapper/zynq_fsbl/zynq_fsbl_bsp/system.mss|system||

TRACE::2026-02-05.17:45:39::SCWMssOS::Sw design exists and opened at  C:/Users/cihem/CPRE-488-Labs/Mp-0_New/Nes/design_1_wrapper/zynq_fsbl/zynq_fsbl_bsp/system.mss
TRACE::2026-02-05.17:45:39::SCWPlatform::Trying to open the hw design at C:/Users/cihem/CPRE-488-Labs/Mp-0_New/Nes/design_1_wrapper/hw/design_1_wrapper.xsa
TRACE::2026-02-05.17:45:39::SCWPlatform::DSA given C:/Users/cihem/CPRE-488-Labs/Mp-0_New/Nes/design_1_wrapper/hw/design_1_wrapper.xsa
TRACE::2026-02-05.17:45:39::SCWPlatform::DSA absoulate path C:/Users/cihem/CPRE-488-Labs/Mp-0_New/Nes/design_1_wrapper/hw/design_1_wrapper.xsa
TRACE::2026-02-05.17:45:39::SCWPlatform::DSA directory C:/Users/cihem/CPRE-488-Labs/Mp-0_New/Nes/design_1_wrapper/hw
TRACE::2026-02-05.17:45:39::SCWPlatform:: Platform Path C:/Users/cihem/CPRE-488-Labs/Mp-0_New/Nes/design_1_wrapper/hw/design_1_wrapper.xsa
TRACE::2026-02-05.17:45:39::SCWPlatform:: Unique name xilinx:zed::0.0
TRACE::2026-02-05.17:45:39::SCWPlatform::Trying to set the existing hwdb with name design_1_wrapper_0
TRACE::2026-02-05.17:45:39::SCWPlatform::Opened existing hwdb design_1_wrapper_0
TRACE::2026-02-05.17:45:39::SCWPlatform::Found the Hw Db part of the input DSA
TRACE::2026-02-05.17:45:39::SCWMssOS::Checking the sw design at  C:/Users/cihem/CPRE-488-Labs/Mp-0_New/Nes/design_1_wrapper/zynq_fsbl/zynq_fsbl_bsp/system.mss
TRACE::2026-02-05.17:45:39::SCWMssOS::DEBUG:  swdes dump  C:/Users/cihem/CPRE-488-Labs/Mp-0_New/Nes/design_1_wrapper/ps7_cortexa9_0/domain_ps7_cortexa9_0/bsp/system.mss|system_0||
C:/Users/cihem/CPRE-488-Labs/Mp-0_New/Nes/design_1_wrapper/zynq_fsbl/zynq_fsbl_bsp/system.mss|system||

TRACE::2026-02-05.17:45:39::SCWMssOS::Sw design exists and opened at  C:/Users/cihem/CPRE-488-Labs/Mp-0_New/Nes/design_1_wrapper/zynq_fsbl/zynq_fsbl_bsp/system.mss
TRACE::2026-02-05.17:45:39::SCWPlatform::Trying to open the hw design at C:/Users/cihem/CPRE-488-Labs/Mp-0_New/Nes/design_1_wrapper/hw/design_1_wrapper.xsa
TRACE::2026-02-05.17:45:39::SCWPlatform::DSA given C:/Users/cihem/CPRE-488-Labs/Mp-0_New/Nes/design_1_wrapper/hw/design_1_wrapper.xsa
TRACE::2026-02-05.17:45:39::SCWPlatform::DSA absoulate path C:/Users/cihem/CPRE-488-Labs/Mp-0_New/Nes/design_1_wrapper/hw/design_1_wrapper.xsa
TRACE::2026-02-05.17:45:39::SCWPlatform::DSA directory C:/Users/cihem/CPRE-488-Labs/Mp-0_New/Nes/design_1_wrapper/hw
TRACE::2026-02-05.17:45:39::SCWPlatform:: Platform Path C:/Users/cihem/CPRE-488-Labs/Mp-0_New/Nes/design_1_wrapper/hw/design_1_wrapper.xsa
TRACE::2026-02-05.17:45:39::SCWPlatform:: Unique name xilinx:zed::0.0
TRACE::2026-02-05.17:45:39::SCWPlatform::Trying to set the existing hwdb with name design_1_wrapper_0
TRACE::2026-02-05.17:45:39::SCWPlatform::Opened existing hwdb design_1_wrapper_0
TRACE::2026-02-05.17:45:39::SCWPlatform::Found the Hw Db part of the input DSA
TRACE::2026-02-05.17:45:39::SCWMssOS::Checking the sw design at  C:/Users/cihem/CPRE-488-Labs/Mp-0_New/Nes/design_1_wrapper/ps7_cortexa9_0/domain_ps7_cortexa9_0/bsp/system.mss
TRACE::2026-02-05.17:45:39::SCWMssOS::DEBUG:  swdes dump  C:/Users/cihem/CPRE-488-Labs/Mp-0_New/Nes/design_1_wrapper/ps7_cortexa9_0/domain_ps7_cortexa9_0/bsp/system.mss|system_0||
C:/Users/cihem/CPRE-488-Labs/Mp-0_New/Nes/design_1_wrapper/zynq_fsbl/zynq_fsbl_bsp/system.mss|system||

TRACE::2026-02-05.17:45:39::SCWMssOS::Sw design exists and opened at  C:/Users/cihem/CPRE-488-Labs/Mp-0_New/Nes/design_1_wrapper/ps7_cortexa9_0/domain_ps7_cortexa9_0/bsp/system.mss
TRACE::2026-02-05.17:45:39::SCWPlatform::Trying to open the hw design at C:/Users/cihem/CPRE-488-Labs/Mp-0_New/Nes/design_1_wrapper/hw/design_1_wrapper.xsa
TRACE::2026-02-05.17:45:39::SCWPlatform::DSA given C:/Users/cihem/CPRE-488-Labs/Mp-0_New/Nes/design_1_wrapper/hw/design_1_wrapper.xsa
TRACE::2026-02-05.17:45:39::SCWPlatform::DSA absoulate path C:/Users/cihem/CPRE-488-Labs/Mp-0_New/Nes/design_1_wrapper/hw/design_1_wrapper.xsa
TRACE::2026-02-05.17:45:39::SCWPlatform::DSA directory C:/Users/cihem/CPRE-488-Labs/Mp-0_New/Nes/design_1_wrapper/hw
TRACE::2026-02-05.17:45:39::SCWPlatform:: Platform Path C:/Users/cihem/CPRE-488-Labs/Mp-0_New/Nes/design_1_wrapper/hw/design_1_wrapper.xsa
TRACE::2026-02-05.17:45:39::SCWPlatform:: Unique name xilinx:zed::0.0
TRACE::2026-02-05.17:45:39::SCWPlatform::Trying to set the existing hwdb with name design_1_wrapper_0
TRACE::2026-02-05.17:45:39::SCWPlatform::Opened existing hwdb design_1_wrapper_0
TRACE::2026-02-05.17:45:39::SCWPlatform::Found the Hw Db part of the input DSA
TRACE::2026-02-05.17:45:39::SCWMssOS::Checking the sw design at  C:/Users/cihem/CPRE-488-Labs/Mp-0_New/Nes/design_1_wrapper/ps7_cortexa9_0/domain_ps7_cortexa9_0/bsp/system.mss
TRACE::2026-02-05.17:45:39::SCWMssOS::DEBUG:  swdes dump  C:/Users/cihem/CPRE-488-Labs/Mp-0_New/Nes/design_1_wrapper/ps7_cortexa9_0/domain_ps7_cortexa9_0/bsp/system.mss|system_0||
C:/Users/cihem/CPRE-488-Labs/Mp-0_New/Nes/design_1_wrapper/zynq_fsbl/zynq_fsbl_bsp/system.mss|system||

TRACE::2026-02-05.17:45:39::SCWMssOS::Sw design exists and opened at  C:/Users/cihem/CPRE-488-Labs/Mp-0_New/Nes/design_1_wrapper/ps7_cortexa9_0/domain_ps7_cortexa9_0/bsp/system.mss
TRACE::2026-02-05.17:45:39::SCWPlatform::Trying to open the hw design at C:/Users/cihem/CPRE-488-Labs/Mp-0_New/Nes/design_1_wrapper/hw/design_1_wrapper.xsa
TRACE::2026-02-05.17:45:39::SCWPlatform::DSA given C:/Users/cihem/CPRE-488-Labs/Mp-0_New/Nes/design_1_wrapper/hw/design_1_wrapper.xsa
TRACE::2026-02-05.17:45:39::SCWPlatform::DSA absoulate path C:/Users/cihem/CPRE-488-Labs/Mp-0_New/Nes/design_1_wrapper/hw/design_1_wrapper.xsa
TRACE::2026-02-05.17:45:39::SCWPlatform::DSA directory C:/Users/cihem/CPRE-488-Labs/Mp-0_New/Nes/design_1_wrapper/hw
TRACE::2026-02-05.17:45:39::SCWPlatform:: Platform Path C:/Users/cihem/CPRE-488-Labs/Mp-0_New/Nes/design_1_wrapper/hw/design_1_wrapper.xsa
TRACE::2026-02-05.17:45:39::SCWPlatform:: Unique name xilinx:zed::0.0
TRACE::2026-02-05.17:45:39::SCWPlatform::Trying to set the existing hwdb with name design_1_wrapper_0
TRACE::2026-02-05.17:45:39::SCWPlatform::Opened existing hwdb design_1_wrapper_0
TRACE::2026-02-05.17:45:39::SCWPlatform::Found the Hw Db part of the input DSA
TRACE::2026-02-05.17:45:39::SCWMssOS::Checking the sw design at  C:/Users/cihem/CPRE-488-Labs/Mp-0_New/Nes/design_1_wrapper/ps7_cortexa9_0/domain_ps7_cortexa9_0/bsp/system.mss
TRACE::2026-02-05.17:45:39::SCWMssOS::DEBUG:  swdes dump  C:/Users/cihem/CPRE-488-Labs/Mp-0_New/Nes/design_1_wrapper/ps7_cortexa9_0/domain_ps7_cortexa9_0/bsp/system.mss|system_0||
C:/Users/cihem/CPRE-488-Labs/Mp-0_New/Nes/design_1_wrapper/zynq_fsbl/zynq_fsbl_bsp/system.mss|system||

TRACE::2026-02-05.17:45:39::SCWMssOS::Sw design exists and opened at  C:/Users/cihem/CPRE-488-Labs/Mp-0_New/Nes/design_1_wrapper/ps7_cortexa9_0/domain_ps7_cortexa9_0/bsp/system.mss
TRACE::2026-02-05.17:45:39::SCWWriter::formatted JSON is {
	"platformName":	"design_1_wrapper",
	"sprVersion":	"2.0",
	"mode":	"gui",
	"dsaType":	"Fixed",
	"platformDesc":	"design_1_wrapper",
	"platHandOff":	"C:/Users/cihem/CPRE-488-Labs/Mp-0_New/TheNextBigThing/design_1_wrapper.xsa",
	"platIntHandOff":	"<platformDir>/hw/design_1_wrapper.xsa",
	"deviceType":	"zynq",
	"platIsPrebuiltAutogen":	"false",
	"platIsNoBootBsp":	"false",
	"platFsblTarget":	"ps7_cortexa9_0",
	"hasFsblMakeHasChanges":	"false",
	"hasPmufwMakeHasChanges":	"false",
	"fsblExtraCompilerFlags":	"-MMD -MP       -mcpu=cortex-a9 -mfpu=vfpv3 -mfloat-abi=hard ",
	"platPreBuiltFlag":	false,
	"platformSamplesDir":	"",
	"platActiveSys":	"design_1_wrapper",
	"systems":	[{
			"systemName":	"design_1_wrapper",
			"systemDesc":	"design_1_wrapper",
			"sysIsBootAutoGen":	"true",
			"systemDispName":	"design_1_wrapper",
			"sysActiveDom":	"domain_ps7_cortexa9_0",
			"sysDefaultDom":	"domain_ps7_cortexa9_0",
			"domains":	[{
					"domainName":	"zynq_fsbl",
					"domainDispName":	"zynq_fsbl",
					"domainDesc":	"FSBL Application BSP - Auto Generated.",
					"processors":	"ps7_cortexa9_0",
					"os":	"standalone",
					"sdxOs":	"standalone",
					"debugEnable":	"",
					"domRuntimes":	["cpp"],
					"swRepo":	"",
					"mssOsVer":	"7.2",
					"mssFile":	"",
					"md5Digest":	"6a16c01a2dc85916823989659d34a150",
					"compatibleApp":	"zynq_fsbl",
					"domType":	"bootDomain",
					"arch":	"32-bit",
					"appSettings":	{
						"appCompilerFlags":	"",
						"appLinkerFlags":	""
					},
					"addedLibs":	["xilffs:4.3", "xilrsa:1.6"],
					"libOptions":	{
						"libsContainingOptions":	[]
					},
					"prebuiltLibs":	{
						"prebuiltIncPath":	[],
						"prebuiltLibPath":	[]
					},
					"isolation":	{
					}
				}, {
					"domainName":	"domain_ps7_cortexa9_0",
					"domainDispName":	"domain_ps7_cortexa9_0",
					"domainDesc":	"domain_ps7_cortexa9_0",
					"processors":	"ps7_cortexa9_0",
					"os":	"standalone",
					"sdxOs":	"standalone",
					"qemuArgs":	"C:/Xilinx/Vitis/2020.1/data/emulation/platforms/zynq/qemu/qemu_args.txt",
					"qemuData":	"C:/Xilinx/Vitis/2020.1/data/emulation/platforms/zynq/qemu/",
					"debugEnable":	"False",
					"domRuntimes":	["cpp"],
					"swRepo":	"",
					"mssOsVer":	"7.2",
					"mssFile":	"",
					"md5Digest":	"e7eb7ecd472555f72b367dd978989e0a",
					"compatibleApp":	"hello_world",
					"domType":	"mssDomain",
					"arch":	"32-bit",
					"appSettings":	{
						"appCompilerFlags":	"",
						"appLinkerFlags":	""
					},
					"addedLibs":	[],
					"libOptions":	{
						"libsContainingOptions":	[]
					},
					"prebuiltLibs":	{
						"prebuiltIncPath":	[],
						"prebuiltLibPath":	[]
					},
					"isolation":	{
					}
				}]
		}]
}
LOG::2026-02-05.17:45:39::SCWPlatform::Started generating the artifacts platform design_1_wrapper
TRACE::2026-02-05.17:45:39::SCWPlatform::Sanity checking of platform is completed
LOG::2026-02-05.17:45:39::SCWPlatform::Started generating the artifacts for system configuration design_1_wrapper
LOG::2026-02-05.17:45:39::SCWSystem::Started Processing the domain domain_ps7_cortexa9_0
TRACE::2026-02-05.17:45:39::SCWDomain::Generating domain artifcats
TRACE::2026-02-05.17:45:39::SCWMssOS::Generating standalone artifcats
TRACE::2026-02-05.17:45:39::SCWMssOS::Copying the qemu file from  C:/Xilinx/Vitis/2020.1/data/emulation/platforms/zynq/qemu/qemu_args.txt To C:/Users/cihem/CPRE-488-Labs/Mp-0_New/Nes/design_1_wrapper/export/design_1_wrapper/sw/design_1_wrapper/qemu/
TRACE::2026-02-05.17:45:39::SCWMssOS::Copying the qemu file from  C:/Xilinx/Vitis/2020.1/data/emulation/platforms/zynq/qemu/qemu_args.txt To C:/Users/cihem/CPRE-488-Labs/Mp-0_New/Nes/design_1_wrapper/export/design_1_wrapper/sw/design_1_wrapper/domain_ps7_cortexa9_0/qemu/
TRACE::2026-02-05.17:45:39::SCWMssOS:: Copying the user libraries. 
TRACE::2026-02-05.17:45:39::SCWPlatform::Trying to open the hw design at C:/Users/cihem/CPRE-488-Labs/Mp-0_New/Nes/design_1_wrapper/hw/design_1_wrapper.xsa
TRACE::2026-02-05.17:45:39::SCWPlatform::DSA given C:/Users/cihem/CPRE-488-Labs/Mp-0_New/Nes/design_1_wrapper/hw/design_1_wrapper.xsa
TRACE::2026-02-05.17:45:39::SCWPlatform::DSA absoulate path C:/Users/cihem/CPRE-488-Labs/Mp-0_New/Nes/design_1_wrapper/hw/design_1_wrapper.xsa
TRACE::2026-02-05.17:45:39::SCWPlatform::DSA directory C:/Users/cihem/CPRE-488-Labs/Mp-0_New/Nes/design_1_wrapper/hw
TRACE::2026-02-05.17:45:39::SCWPlatform:: Platform Path C:/Users/cihem/CPRE-488-Labs/Mp-0_New/Nes/design_1_wrapper/hw/design_1_wrapper.xsa
TRACE::2026-02-05.17:45:39::SCWPlatform:: Unique name xilinx:zed::0.0
TRACE::2026-02-05.17:45:39::SCWPlatform::Trying to set the existing hwdb with name design_1_wrapper_0
TRACE::2026-02-05.17:45:39::SCWPlatform::Opened existing hwdb design_1_wrapper_0
TRACE::2026-02-05.17:45:39::SCWPlatform::Found the Hw Db part of the input DSA
TRACE::2026-02-05.17:45:39::SCWMssOS::Checking the sw design at  C:/Users/cihem/CPRE-488-Labs/Mp-0_New/Nes/design_1_wrapper/ps7_cortexa9_0/domain_ps7_cortexa9_0/bsp/system.mss
TRACE::2026-02-05.17:45:39::SCWMssOS::DEBUG:  swdes dump  C:/Users/cihem/CPRE-488-Labs/Mp-0_New/Nes/design_1_wrapper/ps7_cortexa9_0/domain_ps7_cortexa9_0/bsp/system.mss|system_0||
C:/Users/cihem/CPRE-488-Labs/Mp-0_New/Nes/design_1_wrapper/zynq_fsbl/zynq_fsbl_bsp/system.mss|system||

TRACE::2026-02-05.17:45:39::SCWMssOS::Sw design exists and opened at  C:/Users/cihem/CPRE-488-Labs/Mp-0_New/Nes/design_1_wrapper/ps7_cortexa9_0/domain_ps7_cortexa9_0/bsp/system.mss
TRACE::2026-02-05.17:45:39::SCWMssOS::Completed writing the mss file at C:/Users/cihem/CPRE-488-Labs/Mp-0_New/Nes/design_1_wrapper/ps7_cortexa9_0/domain_ps7_cortexa9_0/bsp
TRACE::2026-02-05.17:45:39::SCWMssOS::Mss edits present, copying mssfile into export location C:/Users/cihem/CPRE-488-Labs/Mp-0_New/Nes/design_1_wrapper/ps7_cortexa9_0/domain_ps7_cortexa9_0/bsp/system.mss
TRACE::2026-02-05.17:45:39::SCWMssOS::bsp generated is upto date with the mss file. Skipping bsp generation.
TRACE::2026-02-05.17:45:39::SCWMssOS::BSP is already built. skipping the bsp build ... 
TRACE::2026-02-05.17:45:39::SCWDomain::Building the domain as part of full build :  domain_ps7_cortexa9_0
TRACE::2026-02-05.17:45:39::SCWMssOS::skipping the bsp build ... 
TRACE::2026-02-05.17:45:39::SCWMssOS::Copying to export directory.
TRACE::2026-02-05.17:45:39::SCWMssOS:: Checking if to create the Supporting Applications
TRACE::2026-02-05.17:45:39::SCWMssOS:: No Linux domain exists, trying to generate FSBL 
TRACE::2026-02-05.17:45:39::SCWMssOS:: Completed Standalone Artifacts creation 
LOG::2026-02-05.17:45:39::SCWSystem::Completed Processing the domain domain_ps7_cortexa9_0
LOG::2026-02-05.17:45:39::SCWSystem::Completed Processing the sysconfig design_1_wrapper
LOG::2026-02-05.17:45:39::SCWPlatform::Completed generating the artifacts for system configuration design_1_wrapper
TRACE::2026-02-05.17:45:39::SCWPlatform::Started preparing the platform 
TRACE::2026-02-05.17:45:39::SCWSystem::Writing the bif file for system config design_1_wrapper
TRACE::2026-02-05.17:45:39::SCWSystem::dir created 
TRACE::2026-02-05.17:45:39::SCWSystem::Writing the bif 
TRACE::2026-02-05.17:45:39::SCWPlatform::Started writing the spfm file 
TRACE::2026-02-05.17:45:39::SCWPlatform::Started writing the xpfm file 
TRACE::2026-02-05.17:45:39::SCWPlatform::Completed generating the platform
TRACE::2026-02-05.17:45:39::SCWMssOS::Saving the mss changes C:/Users/cihem/CPRE-488-Labs/Mp-0_New/Nes/design_1_wrapper/zynq_fsbl/zynq_fsbl_bsp/system.mss
TRACE::2026-02-05.17:45:39::SCWMssOS::Found a swdesign opened with the mssfile.
TRACE::2026-02-05.17:45:39::SCWMssOS::Completed writemss as part of save.
TRACE::2026-02-05.17:45:39::SCWMssOS::Commit changes completed.
TRACE::2026-02-05.17:45:39::SCWMssOS::Saving the mss changes C:/Users/cihem/CPRE-488-Labs/Mp-0_New/Nes/design_1_wrapper/ps7_cortexa9_0/domain_ps7_cortexa9_0/bsp/system.mss
TRACE::2026-02-05.17:45:39::SCWMssOS::Found a swdesign opened with the mssfile.
TRACE::2026-02-05.17:45:39::SCWMssOS::Completed writemss as part of save.
TRACE::2026-02-05.17:45:39::SCWMssOS::Commit changes completed.
TRACE::2026-02-05.17:45:39::SCWPlatform::Trying to open the hw design at C:/Users/cihem/CPRE-488-Labs/Mp-0_New/Nes/design_1_wrapper/hw/design_1_wrapper.xsa
TRACE::2026-02-05.17:45:39::SCWPlatform::DSA given C:/Users/cihem/CPRE-488-Labs/Mp-0_New/Nes/design_1_wrapper/hw/design_1_wrapper.xsa
TRACE::2026-02-05.17:45:39::SCWPlatform::DSA absoulate path C:/Users/cihem/CPRE-488-Labs/Mp-0_New/Nes/design_1_wrapper/hw/design_1_wrapper.xsa
TRACE::2026-02-05.17:45:39::SCWPlatform::DSA directory C:/Users/cihem/CPRE-488-Labs/Mp-0_New/Nes/design_1_wrapper/hw
TRACE::2026-02-05.17:45:39::SCWPlatform:: Platform Path C:/Users/cihem/CPRE-488-Labs/Mp-0_New/Nes/design_1_wrapper/hw/design_1_wrapper.xsa
TRACE::2026-02-05.17:45:39::SCWPlatform:: Unique name xilinx:zed::0.0
TRACE::2026-02-05.17:45:39::SCWPlatform::Trying to set the existing hwdb with name design_1_wrapper_0
TRACE::2026-02-05.17:45:39::SCWPlatform::Opened existing hwdb design_1_wrapper_0
TRACE::2026-02-05.17:45:39::SCWPlatform::Found the Hw Db part of the input DSA
TRACE::2026-02-05.17:45:39::SCWMssOS::Checking the sw design at  C:/Users/cihem/CPRE-488-Labs/Mp-0_New/Nes/design_1_wrapper/zynq_fsbl/zynq_fsbl_bsp/system.mss
TRACE::2026-02-05.17:45:39::SCWMssOS::DEBUG:  swdes dump  C:/Users/cihem/CPRE-488-Labs/Mp-0_New/Nes/design_1_wrapper/ps7_cortexa9_0/domain_ps7_cortexa9_0/bsp/system.mss|system_0||
C:/Users/cihem/CPRE-488-Labs/Mp-0_New/Nes/design_1_wrapper/zynq_fsbl/zynq_fsbl_bsp/system.mss|system||

TRACE::2026-02-05.17:45:39::SCWMssOS::Sw design exists and opened at  C:/Users/cihem/CPRE-488-Labs/Mp-0_New/Nes/design_1_wrapper/zynq_fsbl/zynq_fsbl_bsp/system.mss
TRACE::2026-02-05.17:45:39::SCWPlatform::Trying to open the hw design at C:/Users/cihem/CPRE-488-Labs/Mp-0_New/Nes/design_1_wrapper/hw/design_1_wrapper.xsa
TRACE::2026-02-05.17:45:39::SCWPlatform::DSA given C:/Users/cihem/CPRE-488-Labs/Mp-0_New/Nes/design_1_wrapper/hw/design_1_wrapper.xsa
TRACE::2026-02-05.17:45:39::SCWPlatform::DSA absoulate path C:/Users/cihem/CPRE-488-Labs/Mp-0_New/Nes/design_1_wrapper/hw/design_1_wrapper.xsa
TRACE::2026-02-05.17:45:39::SCWPlatform::DSA directory C:/Users/cihem/CPRE-488-Labs/Mp-0_New/Nes/design_1_wrapper/hw
TRACE::2026-02-05.17:45:39::SCWPlatform:: Platform Path C:/Users/cihem/CPRE-488-Labs/Mp-0_New/Nes/design_1_wrapper/hw/design_1_wrapper.xsa
TRACE::2026-02-05.17:45:39::SCWPlatform:: Unique name xilinx:zed::0.0
TRACE::2026-02-05.17:45:39::SCWPlatform::Trying to set the existing hwdb with name design_1_wrapper_0
TRACE::2026-02-05.17:45:39::SCWPlatform::Opened existing hwdb design_1_wrapper_0
TRACE::2026-02-05.17:45:39::SCWPlatform::Found the Hw Db part of the input DSA
TRACE::2026-02-05.17:45:39::SCWMssOS::Checking the sw design at  C:/Users/cihem/CPRE-488-Labs/Mp-0_New/Nes/design_1_wrapper/zynq_fsbl/zynq_fsbl_bsp/system.mss
TRACE::2026-02-05.17:45:39::SCWMssOS::DEBUG:  swdes dump  C:/Users/cihem/CPRE-488-Labs/Mp-0_New/Nes/design_1_wrapper/ps7_cortexa9_0/domain_ps7_cortexa9_0/bsp/system.mss|system_0||
C:/Users/cihem/CPRE-488-Labs/Mp-0_New/Nes/design_1_wrapper/zynq_fsbl/zynq_fsbl_bsp/system.mss|system||

TRACE::2026-02-05.17:45:39::SCWMssOS::Sw design exists and opened at  C:/Users/cihem/CPRE-488-Labs/Mp-0_New/Nes/design_1_wrapper/zynq_fsbl/zynq_fsbl_bsp/system.mss
TRACE::2026-02-05.17:45:39::SCWPlatform::Trying to open the hw design at C:/Users/cihem/CPRE-488-Labs/Mp-0_New/Nes/design_1_wrapper/hw/design_1_wrapper.xsa
TRACE::2026-02-05.17:45:39::SCWPlatform::DSA given C:/Users/cihem/CPRE-488-Labs/Mp-0_New/Nes/design_1_wrapper/hw/design_1_wrapper.xsa
TRACE::2026-02-05.17:45:39::SCWPlatform::DSA absoulate path C:/Users/cihem/CPRE-488-Labs/Mp-0_New/Nes/design_1_wrapper/hw/design_1_wrapper.xsa
TRACE::2026-02-05.17:45:39::SCWPlatform::DSA directory C:/Users/cihem/CPRE-488-Labs/Mp-0_New/Nes/design_1_wrapper/hw
TRACE::2026-02-05.17:45:39::SCWPlatform:: Platform Path C:/Users/cihem/CPRE-488-Labs/Mp-0_New/Nes/design_1_wrapper/hw/design_1_wrapper.xsa
TRACE::2026-02-05.17:45:39::SCWPlatform:: Unique name xilinx:zed::0.0
TRACE::2026-02-05.17:45:39::SCWPlatform::Trying to set the existing hwdb with name design_1_wrapper_0
TRACE::2026-02-05.17:45:39::SCWPlatform::Opened existing hwdb design_1_wrapper_0
TRACE::2026-02-05.17:45:39::SCWPlatform::Found the Hw Db part of the input DSA
TRACE::2026-02-05.17:45:39::SCWMssOS::Checking the sw design at  C:/Users/cihem/CPRE-488-Labs/Mp-0_New/Nes/design_1_wrapper/zynq_fsbl/zynq_fsbl_bsp/system.mss
TRACE::2026-02-05.17:45:39::SCWMssOS::DEBUG:  swdes dump  C:/Users/cihem/CPRE-488-Labs/Mp-0_New/Nes/design_1_wrapper/ps7_cortexa9_0/domain_ps7_cortexa9_0/bsp/system.mss|system_0||
C:/Users/cihem/CPRE-488-Labs/Mp-0_New/Nes/design_1_wrapper/zynq_fsbl/zynq_fsbl_bsp/system.mss|system||

TRACE::2026-02-05.17:45:39::SCWMssOS::Sw design exists and opened at  C:/Users/cihem/CPRE-488-Labs/Mp-0_New/Nes/design_1_wrapper/zynq_fsbl/zynq_fsbl_bsp/system.mss
TRACE::2026-02-05.17:45:39::SCWPlatform::Trying to open the hw design at C:/Users/cihem/CPRE-488-Labs/Mp-0_New/Nes/design_1_wrapper/hw/design_1_wrapper.xsa
TRACE::2026-02-05.17:45:39::SCWPlatform::DSA given C:/Users/cihem/CPRE-488-Labs/Mp-0_New/Nes/design_1_wrapper/hw/design_1_wrapper.xsa
TRACE::2026-02-05.17:45:39::SCWPlatform::DSA absoulate path C:/Users/cihem/CPRE-488-Labs/Mp-0_New/Nes/design_1_wrapper/hw/design_1_wrapper.xsa
TRACE::2026-02-05.17:45:39::SCWPlatform::DSA directory C:/Users/cihem/CPRE-488-Labs/Mp-0_New/Nes/design_1_wrapper/hw
TRACE::2026-02-05.17:45:39::SCWPlatform:: Platform Path C:/Users/cihem/CPRE-488-Labs/Mp-0_New/Nes/design_1_wrapper/hw/design_1_wrapper.xsa
TRACE::2026-02-05.17:45:39::SCWPlatform:: Unique name xilinx:zed::0.0
TRACE::2026-02-05.17:45:39::SCWPlatform::Trying to set the existing hwdb with name design_1_wrapper_0
TRACE::2026-02-05.17:45:39::SCWPlatform::Opened existing hwdb design_1_wrapper_0
TRACE::2026-02-05.17:45:39::SCWPlatform::Found the Hw Db part of the input DSA
TRACE::2026-02-05.17:45:39::SCWMssOS::Checking the sw design at  C:/Users/cihem/CPRE-488-Labs/Mp-0_New/Nes/design_1_wrapper/ps7_cortexa9_0/domain_ps7_cortexa9_0/bsp/system.mss
TRACE::2026-02-05.17:45:39::SCWMssOS::DEBUG:  swdes dump  C:/Users/cihem/CPRE-488-Labs/Mp-0_New/Nes/design_1_wrapper/ps7_cortexa9_0/domain_ps7_cortexa9_0/bsp/system.mss|system_0||
C:/Users/cihem/CPRE-488-Labs/Mp-0_New/Nes/design_1_wrapper/zynq_fsbl/zynq_fsbl_bsp/system.mss|system||

TRACE::2026-02-05.17:45:39::SCWMssOS::Sw design exists and opened at  C:/Users/cihem/CPRE-488-Labs/Mp-0_New/Nes/design_1_wrapper/ps7_cortexa9_0/domain_ps7_cortexa9_0/bsp/system.mss
TRACE::2026-02-05.17:45:39::SCWPlatform::Trying to open the hw design at C:/Users/cihem/CPRE-488-Labs/Mp-0_New/Nes/design_1_wrapper/hw/design_1_wrapper.xsa
TRACE::2026-02-05.17:45:39::SCWPlatform::DSA given C:/Users/cihem/CPRE-488-Labs/Mp-0_New/Nes/design_1_wrapper/hw/design_1_wrapper.xsa
TRACE::2026-02-05.17:45:39::SCWPlatform::DSA absoulate path C:/Users/cihem/CPRE-488-Labs/Mp-0_New/Nes/design_1_wrapper/hw/design_1_wrapper.xsa
TRACE::2026-02-05.17:45:39::SCWPlatform::DSA directory C:/Users/cihem/CPRE-488-Labs/Mp-0_New/Nes/design_1_wrapper/hw
TRACE::2026-02-05.17:45:39::SCWPlatform:: Platform Path C:/Users/cihem/CPRE-488-Labs/Mp-0_New/Nes/design_1_wrapper/hw/design_1_wrapper.xsa
TRACE::2026-02-05.17:45:39::SCWPlatform:: Unique name xilinx:zed::0.0
TRACE::2026-02-05.17:45:39::SCWPlatform::Trying to set the existing hwdb with name design_1_wrapper_0
TRACE::2026-02-05.17:45:39::SCWPlatform::Opened existing hwdb design_1_wrapper_0
TRACE::2026-02-05.17:45:39::SCWPlatform::Found the Hw Db part of the input DSA
TRACE::2026-02-05.17:45:39::SCWMssOS::Checking the sw design at  C:/Users/cihem/CPRE-488-Labs/Mp-0_New/Nes/design_1_wrapper/ps7_cortexa9_0/domain_ps7_cortexa9_0/bsp/system.mss
TRACE::2026-02-05.17:45:39::SCWMssOS::DEBUG:  swdes dump  C:/Users/cihem/CPRE-488-Labs/Mp-0_New/Nes/design_1_wrapper/ps7_cortexa9_0/domain_ps7_cortexa9_0/bsp/system.mss|system_0||
C:/Users/cihem/CPRE-488-Labs/Mp-0_New/Nes/design_1_wrapper/zynq_fsbl/zynq_fsbl_bsp/system.mss|system||

TRACE::2026-02-05.17:45:39::SCWMssOS::Sw design exists and opened at  C:/Users/cihem/CPRE-488-Labs/Mp-0_New/Nes/design_1_wrapper/ps7_cortexa9_0/domain_ps7_cortexa9_0/bsp/system.mss
TRACE::2026-02-05.17:45:39::SCWPlatform::Trying to open the hw design at C:/Users/cihem/CPRE-488-Labs/Mp-0_New/Nes/design_1_wrapper/hw/design_1_wrapper.xsa
TRACE::2026-02-05.17:45:39::SCWPlatform::DSA given C:/Users/cihem/CPRE-488-Labs/Mp-0_New/Nes/design_1_wrapper/hw/design_1_wrapper.xsa
TRACE::2026-02-05.17:45:39::SCWPlatform::DSA absoulate path C:/Users/cihem/CPRE-488-Labs/Mp-0_New/Nes/design_1_wrapper/hw/design_1_wrapper.xsa
TRACE::2026-02-05.17:45:39::SCWPlatform::DSA directory C:/Users/cihem/CPRE-488-Labs/Mp-0_New/Nes/design_1_wrapper/hw
TRACE::2026-02-05.17:45:39::SCWPlatform:: Platform Path C:/Users/cihem/CPRE-488-Labs/Mp-0_New/Nes/design_1_wrapper/hw/design_1_wrapper.xsa
TRACE::2026-02-05.17:45:39::SCWPlatform:: Unique name xilinx:zed::0.0
TRACE::2026-02-05.17:45:39::SCWPlatform::Trying to set the existing hwdb with name design_1_wrapper_0
TRACE::2026-02-05.17:45:39::SCWPlatform::Opened existing hwdb design_1_wrapper_0
TRACE::2026-02-05.17:45:39::SCWPlatform::Found the Hw Db part of the input DSA
TRACE::2026-02-05.17:45:39::SCWMssOS::Checking the sw design at  C:/Users/cihem/CPRE-488-Labs/Mp-0_New/Nes/design_1_wrapper/ps7_cortexa9_0/domain_ps7_cortexa9_0/bsp/system.mss
TRACE::2026-02-05.17:45:39::SCWMssOS::DEBUG:  swdes dump  C:/Users/cihem/CPRE-488-Labs/Mp-0_New/Nes/design_1_wrapper/ps7_cortexa9_0/domain_ps7_cortexa9_0/bsp/system.mss|system_0||
C:/Users/cihem/CPRE-488-Labs/Mp-0_New/Nes/design_1_wrapper/zynq_fsbl/zynq_fsbl_bsp/system.mss|system||

TRACE::2026-02-05.17:45:39::SCWMssOS::Sw design exists and opened at  C:/Users/cihem/CPRE-488-Labs/Mp-0_New/Nes/design_1_wrapper/ps7_cortexa9_0/domain_ps7_cortexa9_0/bsp/system.mss
TRACE::2026-02-05.17:45:39::SCWWriter::formatted JSON is {
	"platformName":	"design_1_wrapper",
	"sprVersion":	"2.0",
	"mode":	"gui",
	"dsaType":	"Fixed",
	"platformDesc":	"design_1_wrapper",
	"platHandOff":	"C:/Users/cihem/CPRE-488-Labs/Mp-0_New/TheNextBigThing/design_1_wrapper.xsa",
	"platIntHandOff":	"<platformDir>/hw/design_1_wrapper.xsa",
	"deviceType":	"zynq",
	"platIsPrebuiltAutogen":	"false",
	"platIsNoBootBsp":	"false",
	"platFsblTarget":	"ps7_cortexa9_0",
	"hasFsblMakeHasChanges":	"false",
	"hasPmufwMakeHasChanges":	"false",
	"fsblExtraCompilerFlags":	"-MMD -MP       -mcpu=cortex-a9 -mfpu=vfpv3 -mfloat-abi=hard ",
	"platPreBuiltFlag":	false,
	"platformSamplesDir":	"",
	"platActiveSys":	"design_1_wrapper",
	"systems":	[{
			"systemName":	"design_1_wrapper",
			"systemDesc":	"design_1_wrapper",
			"sysIsBootAutoGen":	"true",
			"systemDispName":	"design_1_wrapper",
			"sysActiveDom":	"domain_ps7_cortexa9_0",
			"sysDefaultDom":	"domain_ps7_cortexa9_0",
			"domains":	[{
					"domainName":	"zynq_fsbl",
					"domainDispName":	"zynq_fsbl",
					"domainDesc":	"FSBL Application BSP - Auto Generated.",
					"processors":	"ps7_cortexa9_0",
					"os":	"standalone",
					"sdxOs":	"standalone",
					"debugEnable":	"",
					"domRuntimes":	["cpp"],
					"swRepo":	"",
					"mssOsVer":	"7.2",
					"mssFile":	"",
					"md5Digest":	"6a16c01a2dc85916823989659d34a150",
					"compatibleApp":	"zynq_fsbl",
					"domType":	"bootDomain",
					"arch":	"32-bit",
					"appSettings":	{
						"appCompilerFlags":	"",
						"appLinkerFlags":	""
					},
					"addedLibs":	["xilffs:4.3", "xilrsa:1.6"],
					"libOptions":	{
						"libsContainingOptions":	[]
					},
					"prebuiltLibs":	{
						"prebuiltIncPath":	[],
						"prebuiltLibPath":	[]
					},
					"isolation":	{
					}
				}, {
					"domainName":	"domain_ps7_cortexa9_0",
					"domainDispName":	"domain_ps7_cortexa9_0",
					"domainDesc":	"domain_ps7_cortexa9_0",
					"processors":	"ps7_cortexa9_0",
					"os":	"standalone",
					"sdxOs":	"standalone",
					"qemuArgs":	"C:/Xilinx/Vitis/2020.1/data/emulation/platforms/zynq/qemu/qemu_args.txt",
					"qemuData":	"C:/Xilinx/Vitis/2020.1/data/emulation/platforms/zynq/qemu/",
					"debugEnable":	"False",
					"domRuntimes":	["cpp"],
					"swRepo":	"",
					"mssOsVer":	"7.2",
					"mssFile":	"",
					"md5Digest":	"e7eb7ecd472555f72b367dd978989e0a",
					"compatibleApp":	"hello_world",
					"domType":	"mssDomain",
					"arch":	"32-bit",
					"appSettings":	{
						"appCompilerFlags":	"",
						"appLinkerFlags":	""
					},
					"addedLibs":	[],
					"libOptions":	{
						"libsContainingOptions":	[]
					},
					"prebuiltLibs":	{
						"prebuiltIncPath":	[],
						"prebuiltLibPath":	[]
					},
					"isolation":	{
					}
				}]
		}]
}
KEYINFO::2026-02-05.17:45:39::SCWPlatform::updated the xpfm file.
LOG::2026-02-05.17:59:36::SCWPlatform::Started generating the artifacts platform design_1_wrapper
TRACE::2026-02-05.17:59:36::SCWPlatform::Sanity checking of platform is completed
LOG::2026-02-05.17:59:36::SCWPlatform::Started generating the artifacts for system configuration design_1_wrapper
LOG::2026-02-05.17:59:36::SCWSystem::Checking the domain zynq_fsbl
LOG::2026-02-05.17:59:36::SCWSystem::Doing application build for :  zynq_fsbl
TRACE::2026-02-05.17:59:36::SCWBDomain::Not a forced makefile updation, No changes are present. 
TRACE::2026-02-05.17:59:36::SCWDomain::Building the domain as part of full build :  zynq_fsbl
TRACE::2026-02-05.17:59:36::SCWPlatform::Trying to open the hw design at C:/Users/cihem/CPRE-488-Labs/Mp-0_New/Nes/design_1_wrapper/hw/design_1_wrapper.xsa
TRACE::2026-02-05.17:59:36::SCWPlatform::DSA given C:/Users/cihem/CPRE-488-Labs/Mp-0_New/Nes/design_1_wrapper/hw/design_1_wrapper.xsa
TRACE::2026-02-05.17:59:36::SCWPlatform::DSA absoulate path C:/Users/cihem/CPRE-488-Labs/Mp-0_New/Nes/design_1_wrapper/hw/design_1_wrapper.xsa
TRACE::2026-02-05.17:59:36::SCWPlatform::DSA directory C:/Users/cihem/CPRE-488-Labs/Mp-0_New/Nes/design_1_wrapper/hw
TRACE::2026-02-05.17:59:36::SCWPlatform:: Platform Path C:/Users/cihem/CPRE-488-Labs/Mp-0_New/Nes/design_1_wrapper/hw/design_1_wrapper.xsa
TRACE::2026-02-05.17:59:36::SCWPlatform:: Unique name xilinx:zed::0.0
TRACE::2026-02-05.17:59:36::SCWPlatform::Trying to set the existing hwdb with name design_1_wrapper_0
TRACE::2026-02-05.17:59:36::SCWPlatform::Opened existing hwdb design_1_wrapper_0
TRACE::2026-02-05.17:59:36::SCWPlatform::Found the Hw Db part of the input DSA
TRACE::2026-02-05.17:59:36::SCWMssOS::Checking the sw design at  C:/Users/cihem/CPRE-488-Labs/Mp-0_New/Nes/design_1_wrapper/zynq_fsbl/zynq_fsbl_bsp/system.mss
TRACE::2026-02-05.17:59:36::SCWMssOS::DEBUG:  swdes dump  C:/Users/cihem/CPRE-488-Labs/Mp-0_New/Nes/design_1_wrapper/ps7_cortexa9_0/domain_ps7_cortexa9_0/bsp/system.mss|system_0||
C:/Users/cihem/CPRE-488-Labs/Mp-0_New/Nes/design_1_wrapper/zynq_fsbl/zynq_fsbl_bsp/system.mss|system||

TRACE::2026-02-05.17:59:36::SCWMssOS::Sw design exists and opened at  C:/Users/cihem/CPRE-488-Labs/Mp-0_New/Nes/design_1_wrapper/zynq_fsbl/zynq_fsbl_bsp/system.mss
TRACE::2026-02-05.17:59:36::SCWBDomain::Completed writing the mss file at C:/Users/cihem/CPRE-488-Labs/Mp-0_New/Nes/design_1_wrapper/zynq_fsbl/zynq_fsbl_bsp
TRACE::2026-02-05.17:59:36::SCWBDomain::bsp generated is upto date with the mss file. Skipping bsp generation.
TRACE::2026-02-05.17:59:36::SCWBDomain::Not a forced makefile updation, No changes are present. 
TRACE::2026-02-05.17:59:36::SCWBDomain::System Command Ran  C:&  cd  C:/Users/cihem/CPRE-488-Labs/Mp-0_New/Nes/design_1_wrapper/zynq_fsbl & make 
TRACE::2026-02-05.17:59:36::SCWBDomain::make -C zynq_fsbl_bsp

TRACE::2026-02-05.17:59:36::SCWBDomain::make[1]: Entering directory 'C:/Users/cihem/CPRE-488-Labs/Mp-0_New/Nes/design_1_wrapper/zynq_fsbl/zynq_fsbl_bsp'

TRACE::2026-02-05.17:59:36::SCWBDomain::"Running Make include in ps7_cortexa9_0/libsrc/axivdma_v6_7/src"

TRACE::2026-02-05.17:59:36::SCWBDomain::make -C ps7_cortexa9_0/libsrc/axivdma_v6_7/src -s include  "SHELL=CMD" "COMPILER=arm-none-eabi-gcc" "ASSEMBLER=arm-none-eabi-as
TRACE::2026-02-05.17:59:36::SCWBDomain::" "ARCHIVER=arm-none-eabi-ar" "COMPILER_FLAGS=  -O2 -c" "EXTRA_COMPILER_FLAGS=-mcpu=cortex-a9 -mfpu=vfpv3 -mfloat-abi=hard -nos
TRACE::2026-02-05.17:59:36::SCWBDomain::tartfiles -g -Wall -Wextra"

TRACE::2026-02-05.17:59:36::SCWBDomain::make[2]: Entering directory 'C:/Users/cihem/CPRE-488-Labs/Mp-0_New/Nes/design_1_wrapper/zynq_fsbl/zynq_fsbl_bsp/ps7_cortexa9_0/
TRACE::2026-02-05.17:59:36::SCWBDomain::libsrc/axivdma_v6_7/src'

TRACE::2026-02-05.17:59:36::SCWBDomain::make[2]: Leaving directory 'C:/Users/cihem/CPRE-488-Labs/Mp-0_New/Nes/design_1_wrapper/zynq_fsbl/zynq_fsbl_bsp/ps7_cortexa9_0/l
TRACE::2026-02-05.17:59:36::SCWBDomain::ibsrc/axivdma_v6_7/src'

TRACE::2026-02-05.17:59:36::SCWBDomain::"Running Make include in ps7_cortexa9_0/libsrc/coresightps_dcc_v1_7/src"

TRACE::2026-02-05.17:59:36::SCWBDomain::make -C ps7_cortexa9_0/libsrc/coresightps_dcc_v1_7/src -s include  "SHELL=CMD" "COMPILER=arm-none-eabi-gcc" "ASSEMBLER=arm-none
TRACE::2026-02-05.17:59:36::SCWBDomain::-eabi-as" "ARCHIVER=arm-none-eabi-ar" "COMPILER_FLAGS=  -O2 -c" "EXTRA_COMPILER_FLAGS=-mcpu=cortex-a9 -mfpu=vfpv3 -mfloat-abi=h
TRACE::2026-02-05.17:59:36::SCWBDomain::ard -nostartfiles -g -Wall -Wextra"

TRACE::2026-02-05.17:59:36::SCWBDomain::make[2]: Entering directory 'C:/Users/cihem/CPRE-488-Labs/Mp-0_New/Nes/design_1_wrapper/zynq_fsbl/zynq_fsbl_bsp/ps7_cortexa9_0/
TRACE::2026-02-05.17:59:36::SCWBDomain::libsrc/coresightps_dcc_v1_7/src'

TRACE::2026-02-05.17:59:36::SCWBDomain::make[2]: Leaving directory 'C:/Users/cihem/CPRE-488-Labs/Mp-0_New/Nes/design_1_wrapper/zynq_fsbl/zynq_fsbl_bsp/ps7_cortexa9_0/l
TRACE::2026-02-05.17:59:36::SCWBDomain::ibsrc/coresightps_dcc_v1_7/src'

TRACE::2026-02-05.17:59:36::SCWBDomain::"Running Make include in ps7_cortexa9_0/libsrc/cpu_cortexa9_v2_9/src"

TRACE::2026-02-05.17:59:36::SCWBDomain::make -C ps7_cortexa9_0/libsrc/cpu_cortexa9_v2_9/src -s include  "SHELL=CMD" "COMPILER=arm-none-eabi-gcc" "ASSEMBLER=arm-none-ea
TRACE::2026-02-05.17:59:36::SCWBDomain::bi-as" "ARCHIVER=arm-none-eabi-ar" "COMPILER_FLAGS=  -O2 -c" "EXTRA_COMPILER_FLAGS=-mcpu=cortex-a9 -mfpu=vfpv3 -mfloat-abi=hard
TRACE::2026-02-05.17:59:36::SCWBDomain:: -nostartfiles -g -Wall -Wextra"

TRACE::2026-02-05.17:59:36::SCWBDomain::make[2]: Entering directory 'C:/Users/cihem/CPRE-488-Labs/Mp-0_New/Nes/design_1_wrapper/zynq_fsbl/zynq_fsbl_bsp/ps7_cortexa9_0/
TRACE::2026-02-05.17:59:36::SCWBDomain::libsrc/cpu_cortexa9_v2_9/src'

TRACE::2026-02-05.17:59:36::SCWBDomain::make[2]: Leaving directory 'C:/Users/cihem/CPRE-488-Labs/Mp-0_New/Nes/design_1_wrapper/zynq_fsbl/zynq_fsbl_bsp/ps7_cortexa9_0/l
TRACE::2026-02-05.17:59:36::SCWBDomain::ibsrc/cpu_cortexa9_v2_9/src'

TRACE::2026-02-05.17:59:36::SCWBDomain::"Running Make include in ps7_cortexa9_0/libsrc/ddrps_v1_1/src"

TRACE::2026-02-05.17:59:36::SCWBDomain::make -C ps7_cortexa9_0/libsrc/ddrps_v1_1/src -s include  "SHELL=CMD" "COMPILER=arm-none-eabi-gcc" "ASSEMBLER=arm-none-eabi-as" 
TRACE::2026-02-05.17:59:36::SCWBDomain::"ARCHIVER=arm-none-eabi-ar" "COMPILER_FLAGS=  -O2 -c" "EXTRA_COMPILER_FLAGS=-mcpu=cortex-a9 -mfpu=vfpv3 -mfloat-abi=hard -nosta
TRACE::2026-02-05.17:59:36::SCWBDomain::rtfiles -g -Wall -Wextra"

TRACE::2026-02-05.17:59:36::SCWBDomain::make[2]: Entering directory 'C:/Users/cihem/CPRE-488-Labs/Mp-0_New/Nes/design_1_wrapper/zynq_fsbl/zynq_fsbl_bsp/ps7_cortexa9_0/
TRACE::2026-02-05.17:59:36::SCWBDomain::libsrc/ddrps_v1_1/src'

TRACE::2026-02-05.17:59:36::SCWBDomain::make[2]: Leaving directory 'C:/Users/cihem/CPRE-488-Labs/Mp-0_New/Nes/design_1_wrapper/zynq_fsbl/zynq_fsbl_bsp/ps7_cortexa9_0/l
TRACE::2026-02-05.17:59:36::SCWBDomain::ibsrc/ddrps_v1_1/src'

TRACE::2026-02-05.17:59:36::SCWBDomain::"Running Make include in ps7_cortexa9_0/libsrc/devcfg_v3_6/src"

TRACE::2026-02-05.17:59:36::SCWBDomain::make -C ps7_cortexa9_0/libsrc/devcfg_v3_6/src -s include  "SHELL=CMD" "COMPILER=arm-none-eabi-gcc" "ASSEMBLER=arm-none-eabi-as"
TRACE::2026-02-05.17:59:36::SCWBDomain:: "ARCHIVER=arm-none-eabi-ar" "COMPILER_FLAGS=  -O2 -c" "EXTRA_COMPILER_FLAGS=-mcpu=cortex-a9 -mfpu=vfpv3 -mfloat-abi=hard -nost
TRACE::2026-02-05.17:59:36::SCWBDomain::artfiles -g -Wall -Wextra"

TRACE::2026-02-05.17:59:36::SCWBDomain::make[2]: Entering directory 'C:/Users/cihem/CPRE-488-Labs/Mp-0_New/Nes/design_1_wrapper/zynq_fsbl/zynq_fsbl_bsp/ps7_cortexa9_0/
TRACE::2026-02-05.17:59:36::SCWBDomain::libsrc/devcfg_v3_6/src'

TRACE::2026-02-05.17:59:36::SCWBDomain::make[2]: Leaving directory 'C:/Users/cihem/CPRE-488-Labs/Mp-0_New/Nes/design_1_wrapper/zynq_fsbl/zynq_fsbl_bsp/ps7_cortexa9_0/l
TRACE::2026-02-05.17:59:36::SCWBDomain::ibsrc/devcfg_v3_6/src'

TRACE::2026-02-05.17:59:36::SCWBDomain::"Running Make include in ps7_cortexa9_0/libsrc/dmaps_v2_6/src"

TRACE::2026-02-05.17:59:36::SCWBDomain::make -C ps7_cortexa9_0/libsrc/dmaps_v2_6/src -s include  "SHELL=CMD" "COMPILER=arm-none-eabi-gcc" "ASSEMBLER=arm-none-eabi-as" 
TRACE::2026-02-05.17:59:36::SCWBDomain::"ARCHIVER=arm-none-eabi-ar" "COMPILER_FLAGS=  -O2 -c" "EXTRA_COMPILER_FLAGS=-mcpu=cortex-a9 -mfpu=vfpv3 -mfloat-abi=hard -nosta
TRACE::2026-02-05.17:59:36::SCWBDomain::rtfiles -g -Wall -Wextra"

TRACE::2026-02-05.17:59:36::SCWBDomain::make[2]: Entering directory 'C:/Users/cihem/CPRE-488-Labs/Mp-0_New/Nes/design_1_wrapper/zynq_fsbl/zynq_fsbl_bsp/ps7_cortexa9_0/
TRACE::2026-02-05.17:59:36::SCWBDomain::libsrc/dmaps_v2_6/src'

TRACE::2026-02-05.17:59:36::SCWBDomain::make[2]: Leaving directory 'C:/Users/cihem/CPRE-488-Labs/Mp-0_New/Nes/design_1_wrapper/zynq_fsbl/zynq_fsbl_bsp/ps7_cortexa9_0/l
TRACE::2026-02-05.17:59:36::SCWBDomain::ibsrc/dmaps_v2_6/src'

TRACE::2026-02-05.17:59:36::SCWBDomain::"Running Make include in ps7_cortexa9_0/libsrc/emacps_v3_11/src"

TRACE::2026-02-05.17:59:36::SCWBDomain::make -C ps7_cortexa9_0/libsrc/emacps_v3_11/src -s include  "SHELL=CMD" "COMPILER=arm-none-eabi-gcc" "ASSEMBLER=arm-none-eabi-as
TRACE::2026-02-05.17:59:36::SCWBDomain::" "ARCHIVER=arm-none-eabi-ar" "COMPILER_FLAGS=  -O2 -c" "EXTRA_COMPILER_FLAGS=-mcpu=cortex-a9 -mfpu=vfpv3 -mfloat-abi=hard -nos
TRACE::2026-02-05.17:59:36::SCWBDomain::tartfiles -g -Wall -Wextra"

TRACE::2026-02-05.17:59:37::SCWBDomain::make[2]: Entering directory 'C:/Users/cihem/CPRE-488-Labs/Mp-0_New/Nes/design_1_wrapper/zynq_fsbl/zynq_fsbl_bsp/ps7_cortexa9_0/
TRACE::2026-02-05.17:59:37::SCWBDomain::libsrc/emacps_v3_11/src'

TRACE::2026-02-05.17:59:37::SCWBDomain::make[2]: Leaving directory 'C:/Users/cihem/CPRE-488-Labs/Mp-0_New/Nes/design_1_wrapper/zynq_fsbl/zynq_fsbl_bsp/ps7_cortexa9_0/l
TRACE::2026-02-05.17:59:37::SCWBDomain::ibsrc/emacps_v3_11/src'

TRACE::2026-02-05.17:59:37::SCWBDomain::"Running Make include in ps7_cortexa9_0/libsrc/gpiops_v3_7/src"

TRACE::2026-02-05.17:59:37::SCWBDomain::make -C ps7_cortexa9_0/libsrc/gpiops_v3_7/src -s include  "SHELL=CMD" "COMPILER=arm-none-eabi-gcc" "ASSEMBLER=arm-none-eabi-as"
TRACE::2026-02-05.17:59:37::SCWBDomain:: "ARCHIVER=arm-none-eabi-ar" "COMPILER_FLAGS=  -O2 -c" "EXTRA_COMPILER_FLAGS=-mcpu=cortex-a9 -mfpu=vfpv3 -mfloat-abi=hard -nost
TRACE::2026-02-05.17:59:37::SCWBDomain::artfiles -g -Wall -Wextra"

TRACE::2026-02-05.17:59:37::SCWBDomain::make[2]: Entering directory 'C:/Users/cihem/CPRE-488-Labs/Mp-0_New/Nes/design_1_wrapper/zynq_fsbl/zynq_fsbl_bsp/ps7_cortexa9_0/
TRACE::2026-02-05.17:59:37::SCWBDomain::libsrc/gpiops_v3_7/src'

TRACE::2026-02-05.17:59:37::SCWBDomain::make[2]: Leaving directory 'C:/Users/cihem/CPRE-488-Labs/Mp-0_New/Nes/design_1_wrapper/zynq_fsbl/zynq_fsbl_bsp/ps7_cortexa9_0/l
TRACE::2026-02-05.17:59:37::SCWBDomain::ibsrc/gpiops_v3_7/src'

TRACE::2026-02-05.17:59:37::SCWBDomain::"Running Make include in ps7_cortexa9_0/libsrc/qspips_v3_7/src"

TRACE::2026-02-05.17:59:37::SCWBDomain::make -C ps7_cortexa9_0/libsrc/qspips_v3_7/src -s include  "SHELL=CMD" "COMPILER=arm-none-eabi-gcc" "ASSEMBLER=arm-none-eabi-as"
TRACE::2026-02-05.17:59:37::SCWBDomain:: "ARCHIVER=arm-none-eabi-ar" "COMPILER_FLAGS=  -O2 -c" "EXTRA_COMPILER_FLAGS=-mcpu=cortex-a9 -mfpu=vfpv3 -mfloat-abi=hard -nost
TRACE::2026-02-05.17:59:37::SCWBDomain::artfiles -g -Wall -Wextra"

TRACE::2026-02-05.17:59:37::SCWBDomain::make[2]: Entering directory 'C:/Users/cihem/CPRE-488-Labs/Mp-0_New/Nes/design_1_wrapper/zynq_fsbl/zynq_fsbl_bsp/ps7_cortexa9_0/
TRACE::2026-02-05.17:59:37::SCWBDomain::libsrc/qspips_v3_7/src'

TRACE::2026-02-05.17:59:37::SCWBDomain::make[2]: Leaving directory 'C:/Users/cihem/CPRE-488-Labs/Mp-0_New/Nes/design_1_wrapper/zynq_fsbl/zynq_fsbl_bsp/ps7_cortexa9_0/l
TRACE::2026-02-05.17:59:37::SCWBDomain::ibsrc/qspips_v3_7/src'

TRACE::2026-02-05.17:59:37::SCWBDomain::"Running Make include in ps7_cortexa9_0/libsrc/scugic_v4_2/src"

TRACE::2026-02-05.17:59:37::SCWBDomain::make -C ps7_cortexa9_0/libsrc/scugic_v4_2/src -s include  "SHELL=CMD" "COMPILER=arm-none-eabi-gcc" "ASSEMBLER=arm-none-eabi-as"
TRACE::2026-02-05.17:59:37::SCWBDomain:: "ARCHIVER=arm-none-eabi-ar" "COMPILER_FLAGS=  -O2 -c" "EXTRA_COMPILER_FLAGS=-mcpu=cortex-a9 -mfpu=vfpv3 -mfloat-abi=hard -nost
TRACE::2026-02-05.17:59:37::SCWBDomain::artfiles -g -Wall -Wextra"

TRACE::2026-02-05.17:59:37::SCWBDomain::make[2]: Entering directory 'C:/Users/cihem/CPRE-488-Labs/Mp-0_New/Nes/design_1_wrapper/zynq_fsbl/zynq_fsbl_bsp/ps7_cortexa9_0/
TRACE::2026-02-05.17:59:37::SCWBDomain::libsrc/scugic_v4_2/src'

TRACE::2026-02-05.17:59:37::SCWBDomain::make[2]: Leaving directory 'C:/Users/cihem/CPRE-488-Labs/Mp-0_New/Nes/design_1_wrapper/zynq_fsbl/zynq_fsbl_bsp/ps7_cortexa9_0/l
TRACE::2026-02-05.17:59:37::SCWBDomain::ibsrc/scugic_v4_2/src'

TRACE::2026-02-05.17:59:37::SCWBDomain::"Running Make include in ps7_cortexa9_0/libsrc/scutimer_v2_2/src"

TRACE::2026-02-05.17:59:37::SCWBDomain::make -C ps7_cortexa9_0/libsrc/scutimer_v2_2/src -s include  "SHELL=CMD" "COMPILER=arm-none-eabi-gcc" "ASSEMBLER=arm-none-eabi-a
TRACE::2026-02-05.17:59:37::SCWBDomain::s" "ARCHIVER=arm-none-eabi-ar" "COMPILER_FLAGS=  -O2 -c" "EXTRA_COMPILER_FLAGS=-mcpu=cortex-a9 -mfpu=vfpv3 -mfloat-abi=hard -no
TRACE::2026-02-05.17:59:37::SCWBDomain::startfiles -g -Wall -Wextra"

TRACE::2026-02-05.17:59:37::SCWBDomain::make[2]: Entering directory 'C:/Users/cihem/CPRE-488-Labs/Mp-0_New/Nes/design_1_wrapper/zynq_fsbl/zynq_fsbl_bsp/ps7_cortexa9_0/
TRACE::2026-02-05.17:59:37::SCWBDomain::libsrc/scutimer_v2_2/src'

TRACE::2026-02-05.17:59:37::SCWBDomain::make[2]: Leaving directory 'C:/Users/cihem/CPRE-488-Labs/Mp-0_New/Nes/design_1_wrapper/zynq_fsbl/zynq_fsbl_bsp/ps7_cortexa9_0/l
TRACE::2026-02-05.17:59:37::SCWBDomain::ibsrc/scutimer_v2_2/src'

TRACE::2026-02-05.17:59:37::SCWBDomain::"Running Make include in ps7_cortexa9_0/libsrc/scuwdt_v2_2/src"

TRACE::2026-02-05.17:59:37::SCWBDomain::make -C ps7_cortexa9_0/libsrc/scuwdt_v2_2/src -s include  "SHELL=CMD" "COMPILER=arm-none-eabi-gcc" "ASSEMBLER=arm-none-eabi-as"
TRACE::2026-02-05.17:59:37::SCWBDomain:: "ARCHIVER=arm-none-eabi-ar" "COMPILER_FLAGS=  -O2 -c" "EXTRA_COMPILER_FLAGS=-mcpu=cortex-a9 -mfpu=vfpv3 -mfloat-abi=hard -nost
TRACE::2026-02-05.17:59:37::SCWBDomain::artfiles -g -Wall -Wextra"

TRACE::2026-02-05.17:59:37::SCWBDomain::make[2]: Entering directory 'C:/Users/cihem/CPRE-488-Labs/Mp-0_New/Nes/design_1_wrapper/zynq_fsbl/zynq_fsbl_bsp/ps7_cortexa9_0/
TRACE::2026-02-05.17:59:37::SCWBDomain::libsrc/scuwdt_v2_2/src'

TRACE::2026-02-05.17:59:37::SCWBDomain::make[2]: Leaving directory 'C:/Users/cihem/CPRE-488-Labs/Mp-0_New/Nes/design_1_wrapper/zynq_fsbl/zynq_fsbl_bsp/ps7_cortexa9_0/l
TRACE::2026-02-05.17:59:37::SCWBDomain::ibsrc/scuwdt_v2_2/src'

TRACE::2026-02-05.17:59:37::SCWBDomain::"Running Make include in ps7_cortexa9_0/libsrc/sdps_v3_9/src"

TRACE::2026-02-05.17:59:37::SCWBDomain::make -C ps7_cortexa9_0/libsrc/sdps_v3_9/src -s include  "SHELL=CMD" "COMPILER=arm-none-eabi-gcc" "ASSEMBLER=arm-none-eabi-as" "
TRACE::2026-02-05.17:59:37::SCWBDomain::ARCHIVER=arm-none-eabi-ar" "COMPILER_FLAGS=  -O2 -c" "EXTRA_COMPILER_FLAGS=-mcpu=cortex-a9 -mfpu=vfpv3 -mfloat-abi=hard -nostar
TRACE::2026-02-05.17:59:37::SCWBDomain::tfiles -g -Wall -Wextra"

TRACE::2026-02-05.17:59:37::SCWBDomain::make[2]: Entering directory 'C:/Users/cihem/CPRE-488-Labs/Mp-0_New/Nes/design_1_wrapper/zynq_fsbl/zynq_fsbl_bsp/ps7_cortexa9_0/
TRACE::2026-02-05.17:59:37::SCWBDomain::libsrc/sdps_v3_9/src'

TRACE::2026-02-05.17:59:37::SCWBDomain::make[2]: Leaving directory 'C:/Users/cihem/CPRE-488-Labs/Mp-0_New/Nes/design_1_wrapper/zynq_fsbl/zynq_fsbl_bsp/ps7_cortexa9_0/l
TRACE::2026-02-05.17:59:37::SCWBDomain::ibsrc/sdps_v3_9/src'

TRACE::2026-02-05.17:59:37::SCWBDomain::"Running Make include in ps7_cortexa9_0/libsrc/standalone_v7_2/src"

TRACE::2026-02-05.17:59:37::SCWBDomain::make -C ps7_cortexa9_0/libsrc/standalone_v7_2/src -s include  "SHELL=CMD" "COMPILER=arm-none-eabi-gcc" "ASSEMBLER=arm-none-eabi
TRACE::2026-02-05.17:59:37::SCWBDomain::-as" "ARCHIVER=arm-none-eabi-ar" "COMPILER_FLAGS=  -O2 -c" "EXTRA_COMPILER_FLAGS=-mcpu=cortex-a9 -mfpu=vfpv3 -mfloat-abi=hard -
TRACE::2026-02-05.17:59:37::SCWBDomain::nostartfiles -g -Wall -Wextra"

TRACE::2026-02-05.17:59:37::SCWBDomain::make[2]: Entering directory 'C:/Users/cihem/CPRE-488-Labs/Mp-0_New/Nes/design_1_wrapper/zynq_fsbl/zynq_fsbl_bsp/ps7_cortexa9_0/
TRACE::2026-02-05.17:59:37::SCWBDomain::libsrc/standalone_v7_2/src'

TRACE::2026-02-05.17:59:37::SCWBDomain::make[3]: Entering directory 'C:/Users/cihem/CPRE-488-Labs/Mp-0_New/Nes/design_1_wrapper/zynq_fsbl/zynq_fsbl_bsp/ps7_cortexa9_0/
TRACE::2026-02-05.17:59:37::SCWBDomain::libsrc/standalone_v7_2/src/profile'

TRACE::2026-02-05.17:59:37::SCWBDomain::make[3]: Leaving directory 'C:/Users/cihem/CPRE-488-Labs/Mp-0_New/Nes/design_1_wrapper/zynq_fsbl/zynq_fsbl_bsp/ps7_cortexa9_0/l
TRACE::2026-02-05.17:59:37::SCWBDomain::ibsrc/standalone_v7_2/src/profile'

TRACE::2026-02-05.17:59:37::SCWBDomain::make[2]: Leaving directory 'C:/Users/cihem/CPRE-488-Labs/Mp-0_New/Nes/design_1_wrapper/zynq_fsbl/zynq_fsbl_bsp/ps7_cortexa9_0/l
TRACE::2026-02-05.17:59:37::SCWBDomain::ibsrc/standalone_v7_2/src'

TRACE::2026-02-05.17:59:37::SCWBDomain::"Running Make include in ps7_cortexa9_0/libsrc/ttcps_v3_11/src"

TRACE::2026-02-05.17:59:37::SCWBDomain::make -C ps7_cortexa9_0/libsrc/ttcps_v3_11/src -s include  "SHELL=CMD" "COMPILER=arm-none-eabi-gcc" "ASSEMBLER=arm-none-eabi-as"
TRACE::2026-02-05.17:59:37::SCWBDomain:: "ARCHIVER=arm-none-eabi-ar" "COMPILER_FLAGS=  -O2 -c" "EXTRA_COMPILER_FLAGS=-mcpu=cortex-a9 -mfpu=vfpv3 -mfloat-abi=hard -nost
TRACE::2026-02-05.17:59:37::SCWBDomain::artfiles -g -Wall -Wextra"

TRACE::2026-02-05.17:59:37::SCWBDomain::make[2]: Entering directory 'C:/Users/cihem/CPRE-488-Labs/Mp-0_New/Nes/design_1_wrapper/zynq_fsbl/zynq_fsbl_bsp/ps7_cortexa9_0/
TRACE::2026-02-05.17:59:37::SCWBDomain::libsrc/ttcps_v3_11/src'

TRACE::2026-02-05.17:59:37::SCWBDomain::make[2]: Leaving directory 'C:/Users/cihem/CPRE-488-Labs/Mp-0_New/Nes/design_1_wrapper/zynq_fsbl/zynq_fsbl_bsp/ps7_cortexa9_0/l
TRACE::2026-02-05.17:59:37::SCWBDomain::ibsrc/ttcps_v3_11/src'

TRACE::2026-02-05.17:59:37::SCWBDomain::"Running Make include in ps7_cortexa9_0/libsrc/uartps_v3_9/src"

TRACE::2026-02-05.17:59:37::SCWBDomain::make -C ps7_cortexa9_0/libsrc/uartps_v3_9/src -s include  "SHELL=CMD" "COMPILER=arm-none-eabi-gcc" "ASSEMBLER=arm-none-eabi-as"
TRACE::2026-02-05.17:59:37::SCWBDomain:: "ARCHIVER=arm-none-eabi-ar" "COMPILER_FLAGS=  -O2 -c" "EXTRA_COMPILER_FLAGS=-mcpu=cortex-a9 -mfpu=vfpv3 -mfloat-abi=hard -nost
TRACE::2026-02-05.17:59:37::SCWBDomain::artfiles -g -Wall -Wextra"

TRACE::2026-02-05.17:59:37::SCWBDomain::make[2]: Entering directory 'C:/Users/cihem/CPRE-488-Labs/Mp-0_New/Nes/design_1_wrapper/zynq_fsbl/zynq_fsbl_bsp/ps7_cortexa9_0/
TRACE::2026-02-05.17:59:37::SCWBDomain::libsrc/uartps_v3_9/src'

TRACE::2026-02-05.17:59:37::SCWBDomain::make[2]: Leaving directory 'C:/Users/cihem/CPRE-488-Labs/Mp-0_New/Nes/design_1_wrapper/zynq_fsbl/zynq_fsbl_bsp/ps7_cortexa9_0/l
TRACE::2026-02-05.17:59:37::SCWBDomain::ibsrc/uartps_v3_9/src'

TRACE::2026-02-05.17:59:37::SCWBDomain::"Running Make include in ps7_cortexa9_0/libsrc/usbps_v2_5/src"

TRACE::2026-02-05.17:59:37::SCWBDomain::make -C ps7_cortexa9_0/libsrc/usbps_v2_5/src -s include  "SHELL=CMD" "COMPILER=arm-none-eabi-gcc" "ASSEMBLER=arm-none-eabi-as" 
TRACE::2026-02-05.17:59:37::SCWBDomain::"ARCHIVER=arm-none-eabi-ar" "COMPILER_FLAGS=  -O2 -c" "EXTRA_COMPILER_FLAGS=-mcpu=cortex-a9 -mfpu=vfpv3 -mfloat-abi=hard -nosta
TRACE::2026-02-05.17:59:37::SCWBDomain::rtfiles -g -Wall -Wextra"

TRACE::2026-02-05.17:59:37::SCWBDomain::make[2]: Entering directory 'C:/Users/cihem/CPRE-488-Labs/Mp-0_New/Nes/design_1_wrapper/zynq_fsbl/zynq_fsbl_bsp/ps7_cortexa9_0/
TRACE::2026-02-05.17:59:37::SCWBDomain::libsrc/usbps_v2_5/src'

TRACE::2026-02-05.17:59:37::SCWBDomain::make[2]: Leaving directory 'C:/Users/cihem/CPRE-488-Labs/Mp-0_New/Nes/design_1_wrapper/zynq_fsbl/zynq_fsbl_bsp/ps7_cortexa9_0/l
TRACE::2026-02-05.17:59:37::SCWBDomain::ibsrc/usbps_v2_5/src'

TRACE::2026-02-05.17:59:37::SCWBDomain::"Running Make include in ps7_cortexa9_0/libsrc/vtc_v8_2/src"

TRACE::2026-02-05.17:59:37::SCWBDomain::make -C ps7_cortexa9_0/libsrc/vtc_v8_2/src -s include  "SHELL=CMD" "COMPILER=arm-none-eabi-gcc" "ASSEMBLER=arm-none-eabi-as" "A
TRACE::2026-02-05.17:59:37::SCWBDomain::RCHIVER=arm-none-eabi-ar" "COMPILER_FLAGS=  -O2 -c" "EXTRA_COMPILER_FLAGS=-mcpu=cortex-a9 -mfpu=vfpv3 -mfloat-abi=hard -nostart
TRACE::2026-02-05.17:59:37::SCWBDomain::files -g -Wall -Wextra"

TRACE::2026-02-05.17:59:37::SCWBDomain::make[2]: Entering directory 'C:/Users/cihem/CPRE-488-Labs/Mp-0_New/Nes/design_1_wrapper/zynq_fsbl/zynq_fsbl_bsp/ps7_cortexa9_0/
TRACE::2026-02-05.17:59:37::SCWBDomain::libsrc/vtc_v8_2/src'

TRACE::2026-02-05.17:59:38::SCWBDomain::make[2]: Leaving directory 'C:/Users/cihem/CPRE-488-Labs/Mp-0_New/Nes/design_1_wrapper/zynq_fsbl/zynq_fsbl_bsp/ps7_cortexa9_0/l
TRACE::2026-02-05.17:59:38::SCWBDomain::ibsrc/vtc_v8_2/src'

TRACE::2026-02-05.17:59:38::SCWBDomain::"Running Make include in ps7_cortexa9_0/libsrc/xadcps_v2_4/src"

TRACE::2026-02-05.17:59:38::SCWBDomain::make -C ps7_cortexa9_0/libsrc/xadcps_v2_4/src -s include  "SHELL=CMD" "COMPILER=arm-none-eabi-gcc" "ASSEMBLER=arm-none-eabi-as"
TRACE::2026-02-05.17:59:38::SCWBDomain:: "ARCHIVER=arm-none-eabi-ar" "COMPILER_FLAGS=  -O2 -c" "EXTRA_COMPILER_FLAGS=-mcpu=cortex-a9 -mfpu=vfpv3 -mfloat-abi=hard -nost
TRACE::2026-02-05.17:59:38::SCWBDomain::artfiles -g -Wall -Wextra"

TRACE::2026-02-05.17:59:38::SCWBDomain::make[2]: Entering directory 'C:/Users/cihem/CPRE-488-Labs/Mp-0_New/Nes/design_1_wrapper/zynq_fsbl/zynq_fsbl_bsp/ps7_cortexa9_0/
TRACE::2026-02-05.17:59:38::SCWBDomain::libsrc/xadcps_v2_4/src'

TRACE::2026-02-05.17:59:38::SCWBDomain::make[2]: Leaving directory 'C:/Users/cihem/CPRE-488-Labs/Mp-0_New/Nes/design_1_wrapper/zynq_fsbl/zynq_fsbl_bsp/ps7_cortexa9_0/l
TRACE::2026-02-05.17:59:38::SCWBDomain::ibsrc/xadcps_v2_4/src'

TRACE::2026-02-05.17:59:38::SCWBDomain::"Running Make include in ps7_cortexa9_0/libsrc/xilffs_v4_3/src"

TRACE::2026-02-05.17:59:38::SCWBDomain::make -C ps7_cortexa9_0/libsrc/xilffs_v4_3/src -s include  "SHELL=CMD" "COMPILER=arm-none-eabi-gcc" "ASSEMBLER=arm-none-eabi-as"
TRACE::2026-02-05.17:59:38::SCWBDomain:: "ARCHIVER=arm-none-eabi-ar" "COMPILER_FLAGS=  -O2 -c" "EXTRA_COMPILER_FLAGS=-mcpu=cortex-a9 -mfpu=vfpv3 -mfloat-abi=hard -nost
TRACE::2026-02-05.17:59:38::SCWBDomain::artfiles -g -Wall -Wextra"

TRACE::2026-02-05.17:59:38::SCWBDomain::make[2]: Entering directory 'C:/Users/cihem/CPRE-488-Labs/Mp-0_New/Nes/design_1_wrapper/zynq_fsbl/zynq_fsbl_bsp/ps7_cortexa9_0/
TRACE::2026-02-05.17:59:38::SCWBDomain::libsrc/xilffs_v4_3/src'

TRACE::2026-02-05.17:59:38::SCWBDomain::make[2]: Leaving directory 'C:/Users/cihem/CPRE-488-Labs/Mp-0_New/Nes/design_1_wrapper/zynq_fsbl/zynq_fsbl_bsp/ps7_cortexa9_0/l
TRACE::2026-02-05.17:59:38::SCWBDomain::ibsrc/xilffs_v4_3/src'

TRACE::2026-02-05.17:59:38::SCWBDomain::"Running Make include in ps7_cortexa9_0/libsrc/xilrsa_v1_6/src"

TRACE::2026-02-05.17:59:38::SCWBDomain::make -C ps7_cortexa9_0/libsrc/xilrsa_v1_6/src -s include  "SHELL=CMD" "COMPILER=arm-none-eabi-gcc" "ASSEMBLER=arm-none-eabi-as"
TRACE::2026-02-05.17:59:38::SCWBDomain:: "ARCHIVER=arm-none-eabi-ar" "COMPILER_FLAGS=  -O2 -c" "EXTRA_COMPILER_FLAGS=-mcpu=cortex-a9 -mfpu=vfpv3 -mfloat-abi=hard -nost
TRACE::2026-02-05.17:59:38::SCWBDomain::artfiles -g -Wall -Wextra"

TRACE::2026-02-05.17:59:38::SCWBDomain::make[2]: Entering directory 'C:/Users/cihem/CPRE-488-Labs/Mp-0_New/Nes/design_1_wrapper/zynq_fsbl/zynq_fsbl_bsp/ps7_cortexa9_0/
TRACE::2026-02-05.17:59:38::SCWBDomain::libsrc/xilrsa_v1_6/src'

TRACE::2026-02-05.17:59:38::SCWBDomain::make[2]: Leaving directory 'C:/Users/cihem/CPRE-488-Labs/Mp-0_New/Nes/design_1_wrapper/zynq_fsbl/zynq_fsbl_bsp/ps7_cortexa9_0/l
TRACE::2026-02-05.17:59:38::SCWBDomain::ibsrc/xilrsa_v1_6/src'

TRACE::2026-02-05.17:59:38::SCWBDomain::"Running Make libs in ps7_cortexa9_0/libsrc/axivdma_v6_7/src"

TRACE::2026-02-05.17:59:38::SCWBDomain::make -C ps7_cortexa9_0/libsrc/axivdma_v6_7/src -s libs  "SHELL=CMD" "COMPILER=arm-none-eabi-gcc" "ASSEMBLER=arm-none-eabi-as" "
TRACE::2026-02-05.17:59:38::SCWBDomain::ARCHIVER=arm-none-eabi-ar" "COMPILER_FLAGS=  -O2 -c" "EXTRA_COMPILER_FLAGS=-mcpu=cortex-a9 -mfpu=vfpv3 -mfloat-abi=hard -nostar
TRACE::2026-02-05.17:59:38::SCWBDomain::tfiles -g -Wall -Wextra"

TRACE::2026-02-05.17:59:38::SCWBDomain::make[2]: Entering directory 'C:/Users/cihem/CPRE-488-Labs/Mp-0_New/Nes/design_1_wrapper/zynq_fsbl/zynq_fsbl_bsp/ps7_cortexa9_0/
TRACE::2026-02-05.17:59:38::SCWBDomain::libsrc/axivdma_v6_7/src'

TRACE::2026-02-05.17:59:38::SCWBDomain::"Compiling axivdma"

TRACE::2026-02-05.17:59:38::SCWBDomain::make[2]: Leaving directory 'C:/Users/cihem/CPRE-488-Labs/Mp-0_New/Nes/design_1_wrapper/zynq_fsbl/zynq_fsbl_bsp/ps7_cortexa9_0/l
TRACE::2026-02-05.17:59:38::SCWBDomain::ibsrc/axivdma_v6_7/src'

TRACE::2026-02-05.17:59:38::SCWBDomain::"Running Make libs in ps7_cortexa9_0/libsrc/coresightps_dcc_v1_7/src"

TRACE::2026-02-05.17:59:38::SCWBDomain::make -C ps7_cortexa9_0/libsrc/coresightps_dcc_v1_7/src -s libs  "SHELL=CMD" "COMPILER=arm-none-eabi-gcc" "ASSEMBLER=arm-none-ea
TRACE::2026-02-05.17:59:38::SCWBDomain::bi-as" "ARCHIVER=arm-none-eabi-ar" "COMPILER_FLAGS=  -O2 -c" "EXTRA_COMPILER_FLAGS=-mcpu=cortex-a9 -mfpu=vfpv3 -mfloat-abi=hard
TRACE::2026-02-05.17:59:38::SCWBDomain:: -nostartfiles -g -Wall -Wextra"

TRACE::2026-02-05.17:59:38::SCWBDomain::make[2]: Entering directory 'C:/Users/cihem/CPRE-488-Labs/Mp-0_New/Nes/design_1_wrapper/zynq_fsbl/zynq_fsbl_bsp/ps7_cortexa9_0/
TRACE::2026-02-05.17:59:38::SCWBDomain::libsrc/coresightps_dcc_v1_7/src'

TRACE::2026-02-05.17:59:38::SCWBDomain::"Compiling coresightps_dcc"

TRACE::2026-02-05.17:59:39::SCWBDomain::make[2]: Leaving directory 'C:/Users/cihem/CPRE-488-Labs/Mp-0_New/Nes/design_1_wrapper/zynq_fsbl/zynq_fsbl_bsp/ps7_cortexa9_0/l
TRACE::2026-02-05.17:59:39::SCWBDomain::ibsrc/coresightps_dcc_v1_7/src'

TRACE::2026-02-05.17:59:39::SCWBDomain::"Running Make libs in ps7_cortexa9_0/libsrc/cpu_cortexa9_v2_9/src"

TRACE::2026-02-05.17:59:39::SCWBDomain::make -C ps7_cortexa9_0/libsrc/cpu_cortexa9_v2_9/src -s libs  "SHELL=CMD" "COMPILER=arm-none-eabi-gcc" "ASSEMBLER=arm-none-eabi-
TRACE::2026-02-05.17:59:39::SCWBDomain::as" "ARCHIVER=arm-none-eabi-ar" "COMPILER_FLAGS=  -O2 -c" "EXTRA_COMPILER_FLAGS=-mcpu=cortex-a9 -mfpu=vfpv3 -mfloat-abi=hard -n
TRACE::2026-02-05.17:59:39::SCWBDomain::ostartfiles -g -Wall -Wextra"

TRACE::2026-02-05.17:59:39::SCWBDomain::make[2]: Entering directory 'C:/Users/cihem/CPRE-488-Labs/Mp-0_New/Nes/design_1_wrapper/zynq_fsbl/zynq_fsbl_bsp/ps7_cortexa9_0/
TRACE::2026-02-05.17:59:39::SCWBDomain::libsrc/cpu_cortexa9_v2_9/src'

TRACE::2026-02-05.17:59:39::SCWBDomain::"Compiling cpu_cortexa9"

TRACE::2026-02-05.17:59:39::SCWBDomain::make[2]: Leaving directory 'C:/Users/cihem/CPRE-488-Labs/Mp-0_New/Nes/design_1_wrapper/zynq_fsbl/zynq_fsbl_bsp/ps7_cortexa9_0/l
TRACE::2026-02-05.17:59:39::SCWBDomain::ibsrc/cpu_cortexa9_v2_9/src'

TRACE::2026-02-05.17:59:39::SCWBDomain::"Running Make libs in ps7_cortexa9_0/libsrc/ddrps_v1_1/src"

TRACE::2026-02-05.17:59:39::SCWBDomain::make -C ps7_cortexa9_0/libsrc/ddrps_v1_1/src -s libs  "SHELL=CMD" "COMPILER=arm-none-eabi-gcc" "ASSEMBLER=arm-none-eabi-as" "AR
TRACE::2026-02-05.17:59:39::SCWBDomain::CHIVER=arm-none-eabi-ar" "COMPILER_FLAGS=  -O2 -c" "EXTRA_COMPILER_FLAGS=-mcpu=cortex-a9 -mfpu=vfpv3 -mfloat-abi=hard -nostartf
TRACE::2026-02-05.17:59:39::SCWBDomain::iles -g -Wall -Wextra"

TRACE::2026-02-05.17:59:39::SCWBDomain::make[2]: Entering directory 'C:/Users/cihem/CPRE-488-Labs/Mp-0_New/Nes/design_1_wrapper/zynq_fsbl/zynq_fsbl_bsp/ps7_cortexa9_0/
TRACE::2026-02-05.17:59:39::SCWBDomain::libsrc/ddrps_v1_1/src'

TRACE::2026-02-05.17:59:39::SCWBDomain::"Compiling ddrps"

TRACE::2026-02-05.17:59:39::SCWBDomain::make[2]: Leaving directory 'C:/Users/cihem/CPRE-488-Labs/Mp-0_New/Nes/design_1_wrapper/zynq_fsbl/zynq_fsbl_bsp/ps7_cortexa9_0/l
TRACE::2026-02-05.17:59:39::SCWBDomain::ibsrc/ddrps_v1_1/src'

TRACE::2026-02-05.17:59:39::SCWBDomain::"Running Make libs in ps7_cortexa9_0/libsrc/devcfg_v3_6/src"

TRACE::2026-02-05.17:59:39::SCWBDomain::make -C ps7_cortexa9_0/libsrc/devcfg_v3_6/src -s libs  "SHELL=CMD" "COMPILER=arm-none-eabi-gcc" "ASSEMBLER=arm-none-eabi-as" "A
TRACE::2026-02-05.17:59:39::SCWBDomain::RCHIVER=arm-none-eabi-ar" "COMPILER_FLAGS=  -O2 -c" "EXTRA_COMPILER_FLAGS=-mcpu=cortex-a9 -mfpu=vfpv3 -mfloat-abi=hard -nostart
TRACE::2026-02-05.17:59:39::SCWBDomain::files -g -Wall -Wextra"

TRACE::2026-02-05.17:59:39::SCWBDomain::make[2]: Entering directory 'C:/Users/cihem/CPRE-488-Labs/Mp-0_New/Nes/design_1_wrapper/zynq_fsbl/zynq_fsbl_bsp/ps7_cortexa9_0/
TRACE::2026-02-05.17:59:39::SCWBDomain::libsrc/devcfg_v3_6/src'

TRACE::2026-02-05.17:59:39::SCWBDomain::"Compiling devcfg"

TRACE::2026-02-05.17:59:39::SCWBDomain::make[2]: Leaving directory 'C:/Users/cihem/CPRE-488-Labs/Mp-0_New/Nes/design_1_wrapper/zynq_fsbl/zynq_fsbl_bsp/ps7_cortexa9_0/l
TRACE::2026-02-05.17:59:39::SCWBDomain::ibsrc/devcfg_v3_6/src'

TRACE::2026-02-05.17:59:39::SCWBDomain::"Running Make libs in ps7_cortexa9_0/libsrc/dmaps_v2_6/src"

TRACE::2026-02-05.17:59:39::SCWBDomain::make -C ps7_cortexa9_0/libsrc/dmaps_v2_6/src -s libs  "SHELL=CMD" "COMPILER=arm-none-eabi-gcc" "ASSEMBLER=arm-none-eabi-as" "AR
TRACE::2026-02-05.17:59:39::SCWBDomain::CHIVER=arm-none-eabi-ar" "COMPILER_FLAGS=  -O2 -c" "EXTRA_COMPILER_FLAGS=-mcpu=cortex-a9 -mfpu=vfpv3 -mfloat-abi=hard -nostartf
TRACE::2026-02-05.17:59:39::SCWBDomain::iles -g -Wall -Wextra"

TRACE::2026-02-05.17:59:39::SCWBDomain::make[2]: Entering directory 'C:/Users/cihem/CPRE-488-Labs/Mp-0_New/Nes/design_1_wrapper/zynq_fsbl/zynq_fsbl_bsp/ps7_cortexa9_0/
TRACE::2026-02-05.17:59:39::SCWBDomain::libsrc/dmaps_v2_6/src'

TRACE::2026-02-05.17:59:39::SCWBDomain::"Compiling dmaps"

TRACE::2026-02-05.17:59:40::SCWBDomain::make[2]: Leaving directory 'C:/Users/cihem/CPRE-488-Labs/Mp-0_New/Nes/design_1_wrapper/zynq_fsbl/zynq_fsbl_bsp/ps7_cortexa9_0/l
TRACE::2026-02-05.17:59:40::SCWBDomain::ibsrc/dmaps_v2_6/src'

TRACE::2026-02-05.17:59:40::SCWBDomain::"Running Make libs in ps7_cortexa9_0/libsrc/emacps_v3_11/src"

TRACE::2026-02-05.17:59:40::SCWBDomain::make -C ps7_cortexa9_0/libsrc/emacps_v3_11/src -s libs  "SHELL=CMD" "COMPILER=arm-none-eabi-gcc" "ASSEMBLER=arm-none-eabi-as" "
TRACE::2026-02-05.17:59:40::SCWBDomain::ARCHIVER=arm-none-eabi-ar" "COMPILER_FLAGS=  -O2 -c" "EXTRA_COMPILER_FLAGS=-mcpu=cortex-a9 -mfpu=vfpv3 -mfloat-abi=hard -nostar
TRACE::2026-02-05.17:59:40::SCWBDomain::tfiles -g -Wall -Wextra"

TRACE::2026-02-05.17:59:40::SCWBDomain::make[2]: Entering directory 'C:/Users/cihem/CPRE-488-Labs/Mp-0_New/Nes/design_1_wrapper/zynq_fsbl/zynq_fsbl_bsp/ps7_cortexa9_0/
TRACE::2026-02-05.17:59:40::SCWBDomain::libsrc/emacps_v3_11/src'

TRACE::2026-02-05.17:59:40::SCWBDomain::"Compiling emacps"

TRACE::2026-02-05.17:59:41::SCWBDomain::make[2]: Leaving directory 'C:/Users/cihem/CPRE-488-Labs/Mp-0_New/Nes/design_1_wrapper/zynq_fsbl/zynq_fsbl_bsp/ps7_cortexa9_0/l
TRACE::2026-02-05.17:59:41::SCWBDomain::ibsrc/emacps_v3_11/src'

TRACE::2026-02-05.17:59:41::SCWBDomain::"Running Make libs in ps7_cortexa9_0/libsrc/gpiops_v3_7/src"

TRACE::2026-02-05.17:59:41::SCWBDomain::make -C ps7_cortexa9_0/libsrc/gpiops_v3_7/src -s libs  "SHELL=CMD" "COMPILER=arm-none-eabi-gcc" "ASSEMBLER=arm-none-eabi-as" "A
TRACE::2026-02-05.17:59:41::SCWBDomain::RCHIVER=arm-none-eabi-ar" "COMPILER_FLAGS=  -O2 -c" "EXTRA_COMPILER_FLAGS=-mcpu=cortex-a9 -mfpu=vfpv3 -mfloat-abi=hard -nostart
TRACE::2026-02-05.17:59:41::SCWBDomain::files -g -Wall -Wextra"

TRACE::2026-02-05.17:59:41::SCWBDomain::make[2]: Entering directory 'C:/Users/cihem/CPRE-488-Labs/Mp-0_New/Nes/design_1_wrapper/zynq_fsbl/zynq_fsbl_bsp/ps7_cortexa9_0/
TRACE::2026-02-05.17:59:41::SCWBDomain::libsrc/gpiops_v3_7/src'

TRACE::2026-02-05.17:59:41::SCWBDomain::"Compiling gpiops"

TRACE::2026-02-05.17:59:41::SCWBDomain::make[2]: Leaving directory 'C:/Users/cihem/CPRE-488-Labs/Mp-0_New/Nes/design_1_wrapper/zynq_fsbl/zynq_fsbl_bsp/ps7_cortexa9_0/l
TRACE::2026-02-05.17:59:41::SCWBDomain::ibsrc/gpiops_v3_7/src'

TRACE::2026-02-05.17:59:41::SCWBDomain::"Running Make libs in ps7_cortexa9_0/libsrc/qspips_v3_7/src"

TRACE::2026-02-05.17:59:41::SCWBDomain::make -C ps7_cortexa9_0/libsrc/qspips_v3_7/src -s libs  "SHELL=CMD" "COMPILER=arm-none-eabi-gcc" "ASSEMBLER=arm-none-eabi-as" "A
TRACE::2026-02-05.17:59:41::SCWBDomain::RCHIVER=arm-none-eabi-ar" "COMPILER_FLAGS=  -O2 -c" "EXTRA_COMPILER_FLAGS=-mcpu=cortex-a9 -mfpu=vfpv3 -mfloat-abi=hard -nostart
TRACE::2026-02-05.17:59:41::SCWBDomain::files -g -Wall -Wextra"

TRACE::2026-02-05.17:59:41::SCWBDomain::make[2]: Entering directory 'C:/Users/cihem/CPRE-488-Labs/Mp-0_New/Nes/design_1_wrapper/zynq_fsbl/zynq_fsbl_bsp/ps7_cortexa9_0/
TRACE::2026-02-05.17:59:41::SCWBDomain::libsrc/qspips_v3_7/src'

TRACE::2026-02-05.17:59:41::SCWBDomain::"Compiling qspips"

TRACE::2026-02-05.17:59:42::SCWBDomain::make[2]: Leaving directory 'C:/Users/cihem/CPRE-488-Labs/Mp-0_New/Nes/design_1_wrapper/zynq_fsbl/zynq_fsbl_bsp/ps7_cortexa9_0/l
TRACE::2026-02-05.17:59:42::SCWBDomain::ibsrc/qspips_v3_7/src'

TRACE::2026-02-05.17:59:42::SCWBDomain::"Running Make libs in ps7_cortexa9_0/libsrc/scugic_v4_2/src"

TRACE::2026-02-05.17:59:42::SCWBDomain::make -C ps7_cortexa9_0/libsrc/scugic_v4_2/src -s libs  "SHELL=CMD" "COMPILER=arm-none-eabi-gcc" "ASSEMBLER=arm-none-eabi-as" "A
TRACE::2026-02-05.17:59:42::SCWBDomain::RCHIVER=arm-none-eabi-ar" "COMPILER_FLAGS=  -O2 -c" "EXTRA_COMPILER_FLAGS=-mcpu=cortex-a9 -mfpu=vfpv3 -mfloat-abi=hard -nostart
TRACE::2026-02-05.17:59:42::SCWBDomain::files -g -Wall -Wextra"

TRACE::2026-02-05.17:59:42::SCWBDomain::make[2]: Entering directory 'C:/Users/cihem/CPRE-488-Labs/Mp-0_New/Nes/design_1_wrapper/zynq_fsbl/zynq_fsbl_bsp/ps7_cortexa9_0/
TRACE::2026-02-05.17:59:42::SCWBDomain::libsrc/scugic_v4_2/src'

TRACE::2026-02-05.17:59:42::SCWBDomain::"Compiling scugic"

TRACE::2026-02-05.17:59:42::SCWBDomain::make[2]: Leaving directory 'C:/Users/cihem/CPRE-488-Labs/Mp-0_New/Nes/design_1_wrapper/zynq_fsbl/zynq_fsbl_bsp/ps7_cortexa9_0/l
TRACE::2026-02-05.17:59:42::SCWBDomain::ibsrc/scugic_v4_2/src'

TRACE::2026-02-05.17:59:42::SCWBDomain::"Running Make libs in ps7_cortexa9_0/libsrc/scutimer_v2_2/src"

TRACE::2026-02-05.17:59:42::SCWBDomain::make -C ps7_cortexa9_0/libsrc/scutimer_v2_2/src -s libs  "SHELL=CMD" "COMPILER=arm-none-eabi-gcc" "ASSEMBLER=arm-none-eabi-as" 
TRACE::2026-02-05.17:59:42::SCWBDomain::"ARCHIVER=arm-none-eabi-ar" "COMPILER_FLAGS=  -O2 -c" "EXTRA_COMPILER_FLAGS=-mcpu=cortex-a9 -mfpu=vfpv3 -mfloat-abi=hard -nosta
TRACE::2026-02-05.17:59:42::SCWBDomain::rtfiles -g -Wall -Wextra"

TRACE::2026-02-05.17:59:42::SCWBDomain::make[2]: Entering directory 'C:/Users/cihem/CPRE-488-Labs/Mp-0_New/Nes/design_1_wrapper/zynq_fsbl/zynq_fsbl_bsp/ps7_cortexa9_0/
TRACE::2026-02-05.17:59:42::SCWBDomain::libsrc/scutimer_v2_2/src'

TRACE::2026-02-05.17:59:42::SCWBDomain::"Compiling scutimer"

TRACE::2026-02-05.17:59:43::SCWBDomain::make[2]: Leaving directory 'C:/Users/cihem/CPRE-488-Labs/Mp-0_New/Nes/design_1_wrapper/zynq_fsbl/zynq_fsbl_bsp/ps7_cortexa9_0/l
TRACE::2026-02-05.17:59:43::SCWBDomain::ibsrc/scutimer_v2_2/src'

TRACE::2026-02-05.17:59:43::SCWBDomain::"Running Make libs in ps7_cortexa9_0/libsrc/scuwdt_v2_2/src"

TRACE::2026-02-05.17:59:43::SCWBDomain::make -C ps7_cortexa9_0/libsrc/scuwdt_v2_2/src -s libs  "SHELL=CMD" "COMPILER=arm-none-eabi-gcc" "ASSEMBLER=arm-none-eabi-as" "A
TRACE::2026-02-05.17:59:43::SCWBDomain::RCHIVER=arm-none-eabi-ar" "COMPILER_FLAGS=  -O2 -c" "EXTRA_COMPILER_FLAGS=-mcpu=cortex-a9 -mfpu=vfpv3 -mfloat-abi=hard -nostart
TRACE::2026-02-05.17:59:43::SCWBDomain::files -g -Wall -Wextra"

TRACE::2026-02-05.17:59:43::SCWBDomain::make[2]: Entering directory 'C:/Users/cihem/CPRE-488-Labs/Mp-0_New/Nes/design_1_wrapper/zynq_fsbl/zynq_fsbl_bsp/ps7_cortexa9_0/
TRACE::2026-02-05.17:59:43::SCWBDomain::libsrc/scuwdt_v2_2/src'

TRACE::2026-02-05.17:59:43::SCWBDomain::"Compiling scuwdt"

TRACE::2026-02-05.17:59:43::SCWBDomain::make[2]: Leaving directory 'C:/Users/cihem/CPRE-488-Labs/Mp-0_New/Nes/design_1_wrapper/zynq_fsbl/zynq_fsbl_bsp/ps7_cortexa9_0/l
TRACE::2026-02-05.17:59:43::SCWBDomain::ibsrc/scuwdt_v2_2/src'

TRACE::2026-02-05.17:59:43::SCWBDomain::"Running Make libs in ps7_cortexa9_0/libsrc/sdps_v3_9/src"

TRACE::2026-02-05.17:59:43::SCWBDomain::make -C ps7_cortexa9_0/libsrc/sdps_v3_9/src -s libs  "SHELL=CMD" "COMPILER=arm-none-eabi-gcc" "ASSEMBLER=arm-none-eabi-as" "ARC
TRACE::2026-02-05.17:59:43::SCWBDomain::HIVER=arm-none-eabi-ar" "COMPILER_FLAGS=  -O2 -c" "EXTRA_COMPILER_FLAGS=-mcpu=cortex-a9 -mfpu=vfpv3 -mfloat-abi=hard -nostartfi
TRACE::2026-02-05.17:59:43::SCWBDomain::les -g -Wall -Wextra"

TRACE::2026-02-05.17:59:43::SCWBDomain::make[2]: Entering directory 'C:/Users/cihem/CPRE-488-Labs/Mp-0_New/Nes/design_1_wrapper/zynq_fsbl/zynq_fsbl_bsp/ps7_cortexa9_0/
TRACE::2026-02-05.17:59:43::SCWBDomain::libsrc/sdps_v3_9/src'

TRACE::2026-02-05.17:59:43::SCWBDomain::"Compiling sdps"

TRACE::2026-02-05.17:59:44::SCWBDomain::make[2]: Leaving directory 'C:/Users/cihem/CPRE-488-Labs/Mp-0_New/Nes/design_1_wrapper/zynq_fsbl/zynq_fsbl_bsp/ps7_cortexa9_0/l
TRACE::2026-02-05.17:59:44::SCWBDomain::ibsrc/sdps_v3_9/src'

TRACE::2026-02-05.17:59:44::SCWBDomain::"Running Make libs in ps7_cortexa9_0/libsrc/standalone_v7_2/src"

TRACE::2026-02-05.17:59:44::SCWBDomain::make -C ps7_cortexa9_0/libsrc/standalone_v7_2/src -s libs  "SHELL=CMD" "COMPILER=arm-none-eabi-gcc" "ASSEMBLER=arm-none-eabi-as
TRACE::2026-02-05.17:59:44::SCWBDomain::" "ARCHIVER=arm-none-eabi-ar" "COMPILER_FLAGS=  -O2 -c" "EXTRA_COMPILER_FLAGS=-mcpu=cortex-a9 -mfpu=vfpv3 -mfloat-abi=hard -nos
TRACE::2026-02-05.17:59:44::SCWBDomain::tartfiles -g -Wall -Wextra"

TRACE::2026-02-05.17:59:44::SCWBDomain::make[2]: Entering directory 'C:/Users/cihem/CPRE-488-Labs/Mp-0_New/Nes/design_1_wrapper/zynq_fsbl/zynq_fsbl_bsp/ps7_cortexa9_0/
TRACE::2026-02-05.17:59:44::SCWBDomain::libsrc/standalone_v7_2/src'

TRACE::2026-02-05.17:59:44::SCWBDomain::"Compiling standalone"

TRACE::2026-02-05.17:59:46::SCWBDomain::make[3]: Entering directory 'C:/Users/cihem/CPRE-488-Labs/Mp-0_New/Nes/design_1_wrapper/zynq_fsbl/zynq_fsbl_bsp/ps7_cortexa9_0/
TRACE::2026-02-05.17:59:46::SCWBDomain::libsrc/standalone_v7_2/src/profile'

TRACE::2026-02-05.17:59:46::SCWBDomain::make[3]: Leaving directory 'C:/Users/cihem/CPRE-488-Labs/Mp-0_New/Nes/design_1_wrapper/zynq_fsbl/zynq_fsbl_bsp/ps7_cortexa9_0/l
TRACE::2026-02-05.17:59:46::SCWBDomain::ibsrc/standalone_v7_2/src/profile'

TRACE::2026-02-05.17:59:46::SCWBDomain::make[2]: Leaving directory 'C:/Users/cihem/CPRE-488-Labs/Mp-0_New/Nes/design_1_wrapper/zynq_fsbl/zynq_fsbl_bsp/ps7_cortexa9_0/l
TRACE::2026-02-05.17:59:46::SCWBDomain::ibsrc/standalone_v7_2/src'

TRACE::2026-02-05.17:59:46::SCWBDomain::"Running Make libs in ps7_cortexa9_0/libsrc/ttcps_v3_11/src"

TRACE::2026-02-05.17:59:46::SCWBDomain::make -C ps7_cortexa9_0/libsrc/ttcps_v3_11/src -s libs  "SHELL=CMD" "COMPILER=arm-none-eabi-gcc" "ASSEMBLER=arm-none-eabi-as" "A
TRACE::2026-02-05.17:59:46::SCWBDomain::RCHIVER=arm-none-eabi-ar" "COMPILER_FLAGS=  -O2 -c" "EXTRA_COMPILER_FLAGS=-mcpu=cortex-a9 -mfpu=vfpv3 -mfloat-abi=hard -nostart
TRACE::2026-02-05.17:59:46::SCWBDomain::files -g -Wall -Wextra"

TRACE::2026-02-05.17:59:46::SCWBDomain::make[2]: Entering directory 'C:/Users/cihem/CPRE-488-Labs/Mp-0_New/Nes/design_1_wrapper/zynq_fsbl/zynq_fsbl_bsp/ps7_cortexa9_0/
TRACE::2026-02-05.17:59:46::SCWBDomain::libsrc/ttcps_v3_11/src'

TRACE::2026-02-05.17:59:46::SCWBDomain::"Compiling ttcps"

TRACE::2026-02-05.17:59:47::SCWBDomain::make[2]: Leaving directory 'C:/Users/cihem/CPRE-488-Labs/Mp-0_New/Nes/design_1_wrapper/zynq_fsbl/zynq_fsbl_bsp/ps7_cortexa9_0/l
TRACE::2026-02-05.17:59:47::SCWBDomain::ibsrc/ttcps_v3_11/src'

TRACE::2026-02-05.17:59:47::SCWBDomain::"Running Make libs in ps7_cortexa9_0/libsrc/uartps_v3_9/src"

TRACE::2026-02-05.17:59:47::SCWBDomain::make -C ps7_cortexa9_0/libsrc/uartps_v3_9/src -s libs  "SHELL=CMD" "COMPILER=arm-none-eabi-gcc" "ASSEMBLER=arm-none-eabi-as" "A
TRACE::2026-02-05.17:59:47::SCWBDomain::RCHIVER=arm-none-eabi-ar" "COMPILER_FLAGS=  -O2 -c" "EXTRA_COMPILER_FLAGS=-mcpu=cortex-a9 -mfpu=vfpv3 -mfloat-abi=hard -nostart
TRACE::2026-02-05.17:59:47::SCWBDomain::files -g -Wall -Wextra"

TRACE::2026-02-05.17:59:47::SCWBDomain::make[2]: Entering directory 'C:/Users/cihem/CPRE-488-Labs/Mp-0_New/Nes/design_1_wrapper/zynq_fsbl/zynq_fsbl_bsp/ps7_cortexa9_0/
TRACE::2026-02-05.17:59:47::SCWBDomain::libsrc/uartps_v3_9/src'

TRACE::2026-02-05.17:59:47::SCWBDomain::"Compiling uartps"

TRACE::2026-02-05.17:59:47::SCWBDomain::make[2]: Leaving directory 'C:/Users/cihem/CPRE-488-Labs/Mp-0_New/Nes/design_1_wrapper/zynq_fsbl/zynq_fsbl_bsp/ps7_cortexa9_0/l
TRACE::2026-02-05.17:59:47::SCWBDomain::ibsrc/uartps_v3_9/src'

TRACE::2026-02-05.17:59:47::SCWBDomain::"Running Make libs in ps7_cortexa9_0/libsrc/usbps_v2_5/src"

TRACE::2026-02-05.17:59:47::SCWBDomain::make -C ps7_cortexa9_0/libsrc/usbps_v2_5/src -s libs  "SHELL=CMD" "COMPILER=arm-none-eabi-gcc" "ASSEMBLER=arm-none-eabi-as" "AR
TRACE::2026-02-05.17:59:47::SCWBDomain::CHIVER=arm-none-eabi-ar" "COMPILER_FLAGS=  -O2 -c" "EXTRA_COMPILER_FLAGS=-mcpu=cortex-a9 -mfpu=vfpv3 -mfloat-abi=hard -nostartf
TRACE::2026-02-05.17:59:47::SCWBDomain::iles -g -Wall -Wextra"

TRACE::2026-02-05.17:59:47::SCWBDomain::make[2]: Entering directory 'C:/Users/cihem/CPRE-488-Labs/Mp-0_New/Nes/design_1_wrapper/zynq_fsbl/zynq_fsbl_bsp/ps7_cortexa9_0/
TRACE::2026-02-05.17:59:47::SCWBDomain::libsrc/usbps_v2_5/src'

TRACE::2026-02-05.17:59:47::SCWBDomain::"Compiling usbps"

TRACE::2026-02-05.17:59:48::SCWBDomain::make[2]: Leaving directory 'C:/Users/cihem/CPRE-488-Labs/Mp-0_New/Nes/design_1_wrapper/zynq_fsbl/zynq_fsbl_bsp/ps7_cortexa9_0/l
TRACE::2026-02-05.17:59:48::SCWBDomain::ibsrc/usbps_v2_5/src'

TRACE::2026-02-05.17:59:48::SCWBDomain::"Running Make libs in ps7_cortexa9_0/libsrc/vtc_v8_2/src"

TRACE::2026-02-05.17:59:48::SCWBDomain::make -C ps7_cortexa9_0/libsrc/vtc_v8_2/src -s libs  "SHELL=CMD" "COMPILER=arm-none-eabi-gcc" "ASSEMBLER=arm-none-eabi-as" "ARCH
TRACE::2026-02-05.17:59:48::SCWBDomain::IVER=arm-none-eabi-ar" "COMPILER_FLAGS=  -O2 -c" "EXTRA_COMPILER_FLAGS=-mcpu=cortex-a9 -mfpu=vfpv3 -mfloat-abi=hard -nostartfil
TRACE::2026-02-05.17:59:48::SCWBDomain::es -g -Wall -Wextra"

TRACE::2026-02-05.17:59:48::SCWBDomain::make[2]: Entering directory 'C:/Users/cihem/CPRE-488-Labs/Mp-0_New/Nes/design_1_wrapper/zynq_fsbl/zynq_fsbl_bsp/ps7_cortexa9_0/
TRACE::2026-02-05.17:59:48::SCWBDomain::libsrc/vtc_v8_2/src'

TRACE::2026-02-05.17:59:48::SCWBDomain::"Compiling video timing controller"

TRACE::2026-02-05.17:59:48::SCWBDomain::make[3]: Entering directory 'C:/Users/cihem/CPRE-488-Labs/Mp-0_New/Nes/design_1_wrapper/zynq_fsbl/zynq_fsbl_bsp/ps7_cortexa9_0/
TRACE::2026-02-05.17:59:48::SCWBDomain::libsrc/vtc_v8_2/src'

TRACE::2026-02-05.17:59:48::SCWBDomain::make[3]: Leaving directory 'C:/Users/cihem/CPRE-488-Labs/Mp-0_New/Nes/design_1_wrapper/zynq_fsbl/zynq_fsbl_bsp/ps7_cortexa9_0/l
TRACE::2026-02-05.17:59:48::SCWBDomain::ibsrc/vtc_v8_2/src'

TRACE::2026-02-05.17:59:48::SCWBDomain::make[2]: Leaving directory 'C:/Users/cihem/CPRE-488-Labs/Mp-0_New/Nes/design_1_wrapper/zynq_fsbl/zynq_fsbl_bsp/ps7_cortexa9_0/l
TRACE::2026-02-05.17:59:48::SCWBDomain::ibsrc/vtc_v8_2/src'

TRACE::2026-02-05.17:59:48::SCWBDomain::"Running Make libs in ps7_cortexa9_0/libsrc/xadcps_v2_4/src"

TRACE::2026-02-05.17:59:48::SCWBDomain::make -C ps7_cortexa9_0/libsrc/xadcps_v2_4/src -s libs  "SHELL=CMD" "COMPILER=arm-none-eabi-gcc" "ASSEMBLER=arm-none-eabi-as" "A
TRACE::2026-02-05.17:59:48::SCWBDomain::RCHIVER=arm-none-eabi-ar" "COMPILER_FLAGS=  -O2 -c" "EXTRA_COMPILER_FLAGS=-mcpu=cortex-a9 -mfpu=vfpv3 -mfloat-abi=hard -nostart
TRACE::2026-02-05.17:59:48::SCWBDomain::files -g -Wall -Wextra"

TRACE::2026-02-05.17:59:49::SCWBDomain::make[2]: Entering directory 'C:/Users/cihem/CPRE-488-Labs/Mp-0_New/Nes/design_1_wrapper/zynq_fsbl/zynq_fsbl_bsp/ps7_cortexa9_0/
TRACE::2026-02-05.17:59:49::SCWBDomain::libsrc/xadcps_v2_4/src'

TRACE::2026-02-05.17:59:49::SCWBDomain::"Compiling xadcps"

TRACE::2026-02-05.17:59:49::SCWBDomain::make[2]: Leaving directory 'C:/Users/cihem/CPRE-488-Labs/Mp-0_New/Nes/design_1_wrapper/zynq_fsbl/zynq_fsbl_bsp/ps7_cortexa9_0/l
TRACE::2026-02-05.17:59:49::SCWBDomain::ibsrc/xadcps_v2_4/src'

TRACE::2026-02-05.17:59:49::SCWBDomain::"Running Make libs in ps7_cortexa9_0/libsrc/xilffs_v4_3/src"

TRACE::2026-02-05.17:59:49::SCWBDomain::make -C ps7_cortexa9_0/libsrc/xilffs_v4_3/src -s libs  "SHELL=CMD" "COMPILER=arm-none-eabi-gcc" "ASSEMBLER=arm-none-eabi-as" "A
TRACE::2026-02-05.17:59:49::SCWBDomain::RCHIVER=arm-none-eabi-ar" "COMPILER_FLAGS=  -O2 -c" "EXTRA_COMPILER_FLAGS=-mcpu=cortex-a9 -mfpu=vfpv3 -mfloat-abi=hard -nostart
TRACE::2026-02-05.17:59:49::SCWBDomain::files -g -Wall -Wextra"

TRACE::2026-02-05.17:59:49::SCWBDomain::make[2]: Entering directory 'C:/Users/cihem/CPRE-488-Labs/Mp-0_New/Nes/design_1_wrapper/zynq_fsbl/zynq_fsbl_bsp/ps7_cortexa9_0/
TRACE::2026-02-05.17:59:49::SCWBDomain::libsrc/xilffs_v4_3/src'

TRACE::2026-02-05.17:59:49::SCWBDomain::"Compiling XilFFs Library"

TRACE::2026-02-05.17:59:50::SCWBDomain::make[2]: Leaving directory 'C:/Users/cihem/CPRE-488-Labs/Mp-0_New/Nes/design_1_wrapper/zynq_fsbl/zynq_fsbl_bsp/ps7_cortexa9_0/l
TRACE::2026-02-05.17:59:50::SCWBDomain::ibsrc/xilffs_v4_3/src'

TRACE::2026-02-05.17:59:50::SCWBDomain::"Running Make libs in ps7_cortexa9_0/libsrc/xilrsa_v1_6/src"

TRACE::2026-02-05.17:59:50::SCWBDomain::make -C ps7_cortexa9_0/libsrc/xilrsa_v1_6/src -s libs  "SHELL=CMD" "COMPILER=arm-none-eabi-gcc" "ASSEMBLER=arm-none-eabi-as" "A
TRACE::2026-02-05.17:59:50::SCWBDomain::RCHIVER=arm-none-eabi-ar" "COMPILER_FLAGS=  -O2 -c" "EXTRA_COMPILER_FLAGS=-mcpu=cortex-a9 -mfpu=vfpv3 -mfloat-abi=hard -nostart
TRACE::2026-02-05.17:59:50::SCWBDomain::files -g -Wall -Wextra"

TRACE::2026-02-05.17:59:50::SCWBDomain::make[2]: Entering directory 'C:/Users/cihem/CPRE-488-Labs/Mp-0_New/Nes/design_1_wrapper/zynq_fsbl/zynq_fsbl_bsp/ps7_cortexa9_0/
TRACE::2026-02-05.17:59:50::SCWBDomain::libsrc/xilrsa_v1_6/src'

TRACE::2026-02-05.17:59:50::SCWBDomain::make[2]: Leaving directory 'C:/Users/cihem/CPRE-488-Labs/Mp-0_New/Nes/design_1_wrapper/zynq_fsbl/zynq_fsbl_bsp/ps7_cortexa9_0/l
TRACE::2026-02-05.17:59:50::SCWBDomain::ibsrc/xilrsa_v1_6/src'

TRACE::2026-02-05.17:59:50::SCWBDomain::'Finished building libraries'

TRACE::2026-02-05.17:59:50::SCWBDomain::make[1]: Leaving directory 'C:/Users/cihem/CPRE-488-Labs/Mp-0_New/Nes/design_1_wrapper/zynq_fsbl/zynq_fsbl_bsp'

TRACE::2026-02-05.17:59:50::SCWBDomain::arm-none-eabi-gcc -MMD -MP       -mcpu=cortex-a9 -mfpu=vfpv3 -mfloat-abi=hard   -O2 -c -c sd.c -o sd.o -Izynq_fsbl_bsp/ps7_cort
TRACE::2026-02-05.17:59:50::SCWBDomain::exa9_0/include -I.

TRACE::2026-02-05.17:59:50::SCWBDomain::arm-none-eabi-gcc -MMD -MP       -mcpu=cortex-a9 -mfpu=vfpv3 -mfloat-abi=hard   -O2 -c -c nand.c -o nand.o -Izynq_fsbl_bsp/ps7_
TRACE::2026-02-05.17:59:50::SCWBDomain::cortexa9_0/include -I.

TRACE::2026-02-05.17:59:50::SCWBDomain::arm-none-eabi-gcc -MMD -MP       -mcpu=cortex-a9 -mfpu=vfpv3 -mfloat-abi=hard   -O2 -c -c nor.c -o nor.o -Izynq_fsbl_bsp/ps7_co
TRACE::2026-02-05.17:59:50::SCWBDomain::rtexa9_0/include -I.

TRACE::2026-02-05.17:59:50::SCWBDomain::arm-none-eabi-gcc -MMD -MP       -mcpu=cortex-a9 -mfpu=vfpv3 -mfloat-abi=hard   -O2 -c -c image_mover.c -o image_mover.o -Izynq
TRACE::2026-02-05.17:59:50::SCWBDomain::_fsbl_bsp/ps7_cortexa9_0/include -I.

TRACE::2026-02-05.17:59:50::SCWBDomain::arm-none-eabi-gcc -MMD -MP       -mcpu=cortex-a9 -mfpu=vfpv3 -mfloat-abi=hard   -O2 -c -c md5.c -o md5.o -Izynq_fsbl_bsp/ps7_co
TRACE::2026-02-05.17:59:50::SCWBDomain::rtexa9_0/include -I.

TRACE::2026-02-05.17:59:50::SCWBDomain::arm-none-eabi-gcc -MMD -MP       -mcpu=cortex-a9 -mfpu=vfpv3 -mfloat-abi=hard   -O2 -c -c fsbl_hooks.c -o fsbl_hooks.o -Izynq_f
TRACE::2026-02-05.17:59:50::SCWBDomain::sbl_bsp/ps7_cortexa9_0/include -I.

TRACE::2026-02-05.17:59:50::SCWBDomain::arm-none-eabi-gcc -MMD -MP       -mcpu=cortex-a9 -mfpu=vfpv3 -mfloat-abi=hard   -O2 -c -c main.c -o main.o -Izynq_fsbl_bsp/ps7_
TRACE::2026-02-05.17:59:50::SCWBDomain::cortexa9_0/include -I.

TRACE::2026-02-05.17:59:50::SCWBDomain::arm-none-eabi-gcc -MMD -MP       -mcpu=cortex-a9 -mfpu=vfpv3 -mfloat-abi=hard   -O2 -c -c rsa.c -o rsa.o -Izynq_fsbl_bsp/ps7_co
TRACE::2026-02-05.17:59:50::SCWBDomain::rtexa9_0/include -I.

TRACE::2026-02-05.17:59:51::SCWBDomain::arm-none-eabi-gcc -MMD -MP       -mcpu=cortex-a9 -mfpu=vfpv3 -mfloat-abi=hard   -O2 -c -c qspi.c -o qspi.o -Izynq_fsbl_bsp/ps7_
TRACE::2026-02-05.17:59:51::SCWBDomain::cortexa9_0/include -I.

TRACE::2026-02-05.17:59:51::SCWBDomain::arm-none-eabi-gcc -MMD -MP       -mcpu=cortex-a9 -mfpu=vfpv3 -mfloat-abi=hard   -O2 -c -c ps7_init.c -o ps7_init.o -Izynq_fsbl_
TRACE::2026-02-05.17:59:51::SCWBDomain::bsp/ps7_cortexa9_0/include -I.

TRACE::2026-02-05.17:59:51::SCWBDomain::arm-none-eabi-gcc -MMD -MP       -mcpu=cortex-a9 -mfpu=vfpv3 -mfloat-abi=hard   -O2 -c -c pcap.c -o pcap.o -Izynq_fsbl_bsp/ps7_
TRACE::2026-02-05.17:59:51::SCWBDomain::cortexa9_0/include -I.

TRACE::2026-02-05.17:59:51::SCWBDomain::arm-none-eabi-gcc -MMD -MP       -mcpu=cortex-a9 -mfpu=vfpv3 -mfloat-abi=hard   -O2 -c -c fsbl_handoff.S -o fsbl_handoff.o -Izy
TRACE::2026-02-05.17:59:51::SCWBDomain::nq_fsbl_bsp/ps7_cortexa9_0/include -I.

TRACE::2026-02-05.17:59:51::SCWBDomain::arm-none-eabi-gcc -o executable.elf  sd.o  nand.o  nor.o  image_mover.o  md5.o  fsbl_hooks.o  main.o  rsa.o  qspi.o  ps7_init.o
TRACE::2026-02-05.17:59:51::SCWBDomain::  pcap.o  fsbl_handoff.o -MMD -MP       -mcpu=cortex-a9 -mfpu=vfpv3 -mfloat-abi=hard   -mcpu=cortex-a9 -mfpu=vfpv3 -mfloat-abi=
TRACE::2026-02-05.17:59:51::SCWBDomain::hard -Wl,-build-id=none -specs=Xilinx.spec  -lrsa -Wl,--start-group,-lxil,-lgcc,-lc,--end-group -Wl,--start-group,-lxilffs,-lxi
TRACE::2026-02-05.17:59:51::SCWBDomain::l,-lgcc,-lc,--end-group -Wl,--start-group,-lrsa,-lxil,-lgcc,-lc,--end-group                                      -Wl,--gc-secti
TRACE::2026-02-05.17:59:51::SCWBDomain::ons -Lzynq_fsbl_bsp/ps7_cortexa9_0/lib -L./ -Tlscript.ld

LOG::2026-02-05.17:59:51::SCWSystem::Checking the domain domain_ps7_cortexa9_0
LOG::2026-02-05.17:59:51::SCWSystem::Not a boot domain 
LOG::2026-02-05.17:59:51::SCWSystem::Started Processing the domain domain_ps7_cortexa9_0
TRACE::2026-02-05.17:59:51::SCWDomain::Generating domain artifcats
TRACE::2026-02-05.17:59:51::SCWMssOS::Generating standalone artifcats
TRACE::2026-02-05.17:59:51::SCWMssOS::Copying the qemu file from  C:/Xilinx/Vitis/2020.1/data/emulation/platforms/zynq/qemu/qemu_args.txt To C:/Users/cihem/CPRE-488-Labs/Mp-0_New/Nes/design_1_wrapper/export/design_1_wrapper/sw/design_1_wrapper/qemu/
TRACE::2026-02-05.17:59:51::SCWMssOS::Copying the qemu file from  C:/Xilinx/Vitis/2020.1/data/emulation/platforms/zynq/qemu/qemu_args.txt To C:/Users/cihem/CPRE-488-Labs/Mp-0_New/Nes/design_1_wrapper/export/design_1_wrapper/sw/design_1_wrapper/domain_ps7_cortexa9_0/qemu/
TRACE::2026-02-05.17:59:51::SCWMssOS:: Copying the user libraries. 
TRACE::2026-02-05.17:59:51::SCWPlatform::Trying to open the hw design at C:/Users/cihem/CPRE-488-Labs/Mp-0_New/Nes/design_1_wrapper/hw/design_1_wrapper.xsa
TRACE::2026-02-05.17:59:51::SCWPlatform::DSA given C:/Users/cihem/CPRE-488-Labs/Mp-0_New/Nes/design_1_wrapper/hw/design_1_wrapper.xsa
TRACE::2026-02-05.17:59:51::SCWPlatform::DSA absoulate path C:/Users/cihem/CPRE-488-Labs/Mp-0_New/Nes/design_1_wrapper/hw/design_1_wrapper.xsa
TRACE::2026-02-05.17:59:51::SCWPlatform::DSA directory C:/Users/cihem/CPRE-488-Labs/Mp-0_New/Nes/design_1_wrapper/hw
TRACE::2026-02-05.17:59:51::SCWPlatform:: Platform Path C:/Users/cihem/CPRE-488-Labs/Mp-0_New/Nes/design_1_wrapper/hw/design_1_wrapper.xsa
TRACE::2026-02-05.17:59:51::SCWPlatform:: Unique name xilinx:zed::0.0
TRACE::2026-02-05.17:59:51::SCWPlatform::Trying to set the existing hwdb with name design_1_wrapper_0
TRACE::2026-02-05.17:59:51::SCWPlatform::Opened existing hwdb design_1_wrapper_0
TRACE::2026-02-05.17:59:51::SCWPlatform::Found the Hw Db part of the input DSA
TRACE::2026-02-05.17:59:51::SCWMssOS::Checking the sw design at  C:/Users/cihem/CPRE-488-Labs/Mp-0_New/Nes/design_1_wrapper/ps7_cortexa9_0/domain_ps7_cortexa9_0/bsp/system.mss
TRACE::2026-02-05.17:59:51::SCWMssOS::DEBUG:  swdes dump  C:/Users/cihem/CPRE-488-Labs/Mp-0_New/Nes/design_1_wrapper/ps7_cortexa9_0/domain_ps7_cortexa9_0/bsp/system.mss|system_0||
C:/Users/cihem/CPRE-488-Labs/Mp-0_New/Nes/design_1_wrapper/zynq_fsbl/zynq_fsbl_bsp/system.mss|system||

TRACE::2026-02-05.17:59:51::SCWMssOS::Sw design exists and opened at  C:/Users/cihem/CPRE-488-Labs/Mp-0_New/Nes/design_1_wrapper/ps7_cortexa9_0/domain_ps7_cortexa9_0/bsp/system.mss
TRACE::2026-02-05.17:59:51::SCWMssOS::Completed writing the mss file at C:/Users/cihem/CPRE-488-Labs/Mp-0_New/Nes/design_1_wrapper/ps7_cortexa9_0/domain_ps7_cortexa9_0/bsp
TRACE::2026-02-05.17:59:51::SCWMssOS::Mss edits present, copying mssfile into export location C:/Users/cihem/CPRE-488-Labs/Mp-0_New/Nes/design_1_wrapper/ps7_cortexa9_0/domain_ps7_cortexa9_0/bsp/system.mss
TRACE::2026-02-05.17:59:51::SCWMssOS::bsp generated is upto date with the mss file. Skipping bsp generation.
TRACE::2026-02-05.17:59:51::SCWMssOS::BSP is already built. skipping the bsp build ... 
TRACE::2026-02-05.17:59:51::SCWDomain::Building the domain as part of full build :  domain_ps7_cortexa9_0
TRACE::2026-02-05.17:59:51::SCWMssOS::doing bsp build ... 
TRACE::2026-02-05.17:59:51::SCWMssOS::System Command Ran  C: & cd  C:/Users/cihem/CPRE-488-Labs/Mp-0_New/Nes/design_1_wrapper/ps7_cortexa9_0/domain_ps7_cortexa9_0/bsp & make 
TRACE::2026-02-05.17:59:51::SCWMssOS::"Running Make include in ps7_cortexa9_0/libsrc/axivdma_v6_7/src"

TRACE::2026-02-05.17:59:51::SCWMssOS::make -C ps7_cortexa9_0/libsrc/axivdma_v6_7/src -s include  "SHELL=CMD" "COMPILER=arm-none-eabi-gcc" "ASSEMBLER=arm-none-eabi-as
TRACE::2026-02-05.17:59:51::SCWMssOS::" "ARCHIVER=arm-none-eabi-ar" "COMPILER_FLAGS=  -O2 -c" "EXTRA_COMPILER_FLAGS=-mcpu=cortex-a9 -mfpu=vfpv3 -mfloat-abi=hard -nos
TRACE::2026-02-05.17:59:51::SCWMssOS::tartfiles -g -Wall -Wextra"

TRACE::2026-02-05.17:59:51::SCWMssOS::"Running Make include in ps7_cortexa9_0/libsrc/coresightps_dcc_v1_7/src"

TRACE::2026-02-05.17:59:51::SCWMssOS::make -C ps7_cortexa9_0/libsrc/coresightps_dcc_v1_7/src -s include  "SHELL=CMD" "COMPILER=arm-none-eabi-gcc" "ASSEMBLER=arm-none
TRACE::2026-02-05.17:59:51::SCWMssOS::-eabi-as" "ARCHIVER=arm-none-eabi-ar" "COMPILER_FLAGS=  -O2 -c" "EXTRA_COMPILER_FLAGS=-mcpu=cortex-a9 -mfpu=vfpv3 -mfloat-abi=h
TRACE::2026-02-05.17:59:51::SCWMssOS::ard -nostartfiles -g -Wall -Wextra"

TRACE::2026-02-05.17:59:51::SCWMssOS::"Running Make include in ps7_cortexa9_0/libsrc/cpu_cortexa9_v2_9/src"

TRACE::2026-02-05.17:59:51::SCWMssOS::make -C ps7_cortexa9_0/libsrc/cpu_cortexa9_v2_9/src -s include  "SHELL=CMD" "COMPILER=arm-none-eabi-gcc" "ASSEMBLER=arm-none-ea
TRACE::2026-02-05.17:59:51::SCWMssOS::bi-as" "ARCHIVER=arm-none-eabi-ar" "COMPILER_FLAGS=  -O2 -c" "EXTRA_COMPILER_FLAGS=-mcpu=cortex-a9 -mfpu=vfpv3 -mfloat-abi=hard
TRACE::2026-02-05.17:59:51::SCWMssOS:: -nostartfiles -g -Wall -Wextra"

TRACE::2026-02-05.17:59:51::SCWMssOS::"Running Make include in ps7_cortexa9_0/libsrc/ddrps_v1_1/src"

TRACE::2026-02-05.17:59:51::SCWMssOS::make -C ps7_cortexa9_0/libsrc/ddrps_v1_1/src -s include  "SHELL=CMD" "COMPILER=arm-none-eabi-gcc" "ASSEMBLER=arm-none-eabi-as" 
TRACE::2026-02-05.17:59:51::SCWMssOS::"ARCHIVER=arm-none-eabi-ar" "COMPILER_FLAGS=  -O2 -c" "EXTRA_COMPILER_FLAGS=-mcpu=cortex-a9 -mfpu=vfpv3 -mfloat-abi=hard -nosta
TRACE::2026-02-05.17:59:51::SCWMssOS::rtfiles -g -Wall -Wextra"

TRACE::2026-02-05.17:59:51::SCWMssOS::"Running Make include in ps7_cortexa9_0/libsrc/devcfg_v3_6/src"

TRACE::2026-02-05.17:59:51::SCWMssOS::make -C ps7_cortexa9_0/libsrc/devcfg_v3_6/src -s include  "SHELL=CMD" "COMPILER=arm-none-eabi-gcc" "ASSEMBLER=arm-none-eabi-as"
TRACE::2026-02-05.17:59:51::SCWMssOS:: "ARCHIVER=arm-none-eabi-ar" "COMPILER_FLAGS=  -O2 -c" "EXTRA_COMPILER_FLAGS=-mcpu=cortex-a9 -mfpu=vfpv3 -mfloat-abi=hard -nost
TRACE::2026-02-05.17:59:51::SCWMssOS::artfiles -g -Wall -Wextra"

TRACE::2026-02-05.17:59:51::SCWMssOS::"Running Make include in ps7_cortexa9_0/libsrc/dmaps_v2_6/src"

TRACE::2026-02-05.17:59:51::SCWMssOS::make -C ps7_cortexa9_0/libsrc/dmaps_v2_6/src -s include  "SHELL=CMD" "COMPILER=arm-none-eabi-gcc" "ASSEMBLER=arm-none-eabi-as" 
TRACE::2026-02-05.17:59:51::SCWMssOS::"ARCHIVER=arm-none-eabi-ar" "COMPILER_FLAGS=  -O2 -c" "EXTRA_COMPILER_FLAGS=-mcpu=cortex-a9 -mfpu=vfpv3 -mfloat-abi=hard -nosta
TRACE::2026-02-05.17:59:51::SCWMssOS::rtfiles -g -Wall -Wextra"

TRACE::2026-02-05.17:59:51::SCWMssOS::"Running Make include in ps7_cortexa9_0/libsrc/emacps_v3_11/src"

TRACE::2026-02-05.17:59:51::SCWMssOS::make -C ps7_cortexa9_0/libsrc/emacps_v3_11/src -s include  "SHELL=CMD" "COMPILER=arm-none-eabi-gcc" "ASSEMBLER=arm-none-eabi-as
TRACE::2026-02-05.17:59:51::SCWMssOS::" "ARCHIVER=arm-none-eabi-ar" "COMPILER_FLAGS=  -O2 -c" "EXTRA_COMPILER_FLAGS=-mcpu=cortex-a9 -mfpu=vfpv3 -mfloat-abi=hard -nos
TRACE::2026-02-05.17:59:51::SCWMssOS::tartfiles -g -Wall -Wextra"

TRACE::2026-02-05.17:59:52::SCWMssOS::"Running Make include in ps7_cortexa9_0/libsrc/gpiops_v3_7/src"

TRACE::2026-02-05.17:59:52::SCWMssOS::make -C ps7_cortexa9_0/libsrc/gpiops_v3_7/src -s include  "SHELL=CMD" "COMPILER=arm-none-eabi-gcc" "ASSEMBLER=arm-none-eabi-as"
TRACE::2026-02-05.17:59:52::SCWMssOS:: "ARCHIVER=arm-none-eabi-ar" "COMPILER_FLAGS=  -O2 -c" "EXTRA_COMPILER_FLAGS=-mcpu=cortex-a9 -mfpu=vfpv3 -mfloat-abi=hard -nost
TRACE::2026-02-05.17:59:52::SCWMssOS::artfiles -g -Wall -Wextra"

TRACE::2026-02-05.17:59:52::SCWMssOS::"Running Make include in ps7_cortexa9_0/libsrc/qspips_v3_7/src"

TRACE::2026-02-05.17:59:52::SCWMssOS::make -C ps7_cortexa9_0/libsrc/qspips_v3_7/src -s include  "SHELL=CMD" "COMPILER=arm-none-eabi-gcc" "ASSEMBLER=arm-none-eabi-as"
TRACE::2026-02-05.17:59:52::SCWMssOS:: "ARCHIVER=arm-none-eabi-ar" "COMPILER_FLAGS=  -O2 -c" "EXTRA_COMPILER_FLAGS=-mcpu=cortex-a9 -mfpu=vfpv3 -mfloat-abi=hard -nost
TRACE::2026-02-05.17:59:52::SCWMssOS::artfiles -g -Wall -Wextra"

TRACE::2026-02-05.17:59:52::SCWMssOS::"Running Make include in ps7_cortexa9_0/libsrc/scugic_v4_2/src"

TRACE::2026-02-05.17:59:52::SCWMssOS::make -C ps7_cortexa9_0/libsrc/scugic_v4_2/src -s include  "SHELL=CMD" "COMPILER=arm-none-eabi-gcc" "ASSEMBLER=arm-none-eabi-as"
TRACE::2026-02-05.17:59:52::SCWMssOS:: "ARCHIVER=arm-none-eabi-ar" "COMPILER_FLAGS=  -O2 -c" "EXTRA_COMPILER_FLAGS=-mcpu=cortex-a9 -mfpu=vfpv3 -mfloat-abi=hard -nost
TRACE::2026-02-05.17:59:52::SCWMssOS::artfiles -g -Wall -Wextra"

TRACE::2026-02-05.17:59:52::SCWMssOS::"Running Make include in ps7_cortexa9_0/libsrc/scutimer_v2_2/src"

TRACE::2026-02-05.17:59:52::SCWMssOS::make -C ps7_cortexa9_0/libsrc/scutimer_v2_2/src -s include  "SHELL=CMD" "COMPILER=arm-none-eabi-gcc" "ASSEMBLER=arm-none-eabi-a
TRACE::2026-02-05.17:59:52::SCWMssOS::s" "ARCHIVER=arm-none-eabi-ar" "COMPILER_FLAGS=  -O2 -c" "EXTRA_COMPILER_FLAGS=-mcpu=cortex-a9 -mfpu=vfpv3 -mfloat-abi=hard -no
TRACE::2026-02-05.17:59:52::SCWMssOS::startfiles -g -Wall -Wextra"

TRACE::2026-02-05.17:59:52::SCWMssOS::"Running Make include in ps7_cortexa9_0/libsrc/scuwdt_v2_2/src"

TRACE::2026-02-05.17:59:52::SCWMssOS::make -C ps7_cortexa9_0/libsrc/scuwdt_v2_2/src -s include  "SHELL=CMD" "COMPILER=arm-none-eabi-gcc" "ASSEMBLER=arm-none-eabi-as"
TRACE::2026-02-05.17:59:52::SCWMssOS:: "ARCHIVER=arm-none-eabi-ar" "COMPILER_FLAGS=  -O2 -c" "EXTRA_COMPILER_FLAGS=-mcpu=cortex-a9 -mfpu=vfpv3 -mfloat-abi=hard -nost
TRACE::2026-02-05.17:59:52::SCWMssOS::artfiles -g -Wall -Wextra"

TRACE::2026-02-05.17:59:52::SCWMssOS::"Running Make include in ps7_cortexa9_0/libsrc/sdps_v3_9/src"

TRACE::2026-02-05.17:59:52::SCWMssOS::make -C ps7_cortexa9_0/libsrc/sdps_v3_9/src -s include  "SHELL=CMD" "COMPILER=arm-none-eabi-gcc" "ASSEMBLER=arm-none-eabi-as" "
TRACE::2026-02-05.17:59:52::SCWMssOS::ARCHIVER=arm-none-eabi-ar" "COMPILER_FLAGS=  -O2 -c" "EXTRA_COMPILER_FLAGS=-mcpu=cortex-a9 -mfpu=vfpv3 -mfloat-abi=hard -nostar
TRACE::2026-02-05.17:59:52::SCWMssOS::tfiles -g -Wall -Wextra"

TRACE::2026-02-05.17:59:52::SCWMssOS::"Running Make include in ps7_cortexa9_0/libsrc/standalone_v7_2/src"

TRACE::2026-02-05.17:59:52::SCWMssOS::make -C ps7_cortexa9_0/libsrc/standalone_v7_2/src -s include  "SHELL=CMD" "COMPILER=arm-none-eabi-gcc" "ASSEMBLER=arm-none-eabi
TRACE::2026-02-05.17:59:52::SCWMssOS::-as" "ARCHIVER=arm-none-eabi-ar" "COMPILER_FLAGS=  -O2 -c" "EXTRA_COMPILER_FLAGS=-mcpu=cortex-a9 -mfpu=vfpv3 -mfloat-abi=hard -
TRACE::2026-02-05.17:59:52::SCWMssOS::nostartfiles -g -Wall -Wextra"

TRACE::2026-02-05.17:59:52::SCWMssOS::"Running Make include in ps7_cortexa9_0/libsrc/ttcps_v3_11/src"

TRACE::2026-02-05.17:59:52::SCWMssOS::make -C ps7_cortexa9_0/libsrc/ttcps_v3_11/src -s include  "SHELL=CMD" "COMPILER=arm-none-eabi-gcc" "ASSEMBLER=arm-none-eabi-as"
TRACE::2026-02-05.17:59:52::SCWMssOS:: "ARCHIVER=arm-none-eabi-ar" "COMPILER_FLAGS=  -O2 -c" "EXTRA_COMPILER_FLAGS=-mcpu=cortex-a9 -mfpu=vfpv3 -mfloat-abi=hard -nost
TRACE::2026-02-05.17:59:52::SCWMssOS::artfiles -g -Wall -Wextra"

TRACE::2026-02-05.17:59:52::SCWMssOS::"Running Make include in ps7_cortexa9_0/libsrc/uartps_v3_9/src"

TRACE::2026-02-05.17:59:52::SCWMssOS::make -C ps7_cortexa9_0/libsrc/uartps_v3_9/src -s include  "SHELL=CMD" "COMPILER=arm-none-eabi-gcc" "ASSEMBLER=arm-none-eabi-as"
TRACE::2026-02-05.17:59:52::SCWMssOS:: "ARCHIVER=arm-none-eabi-ar" "COMPILER_FLAGS=  -O2 -c" "EXTRA_COMPILER_FLAGS=-mcpu=cortex-a9 -mfpu=vfpv3 -mfloat-abi=hard -nost
TRACE::2026-02-05.17:59:52::SCWMssOS::artfiles -g -Wall -Wextra"

TRACE::2026-02-05.17:59:52::SCWMssOS::"Running Make include in ps7_cortexa9_0/libsrc/usbps_v2_5/src"

TRACE::2026-02-05.17:59:52::SCWMssOS::make -C ps7_cortexa9_0/libsrc/usbps_v2_5/src -s include  "SHELL=CMD" "COMPILER=arm-none-eabi-gcc" "ASSEMBLER=arm-none-eabi-as" 
TRACE::2026-02-05.17:59:52::SCWMssOS::"ARCHIVER=arm-none-eabi-ar" "COMPILER_FLAGS=  -O2 -c" "EXTRA_COMPILER_FLAGS=-mcpu=cortex-a9 -mfpu=vfpv3 -mfloat-abi=hard -nosta
TRACE::2026-02-05.17:59:52::SCWMssOS::rtfiles -g -Wall -Wextra"

TRACE::2026-02-05.17:59:52::SCWMssOS::"Running Make include in ps7_cortexa9_0/libsrc/vtc_v8_2/src"

TRACE::2026-02-05.17:59:52::SCWMssOS::make -C ps7_cortexa9_0/libsrc/vtc_v8_2/src -s include  "SHELL=CMD" "COMPILER=arm-none-eabi-gcc" "ASSEMBLER=arm-none-eabi-as" "A
TRACE::2026-02-05.17:59:52::SCWMssOS::RCHIVER=arm-none-eabi-ar" "COMPILER_FLAGS=  -O2 -c" "EXTRA_COMPILER_FLAGS=-mcpu=cortex-a9 -mfpu=vfpv3 -mfloat-abi=hard -nostart
TRACE::2026-02-05.17:59:52::SCWMssOS::files -g -Wall -Wextra"

TRACE::2026-02-05.17:59:52::SCWMssOS::"Running Make include in ps7_cortexa9_0/libsrc/xadcps_v2_4/src"

TRACE::2026-02-05.17:59:52::SCWMssOS::make -C ps7_cortexa9_0/libsrc/xadcps_v2_4/src -s include  "SHELL=CMD" "COMPILER=arm-none-eabi-gcc" "ASSEMBLER=arm-none-eabi-as"
TRACE::2026-02-05.17:59:52::SCWMssOS:: "ARCHIVER=arm-none-eabi-ar" "COMPILER_FLAGS=  -O2 -c" "EXTRA_COMPILER_FLAGS=-mcpu=cortex-a9 -mfpu=vfpv3 -mfloat-abi=hard -nost
TRACE::2026-02-05.17:59:52::SCWMssOS::artfiles -g -Wall -Wextra"

TRACE::2026-02-05.17:59:52::SCWMssOS::"Running Make libs in ps7_cortexa9_0/libsrc/axivdma_v6_7/src"

TRACE::2026-02-05.17:59:52::SCWMssOS::make -C ps7_cortexa9_0/libsrc/axivdma_v6_7/src -s libs  "SHELL=CMD" "COMPILER=arm-none-eabi-gcc" "ASSEMBLER=arm-none-eabi-as" "
TRACE::2026-02-05.17:59:52::SCWMssOS::ARCHIVER=arm-none-eabi-ar" "COMPILER_FLAGS=  -O2 -c" "EXTRA_COMPILER_FLAGS=-mcpu=cortex-a9 -mfpu=vfpv3 -mfloat-abi=hard -nostar
TRACE::2026-02-05.17:59:52::SCWMssOS::tfiles -g -Wall -Wextra"

TRACE::2026-02-05.17:59:53::SCWMssOS::"Compiling axivdma"

TRACE::2026-02-05.17:59:53::SCWMssOS::"Running Make libs in ps7_cortexa9_0/libsrc/coresightps_dcc_v1_7/src"

TRACE::2026-02-05.17:59:53::SCWMssOS::make -C ps7_cortexa9_0/libsrc/coresightps_dcc_v1_7/src -s libs  "SHELL=CMD" "COMPILER=arm-none-eabi-gcc" "ASSEMBLER=arm-none-ea
TRACE::2026-02-05.17:59:53::SCWMssOS::bi-as" "ARCHIVER=arm-none-eabi-ar" "COMPILER_FLAGS=  -O2 -c" "EXTRA_COMPILER_FLAGS=-mcpu=cortex-a9 -mfpu=vfpv3 -mfloat-abi=hard
TRACE::2026-02-05.17:59:53::SCWMssOS:: -nostartfiles -g -Wall -Wextra"

TRACE::2026-02-05.17:59:53::SCWMssOS::"Compiling coresightps_dcc"

TRACE::2026-02-05.17:59:53::SCWMssOS::"Running Make libs in ps7_cortexa9_0/libsrc/cpu_cortexa9_v2_9/src"

TRACE::2026-02-05.17:59:53::SCWMssOS::make -C ps7_cortexa9_0/libsrc/cpu_cortexa9_v2_9/src -s libs  "SHELL=CMD" "COMPILER=arm-none-eabi-gcc" "ASSEMBLER=arm-none-eabi-
TRACE::2026-02-05.17:59:53::SCWMssOS::as" "ARCHIVER=arm-none-eabi-ar" "COMPILER_FLAGS=  -O2 -c" "EXTRA_COMPILER_FLAGS=-mcpu=cortex-a9 -mfpu=vfpv3 -mfloat-abi=hard -n
TRACE::2026-02-05.17:59:53::SCWMssOS::ostartfiles -g -Wall -Wextra"

TRACE::2026-02-05.17:59:53::SCWMssOS::"Compiling cpu_cortexa9"

TRACE::2026-02-05.17:59:53::SCWMssOS::"Running Make libs in ps7_cortexa9_0/libsrc/ddrps_v1_1/src"

TRACE::2026-02-05.17:59:53::SCWMssOS::make -C ps7_cortexa9_0/libsrc/ddrps_v1_1/src -s libs  "SHELL=CMD" "COMPILER=arm-none-eabi-gcc" "ASSEMBLER=arm-none-eabi-as" "AR
TRACE::2026-02-05.17:59:53::SCWMssOS::CHIVER=arm-none-eabi-ar" "COMPILER_FLAGS=  -O2 -c" "EXTRA_COMPILER_FLAGS=-mcpu=cortex-a9 -mfpu=vfpv3 -mfloat-abi=hard -nostartf
TRACE::2026-02-05.17:59:53::SCWMssOS::iles -g -Wall -Wextra"

TRACE::2026-02-05.17:59:53::SCWMssOS::"Compiling ddrps"

TRACE::2026-02-05.17:59:53::SCWMssOS::"Running Make libs in ps7_cortexa9_0/libsrc/devcfg_v3_6/src"

TRACE::2026-02-05.17:59:53::SCWMssOS::make -C ps7_cortexa9_0/libsrc/devcfg_v3_6/src -s libs  "SHELL=CMD" "COMPILER=arm-none-eabi-gcc" "ASSEMBLER=arm-none-eabi-as" "A
TRACE::2026-02-05.17:59:53::SCWMssOS::RCHIVER=arm-none-eabi-ar" "COMPILER_FLAGS=  -O2 -c" "EXTRA_COMPILER_FLAGS=-mcpu=cortex-a9 -mfpu=vfpv3 -mfloat-abi=hard -nostart
TRACE::2026-02-05.17:59:53::SCWMssOS::files -g -Wall -Wextra"

TRACE::2026-02-05.17:59:54::SCWMssOS::"Compiling devcfg"

TRACE::2026-02-05.17:59:54::SCWMssOS::"Running Make libs in ps7_cortexa9_0/libsrc/dmaps_v2_6/src"

TRACE::2026-02-05.17:59:54::SCWMssOS::make -C ps7_cortexa9_0/libsrc/dmaps_v2_6/src -s libs  "SHELL=CMD" "COMPILER=arm-none-eabi-gcc" "ASSEMBLER=arm-none-eabi-as" "AR
TRACE::2026-02-05.17:59:54::SCWMssOS::CHIVER=arm-none-eabi-ar" "COMPILER_FLAGS=  -O2 -c" "EXTRA_COMPILER_FLAGS=-mcpu=cortex-a9 -mfpu=vfpv3 -mfloat-abi=hard -nostartf
TRACE::2026-02-05.17:59:54::SCWMssOS::iles -g -Wall -Wextra"

TRACE::2026-02-05.17:59:54::SCWMssOS::"Compiling dmaps"

TRACE::2026-02-05.17:59:55::SCWMssOS::"Running Make libs in ps7_cortexa9_0/libsrc/emacps_v3_11/src"

TRACE::2026-02-05.17:59:55::SCWMssOS::make -C ps7_cortexa9_0/libsrc/emacps_v3_11/src -s libs  "SHELL=CMD" "COMPILER=arm-none-eabi-gcc" "ASSEMBLER=arm-none-eabi-as" "
TRACE::2026-02-05.17:59:55::SCWMssOS::ARCHIVER=arm-none-eabi-ar" "COMPILER_FLAGS=  -O2 -c" "EXTRA_COMPILER_FLAGS=-mcpu=cortex-a9 -mfpu=vfpv3 -mfloat-abi=hard -nostar
TRACE::2026-02-05.17:59:55::SCWMssOS::tfiles -g -Wall -Wextra"

TRACE::2026-02-05.17:59:55::SCWMssOS::"Compiling emacps"

TRACE::2026-02-05.17:59:55::SCWMssOS::"Running Make libs in ps7_cortexa9_0/libsrc/gpiops_v3_7/src"

TRACE::2026-02-05.17:59:55::SCWMssOS::make -C ps7_cortexa9_0/libsrc/gpiops_v3_7/src -s libs  "SHELL=CMD" "COMPILER=arm-none-eabi-gcc" "ASSEMBLER=arm-none-eabi-as" "A
TRACE::2026-02-05.17:59:55::SCWMssOS::RCHIVER=arm-none-eabi-ar" "COMPILER_FLAGS=  -O2 -c" "EXTRA_COMPILER_FLAGS=-mcpu=cortex-a9 -mfpu=vfpv3 -mfloat-abi=hard -nostart
TRACE::2026-02-05.17:59:55::SCWMssOS::files -g -Wall -Wextra"

TRACE::2026-02-05.17:59:55::SCWMssOS::"Compiling gpiops"

TRACE::2026-02-05.17:59:56::SCWMssOS::"Running Make libs in ps7_cortexa9_0/libsrc/qspips_v3_7/src"

TRACE::2026-02-05.17:59:56::SCWMssOS::make -C ps7_cortexa9_0/libsrc/qspips_v3_7/src -s libs  "SHELL=CMD" "COMPILER=arm-none-eabi-gcc" "ASSEMBLER=arm-none-eabi-as" "A
TRACE::2026-02-05.17:59:56::SCWMssOS::RCHIVER=arm-none-eabi-ar" "COMPILER_FLAGS=  -O2 -c" "EXTRA_COMPILER_FLAGS=-mcpu=cortex-a9 -mfpu=vfpv3 -mfloat-abi=hard -nostart
TRACE::2026-02-05.17:59:56::SCWMssOS::files -g -Wall -Wextra"

TRACE::2026-02-05.17:59:56::SCWMssOS::"Compiling qspips"

TRACE::2026-02-05.17:59:57::SCWMssOS::"Running Make libs in ps7_cortexa9_0/libsrc/scugic_v4_2/src"

TRACE::2026-02-05.17:59:57::SCWMssOS::make -C ps7_cortexa9_0/libsrc/scugic_v4_2/src -s libs  "SHELL=CMD" "COMPILER=arm-none-eabi-gcc" "ASSEMBLER=arm-none-eabi-as" "A
TRACE::2026-02-05.17:59:57::SCWMssOS::RCHIVER=arm-none-eabi-ar" "COMPILER_FLAGS=  -O2 -c" "EXTRA_COMPILER_FLAGS=-mcpu=cortex-a9 -mfpu=vfpv3 -mfloat-abi=hard -nostart
TRACE::2026-02-05.17:59:57::SCWMssOS::files -g -Wall -Wextra"

TRACE::2026-02-05.17:59:57::SCWMssOS::"Compiling scugic"

TRACE::2026-02-05.17:59:57::SCWMssOS::"Running Make libs in ps7_cortexa9_0/libsrc/scutimer_v2_2/src"

TRACE::2026-02-05.17:59:57::SCWMssOS::make -C ps7_cortexa9_0/libsrc/scutimer_v2_2/src -s libs  "SHELL=CMD" "COMPILER=arm-none-eabi-gcc" "ASSEMBLER=arm-none-eabi-as" 
TRACE::2026-02-05.17:59:57::SCWMssOS::"ARCHIVER=arm-none-eabi-ar" "COMPILER_FLAGS=  -O2 -c" "EXTRA_COMPILER_FLAGS=-mcpu=cortex-a9 -mfpu=vfpv3 -mfloat-abi=hard -nosta
TRACE::2026-02-05.17:59:57::SCWMssOS::rtfiles -g -Wall -Wextra"

TRACE::2026-02-05.17:59:57::SCWMssOS::"Compiling scutimer"

TRACE::2026-02-05.17:59:58::SCWMssOS::"Running Make libs in ps7_cortexa9_0/libsrc/scuwdt_v2_2/src"

TRACE::2026-02-05.17:59:58::SCWMssOS::make -C ps7_cortexa9_0/libsrc/scuwdt_v2_2/src -s libs  "SHELL=CMD" "COMPILER=arm-none-eabi-gcc" "ASSEMBLER=arm-none-eabi-as" "A
TRACE::2026-02-05.17:59:58::SCWMssOS::RCHIVER=arm-none-eabi-ar" "COMPILER_FLAGS=  -O2 -c" "EXTRA_COMPILER_FLAGS=-mcpu=cortex-a9 -mfpu=vfpv3 -mfloat-abi=hard -nostart
TRACE::2026-02-05.17:59:58::SCWMssOS::files -g -Wall -Wextra"

TRACE::2026-02-05.17:59:58::SCWMssOS::"Compiling scuwdt"

TRACE::2026-02-05.17:59:58::SCWMssOS::"Running Make libs in ps7_cortexa9_0/libsrc/sdps_v3_9/src"

TRACE::2026-02-05.17:59:58::SCWMssOS::make -C ps7_cortexa9_0/libsrc/sdps_v3_9/src -s libs  "SHELL=CMD" "COMPILER=arm-none-eabi-gcc" "ASSEMBLER=arm-none-eabi-as" "ARC
TRACE::2026-02-05.17:59:58::SCWMssOS::HIVER=arm-none-eabi-ar" "COMPILER_FLAGS=  -O2 -c" "EXTRA_COMPILER_FLAGS=-mcpu=cortex-a9 -mfpu=vfpv3 -mfloat-abi=hard -nostartfi
TRACE::2026-02-05.17:59:58::SCWMssOS::les -g -Wall -Wextra"

TRACE::2026-02-05.17:59:58::SCWMssOS::"Compiling sdps"

TRACE::2026-02-05.17:59:59::SCWMssOS::"Running Make libs in ps7_cortexa9_0/libsrc/standalone_v7_2/src"

TRACE::2026-02-05.17:59:59::SCWMssOS::make -C ps7_cortexa9_0/libsrc/standalone_v7_2/src -s libs  "SHELL=CMD" "COMPILER=arm-none-eabi-gcc" "ASSEMBLER=arm-none-eabi-as
TRACE::2026-02-05.17:59:59::SCWMssOS::" "ARCHIVER=arm-none-eabi-ar" "COMPILER_FLAGS=  -O2 -c" "EXTRA_COMPILER_FLAGS=-mcpu=cortex-a9 -mfpu=vfpv3 -mfloat-abi=hard -nos
TRACE::2026-02-05.17:59:59::SCWMssOS::tartfiles -g -Wall -Wextra"

TRACE::2026-02-05.17:59:59::SCWMssOS::"Compiling standalone"

TRACE::2026-02-05.18:00:01::SCWMssOS::"Running Make libs in ps7_cortexa9_0/libsrc/ttcps_v3_11/src"

TRACE::2026-02-05.18:00:01::SCWMssOS::make -C ps7_cortexa9_0/libsrc/ttcps_v3_11/src -s libs  "SHELL=CMD" "COMPILER=arm-none-eabi-gcc" "ASSEMBLER=arm-none-eabi-as" "A
TRACE::2026-02-05.18:00:01::SCWMssOS::RCHIVER=arm-none-eabi-ar" "COMPILER_FLAGS=  -O2 -c" "EXTRA_COMPILER_FLAGS=-mcpu=cortex-a9 -mfpu=vfpv3 -mfloat-abi=hard -nostart
TRACE::2026-02-05.18:00:01::SCWMssOS::files -g -Wall -Wextra"

TRACE::2026-02-05.18:00:01::SCWMssOS::"Compiling ttcps"

TRACE::2026-02-05.18:00:01::SCWMssOS::"Running Make libs in ps7_cortexa9_0/libsrc/uartps_v3_9/src"

TRACE::2026-02-05.18:00:01::SCWMssOS::make -C ps7_cortexa9_0/libsrc/uartps_v3_9/src -s libs  "SHELL=CMD" "COMPILER=arm-none-eabi-gcc" "ASSEMBLER=arm-none-eabi-as" "A
TRACE::2026-02-05.18:00:01::SCWMssOS::RCHIVER=arm-none-eabi-ar" "COMPILER_FLAGS=  -O2 -c" "EXTRA_COMPILER_FLAGS=-mcpu=cortex-a9 -mfpu=vfpv3 -mfloat-abi=hard -nostart
TRACE::2026-02-05.18:00:01::SCWMssOS::files -g -Wall -Wextra"

TRACE::2026-02-05.18:00:01::SCWMssOS::"Compiling uartps"

TRACE::2026-02-05.18:00:02::SCWMssOS::"Running Make libs in ps7_cortexa9_0/libsrc/usbps_v2_5/src"

TRACE::2026-02-05.18:00:02::SCWMssOS::make -C ps7_cortexa9_0/libsrc/usbps_v2_5/src -s libs  "SHELL=CMD" "COMPILER=arm-none-eabi-gcc" "ASSEMBLER=arm-none-eabi-as" "AR
TRACE::2026-02-05.18:00:02::SCWMssOS::CHIVER=arm-none-eabi-ar" "COMPILER_FLAGS=  -O2 -c" "EXTRA_COMPILER_FLAGS=-mcpu=cortex-a9 -mfpu=vfpv3 -mfloat-abi=hard -nostartf
TRACE::2026-02-05.18:00:02::SCWMssOS::iles -g -Wall -Wextra"

TRACE::2026-02-05.18:00:02::SCWMssOS::"Compiling usbps"

TRACE::2026-02-05.18:00:03::SCWMssOS::"Running Make libs in ps7_cortexa9_0/libsrc/vtc_v8_2/src"

TRACE::2026-02-05.18:00:03::SCWMssOS::make -C ps7_cortexa9_0/libsrc/vtc_v8_2/src -s libs  "SHELL=CMD" "COMPILER=arm-none-eabi-gcc" "ASSEMBLER=arm-none-eabi-as" "ARCH
TRACE::2026-02-05.18:00:03::SCWMssOS::IVER=arm-none-eabi-ar" "COMPILER_FLAGS=  -O2 -c" "EXTRA_COMPILER_FLAGS=-mcpu=cortex-a9 -mfpu=vfpv3 -mfloat-abi=hard -nostartfil
TRACE::2026-02-05.18:00:03::SCWMssOS::es -g -Wall -Wextra"

TRACE::2026-02-05.18:00:03::SCWMssOS::"Compiling video timing controller"

TRACE::2026-02-05.18:00:03::SCWMssOS::"Running Make libs in ps7_cortexa9_0/libsrc/xadcps_v2_4/src"

TRACE::2026-02-05.18:00:03::SCWMssOS::make -C ps7_cortexa9_0/libsrc/xadcps_v2_4/src -s libs  "SHELL=CMD" "COMPILER=arm-none-eabi-gcc" "ASSEMBLER=arm-none-eabi-as" "A
TRACE::2026-02-05.18:00:03::SCWMssOS::RCHIVER=arm-none-eabi-ar" "COMPILER_FLAGS=  -O2 -c" "EXTRA_COMPILER_FLAGS=-mcpu=cortex-a9 -mfpu=vfpv3 -mfloat-abi=hard -nostart
TRACE::2026-02-05.18:00:03::SCWMssOS::files -g -Wall -Wextra"

TRACE::2026-02-05.18:00:03::SCWMssOS::"Compiling xadcps"

TRACE::2026-02-05.18:00:04::SCWMssOS::'Finished building libraries'

TRACE::2026-02-05.18:00:04::SCWMssOS::Copying to export directory.
TRACE::2026-02-05.18:00:04::SCWMssOS:: Checking if to create the Supporting Applications
TRACE::2026-02-05.18:00:04::SCWMssOS:: No Linux domain exists, trying to generate FSBL 
LOG::2026-02-05.18:00:04::SCWSystem::Completed Processing the domain domain_ps7_cortexa9_0
LOG::2026-02-05.18:00:04::SCWSystem::Completed Processing the sysconfig design_1_wrapper
LOG::2026-02-05.18:00:04::SCWPlatform::Completed generating the artifacts for system configuration design_1_wrapper
TRACE::2026-02-05.18:00:04::SCWPlatform::Started preparing the platform 
TRACE::2026-02-05.18:00:04::SCWSystem::Writing the bif file for system config design_1_wrapper
TRACE::2026-02-05.18:00:04::SCWSystem::dir created 
TRACE::2026-02-05.18:00:04::SCWSystem::Writing the bif 
TRACE::2026-02-05.18:00:04::SCWPlatform::Started writing the spfm file 
TRACE::2026-02-05.18:00:04::SCWPlatform::Started writing the xpfm file 
TRACE::2026-02-05.18:00:04::SCWPlatform::Completed generating the platform
TRACE::2026-02-05.18:00:04::SCWMssOS::Saving the mss changes C:/Users/cihem/CPRE-488-Labs/Mp-0_New/Nes/design_1_wrapper/zynq_fsbl/zynq_fsbl_bsp/system.mss
TRACE::2026-02-05.18:00:04::SCWMssOS::Found a swdesign opened with the mssfile.
TRACE::2026-02-05.18:00:04::SCWMssOS::Completed writemss as part of save.
TRACE::2026-02-05.18:00:04::SCWMssOS::Commit changes completed.
TRACE::2026-02-05.18:00:04::SCWMssOS::Saving the mss changes C:/Users/cihem/CPRE-488-Labs/Mp-0_New/Nes/design_1_wrapper/ps7_cortexa9_0/domain_ps7_cortexa9_0/bsp/system.mss
TRACE::2026-02-05.18:00:04::SCWMssOS::Found a swdesign opened with the mssfile.
TRACE::2026-02-05.18:00:04::SCWMssOS::Completed writemss as part of save.
TRACE::2026-02-05.18:00:04::SCWMssOS::Commit changes completed.
TRACE::2026-02-05.18:00:04::SCWPlatform::Trying to open the hw design at C:/Users/cihem/CPRE-488-Labs/Mp-0_New/Nes/design_1_wrapper/hw/design_1_wrapper.xsa
TRACE::2026-02-05.18:00:04::SCWPlatform::DSA given C:/Users/cihem/CPRE-488-Labs/Mp-0_New/Nes/design_1_wrapper/hw/design_1_wrapper.xsa
TRACE::2026-02-05.18:00:04::SCWPlatform::DSA absoulate path C:/Users/cihem/CPRE-488-Labs/Mp-0_New/Nes/design_1_wrapper/hw/design_1_wrapper.xsa
TRACE::2026-02-05.18:00:04::SCWPlatform::DSA directory C:/Users/cihem/CPRE-488-Labs/Mp-0_New/Nes/design_1_wrapper/hw
TRACE::2026-02-05.18:00:04::SCWPlatform:: Platform Path C:/Users/cihem/CPRE-488-Labs/Mp-0_New/Nes/design_1_wrapper/hw/design_1_wrapper.xsa
TRACE::2026-02-05.18:00:04::SCWPlatform:: Unique name xilinx:zed::0.0
TRACE::2026-02-05.18:00:04::SCWPlatform::Trying to set the existing hwdb with name design_1_wrapper_0
TRACE::2026-02-05.18:00:04::SCWPlatform::Opened existing hwdb design_1_wrapper_0
TRACE::2026-02-05.18:00:04::SCWPlatform::Found the Hw Db part of the input DSA
TRACE::2026-02-05.18:00:04::SCWMssOS::Checking the sw design at  C:/Users/cihem/CPRE-488-Labs/Mp-0_New/Nes/design_1_wrapper/zynq_fsbl/zynq_fsbl_bsp/system.mss
TRACE::2026-02-05.18:00:04::SCWMssOS::DEBUG:  swdes dump  C:/Users/cihem/CPRE-488-Labs/Mp-0_New/Nes/design_1_wrapper/ps7_cortexa9_0/domain_ps7_cortexa9_0/bsp/system.mss|system_0||
C:/Users/cihem/CPRE-488-Labs/Mp-0_New/Nes/design_1_wrapper/zynq_fsbl/zynq_fsbl_bsp/system.mss|system||

TRACE::2026-02-05.18:00:04::SCWMssOS::Sw design exists and opened at  C:/Users/cihem/CPRE-488-Labs/Mp-0_New/Nes/design_1_wrapper/zynq_fsbl/zynq_fsbl_bsp/system.mss
TRACE::2026-02-05.18:00:04::SCWPlatform::Trying to open the hw design at C:/Users/cihem/CPRE-488-Labs/Mp-0_New/Nes/design_1_wrapper/hw/design_1_wrapper.xsa
TRACE::2026-02-05.18:00:04::SCWPlatform::DSA given C:/Users/cihem/CPRE-488-Labs/Mp-0_New/Nes/design_1_wrapper/hw/design_1_wrapper.xsa
TRACE::2026-02-05.18:00:04::SCWPlatform::DSA absoulate path C:/Users/cihem/CPRE-488-Labs/Mp-0_New/Nes/design_1_wrapper/hw/design_1_wrapper.xsa
TRACE::2026-02-05.18:00:04::SCWPlatform::DSA directory C:/Users/cihem/CPRE-488-Labs/Mp-0_New/Nes/design_1_wrapper/hw
TRACE::2026-02-05.18:00:04::SCWPlatform:: Platform Path C:/Users/cihem/CPRE-488-Labs/Mp-0_New/Nes/design_1_wrapper/hw/design_1_wrapper.xsa
TRACE::2026-02-05.18:00:04::SCWPlatform:: Unique name xilinx:zed::0.0
TRACE::2026-02-05.18:00:04::SCWPlatform::Trying to set the existing hwdb with name design_1_wrapper_0
TRACE::2026-02-05.18:00:04::SCWPlatform::Opened existing hwdb design_1_wrapper_0
TRACE::2026-02-05.18:00:04::SCWPlatform::Found the Hw Db part of the input DSA
TRACE::2026-02-05.18:00:04::SCWMssOS::Checking the sw design at  C:/Users/cihem/CPRE-488-Labs/Mp-0_New/Nes/design_1_wrapper/zynq_fsbl/zynq_fsbl_bsp/system.mss
TRACE::2026-02-05.18:00:04::SCWMssOS::DEBUG:  swdes dump  C:/Users/cihem/CPRE-488-Labs/Mp-0_New/Nes/design_1_wrapper/ps7_cortexa9_0/domain_ps7_cortexa9_0/bsp/system.mss|system_0||
C:/Users/cihem/CPRE-488-Labs/Mp-0_New/Nes/design_1_wrapper/zynq_fsbl/zynq_fsbl_bsp/system.mss|system||

TRACE::2026-02-05.18:00:04::SCWMssOS::Sw design exists and opened at  C:/Users/cihem/CPRE-488-Labs/Mp-0_New/Nes/design_1_wrapper/zynq_fsbl/zynq_fsbl_bsp/system.mss
TRACE::2026-02-05.18:00:04::SCWPlatform::Trying to open the hw design at C:/Users/cihem/CPRE-488-Labs/Mp-0_New/Nes/design_1_wrapper/hw/design_1_wrapper.xsa
TRACE::2026-02-05.18:00:04::SCWPlatform::DSA given C:/Users/cihem/CPRE-488-Labs/Mp-0_New/Nes/design_1_wrapper/hw/design_1_wrapper.xsa
TRACE::2026-02-05.18:00:04::SCWPlatform::DSA absoulate path C:/Users/cihem/CPRE-488-Labs/Mp-0_New/Nes/design_1_wrapper/hw/design_1_wrapper.xsa
TRACE::2026-02-05.18:00:04::SCWPlatform::DSA directory C:/Users/cihem/CPRE-488-Labs/Mp-0_New/Nes/design_1_wrapper/hw
TRACE::2026-02-05.18:00:04::SCWPlatform:: Platform Path C:/Users/cihem/CPRE-488-Labs/Mp-0_New/Nes/design_1_wrapper/hw/design_1_wrapper.xsa
TRACE::2026-02-05.18:00:04::SCWPlatform:: Unique name xilinx:zed::0.0
TRACE::2026-02-05.18:00:04::SCWPlatform::Trying to set the existing hwdb with name design_1_wrapper_0
TRACE::2026-02-05.18:00:04::SCWPlatform::Opened existing hwdb design_1_wrapper_0
TRACE::2026-02-05.18:00:04::SCWPlatform::Found the Hw Db part of the input DSA
TRACE::2026-02-05.18:00:04::SCWMssOS::Checking the sw design at  C:/Users/cihem/CPRE-488-Labs/Mp-0_New/Nes/design_1_wrapper/zynq_fsbl/zynq_fsbl_bsp/system.mss
TRACE::2026-02-05.18:00:04::SCWMssOS::DEBUG:  swdes dump  C:/Users/cihem/CPRE-488-Labs/Mp-0_New/Nes/design_1_wrapper/ps7_cortexa9_0/domain_ps7_cortexa9_0/bsp/system.mss|system_0||
C:/Users/cihem/CPRE-488-Labs/Mp-0_New/Nes/design_1_wrapper/zynq_fsbl/zynq_fsbl_bsp/system.mss|system||

TRACE::2026-02-05.18:00:04::SCWMssOS::Sw design exists and opened at  C:/Users/cihem/CPRE-488-Labs/Mp-0_New/Nes/design_1_wrapper/zynq_fsbl/zynq_fsbl_bsp/system.mss
TRACE::2026-02-05.18:00:04::SCWPlatform::Trying to open the hw design at C:/Users/cihem/CPRE-488-Labs/Mp-0_New/Nes/design_1_wrapper/hw/design_1_wrapper.xsa
TRACE::2026-02-05.18:00:04::SCWPlatform::DSA given C:/Users/cihem/CPRE-488-Labs/Mp-0_New/Nes/design_1_wrapper/hw/design_1_wrapper.xsa
TRACE::2026-02-05.18:00:04::SCWPlatform::DSA absoulate path C:/Users/cihem/CPRE-488-Labs/Mp-0_New/Nes/design_1_wrapper/hw/design_1_wrapper.xsa
TRACE::2026-02-05.18:00:04::SCWPlatform::DSA directory C:/Users/cihem/CPRE-488-Labs/Mp-0_New/Nes/design_1_wrapper/hw
TRACE::2026-02-05.18:00:04::SCWPlatform:: Platform Path C:/Users/cihem/CPRE-488-Labs/Mp-0_New/Nes/design_1_wrapper/hw/design_1_wrapper.xsa
TRACE::2026-02-05.18:00:04::SCWPlatform:: Unique name xilinx:zed::0.0
TRACE::2026-02-05.18:00:04::SCWPlatform::Trying to set the existing hwdb with name design_1_wrapper_0
TRACE::2026-02-05.18:00:04::SCWPlatform::Opened existing hwdb design_1_wrapper_0
TRACE::2026-02-05.18:00:04::SCWPlatform::Found the Hw Db part of the input DSA
TRACE::2026-02-05.18:00:04::SCWMssOS::Checking the sw design at  C:/Users/cihem/CPRE-488-Labs/Mp-0_New/Nes/design_1_wrapper/ps7_cortexa9_0/domain_ps7_cortexa9_0/bsp/system.mss
TRACE::2026-02-05.18:00:04::SCWMssOS::DEBUG:  swdes dump  C:/Users/cihem/CPRE-488-Labs/Mp-0_New/Nes/design_1_wrapper/ps7_cortexa9_0/domain_ps7_cortexa9_0/bsp/system.mss|system_0||
C:/Users/cihem/CPRE-488-Labs/Mp-0_New/Nes/design_1_wrapper/zynq_fsbl/zynq_fsbl_bsp/system.mss|system||

TRACE::2026-02-05.18:00:04::SCWMssOS::Sw design exists and opened at  C:/Users/cihem/CPRE-488-Labs/Mp-0_New/Nes/design_1_wrapper/ps7_cortexa9_0/domain_ps7_cortexa9_0/bsp/system.mss
TRACE::2026-02-05.18:00:04::SCWPlatform::Trying to open the hw design at C:/Users/cihem/CPRE-488-Labs/Mp-0_New/Nes/design_1_wrapper/hw/design_1_wrapper.xsa
TRACE::2026-02-05.18:00:04::SCWPlatform::DSA given C:/Users/cihem/CPRE-488-Labs/Mp-0_New/Nes/design_1_wrapper/hw/design_1_wrapper.xsa
TRACE::2026-02-05.18:00:04::SCWPlatform::DSA absoulate path C:/Users/cihem/CPRE-488-Labs/Mp-0_New/Nes/design_1_wrapper/hw/design_1_wrapper.xsa
TRACE::2026-02-05.18:00:04::SCWPlatform::DSA directory C:/Users/cihem/CPRE-488-Labs/Mp-0_New/Nes/design_1_wrapper/hw
TRACE::2026-02-05.18:00:04::SCWPlatform:: Platform Path C:/Users/cihem/CPRE-488-Labs/Mp-0_New/Nes/design_1_wrapper/hw/design_1_wrapper.xsa
TRACE::2026-02-05.18:00:04::SCWPlatform:: Unique name xilinx:zed::0.0
TRACE::2026-02-05.18:00:04::SCWPlatform::Trying to set the existing hwdb with name design_1_wrapper_0
TRACE::2026-02-05.18:00:04::SCWPlatform::Opened existing hwdb design_1_wrapper_0
TRACE::2026-02-05.18:00:04::SCWPlatform::Found the Hw Db part of the input DSA
TRACE::2026-02-05.18:00:04::SCWMssOS::Checking the sw design at  C:/Users/cihem/CPRE-488-Labs/Mp-0_New/Nes/design_1_wrapper/ps7_cortexa9_0/domain_ps7_cortexa9_0/bsp/system.mss
TRACE::2026-02-05.18:00:04::SCWMssOS::DEBUG:  swdes dump  C:/Users/cihem/CPRE-488-Labs/Mp-0_New/Nes/design_1_wrapper/ps7_cortexa9_0/domain_ps7_cortexa9_0/bsp/system.mss|system_0||
C:/Users/cihem/CPRE-488-Labs/Mp-0_New/Nes/design_1_wrapper/zynq_fsbl/zynq_fsbl_bsp/system.mss|system||

TRACE::2026-02-05.18:00:04::SCWMssOS::Sw design exists and opened at  C:/Users/cihem/CPRE-488-Labs/Mp-0_New/Nes/design_1_wrapper/ps7_cortexa9_0/domain_ps7_cortexa9_0/bsp/system.mss
TRACE::2026-02-05.18:00:04::SCWPlatform::Trying to open the hw design at C:/Users/cihem/CPRE-488-Labs/Mp-0_New/Nes/design_1_wrapper/hw/design_1_wrapper.xsa
TRACE::2026-02-05.18:00:04::SCWPlatform::DSA given C:/Users/cihem/CPRE-488-Labs/Mp-0_New/Nes/design_1_wrapper/hw/design_1_wrapper.xsa
TRACE::2026-02-05.18:00:04::SCWPlatform::DSA absoulate path C:/Users/cihem/CPRE-488-Labs/Mp-0_New/Nes/design_1_wrapper/hw/design_1_wrapper.xsa
TRACE::2026-02-05.18:00:04::SCWPlatform::DSA directory C:/Users/cihem/CPRE-488-Labs/Mp-0_New/Nes/design_1_wrapper/hw
TRACE::2026-02-05.18:00:04::SCWPlatform:: Platform Path C:/Users/cihem/CPRE-488-Labs/Mp-0_New/Nes/design_1_wrapper/hw/design_1_wrapper.xsa
TRACE::2026-02-05.18:00:04::SCWPlatform:: Unique name xilinx:zed::0.0
TRACE::2026-02-05.18:00:04::SCWPlatform::Trying to set the existing hwdb with name design_1_wrapper_0
TRACE::2026-02-05.18:00:04::SCWPlatform::Opened existing hwdb design_1_wrapper_0
TRACE::2026-02-05.18:00:04::SCWPlatform::Found the Hw Db part of the input DSA
TRACE::2026-02-05.18:00:04::SCWMssOS::Checking the sw design at  C:/Users/cihem/CPRE-488-Labs/Mp-0_New/Nes/design_1_wrapper/ps7_cortexa9_0/domain_ps7_cortexa9_0/bsp/system.mss
TRACE::2026-02-05.18:00:04::SCWMssOS::DEBUG:  swdes dump  C:/Users/cihem/CPRE-488-Labs/Mp-0_New/Nes/design_1_wrapper/ps7_cortexa9_0/domain_ps7_cortexa9_0/bsp/system.mss|system_0||
C:/Users/cihem/CPRE-488-Labs/Mp-0_New/Nes/design_1_wrapper/zynq_fsbl/zynq_fsbl_bsp/system.mss|system||

TRACE::2026-02-05.18:00:04::SCWMssOS::Sw design exists and opened at  C:/Users/cihem/CPRE-488-Labs/Mp-0_New/Nes/design_1_wrapper/ps7_cortexa9_0/domain_ps7_cortexa9_0/bsp/system.mss
TRACE::2026-02-05.18:00:04::SCWWriter::formatted JSON is {
	"platformName":	"design_1_wrapper",
	"sprVersion":	"2.0",
	"mode":	"gui",
	"dsaType":	"Fixed",
	"platformDesc":	"design_1_wrapper",
	"platHandOff":	"C:/Users/cihem/CPRE-488-Labs/Mp-0_New/TheNextBigThing/design_1_wrapper.xsa",
	"platIntHandOff":	"<platformDir>/hw/design_1_wrapper.xsa",
	"deviceType":	"zynq",
	"platIsPrebuiltAutogen":	"false",
	"platIsNoBootBsp":	"false",
	"platFsblTarget":	"ps7_cortexa9_0",
	"hasFsblMakeHasChanges":	"false",
	"hasPmufwMakeHasChanges":	"false",
	"fsblExtraCompilerFlags":	"-MMD -MP       -mcpu=cortex-a9 -mfpu=vfpv3 -mfloat-abi=hard ",
	"platPreBuiltFlag":	false,
	"platformSamplesDir":	"",
	"platActiveSys":	"design_1_wrapper",
	"systems":	[{
			"systemName":	"design_1_wrapper",
			"systemDesc":	"design_1_wrapper",
			"sysIsBootAutoGen":	"true",
			"systemDispName":	"design_1_wrapper",
			"sysActiveDom":	"domain_ps7_cortexa9_0",
			"sysDefaultDom":	"domain_ps7_cortexa9_0",
			"domains":	[{
					"domainName":	"zynq_fsbl",
					"domainDispName":	"zynq_fsbl",
					"domainDesc":	"FSBL Application BSP - Auto Generated.",
					"processors":	"ps7_cortexa9_0",
					"os":	"standalone",
					"sdxOs":	"standalone",
					"debugEnable":	"",
					"domRuntimes":	["cpp"],
					"swRepo":	"",
					"mssOsVer":	"7.2",
					"mssFile":	"",
					"md5Digest":	"6a16c01a2dc85916823989659d34a150",
					"compatibleApp":	"zynq_fsbl",
					"domType":	"bootDomain",
					"arch":	"32-bit",
					"appSettings":	{
						"appCompilerFlags":	"",
						"appLinkerFlags":	""
					},
					"addedLibs":	["xilffs:4.3", "xilrsa:1.6"],
					"libOptions":	{
						"libsContainingOptions":	[]
					},
					"prebuiltLibs":	{
						"prebuiltIncPath":	[],
						"prebuiltLibPath":	[]
					},
					"isolation":	{
					}
				}, {
					"domainName":	"domain_ps7_cortexa9_0",
					"domainDispName":	"domain_ps7_cortexa9_0",
					"domainDesc":	"domain_ps7_cortexa9_0",
					"processors":	"ps7_cortexa9_0",
					"os":	"standalone",
					"sdxOs":	"standalone",
					"qemuArgs":	"C:/Xilinx/Vitis/2020.1/data/emulation/platforms/zynq/qemu/qemu_args.txt",
					"qemuData":	"C:/Xilinx/Vitis/2020.1/data/emulation/platforms/zynq/qemu/",
					"debugEnable":	"False",
					"domRuntimes":	["cpp"],
					"swRepo":	"",
					"mssOsVer":	"7.2",
					"mssFile":	"",
					"md5Digest":	"e7eb7ecd472555f72b367dd978989e0a",
					"compatibleApp":	"hello_world",
					"domType":	"mssDomain",
					"arch":	"32-bit",
					"appSettings":	{
						"appCompilerFlags":	"",
						"appLinkerFlags":	""
					},
					"addedLibs":	[],
					"libOptions":	{
						"libsContainingOptions":	[]
					},
					"prebuiltLibs":	{
						"prebuiltIncPath":	[],
						"prebuiltLibPath":	[]
					},
					"isolation":	{
					}
				}]
		}]
}
KEYINFO::2026-02-05.18:00:04::SCWPlatform::updated the xpfm file.
TRACE::2026-02-05.18:00:04::SCWPlatform::Trying to open the hw design at C:/Users/cihem/CPRE-488-Labs/Mp-0_New/Nes/design_1_wrapper/hw/design_1_wrapper.xsa
TRACE::2026-02-05.18:00:04::SCWPlatform::DSA given C:/Users/cihem/CPRE-488-Labs/Mp-0_New/Nes/design_1_wrapper/hw/design_1_wrapper.xsa
TRACE::2026-02-05.18:00:04::SCWPlatform::DSA absoulate path C:/Users/cihem/CPRE-488-Labs/Mp-0_New/Nes/design_1_wrapper/hw/design_1_wrapper.xsa
TRACE::2026-02-05.18:00:04::SCWPlatform::DSA directory C:/Users/cihem/CPRE-488-Labs/Mp-0_New/Nes/design_1_wrapper/hw
TRACE::2026-02-05.18:00:04::SCWPlatform:: Platform Path C:/Users/cihem/CPRE-488-Labs/Mp-0_New/Nes/design_1_wrapper/hw/design_1_wrapper.xsa
TRACE::2026-02-05.18:00:04::SCWPlatform:: Unique name xilinx:zed::0.0
TRACE::2026-02-05.18:00:04::SCWPlatform::Trying to set the existing hwdb with name design_1_wrapper_0
TRACE::2026-02-05.18:00:04::SCWPlatform::Opened existing hwdb design_1_wrapper_0
TRACE::2026-02-05.18:00:04::SCWPlatform::Found the Hw Db part of the input DSA
TRACE::2026-02-05.18:00:04::SCWMssOS::Checking the sw design at  C:/Users/cihem/CPRE-488-Labs/Mp-0_New/Nes/design_1_wrapper/ps7_cortexa9_0/domain_ps7_cortexa9_0/bsp/system.mss
TRACE::2026-02-05.18:00:04::SCWMssOS::DEBUG:  swdes dump  C:/Users/cihem/CPRE-488-Labs/Mp-0_New/Nes/design_1_wrapper/ps7_cortexa9_0/domain_ps7_cortexa9_0/bsp/system.mss|system_0||
C:/Users/cihem/CPRE-488-Labs/Mp-0_New/Nes/design_1_wrapper/zynq_fsbl/zynq_fsbl_bsp/system.mss|system||

TRACE::2026-02-05.18:00:04::SCWMssOS::Sw design exists and opened at  C:/Users/cihem/CPRE-488-Labs/Mp-0_New/Nes/design_1_wrapper/ps7_cortexa9_0/domain_ps7_cortexa9_0/bsp/system.mss
TRACE::2026-02-05.18:21:03::SCWPlatform::Clearing the existing platform
TRACE::2026-02-05.18:21:03::SCWSystem::Clearing the existing sysconfig
TRACE::2026-02-05.18:21:03::SCWBDomain::clearing the fsbl build
TRACE::2026-02-05.18:21:03::SCWMssOS::Removing the swdes entry for  C:/Users/cihem/CPRE-488-Labs/Mp-0_New/Nes/design_1_wrapper/zynq_fsbl/zynq_fsbl_bsp/system.mss
TRACE::2026-02-05.18:21:03::SCWMssOS::Removing the swdes entry for  C:/Users/cihem/CPRE-488-Labs/Mp-0_New/Nes/design_1_wrapper/ps7_cortexa9_0/domain_ps7_cortexa9_0/bsp/system.mss
TRACE::2026-02-05.18:21:03::SCWSystem::Clearing the domains completed.
TRACE::2026-02-05.18:21:03::SCWPlatform::Clearing the opened hw db.
TRACE::2026-02-05.18:21:03::SCWPlatform::DSA given C:/Users/cihem/CPRE-488-Labs/Mp-0_New/Nes/design_1_wrapper/hw/design_1_wrapper.xsa
TRACE::2026-02-05.18:21:03::SCWPlatform::DSA absoulate path C:/Users/cihem/CPRE-488-Labs/Mp-0_New/Nes/design_1_wrapper/hw/design_1_wrapper.xsa
TRACE::2026-02-05.18:21:03::SCWPlatform:: Platform location is C:/Users/cihem/CPRE-488-Labs/Mp-0_New/Nes/design_1_wrapper/hw
TRACE::2026-02-05.18:21:03::SCWPlatform:: Platform Path C:/Users/cihem/CPRE-488-Labs/Mp-0_New/Nes/design_1_wrapper/hw/design_1_wrapper.xsa
TRACE::2026-02-05.18:21:03::SCWPlatform:: Unique name xilinx:zed::0.0
TRACE::2026-02-05.18:21:03::SCWPlatform::Removing the HwDB with name C:/Users/cihem/CPRE-488-Labs/Mp-0_New/Nes/design_1_wrapper/hw/design_1_wrapper.xsa
TRACE::2026-02-05.18:21:03::SCWPlatform::Trying to open the hw design at C:/Users/cihem/CPRE-488-Labs/Mp-0_New/Nes/design_1_wrapper/hw/design_1_wrapper.xsa
TRACE::2026-02-05.18:21:03::SCWPlatform::DSA given C:/Users/cihem/CPRE-488-Labs/Mp-0_New/Nes/design_1_wrapper/hw/design_1_wrapper.xsa
TRACE::2026-02-05.18:21:03::SCWPlatform::DSA absoulate path C:/Users/cihem/CPRE-488-Labs/Mp-0_New/Nes/design_1_wrapper/hw/design_1_wrapper.xsa
TRACE::2026-02-05.18:21:03::SCWPlatform::DSA directory C:/Users/cihem/CPRE-488-Labs/Mp-0_New/Nes/design_1_wrapper/hw
TRACE::2026-02-05.18:21:03::SCWPlatform:: Platform Path C:/Users/cihem/CPRE-488-Labs/Mp-0_New/Nes/design_1_wrapper/hw/design_1_wrapper.xsa
TRACE::2026-02-05.18:21:03::SCWPlatform:: Unique name xilinx:zed::0.0
TRACE::2026-02-05.18:21:03::SCWPlatform::Do not have an existing db opened. 
TRACE::2026-02-05.18:21:05::SCWPlatform::Opened new HwDB with name design_1_wrapper_2
TRACE::2026-02-05.18:21:05::SCWReader::Active system found as  design_1_wrapper
TRACE::2026-02-05.18:21:05::SCWReader::Handling sysconfig design_1_wrapper
TRACE::2026-02-05.18:21:05::SCWDomain::checking for install qemu data   : 
TRACE::2026-02-05.18:21:05::SCWDomain:: Using the QEMU Data from install at  : C:/Xilinx/Vitis/2020.1/data/emulation/platforms/zynq/qemu/
TRACE::2026-02-05.18:21:05::SCWDomain:: Using the QEMU args  from install at  : C:/Xilinx/Vitis/2020.1/data/emulation/platforms/zynq/qemu/qemu_args.txt
TRACE::2026-02-05.18:21:05::SCWPlatform::Trying to open the hw design at C:/Users/cihem/CPRE-488-Labs/Mp-0_New/Nes/design_1_wrapper/hw/design_1_wrapper.xsa
TRACE::2026-02-05.18:21:05::SCWPlatform::DSA given C:/Users/cihem/CPRE-488-Labs/Mp-0_New/Nes/design_1_wrapper/hw/design_1_wrapper.xsa
TRACE::2026-02-05.18:21:05::SCWPlatform::DSA absoulate path C:/Users/cihem/CPRE-488-Labs/Mp-0_New/Nes/design_1_wrapper/hw/design_1_wrapper.xsa
TRACE::2026-02-05.18:21:05::SCWPlatform::DSA directory C:/Users/cihem/CPRE-488-Labs/Mp-0_New/Nes/design_1_wrapper/hw
TRACE::2026-02-05.18:21:05::SCWPlatform:: Platform Path C:/Users/cihem/CPRE-488-Labs/Mp-0_New/Nes/design_1_wrapper/hw/design_1_wrapper.xsa
TRACE::2026-02-05.18:21:05::SCWPlatform:: Unique name xilinx:zed::0.0
TRACE::2026-02-05.18:21:05::SCWPlatform::Trying to set the existing hwdb with name design_1_wrapper_2
TRACE::2026-02-05.18:21:05::SCWPlatform::Opened existing hwdb design_1_wrapper_2
TRACE::2026-02-05.18:21:05::SCWPlatform::Found the Hw Db part of the input DSA
TRACE::2026-02-05.18:21:05::SCWPlatform::Trying to open the hw design at C:/Users/cihem/CPRE-488-Labs/Mp-0_New/Nes/design_1_wrapper/hw/design_1_wrapper.xsa
TRACE::2026-02-05.18:21:05::SCWPlatform::DSA given C:/Users/cihem/CPRE-488-Labs/Mp-0_New/Nes/design_1_wrapper/hw/design_1_wrapper.xsa
TRACE::2026-02-05.18:21:05::SCWPlatform::DSA absoulate path C:/Users/cihem/CPRE-488-Labs/Mp-0_New/Nes/design_1_wrapper/hw/design_1_wrapper.xsa
TRACE::2026-02-05.18:21:05::SCWPlatform::DSA directory C:/Users/cihem/CPRE-488-Labs/Mp-0_New/Nes/design_1_wrapper/hw
TRACE::2026-02-05.18:21:05::SCWPlatform:: Platform Path C:/Users/cihem/CPRE-488-Labs/Mp-0_New/Nes/design_1_wrapper/hw/design_1_wrapper.xsa
TRACE::2026-02-05.18:21:05::SCWPlatform:: Unique name xilinx:zed::0.0
TRACE::2026-02-05.18:21:05::SCWPlatform::Trying to set the existing hwdb with name design_1_wrapper_2
TRACE::2026-02-05.18:21:05::SCWPlatform::Opened existing hwdb design_1_wrapper_2
TRACE::2026-02-05.18:21:05::SCWPlatform::Found the Hw Db part of the input DSA
TRACE::2026-02-05.18:21:05::SCWPlatform::Trying to open the hw design at C:/Users/cihem/CPRE-488-Labs/Mp-0_New/Nes/design_1_wrapper/hw/design_1_wrapper.xsa
TRACE::2026-02-05.18:21:05::SCWPlatform::DSA given C:/Users/cihem/CPRE-488-Labs/Mp-0_New/Nes/design_1_wrapper/hw/design_1_wrapper.xsa
TRACE::2026-02-05.18:21:05::SCWPlatform::DSA absoulate path C:/Users/cihem/CPRE-488-Labs/Mp-0_New/Nes/design_1_wrapper/hw/design_1_wrapper.xsa
TRACE::2026-02-05.18:21:05::SCWPlatform::DSA directory C:/Users/cihem/CPRE-488-Labs/Mp-0_New/Nes/design_1_wrapper/hw
TRACE::2026-02-05.18:21:05::SCWPlatform:: Platform Path C:/Users/cihem/CPRE-488-Labs/Mp-0_New/Nes/design_1_wrapper/hw/design_1_wrapper.xsa
TRACE::2026-02-05.18:21:05::SCWPlatform:: Unique name xilinx:zed::0.0
TRACE::2026-02-05.18:21:05::SCWPlatform::Trying to set the existing hwdb with name design_1_wrapper_2
TRACE::2026-02-05.18:21:05::SCWPlatform::Opened existing hwdb design_1_wrapper_2
TRACE::2026-02-05.18:21:05::SCWPlatform::Found the Hw Db part of the input DSA
TRACE::2026-02-05.18:21:05::SCWReader::Boot application domain added for zynq_fsbl
TRACE::2026-02-05.18:21:05::SCWPlatform::Trying to open the hw design at C:/Users/cihem/CPRE-488-Labs/Mp-0_New/Nes/design_1_wrapper/hw/design_1_wrapper.xsa
TRACE::2026-02-05.18:21:05::SCWPlatform::DSA given C:/Users/cihem/CPRE-488-Labs/Mp-0_New/Nes/design_1_wrapper/hw/design_1_wrapper.xsa
TRACE::2026-02-05.18:21:05::SCWPlatform::DSA absoulate path C:/Users/cihem/CPRE-488-Labs/Mp-0_New/Nes/design_1_wrapper/hw/design_1_wrapper.xsa
TRACE::2026-02-05.18:21:05::SCWPlatform::DSA directory C:/Users/cihem/CPRE-488-Labs/Mp-0_New/Nes/design_1_wrapper/hw
TRACE::2026-02-05.18:21:05::SCWPlatform:: Platform Path C:/Users/cihem/CPRE-488-Labs/Mp-0_New/Nes/design_1_wrapper/hw/design_1_wrapper.xsa
TRACE::2026-02-05.18:21:05::SCWPlatform:: Unique name xilinx:zed::0.0
TRACE::2026-02-05.18:21:05::SCWPlatform::Trying to set the existing hwdb with name design_1_wrapper_2
TRACE::2026-02-05.18:21:05::SCWPlatform::Opened existing hwdb design_1_wrapper_2
TRACE::2026-02-05.18:21:05::SCWPlatform::Found the Hw Db part of the input DSA
TRACE::2026-02-05.18:21:05::SCWMssOS::Checking the sw design at  C:/Users/cihem/CPRE-488-Labs/Mp-0_New/Nes/design_1_wrapper/zynq_fsbl/zynq_fsbl_bsp/system.mss
TRACE::2026-02-05.18:21:05::SCWMssOS::DEBUG:  swdes dump  
TRACE::2026-02-05.18:21:05::SCWMssOS::No sw design opened at  C:/Users/cihem/CPRE-488-Labs/Mp-0_New/Nes/design_1_wrapper/zynq_fsbl/zynq_fsbl_bsp/system.mss
TRACE::2026-02-05.18:21:05::SCWMssOS::mss exists loading the mss file  C:/Users/cihem/CPRE-488-Labs/Mp-0_New/Nes/design_1_wrapper/zynq_fsbl/zynq_fsbl_bsp/system.mss
TRACE::2026-02-05.18:21:05::SCWMssOS::Opened the sw design from mss  C:/Users/cihem/CPRE-488-Labs/Mp-0_New/Nes/design_1_wrapper/zynq_fsbl/zynq_fsbl_bsp/system.mss
TRACE::2026-02-05.18:21:05::SCWMssOS::Adding the swdes entry C:/Users/cihem/CPRE-488-Labs/Mp-0_New/Nes/design_1_wrapper/zynq_fsbl/zynq_fsbl_bsp/system.mss with des name system
TRACE::2026-02-05.18:21:05::SCWMssOS::updating the scw layer about changes
TRACE::2026-02-05.18:21:05::SCWMssOS::Opened the sw design.  C:/Users/cihem/CPRE-488-Labs/Mp-0_New/Nes/design_1_wrapper/zynq_fsbl/zynq_fsbl_bsp/system.mss
TRACE::2026-02-05.18:21:05::SCWPlatform::Trying to open the hw design at C:/Users/cihem/CPRE-488-Labs/Mp-0_New/Nes/design_1_wrapper/hw/design_1_wrapper.xsa
TRACE::2026-02-05.18:21:05::SCWPlatform::DSA given C:/Users/cihem/CPRE-488-Labs/Mp-0_New/Nes/design_1_wrapper/hw/design_1_wrapper.xsa
TRACE::2026-02-05.18:21:05::SCWPlatform::DSA absoulate path C:/Users/cihem/CPRE-488-Labs/Mp-0_New/Nes/design_1_wrapper/hw/design_1_wrapper.xsa
TRACE::2026-02-05.18:21:05::SCWPlatform::DSA directory C:/Users/cihem/CPRE-488-Labs/Mp-0_New/Nes/design_1_wrapper/hw
TRACE::2026-02-05.18:21:05::SCWPlatform:: Platform Path C:/Users/cihem/CPRE-488-Labs/Mp-0_New/Nes/design_1_wrapper/hw/design_1_wrapper.xsa
TRACE::2026-02-05.18:21:05::SCWPlatform:: Unique name xilinx:zed::0.0
TRACE::2026-02-05.18:21:05::SCWPlatform::Trying to set the existing hwdb with name design_1_wrapper_2
TRACE::2026-02-05.18:21:05::SCWPlatform::Opened existing hwdb design_1_wrapper_2
TRACE::2026-02-05.18:21:05::SCWPlatform::Found the Hw Db part of the input DSA
TRACE::2026-02-05.18:21:05::SCWMssOS::Checking the sw design at  C:/Users/cihem/CPRE-488-Labs/Mp-0_New/Nes/design_1_wrapper/zynq_fsbl/zynq_fsbl_bsp/system.mss
TRACE::2026-02-05.18:21:05::SCWMssOS::DEBUG:  swdes dump  C:/Users/cihem/CPRE-488-Labs/Mp-0_New/Nes/design_1_wrapper/zynq_fsbl/zynq_fsbl_bsp/system.mss|system||

TRACE::2026-02-05.18:21:05::SCWMssOS::Sw design exists and opened at  C:/Users/cihem/CPRE-488-Labs/Mp-0_New/Nes/design_1_wrapper/zynq_fsbl/zynq_fsbl_bsp/system.mss
TRACE::2026-02-05.18:21:05::SCWMssOS:: library already available in sw design:  xilffs:4.3
TRACE::2026-02-05.18:21:05::SCWPlatform::Trying to open the hw design at C:/Users/cihem/CPRE-488-Labs/Mp-0_New/Nes/design_1_wrapper/hw/design_1_wrapper.xsa
TRACE::2026-02-05.18:21:05::SCWPlatform::DSA given C:/Users/cihem/CPRE-488-Labs/Mp-0_New/Nes/design_1_wrapper/hw/design_1_wrapper.xsa
TRACE::2026-02-05.18:21:05::SCWPlatform::DSA absoulate path C:/Users/cihem/CPRE-488-Labs/Mp-0_New/Nes/design_1_wrapper/hw/design_1_wrapper.xsa
TRACE::2026-02-05.18:21:05::SCWPlatform::DSA directory C:/Users/cihem/CPRE-488-Labs/Mp-0_New/Nes/design_1_wrapper/hw
TRACE::2026-02-05.18:21:05::SCWPlatform:: Platform Path C:/Users/cihem/CPRE-488-Labs/Mp-0_New/Nes/design_1_wrapper/hw/design_1_wrapper.xsa
TRACE::2026-02-05.18:21:05::SCWPlatform:: Unique name xilinx:zed::0.0
TRACE::2026-02-05.18:21:05::SCWPlatform::Trying to set the existing hwdb with name design_1_wrapper_2
TRACE::2026-02-05.18:21:05::SCWPlatform::Opened existing hwdb design_1_wrapper_2
TRACE::2026-02-05.18:21:05::SCWPlatform::Found the Hw Db part of the input DSA
TRACE::2026-02-05.18:21:05::SCWMssOS::Checking the sw design at  C:/Users/cihem/CPRE-488-Labs/Mp-0_New/Nes/design_1_wrapper/zynq_fsbl/zynq_fsbl_bsp/system.mss
TRACE::2026-02-05.18:21:05::SCWMssOS::DEBUG:  swdes dump  C:/Users/cihem/CPRE-488-Labs/Mp-0_New/Nes/design_1_wrapper/zynq_fsbl/zynq_fsbl_bsp/system.mss|system||

TRACE::2026-02-05.18:21:05::SCWMssOS::Sw design exists and opened at  C:/Users/cihem/CPRE-488-Labs/Mp-0_New/Nes/design_1_wrapper/zynq_fsbl/zynq_fsbl_bsp/system.mss
TRACE::2026-02-05.18:21:05::SCWMssOS:: library already available in sw design:  xilrsa:1.6
TRACE::2026-02-05.18:21:05::SCWMssOS::Saving the mss changes C:/Users/cihem/CPRE-488-Labs/Mp-0_New/Nes/design_1_wrapper/zynq_fsbl/zynq_fsbl_bsp/system.mss
TRACE::2026-02-05.18:21:05::SCWMssOS::Found a swdesign opened with the mssfile.
TRACE::2026-02-05.18:21:05::SCWMssOS::Completed writemss as part of save.
TRACE::2026-02-05.18:21:05::SCWMssOS::Commit changes completed.
TRACE::2026-02-05.18:21:05::SCWReader::Adding prebuilt librarypaths as   
TRACE::2026-02-05.18:21:05::SCWReader::Adding prebuilt incpaths  as   
TRACE::2026-02-05.18:21:05::SCWPlatform::Trying to open the hw design at C:/Users/cihem/CPRE-488-Labs/Mp-0_New/Nes/design_1_wrapper/hw/design_1_wrapper.xsa
TRACE::2026-02-05.18:21:05::SCWPlatform::DSA given C:/Users/cihem/CPRE-488-Labs/Mp-0_New/Nes/design_1_wrapper/hw/design_1_wrapper.xsa
TRACE::2026-02-05.18:21:05::SCWPlatform::DSA absoulate path C:/Users/cihem/CPRE-488-Labs/Mp-0_New/Nes/design_1_wrapper/hw/design_1_wrapper.xsa
TRACE::2026-02-05.18:21:05::SCWPlatform::DSA directory C:/Users/cihem/CPRE-488-Labs/Mp-0_New/Nes/design_1_wrapper/hw
TRACE::2026-02-05.18:21:05::SCWPlatform:: Platform Path C:/Users/cihem/CPRE-488-Labs/Mp-0_New/Nes/design_1_wrapper/hw/design_1_wrapper.xsa
TRACE::2026-02-05.18:21:05::SCWPlatform:: Unique name xilinx:zed::0.0
TRACE::2026-02-05.18:21:05::SCWPlatform::Trying to set the existing hwdb with name design_1_wrapper_2
TRACE::2026-02-05.18:21:05::SCWPlatform::Opened existing hwdb design_1_wrapper_2
TRACE::2026-02-05.18:21:05::SCWPlatform::Found the Hw Db part of the input DSA
TRACE::2026-02-05.18:21:05::SCWMssOS::Checking the sw design at  C:/Users/cihem/CPRE-488-Labs/Mp-0_New/Nes/design_1_wrapper/zynq_fsbl/zynq_fsbl_bsp/system.mss
TRACE::2026-02-05.18:21:05::SCWMssOS::DEBUG:  swdes dump  C:/Users/cihem/CPRE-488-Labs/Mp-0_New/Nes/design_1_wrapper/zynq_fsbl/zynq_fsbl_bsp/system.mss|system||

TRACE::2026-02-05.18:21:05::SCWMssOS::Sw design exists and opened at  C:/Users/cihem/CPRE-488-Labs/Mp-0_New/Nes/design_1_wrapper/zynq_fsbl/zynq_fsbl_bsp/system.mss
TRACE::2026-02-05.18:21:05::SCWReader::No isolation master present  
TRACE::2026-02-05.18:21:05::SCWDomain::checking for install qemu data   : 
TRACE::2026-02-05.18:21:05::SCWDomain:: Using the QEMU Data from install at  : C:/Xilinx/Vitis/2020.1/data/emulation/platforms/zynq/qemu/
TRACE::2026-02-05.18:21:05::SCWDomain:: Using the QEMU args  from install at  : C:/Xilinx/Vitis/2020.1/data/emulation/platforms/zynq/qemu/qemu_args.txt
TRACE::2026-02-05.18:21:05::SCWPlatform::Trying to open the hw design at C:/Users/cihem/CPRE-488-Labs/Mp-0_New/Nes/design_1_wrapper/hw/design_1_wrapper.xsa
TRACE::2026-02-05.18:21:05::SCWPlatform::DSA given C:/Users/cihem/CPRE-488-Labs/Mp-0_New/Nes/design_1_wrapper/hw/design_1_wrapper.xsa
TRACE::2026-02-05.18:21:05::SCWPlatform::DSA absoulate path C:/Users/cihem/CPRE-488-Labs/Mp-0_New/Nes/design_1_wrapper/hw/design_1_wrapper.xsa
TRACE::2026-02-05.18:21:05::SCWPlatform::DSA directory C:/Users/cihem/CPRE-488-Labs/Mp-0_New/Nes/design_1_wrapper/hw
TRACE::2026-02-05.18:21:05::SCWPlatform:: Platform Path C:/Users/cihem/CPRE-488-Labs/Mp-0_New/Nes/design_1_wrapper/hw/design_1_wrapper.xsa
TRACE::2026-02-05.18:21:05::SCWPlatform:: Unique name xilinx:zed::0.0
TRACE::2026-02-05.18:21:05::SCWPlatform::Trying to set the existing hwdb with name design_1_wrapper_2
TRACE::2026-02-05.18:21:05::SCWPlatform::Opened existing hwdb design_1_wrapper_2
TRACE::2026-02-05.18:21:05::SCWPlatform::Found the Hw Db part of the input DSA
TRACE::2026-02-05.18:21:05::SCWPlatform::Trying to open the hw design at C:/Users/cihem/CPRE-488-Labs/Mp-0_New/Nes/design_1_wrapper/hw/design_1_wrapper.xsa
TRACE::2026-02-05.18:21:05::SCWPlatform::DSA given C:/Users/cihem/CPRE-488-Labs/Mp-0_New/Nes/design_1_wrapper/hw/design_1_wrapper.xsa
TRACE::2026-02-05.18:21:05::SCWPlatform::DSA absoulate path C:/Users/cihem/CPRE-488-Labs/Mp-0_New/Nes/design_1_wrapper/hw/design_1_wrapper.xsa
TRACE::2026-02-05.18:21:05::SCWPlatform::DSA directory C:/Users/cihem/CPRE-488-Labs/Mp-0_New/Nes/design_1_wrapper/hw
TRACE::2026-02-05.18:21:05::SCWPlatform:: Platform Path C:/Users/cihem/CPRE-488-Labs/Mp-0_New/Nes/design_1_wrapper/hw/design_1_wrapper.xsa
TRACE::2026-02-05.18:21:05::SCWPlatform:: Unique name xilinx:zed::0.0
TRACE::2026-02-05.18:21:05::SCWPlatform::Trying to set the existing hwdb with name design_1_wrapper_2
TRACE::2026-02-05.18:21:05::SCWPlatform::Opened existing hwdb design_1_wrapper_2
TRACE::2026-02-05.18:21:05::SCWPlatform::Found the Hw Db part of the input DSA
TRACE::2026-02-05.18:21:05::SCWPlatform::Trying to open the hw design at C:/Users/cihem/CPRE-488-Labs/Mp-0_New/Nes/design_1_wrapper/hw/design_1_wrapper.xsa
TRACE::2026-02-05.18:21:05::SCWPlatform::DSA given C:/Users/cihem/CPRE-488-Labs/Mp-0_New/Nes/design_1_wrapper/hw/design_1_wrapper.xsa
TRACE::2026-02-05.18:21:05::SCWPlatform::DSA absoulate path C:/Users/cihem/CPRE-488-Labs/Mp-0_New/Nes/design_1_wrapper/hw/design_1_wrapper.xsa
TRACE::2026-02-05.18:21:05::SCWPlatform::DSA directory C:/Users/cihem/CPRE-488-Labs/Mp-0_New/Nes/design_1_wrapper/hw
TRACE::2026-02-05.18:21:05::SCWPlatform:: Platform Path C:/Users/cihem/CPRE-488-Labs/Mp-0_New/Nes/design_1_wrapper/hw/design_1_wrapper.xsa
TRACE::2026-02-05.18:21:05::SCWPlatform:: Unique name xilinx:zed::0.0
TRACE::2026-02-05.18:21:05::SCWPlatform::Trying to set the existing hwdb with name design_1_wrapper_2
TRACE::2026-02-05.18:21:05::SCWPlatform::Opened existing hwdb design_1_wrapper_2
TRACE::2026-02-05.18:21:05::SCWPlatform::Found the Hw Db part of the input DSA
TRACE::2026-02-05.18:21:05::SCWMssOS::Checking the sw design at  C:/Users/cihem/CPRE-488-Labs/Mp-0_New/Nes/design_1_wrapper/ps7_cortexa9_0/domain_ps7_cortexa9_0/bsp/system.mss
TRACE::2026-02-05.18:21:05::SCWMssOS::DEBUG:  swdes dump  C:/Users/cihem/CPRE-488-Labs/Mp-0_New/Nes/design_1_wrapper/zynq_fsbl/zynq_fsbl_bsp/system.mss|system||

TRACE::2026-02-05.18:21:05::SCWMssOS::No sw design opened at  C:/Users/cihem/CPRE-488-Labs/Mp-0_New/Nes/design_1_wrapper/ps7_cortexa9_0/domain_ps7_cortexa9_0/bsp/system.mss
TRACE::2026-02-05.18:21:05::SCWMssOS::mss exists loading the mss file  C:/Users/cihem/CPRE-488-Labs/Mp-0_New/Nes/design_1_wrapper/ps7_cortexa9_0/domain_ps7_cortexa9_0/bsp/system.mss
TRACE::2026-02-05.18:21:05::SCWMssOS::Opened the sw design from mss  C:/Users/cihem/CPRE-488-Labs/Mp-0_New/Nes/design_1_wrapper/ps7_cortexa9_0/domain_ps7_cortexa9_0/bsp/system.mss
TRACE::2026-02-05.18:21:05::SCWMssOS::Adding the swdes entry C:/Users/cihem/CPRE-488-Labs/Mp-0_New/Nes/design_1_wrapper/ps7_cortexa9_0/domain_ps7_cortexa9_0/bsp/system.mss with des name system_0
TRACE::2026-02-05.18:21:05::SCWMssOS::updating the scw layer about changes
TRACE::2026-02-05.18:21:05::SCWMssOS::Opened the sw design.  C:/Users/cihem/CPRE-488-Labs/Mp-0_New/Nes/design_1_wrapper/ps7_cortexa9_0/domain_ps7_cortexa9_0/bsp/system.mss
TRACE::2026-02-05.18:21:05::SCWMssOS::Saving the mss changes C:/Users/cihem/CPRE-488-Labs/Mp-0_New/Nes/design_1_wrapper/ps7_cortexa9_0/domain_ps7_cortexa9_0/bsp/system.mss
TRACE::2026-02-05.18:21:05::SCWMssOS::Found a swdesign opened with the mssfile.
TRACE::2026-02-05.18:21:05::SCWMssOS::Completed writemss as part of save.
TRACE::2026-02-05.18:21:05::SCWMssOS::Commit changes completed.
TRACE::2026-02-05.18:21:05::SCWReader::Adding prebuilt librarypaths as   
TRACE::2026-02-05.18:21:05::SCWReader::Adding prebuilt incpaths  as   
TRACE::2026-02-05.18:21:05::SCWPlatform::Trying to open the hw design at C:/Users/cihem/CPRE-488-Labs/Mp-0_New/Nes/design_1_wrapper/hw/design_1_wrapper.xsa
TRACE::2026-02-05.18:21:05::SCWPlatform::DSA given C:/Users/cihem/CPRE-488-Labs/Mp-0_New/Nes/design_1_wrapper/hw/design_1_wrapper.xsa
TRACE::2026-02-05.18:21:05::SCWPlatform::DSA absoulate path C:/Users/cihem/CPRE-488-Labs/Mp-0_New/Nes/design_1_wrapper/hw/design_1_wrapper.xsa
TRACE::2026-02-05.18:21:05::SCWPlatform::DSA directory C:/Users/cihem/CPRE-488-Labs/Mp-0_New/Nes/design_1_wrapper/hw
TRACE::2026-02-05.18:21:05::SCWPlatform:: Platform Path C:/Users/cihem/CPRE-488-Labs/Mp-0_New/Nes/design_1_wrapper/hw/design_1_wrapper.xsa
TRACE::2026-02-05.18:21:05::SCWPlatform:: Unique name xilinx:zed::0.0
TRACE::2026-02-05.18:21:05::SCWPlatform::Trying to set the existing hwdb with name design_1_wrapper_2
TRACE::2026-02-05.18:21:05::SCWPlatform::Opened existing hwdb design_1_wrapper_2
TRACE::2026-02-05.18:21:05::SCWPlatform::Found the Hw Db part of the input DSA
TRACE::2026-02-05.18:21:05::SCWMssOS::Checking the sw design at  C:/Users/cihem/CPRE-488-Labs/Mp-0_New/Nes/design_1_wrapper/ps7_cortexa9_0/domain_ps7_cortexa9_0/bsp/system.mss
TRACE::2026-02-05.18:21:05::SCWMssOS::DEBUG:  swdes dump  C:/Users/cihem/CPRE-488-Labs/Mp-0_New/Nes/design_1_wrapper/ps7_cortexa9_0/domain_ps7_cortexa9_0/bsp/system.mss|system_0||
C:/Users/cihem/CPRE-488-Labs/Mp-0_New/Nes/design_1_wrapper/zynq_fsbl/zynq_fsbl_bsp/system.mss|system||

TRACE::2026-02-05.18:21:05::SCWMssOS::Sw design exists and opened at  C:/Users/cihem/CPRE-488-Labs/Mp-0_New/Nes/design_1_wrapper/ps7_cortexa9_0/domain_ps7_cortexa9_0/bsp/system.mss
TRACE::2026-02-05.18:21:05::SCWReader::No isolation master present  
TRACE::2026-02-05.18:21:09::SCWPlatform::Trying to open the hw design at C:/Users/cihem/CPRE-488-Labs/Mp-0_New/Nes/design_1_wrapper/hw/design_1_wrapper.xsa
TRACE::2026-02-05.18:21:09::SCWPlatform::DSA given C:/Users/cihem/CPRE-488-Labs/Mp-0_New/Nes/design_1_wrapper/hw/design_1_wrapper.xsa
TRACE::2026-02-05.18:21:09::SCWPlatform::DSA absoulate path C:/Users/cihem/CPRE-488-Labs/Mp-0_New/Nes/design_1_wrapper/hw/design_1_wrapper.xsa
TRACE::2026-02-05.18:21:09::SCWPlatform::DSA directory C:/Users/cihem/CPRE-488-Labs/Mp-0_New/Nes/design_1_wrapper/hw
TRACE::2026-02-05.18:21:09::SCWPlatform:: Platform Path C:/Users/cihem/CPRE-488-Labs/Mp-0_New/Nes/design_1_wrapper/hw/design_1_wrapper.xsa
TRACE::2026-02-05.18:21:09::SCWPlatform:: Unique name xilinx:zed::0.0
TRACE::2026-02-05.18:21:09::SCWPlatform::Trying to set the existing hwdb with name design_1_wrapper_2
TRACE::2026-02-05.18:21:09::SCWPlatform::Opened existing hwdb design_1_wrapper_2
TRACE::2026-02-05.18:21:09::SCWPlatform::Found the Hw Db part of the input DSA
TRACE::2026-02-05.18:21:09::SCWPlatform::DSA given C:/Users/cihem/CPRE-488-Labs/Mp-0_New/Nes/design_1_wrapper/tempdsa/design_1_wrapper.xsa
TRACE::2026-02-05.18:21:09::SCWPlatform::DSA absoulate path C:/Users/cihem/CPRE-488-Labs/Mp-0_New/Nes/design_1_wrapper/tempdsa/design_1_wrapper.xsa
TRACE::2026-02-05.18:21:09::SCWPlatform:: Platform location is C:/Users/cihem/CPRE-488-Labs/Mp-0_New/Nes/design_1_wrapper/tempdsa
TRACE::2026-02-05.18:21:09::SCWPlatform:: Platform Path C:/Users/cihem/CPRE-488-Labs/Mp-0_New/Nes/design_1_wrapper/tempdsa/design_1_wrapper.xsa
TRACE::2026-02-05.18:21:09::SCWPlatform:: Unique name xilinx:zed::0.0
TRACE::2026-02-05.18:21:10::SCWPlatform::Found the Hw Db part of the input DSA
TRACE::2026-02-05.18:21:10::SCWMssOS::Doing hw sync for the mss in domain: zynq_fsbl
TRACE::2026-02-05.18:21:10::SCWPlatform::Trying to open the hw design at C:/Users/cihem/CPRE-488-Labs/Mp-0_New/Nes/design_1_wrapper/hw/design_1_wrapper.xsa
TRACE::2026-02-05.18:21:10::SCWPlatform::DSA given C:/Users/cihem/CPRE-488-Labs/Mp-0_New/Nes/design_1_wrapper/hw/design_1_wrapper.xsa
TRACE::2026-02-05.18:21:10::SCWPlatform::DSA absoulate path C:/Users/cihem/CPRE-488-Labs/Mp-0_New/Nes/design_1_wrapper/hw/design_1_wrapper.xsa
TRACE::2026-02-05.18:21:10::SCWPlatform::DSA directory C:/Users/cihem/CPRE-488-Labs/Mp-0_New/Nes/design_1_wrapper/hw
TRACE::2026-02-05.18:21:10::SCWPlatform:: Platform Path C:/Users/cihem/CPRE-488-Labs/Mp-0_New/Nes/design_1_wrapper/hw/design_1_wrapper.xsa
TRACE::2026-02-05.18:21:10::SCWPlatform:: Unique name xilinx:zed::0.0
TRACE::2026-02-05.18:21:10::SCWPlatform::Trying to set the existing hwdb with name design_1_wrapper_2
TRACE::2026-02-05.18:21:10::SCWPlatform::Opened existing hwdb design_1_wrapper_2
TRACE::2026-02-05.18:21:10::SCWPlatform::Found the Hw Db part of the input DSA
TRACE::2026-02-05.18:21:10::SCWPlatform::Trying to open the hw design at C:/Users/cihem/CPRE-488-Labs/Mp-0_New/Nes/design_1_wrapper/hw/design_1_wrapper.xsa
TRACE::2026-02-05.18:21:10::SCWPlatform::DSA given C:/Users/cihem/CPRE-488-Labs/Mp-0_New/Nes/design_1_wrapper/hw/design_1_wrapper.xsa
TRACE::2026-02-05.18:21:10::SCWPlatform::DSA absoulate path C:/Users/cihem/CPRE-488-Labs/Mp-0_New/Nes/design_1_wrapper/hw/design_1_wrapper.xsa
TRACE::2026-02-05.18:21:10::SCWPlatform::DSA directory C:/Users/cihem/CPRE-488-Labs/Mp-0_New/Nes/design_1_wrapper/hw
TRACE::2026-02-05.18:21:10::SCWPlatform:: Platform Path C:/Users/cihem/CPRE-488-Labs/Mp-0_New/Nes/design_1_wrapper/hw/design_1_wrapper.xsa
TRACE::2026-02-05.18:21:10::SCWPlatform:: Unique name xilinx:zed::0.0
TRACE::2026-02-05.18:21:10::SCWPlatform::Trying to set the existing hwdb with name design_1_wrapper_2
TRACE::2026-02-05.18:21:10::SCWPlatform::Opened existing hwdb design_1_wrapper_2
TRACE::2026-02-05.18:21:10::SCWPlatform::Found the Hw Db part of the input DSA
TRACE::2026-02-05.18:21:10::SCWMssOS::Checking the sw design at  C:/Users/cihem/CPRE-488-Labs/Mp-0_New/Nes/design_1_wrapper/zynq_fsbl/zynq_fsbl_bsp/system.mss
TRACE::2026-02-05.18:21:10::SCWMssOS::DEBUG:  swdes dump  C:/Users/cihem/CPRE-488-Labs/Mp-0_New/Nes/design_1_wrapper/ps7_cortexa9_0/domain_ps7_cortexa9_0/bsp/system.mss|system_0||
C:/Users/cihem/CPRE-488-Labs/Mp-0_New/Nes/design_1_wrapper/zynq_fsbl/zynq_fsbl_bsp/system.mss|system||

TRACE::2026-02-05.18:21:10::SCWMssOS::Sw design exists and opened at  C:/Users/cihem/CPRE-488-Labs/Mp-0_New/Nes/design_1_wrapper/zynq_fsbl/zynq_fsbl_bsp/system.mss
TRACE::2026-02-05.18:21:10::SCWPlatform::Trying to open the hw design at C:/Users/cihem/CPRE-488-Labs/Mp-0_New/Nes/design_1_wrapper/tempdsa/design_1_wrapper.xsa
TRACE::2026-02-05.18:21:10::SCWPlatform::DSA given C:/Users/cihem/CPRE-488-Labs/Mp-0_New/Nes/design_1_wrapper/tempdsa/design_1_wrapper.xsa
TRACE::2026-02-05.18:21:10::SCWPlatform::DSA absoulate path C:/Users/cihem/CPRE-488-Labs/Mp-0_New/Nes/design_1_wrapper/tempdsa/design_1_wrapper.xsa
TRACE::2026-02-05.18:21:10::SCWPlatform::DSA directory C:/Users/cihem/CPRE-488-Labs/Mp-0_New/Nes/design_1_wrapper/tempdsa
TRACE::2026-02-05.18:21:10::SCWPlatform:: Platform Path C:/Users/cihem/CPRE-488-Labs/Mp-0_New/Nes/design_1_wrapper/tempdsa/design_1_wrapper.xsa
TRACE::2026-02-05.18:21:10::SCWPlatform:: Unique name xilinx:zed::0.0
TRACE::2026-02-05.18:21:10::SCWPlatform::update - Opened existing hwdb design_1_wrapper_3
TRACE::2026-02-05.18:21:10::SCWPlatform::Found the Hw Db part of the input DSA
TRACE::2026-02-05.18:21:10::SCWMssOS::Doing hw sync for the mss in domain: domain_ps7_cortexa9_0
TRACE::2026-02-05.18:21:10::SCWPlatform::Trying to open the hw design at C:/Users/cihem/CPRE-488-Labs/Mp-0_New/Nes/design_1_wrapper/hw/design_1_wrapper.xsa
TRACE::2026-02-05.18:21:10::SCWPlatform::DSA given C:/Users/cihem/CPRE-488-Labs/Mp-0_New/Nes/design_1_wrapper/hw/design_1_wrapper.xsa
TRACE::2026-02-05.18:21:10::SCWPlatform::DSA absoulate path C:/Users/cihem/CPRE-488-Labs/Mp-0_New/Nes/design_1_wrapper/hw/design_1_wrapper.xsa
TRACE::2026-02-05.18:21:10::SCWPlatform::DSA directory C:/Users/cihem/CPRE-488-Labs/Mp-0_New/Nes/design_1_wrapper/hw
TRACE::2026-02-05.18:21:10::SCWPlatform:: Platform Path C:/Users/cihem/CPRE-488-Labs/Mp-0_New/Nes/design_1_wrapper/hw/design_1_wrapper.xsa
TRACE::2026-02-05.18:21:10::SCWPlatform:: Unique name xilinx:zed::0.0
TRACE::2026-02-05.18:21:10::SCWPlatform::Trying to set the existing hwdb with name design_1_wrapper_2
TRACE::2026-02-05.18:21:10::SCWPlatform::Opened existing hwdb design_1_wrapper_2
TRACE::2026-02-05.18:21:10::SCWPlatform::Found the Hw Db part of the input DSA
TRACE::2026-02-05.18:21:10::SCWPlatform::Trying to open the hw design at C:/Users/cihem/CPRE-488-Labs/Mp-0_New/Nes/design_1_wrapper/hw/design_1_wrapper.xsa
TRACE::2026-02-05.18:21:10::SCWPlatform::DSA given C:/Users/cihem/CPRE-488-Labs/Mp-0_New/Nes/design_1_wrapper/hw/design_1_wrapper.xsa
TRACE::2026-02-05.18:21:10::SCWPlatform::DSA absoulate path C:/Users/cihem/CPRE-488-Labs/Mp-0_New/Nes/design_1_wrapper/hw/design_1_wrapper.xsa
TRACE::2026-02-05.18:21:10::SCWPlatform::DSA directory C:/Users/cihem/CPRE-488-Labs/Mp-0_New/Nes/design_1_wrapper/hw
TRACE::2026-02-05.18:21:10::SCWPlatform:: Platform Path C:/Users/cihem/CPRE-488-Labs/Mp-0_New/Nes/design_1_wrapper/hw/design_1_wrapper.xsa
TRACE::2026-02-05.18:21:10::SCWPlatform:: Unique name xilinx:zed::0.0
TRACE::2026-02-05.18:21:10::SCWPlatform::Trying to set the existing hwdb with name design_1_wrapper_2
TRACE::2026-02-05.18:21:10::SCWPlatform::Opened existing hwdb design_1_wrapper_2
TRACE::2026-02-05.18:21:10::SCWPlatform::Found the Hw Db part of the input DSA
TRACE::2026-02-05.18:21:10::SCWMssOS::Checking the sw design at  C:/Users/cihem/CPRE-488-Labs/Mp-0_New/Nes/design_1_wrapper/ps7_cortexa9_0/domain_ps7_cortexa9_0/bsp/system.mss
TRACE::2026-02-05.18:21:10::SCWMssOS::DEBUG:  swdes dump  C:/Users/cihem/CPRE-488-Labs/Mp-0_New/Nes/design_1_wrapper/ps7_cortexa9_0/domain_ps7_cortexa9_0/bsp/system.mss|system_0||
C:/Users/cihem/CPRE-488-Labs/Mp-0_New/Nes/design_1_wrapper/zynq_fsbl/zynq_fsbl_bsp/system.mss|system||

TRACE::2026-02-05.18:21:10::SCWMssOS::Sw design exists and opened at  C:/Users/cihem/CPRE-488-Labs/Mp-0_New/Nes/design_1_wrapper/ps7_cortexa9_0/domain_ps7_cortexa9_0/bsp/system.mss
TRACE::2026-02-05.18:21:10::SCWPlatform::Trying to open the hw design at C:/Users/cihem/CPRE-488-Labs/Mp-0_New/Nes/design_1_wrapper/tempdsa/design_1_wrapper.xsa
TRACE::2026-02-05.18:21:10::SCWPlatform::DSA given C:/Users/cihem/CPRE-488-Labs/Mp-0_New/Nes/design_1_wrapper/tempdsa/design_1_wrapper.xsa
TRACE::2026-02-05.18:21:10::SCWPlatform::DSA absoulate path C:/Users/cihem/CPRE-488-Labs/Mp-0_New/Nes/design_1_wrapper/tempdsa/design_1_wrapper.xsa
TRACE::2026-02-05.18:21:10::SCWPlatform::DSA directory C:/Users/cihem/CPRE-488-Labs/Mp-0_New/Nes/design_1_wrapper/tempdsa
TRACE::2026-02-05.18:21:10::SCWPlatform:: Platform Path C:/Users/cihem/CPRE-488-Labs/Mp-0_New/Nes/design_1_wrapper/tempdsa/design_1_wrapper.xsa
TRACE::2026-02-05.18:21:10::SCWPlatform:: Unique name xilinx:zed::0.0
TRACE::2026-02-05.18:21:10::SCWPlatform::update - Opened existing hwdb design_1_wrapper_3
TRACE::2026-02-05.18:21:10::SCWPlatform::Found the Hw Db part of the input DSA
TRACE::2026-02-05.18:21:10::SCWMssOS::Saving the mss changes C:/Users/cihem/CPRE-488-Labs/Mp-0_New/Nes/design_1_wrapper/zynq_fsbl/zynq_fsbl_bsp/system.mss
TRACE::2026-02-05.18:21:10::SCWMssOS::Found a swdesign opened with the mssfile.
TRACE::2026-02-05.18:21:10::SCWMssOS::Completed writemss as part of save.
TRACE::2026-02-05.18:21:10::SCWMssOS::Commit changes completed.
TRACE::2026-02-05.18:21:10::SCWMssOS::Completed hw sync for the mss in domain: zynq_fsbl
TRACE::2026-02-05.18:21:10::SCWMssOS::Removing the swdes entry for  C:/Users/cihem/CPRE-488-Labs/Mp-0_New/Nes/design_1_wrapper/zynq_fsbl/zynq_fsbl_bsp/system.mss
TRACE::2026-02-05.18:21:10::SCWMssOS::Saving the mss changes C:/Users/cihem/CPRE-488-Labs/Mp-0_New/Nes/design_1_wrapper/ps7_cortexa9_0/domain_ps7_cortexa9_0/bsp/system.mss
TRACE::2026-02-05.18:21:10::SCWMssOS::Found a swdesign opened with the mssfile.
TRACE::2026-02-05.18:21:10::SCWMssOS::Completed writemss as part of save.
TRACE::2026-02-05.18:21:10::SCWMssOS::Commit changes completed.
TRACE::2026-02-05.18:21:10::SCWMssOS::Completed hw sync for the mss in domain: domain_ps7_cortexa9_0
TRACE::2026-02-05.18:21:10::SCWMssOS::Removing the swdes entry for  C:/Users/cihem/CPRE-488-Labs/Mp-0_New/Nes/design_1_wrapper/ps7_cortexa9_0/domain_ps7_cortexa9_0/bsp/system.mss
TRACE::2026-02-05.18:21:10::SCWPlatform::Trying to open the hw design at C:/Users/cihem/CPRE-488-Labs/Mp-0_New/Nes/design_1_wrapper/hw/design_1_wrapper.xsa
TRACE::2026-02-05.18:21:10::SCWPlatform::DSA given C:/Users/cihem/CPRE-488-Labs/Mp-0_New/Nes/design_1_wrapper/hw/design_1_wrapper.xsa
TRACE::2026-02-05.18:21:10::SCWPlatform::DSA absoulate path C:/Users/cihem/CPRE-488-Labs/Mp-0_New/Nes/design_1_wrapper/hw/design_1_wrapper.xsa
TRACE::2026-02-05.18:21:10::SCWPlatform::DSA directory C:/Users/cihem/CPRE-488-Labs/Mp-0_New/Nes/design_1_wrapper/hw
TRACE::2026-02-05.18:21:10::SCWPlatform:: Platform Path C:/Users/cihem/CPRE-488-Labs/Mp-0_New/Nes/design_1_wrapper/hw/design_1_wrapper.xsa
TRACE::2026-02-05.18:21:10::SCWPlatform:: Unique name xilinx:zed::0.0
TRACE::2026-02-05.18:21:10::SCWPlatform::Do not have an existing db opened. 
TRACE::2026-02-05.18:21:11::SCWPlatform::Opened new HwDB with name design_1_wrapper_4
TRACE::2026-02-05.18:21:11::SCWPlatform::Trying to open the hw design at C:/Users/cihem/CPRE-488-Labs/Mp-0_New/Nes/design_1_wrapper/hw/design_1_wrapper.xsa
TRACE::2026-02-05.18:21:11::SCWPlatform::DSA given C:/Users/cihem/CPRE-488-Labs/Mp-0_New/Nes/design_1_wrapper/hw/design_1_wrapper.xsa
TRACE::2026-02-05.18:21:11::SCWPlatform::DSA absoulate path C:/Users/cihem/CPRE-488-Labs/Mp-0_New/Nes/design_1_wrapper/hw/design_1_wrapper.xsa
TRACE::2026-02-05.18:21:11::SCWPlatform::DSA directory C:/Users/cihem/CPRE-488-Labs/Mp-0_New/Nes/design_1_wrapper/hw
TRACE::2026-02-05.18:21:11::SCWPlatform:: Platform Path C:/Users/cihem/CPRE-488-Labs/Mp-0_New/Nes/design_1_wrapper/hw/design_1_wrapper.xsa
TRACE::2026-02-05.18:21:11::SCWPlatform:: Unique name xilinx:zed::0.0
TRACE::2026-02-05.18:21:11::SCWPlatform::Trying to set the existing hwdb with name design_1_wrapper_4
TRACE::2026-02-05.18:21:11::SCWPlatform::Opened existing hwdb design_1_wrapper_4
TRACE::2026-02-05.18:21:11::SCWPlatform::Found the Hw Db part of the input DSA
TRACE::2026-02-05.18:21:11::SCWMssOS::Checking the sw design at  C:/Users/cihem/CPRE-488-Labs/Mp-0_New/Nes/design_1_wrapper/zynq_fsbl/zynq_fsbl_bsp/system.mss
TRACE::2026-02-05.18:21:11::SCWMssOS::DEBUG:  swdes dump  
TRACE::2026-02-05.18:21:11::SCWMssOS::No sw design opened at  C:/Users/cihem/CPRE-488-Labs/Mp-0_New/Nes/design_1_wrapper/zynq_fsbl/zynq_fsbl_bsp/system.mss
TRACE::2026-02-05.18:21:11::SCWMssOS::mss exists loading the mss file  C:/Users/cihem/CPRE-488-Labs/Mp-0_New/Nes/design_1_wrapper/zynq_fsbl/zynq_fsbl_bsp/system.mss
TRACE::2026-02-05.18:21:11::SCWMssOS::Opened the sw design from mss  C:/Users/cihem/CPRE-488-Labs/Mp-0_New/Nes/design_1_wrapper/zynq_fsbl/zynq_fsbl_bsp/system.mss
TRACE::2026-02-05.18:21:11::SCWMssOS::Adding the swdes entry C:/Users/cihem/CPRE-488-Labs/Mp-0_New/Nes/design_1_wrapper/zynq_fsbl/zynq_fsbl_bsp/system.mss with des name system
TRACE::2026-02-05.18:21:11::SCWMssOS::updating the scw layer about changes
TRACE::2026-02-05.18:21:12::SCWMssOS::Opened the sw design.  C:/Users/cihem/CPRE-488-Labs/Mp-0_New/Nes/design_1_wrapper/zynq_fsbl/zynq_fsbl_bsp/system.mss
TRACE::2026-02-05.18:21:12::SCWMssOS::Saving the mss changes C:/Users/cihem/CPRE-488-Labs/Mp-0_New/Nes/design_1_wrapper/zynq_fsbl/zynq_fsbl_bsp/system.mss
TRACE::2026-02-05.18:21:12::SCWMssOS::Found a swdesign opened with the mssfile.
TRACE::2026-02-05.18:21:12::SCWMssOS::Completed writemss as part of save.
TRACE::2026-02-05.18:21:12::SCWMssOS::Commit changes completed.
TRACE::2026-02-05.18:21:12::SCWMssOS::Saving the mss changes C:/Users/cihem/CPRE-488-Labs/Mp-0_New/Nes/design_1_wrapper/ps7_cortexa9_0/domain_ps7_cortexa9_0/bsp/system.mss
TRACE::2026-02-05.18:21:12::SCWMssOS::Adding the swdes entry, mss present, able to open swdb C:/Users/cihem/CPRE-488-Labs/Mp-0_New/Nes/design_1_wrapper/ps7_cortexa9_0/domain_ps7_cortexa9_0/bsp/system.mss with des name system_0
TRACE::2026-02-05.18:21:12::SCWMssOS::Writing the mss file completed C:/Users/cihem/CPRE-488-Labs/Mp-0_New/Nes/design_1_wrapper/ps7_cortexa9_0/domain_ps7_cortexa9_0/bsp/system.mss
TRACE::2026-02-05.18:21:12::SCWMssOS::Commit changes completed.
TRACE::2026-02-05.18:21:12::SCWPlatform::Trying to open the hw design at C:/Users/cihem/CPRE-488-Labs/Mp-0_New/Nes/design_1_wrapper/hw/design_1_wrapper.xsa
TRACE::2026-02-05.18:21:12::SCWPlatform::DSA given C:/Users/cihem/CPRE-488-Labs/Mp-0_New/Nes/design_1_wrapper/hw/design_1_wrapper.xsa
TRACE::2026-02-05.18:21:12::SCWPlatform::DSA absoulate path C:/Users/cihem/CPRE-488-Labs/Mp-0_New/Nes/design_1_wrapper/hw/design_1_wrapper.xsa
TRACE::2026-02-05.18:21:12::SCWPlatform::DSA directory C:/Users/cihem/CPRE-488-Labs/Mp-0_New/Nes/design_1_wrapper/hw
TRACE::2026-02-05.18:21:12::SCWPlatform:: Platform Path C:/Users/cihem/CPRE-488-Labs/Mp-0_New/Nes/design_1_wrapper/hw/design_1_wrapper.xsa
TRACE::2026-02-05.18:21:12::SCWPlatform:: Unique name xilinx:zed::0.0
TRACE::2026-02-05.18:21:12::SCWPlatform::Trying to set the existing hwdb with name design_1_wrapper_4
TRACE::2026-02-05.18:21:12::SCWPlatform::Opened existing hwdb design_1_wrapper_4
TRACE::2026-02-05.18:21:12::SCWPlatform::Found the Hw Db part of the input DSA
TRACE::2026-02-05.18:21:12::SCWMssOS::Checking the sw design at  C:/Users/cihem/CPRE-488-Labs/Mp-0_New/Nes/design_1_wrapper/zynq_fsbl/zynq_fsbl_bsp/system.mss
TRACE::2026-02-05.18:21:12::SCWMssOS::DEBUG:  swdes dump  C:/Users/cihem/CPRE-488-Labs/Mp-0_New/Nes/design_1_wrapper/ps7_cortexa9_0/domain_ps7_cortexa9_0/bsp/system.mss|system_0||
C:/Users/cihem/CPRE-488-Labs/Mp-0_New/Nes/design_1_wrapper/zynq_fsbl/zynq_fsbl_bsp/system.mss|system||

TRACE::2026-02-05.18:21:12::SCWMssOS::Sw design exists and opened at  C:/Users/cihem/CPRE-488-Labs/Mp-0_New/Nes/design_1_wrapper/zynq_fsbl/zynq_fsbl_bsp/system.mss
TRACE::2026-02-05.18:21:12::SCWPlatform::Trying to open the hw design at C:/Users/cihem/CPRE-488-Labs/Mp-0_New/Nes/design_1_wrapper/hw/design_1_wrapper.xsa
TRACE::2026-02-05.18:21:12::SCWPlatform::DSA given C:/Users/cihem/CPRE-488-Labs/Mp-0_New/Nes/design_1_wrapper/hw/design_1_wrapper.xsa
TRACE::2026-02-05.18:21:12::SCWPlatform::DSA absoulate path C:/Users/cihem/CPRE-488-Labs/Mp-0_New/Nes/design_1_wrapper/hw/design_1_wrapper.xsa
TRACE::2026-02-05.18:21:12::SCWPlatform::DSA directory C:/Users/cihem/CPRE-488-Labs/Mp-0_New/Nes/design_1_wrapper/hw
TRACE::2026-02-05.18:21:12::SCWPlatform:: Platform Path C:/Users/cihem/CPRE-488-Labs/Mp-0_New/Nes/design_1_wrapper/hw/design_1_wrapper.xsa
TRACE::2026-02-05.18:21:12::SCWPlatform:: Unique name xilinx:zed::0.0
TRACE::2026-02-05.18:21:12::SCWPlatform::Trying to set the existing hwdb with name design_1_wrapper_4
TRACE::2026-02-05.18:21:12::SCWPlatform::Opened existing hwdb design_1_wrapper_4
TRACE::2026-02-05.18:21:12::SCWPlatform::Found the Hw Db part of the input DSA
TRACE::2026-02-05.18:21:12::SCWMssOS::Checking the sw design at  C:/Users/cihem/CPRE-488-Labs/Mp-0_New/Nes/design_1_wrapper/ps7_cortexa9_0/domain_ps7_cortexa9_0/bsp/system.mss
TRACE::2026-02-05.18:21:12::SCWMssOS::DEBUG:  swdes dump  C:/Users/cihem/CPRE-488-Labs/Mp-0_New/Nes/design_1_wrapper/ps7_cortexa9_0/domain_ps7_cortexa9_0/bsp/system.mss|system_0||
C:/Users/cihem/CPRE-488-Labs/Mp-0_New/Nes/design_1_wrapper/zynq_fsbl/zynq_fsbl_bsp/system.mss|system||

TRACE::2026-02-05.18:21:12::SCWMssOS::Sw design exists and opened at  C:/Users/cihem/CPRE-488-Labs/Mp-0_New/Nes/design_1_wrapper/ps7_cortexa9_0/domain_ps7_cortexa9_0/bsp/system.mss
TRACE::2026-02-05.18:21:12::SCWWriter::formatted JSON is {
	"platformName":	"design_1_wrapper",
	"sprVersion":	"2.0",
	"mode":	"gui",
	"dsaType":	"Fixed",
	"platformDesc":	"design_1_wrapper",
	"platHandOff":	"C:/Users/cihem/CPRE-488-Labs/Mp-0_New/TheNextBigThing/design_1_wrapper.xsa",
	"platIntHandOff":	"<platformDir>/hw/design_1_wrapper.xsa",
	"deviceType":	"zynq",
	"platIsPrebuiltAutogen":	"false",
	"platIsNoBootBsp":	"false",
	"hasFsblMakeHasChanges":	"false",
	"hasPmufwMakeHasChanges":	"false",
	"fsblExtraCompilerFlags":	"-MMD -MP       -mcpu=cortex-a9 -mfpu=vfpv3 -mfloat-abi=hard ",
	"platPreBuiltFlag":	false,
	"platformSamplesDir":	"",
	"platActiveSys":	"design_1_wrapper",
	"systems":	[{
			"systemName":	"design_1_wrapper",
			"systemDesc":	"design_1_wrapper",
			"sysIsBootAutoGen":	"true",
			"systemDispName":	"design_1_wrapper",
			"sysActiveDom":	"domain_ps7_cortexa9_0",
			"sysDefaultDom":	"domain_ps7_cortexa9_0",
			"domains":	[{
					"domainName":	"zynq_fsbl",
					"domainDispName":	"zynq_fsbl",
					"domainDesc":	"FSBL Application BSP - Auto Generated.",
					"processors":	"ps7_cortexa9_0",
					"os":	"standalone",
					"sdxOs":	"standalone",
					"debugEnable":	"",
					"domRuntimes":	["cpp"],
					"swRepo":	"",
					"mssOsVer":	"7.2",
					"mssFile":	"",
					"md5Digest":	"6a16c01a2dc85916823989659d34a150",
					"compatibleApp":	"zynq_fsbl",
					"domType":	"bootDomain",
					"arch":	"32-bit",
					"appSettings":	{
						"appCompilerFlags":	"",
						"appLinkerFlags":	""
					},
					"addedLibs":	["xilffs:4.3", "xilrsa:1.6"],
					"libOptions":	{
						"libsContainingOptions":	[]
					},
					"prebuiltLibs":	{
						"prebuiltIncPath":	[],
						"prebuiltLibPath":	[]
					},
					"isolation":	{
					}
				}, {
					"domainName":	"domain_ps7_cortexa9_0",
					"domainDispName":	"domain_ps7_cortexa9_0",
					"domainDesc":	"domain_ps7_cortexa9_0",
					"processors":	"ps7_cortexa9_0",
					"os":	"standalone",
					"sdxOs":	"standalone",
					"qemuArgs":	"C:/Xilinx/Vitis/2020.1/data/emulation/platforms/zynq/qemu/qemu_args.txt",
					"qemuData":	"C:/Xilinx/Vitis/2020.1/data/emulation/platforms/zynq/qemu/",
					"debugEnable":	"False",
					"domRuntimes":	["cpp"],
					"swRepo":	"",
					"mssOsVer":	"7.2",
					"mssFile":	"",
					"md5Digest":	"e7eb7ecd472555f72b367dd978989e0a",
					"compatibleApp":	"",
					"domType":	"mssDomain",
					"arch":	"32-bit",
					"appSettings":	{
						"appCompilerFlags":	"",
						"appLinkerFlags":	""
					},
					"addedLibs":	[],
					"libOptions":	{
						"libsContainingOptions":	[]
					},
					"prebuiltLibs":	{
						"prebuiltIncPath":	[],
						"prebuiltLibPath":	[]
					},
					"isolation":	{
					}
				}]
		}]
}
LOG::2026-02-05.18:21:18::SCWPlatform::Started generating the artifacts platform design_1_wrapper
TRACE::2026-02-05.18:21:18::SCWPlatform::Sanity checking of platform is completed
LOG::2026-02-05.18:21:18::SCWPlatform::Started generating the artifacts for system configuration design_1_wrapper
LOG::2026-02-05.18:21:18::SCWSystem::Checking the domain zynq_fsbl
LOG::2026-02-05.18:21:18::SCWSystem::Doing application build for :  zynq_fsbl
TRACE::2026-02-05.18:21:18::SCWBDomain::Not a forced makefile updation, No changes are present. 
TRACE::2026-02-05.18:21:18::SCWDomain::Skipping the build for domain :  zynq_fsbl
LOG::2026-02-05.18:21:18::SCWSystem::Checking the domain domain_ps7_cortexa9_0
LOG::2026-02-05.18:21:18::SCWSystem::Not a boot domain 
LOG::2026-02-05.18:21:18::SCWSystem::Started Processing the domain domain_ps7_cortexa9_0
TRACE::2026-02-05.18:21:18::SCWDomain::Generating domain artifcats
TRACE::2026-02-05.18:21:18::SCWMssOS::Generating standalone artifcats
TRACE::2026-02-05.18:21:18::SCWMssOS::Copying the qemu file from  C:/Xilinx/Vitis/2020.1/data/emulation/platforms/zynq/qemu/qemu_args.txt To C:/Users/cihem/CPRE-488-Labs/Mp-0_New/Nes/design_1_wrapper/export/design_1_wrapper/sw/design_1_wrapper/qemu/
TRACE::2026-02-05.18:21:18::SCWMssOS::Copying the qemu file from  C:/Xilinx/Vitis/2020.1/data/emulation/platforms/zynq/qemu/qemu_args.txt To C:/Users/cihem/CPRE-488-Labs/Mp-0_New/Nes/design_1_wrapper/export/design_1_wrapper/sw/design_1_wrapper/domain_ps7_cortexa9_0/qemu/
TRACE::2026-02-05.18:21:18::SCWMssOS:: Copying the user libraries. 
TRACE::2026-02-05.18:21:18::SCWPlatform::Trying to open the hw design at C:/Users/cihem/CPRE-488-Labs/Mp-0_New/Nes/design_1_wrapper/hw/design_1_wrapper.xsa
TRACE::2026-02-05.18:21:18::SCWPlatform::DSA given C:/Users/cihem/CPRE-488-Labs/Mp-0_New/Nes/design_1_wrapper/hw/design_1_wrapper.xsa
TRACE::2026-02-05.18:21:18::SCWPlatform::DSA absoulate path C:/Users/cihem/CPRE-488-Labs/Mp-0_New/Nes/design_1_wrapper/hw/design_1_wrapper.xsa
TRACE::2026-02-05.18:21:18::SCWPlatform::DSA directory C:/Users/cihem/CPRE-488-Labs/Mp-0_New/Nes/design_1_wrapper/hw
TRACE::2026-02-05.18:21:18::SCWPlatform:: Platform Path C:/Users/cihem/CPRE-488-Labs/Mp-0_New/Nes/design_1_wrapper/hw/design_1_wrapper.xsa
TRACE::2026-02-05.18:21:18::SCWPlatform:: Unique name xilinx:zed::0.0
TRACE::2026-02-05.18:21:18::SCWPlatform::Trying to set the existing hwdb with name design_1_wrapper_4
TRACE::2026-02-05.18:21:18::SCWPlatform::Opened existing hwdb design_1_wrapper_4
TRACE::2026-02-05.18:21:18::SCWPlatform::Found the Hw Db part of the input DSA
TRACE::2026-02-05.18:21:18::SCWMssOS::Checking the sw design at  C:/Users/cihem/CPRE-488-Labs/Mp-0_New/Nes/design_1_wrapper/ps7_cortexa9_0/domain_ps7_cortexa9_0/bsp/system.mss
TRACE::2026-02-05.18:21:18::SCWMssOS::DEBUG:  swdes dump  C:/Users/cihem/CPRE-488-Labs/Mp-0_New/Nes/design_1_wrapper/ps7_cortexa9_0/domain_ps7_cortexa9_0/bsp/system.mss|system_0||
C:/Users/cihem/CPRE-488-Labs/Mp-0_New/Nes/design_1_wrapper/zynq_fsbl/zynq_fsbl_bsp/system.mss|system||

TRACE::2026-02-05.18:21:18::SCWMssOS::Sw design exists and opened at  C:/Users/cihem/CPRE-488-Labs/Mp-0_New/Nes/design_1_wrapper/ps7_cortexa9_0/domain_ps7_cortexa9_0/bsp/system.mss
TRACE::2026-02-05.18:21:18::SCWMssOS::Completed writing the mss file at C:/Users/cihem/CPRE-488-Labs/Mp-0_New/Nes/design_1_wrapper/ps7_cortexa9_0/domain_ps7_cortexa9_0/bsp
TRACE::2026-02-05.18:21:18::SCWMssOS::Mss edits present, copying mssfile into export location C:/Users/cihem/CPRE-488-Labs/Mp-0_New/Nes/design_1_wrapper/ps7_cortexa9_0/domain_ps7_cortexa9_0/bsp/system.mss
TRACE::2026-02-05.18:21:18::SCWMssOS::bsp generated is stale removing and regenerating. 
TRACE::2026-02-05.18:21:18::SCWMssOS::doing bsp build ... 
TRACE::2026-02-05.18:21:18::SCWMssOS::System Command Ran  C: & cd  C:/Users/cihem/CPRE-488-Labs/Mp-0_New/Nes/design_1_wrapper/ps7_cortexa9_0/domain_ps7_cortexa9_0/bsp & make 
TRACE::2026-02-05.18:21:18::SCWMssOS::"Running Make include in ps7_cortexa9_0/libsrc/axivdma_v6_7/src"

TRACE::2026-02-05.18:21:18::SCWMssOS::make -C ps7_cortexa9_0/libsrc/axivdma_v6_7/src -s include  "SHELL=CMD" "COMPILER=arm-none-eabi-gcc" "ASSEMBLER=arm-none-eabi-as
TRACE::2026-02-05.18:21:18::SCWMssOS::" "ARCHIVER=arm-none-eabi-ar" "COMPILER_FLAGS=  -O2 -c" "EXTRA_COMPILER_FLAGS=-mcpu=cortex-a9 -mfpu=vfpv3 -mfloat-abi=hard -nos
TRACE::2026-02-05.18:21:18::SCWMssOS::tartfiles -g -Wall -Wextra"

TRACE::2026-02-05.18:21:19::SCWMssOS::"Running Make include in ps7_cortexa9_0/libsrc/coresightps_dcc_v1_7/src"

TRACE::2026-02-05.18:21:19::SCWMssOS::make -C ps7_cortexa9_0/libsrc/coresightps_dcc_v1_7/src -s include  "SHELL=CMD" "COMPILER=arm-none-eabi-gcc" "ASSEMBLER=arm-none
TRACE::2026-02-05.18:21:19::SCWMssOS::-eabi-as" "ARCHIVER=arm-none-eabi-ar" "COMPILER_FLAGS=  -O2 -c" "EXTRA_COMPILER_FLAGS=-mcpu=cortex-a9 -mfpu=vfpv3 -mfloat-abi=h
TRACE::2026-02-05.18:21:19::SCWMssOS::ard -nostartfiles -g -Wall -Wextra"

TRACE::2026-02-05.18:21:19::SCWMssOS::"Running Make include in ps7_cortexa9_0/libsrc/cpu_cortexa9_v2_9/src"

TRACE::2026-02-05.18:21:19::SCWMssOS::make -C ps7_cortexa9_0/libsrc/cpu_cortexa9_v2_9/src -s include  "SHELL=CMD" "COMPILER=arm-none-eabi-gcc" "ASSEMBLER=arm-none-ea
TRACE::2026-02-05.18:21:19::SCWMssOS::bi-as" "ARCHIVER=arm-none-eabi-ar" "COMPILER_FLAGS=  -O2 -c" "EXTRA_COMPILER_FLAGS=-mcpu=cortex-a9 -mfpu=vfpv3 -mfloat-abi=hard
TRACE::2026-02-05.18:21:19::SCWMssOS:: -nostartfiles -g -Wall -Wextra"

TRACE::2026-02-05.18:21:19::SCWMssOS::"Running Make include in ps7_cortexa9_0/libsrc/ddrps_v1_1/src"

TRACE::2026-02-05.18:21:19::SCWMssOS::make -C ps7_cortexa9_0/libsrc/ddrps_v1_1/src -s include  "SHELL=CMD" "COMPILER=arm-none-eabi-gcc" "ASSEMBLER=arm-none-eabi-as" 
TRACE::2026-02-05.18:21:19::SCWMssOS::"ARCHIVER=arm-none-eabi-ar" "COMPILER_FLAGS=  -O2 -c" "EXTRA_COMPILER_FLAGS=-mcpu=cortex-a9 -mfpu=vfpv3 -mfloat-abi=hard -nosta
TRACE::2026-02-05.18:21:19::SCWMssOS::rtfiles -g -Wall -Wextra"

TRACE::2026-02-05.18:21:19::SCWMssOS::"Running Make include in ps7_cortexa9_0/libsrc/devcfg_v3_6/src"

TRACE::2026-02-05.18:21:19::SCWMssOS::make -C ps7_cortexa9_0/libsrc/devcfg_v3_6/src -s include  "SHELL=CMD" "COMPILER=arm-none-eabi-gcc" "ASSEMBLER=arm-none-eabi-as"
TRACE::2026-02-05.18:21:19::SCWMssOS:: "ARCHIVER=arm-none-eabi-ar" "COMPILER_FLAGS=  -O2 -c" "EXTRA_COMPILER_FLAGS=-mcpu=cortex-a9 -mfpu=vfpv3 -mfloat-abi=hard -nost
TRACE::2026-02-05.18:21:19::SCWMssOS::artfiles -g -Wall -Wextra"

TRACE::2026-02-05.18:21:19::SCWMssOS::"Running Make include in ps7_cortexa9_0/libsrc/dmaps_v2_6/src"

TRACE::2026-02-05.18:21:19::SCWMssOS::make -C ps7_cortexa9_0/libsrc/dmaps_v2_6/src -s include  "SHELL=CMD" "COMPILER=arm-none-eabi-gcc" "ASSEMBLER=arm-none-eabi-as" 
TRACE::2026-02-05.18:21:19::SCWMssOS::"ARCHIVER=arm-none-eabi-ar" "COMPILER_FLAGS=  -O2 -c" "EXTRA_COMPILER_FLAGS=-mcpu=cortex-a9 -mfpu=vfpv3 -mfloat-abi=hard -nosta
TRACE::2026-02-05.18:21:19::SCWMssOS::rtfiles -g -Wall -Wextra"

TRACE::2026-02-05.18:21:19::SCWMssOS::"Running Make include in ps7_cortexa9_0/libsrc/emacps_v3_11/src"

TRACE::2026-02-05.18:21:19::SCWMssOS::make -C ps7_cortexa9_0/libsrc/emacps_v3_11/src -s include  "SHELL=CMD" "COMPILER=arm-none-eabi-gcc" "ASSEMBLER=arm-none-eabi-as
TRACE::2026-02-05.18:21:19::SCWMssOS::" "ARCHIVER=arm-none-eabi-ar" "COMPILER_FLAGS=  -O2 -c" "EXTRA_COMPILER_FLAGS=-mcpu=cortex-a9 -mfpu=vfpv3 -mfloat-abi=hard -nos
TRACE::2026-02-05.18:21:19::SCWMssOS::tartfiles -g -Wall -Wextra"

TRACE::2026-02-05.18:21:19::SCWMssOS::"Running Make include in ps7_cortexa9_0/libsrc/gpiops_v3_7/src"

TRACE::2026-02-05.18:21:19::SCWMssOS::make -C ps7_cortexa9_0/libsrc/gpiops_v3_7/src -s include  "SHELL=CMD" "COMPILER=arm-none-eabi-gcc" "ASSEMBLER=arm-none-eabi-as"
TRACE::2026-02-05.18:21:19::SCWMssOS:: "ARCHIVER=arm-none-eabi-ar" "COMPILER_FLAGS=  -O2 -c" "EXTRA_COMPILER_FLAGS=-mcpu=cortex-a9 -mfpu=vfpv3 -mfloat-abi=hard -nost
TRACE::2026-02-05.18:21:19::SCWMssOS::artfiles -g -Wall -Wextra"

TRACE::2026-02-05.18:21:19::SCWMssOS::"Running Make include in ps7_cortexa9_0/libsrc/gpio_v4_6/src"

TRACE::2026-02-05.18:21:19::SCWMssOS::make -C ps7_cortexa9_0/libsrc/gpio_v4_6/src -s include  "SHELL=CMD" "COMPILER=arm-none-eabi-gcc" "ASSEMBLER=arm-none-eabi-as" "
TRACE::2026-02-05.18:21:19::SCWMssOS::ARCHIVER=arm-none-eabi-ar" "COMPILER_FLAGS=  -O2 -c" "EXTRA_COMPILER_FLAGS=-mcpu=cortex-a9 -mfpu=vfpv3 -mfloat-abi=hard -nostar
TRACE::2026-02-05.18:21:19::SCWMssOS::tfiles -g -Wall -Wextra"

TRACE::2026-02-05.18:21:19::SCWMssOS::"Running Make include in ps7_cortexa9_0/libsrc/qspips_v3_7/src"

TRACE::2026-02-05.18:21:19::SCWMssOS::make -C ps7_cortexa9_0/libsrc/qspips_v3_7/src -s include  "SHELL=CMD" "COMPILER=arm-none-eabi-gcc" "ASSEMBLER=arm-none-eabi-as"
TRACE::2026-02-05.18:21:19::SCWMssOS:: "ARCHIVER=arm-none-eabi-ar" "COMPILER_FLAGS=  -O2 -c" "EXTRA_COMPILER_FLAGS=-mcpu=cortex-a9 -mfpu=vfpv3 -mfloat-abi=hard -nost
TRACE::2026-02-05.18:21:19::SCWMssOS::artfiles -g -Wall -Wextra"

TRACE::2026-02-05.18:21:19::SCWMssOS::"Running Make include in ps7_cortexa9_0/libsrc/scugic_v4_2/src"

TRACE::2026-02-05.18:21:19::SCWMssOS::make -C ps7_cortexa9_0/libsrc/scugic_v4_2/src -s include  "SHELL=CMD" "COMPILER=arm-none-eabi-gcc" "ASSEMBLER=arm-none-eabi-as"
TRACE::2026-02-05.18:21:19::SCWMssOS:: "ARCHIVER=arm-none-eabi-ar" "COMPILER_FLAGS=  -O2 -c" "EXTRA_COMPILER_FLAGS=-mcpu=cortex-a9 -mfpu=vfpv3 -mfloat-abi=hard -nost
TRACE::2026-02-05.18:21:19::SCWMssOS::artfiles -g -Wall -Wextra"

TRACE::2026-02-05.18:21:19::SCWMssOS::"Running Make include in ps7_cortexa9_0/libsrc/scutimer_v2_2/src"

TRACE::2026-02-05.18:21:19::SCWMssOS::make -C ps7_cortexa9_0/libsrc/scutimer_v2_2/src -s include  "SHELL=CMD" "COMPILER=arm-none-eabi-gcc" "ASSEMBLER=arm-none-eabi-a
TRACE::2026-02-05.18:21:19::SCWMssOS::s" "ARCHIVER=arm-none-eabi-ar" "COMPILER_FLAGS=  -O2 -c" "EXTRA_COMPILER_FLAGS=-mcpu=cortex-a9 -mfpu=vfpv3 -mfloat-abi=hard -no
TRACE::2026-02-05.18:21:19::SCWMssOS::startfiles -g -Wall -Wextra"

TRACE::2026-02-05.18:21:20::SCWMssOS::"Running Make include in ps7_cortexa9_0/libsrc/scuwdt_v2_2/src"

TRACE::2026-02-05.18:21:20::SCWMssOS::make -C ps7_cortexa9_0/libsrc/scuwdt_v2_2/src -s include  "SHELL=CMD" "COMPILER=arm-none-eabi-gcc" "ASSEMBLER=arm-none-eabi-as"
TRACE::2026-02-05.18:21:20::SCWMssOS:: "ARCHIVER=arm-none-eabi-ar" "COMPILER_FLAGS=  -O2 -c" "EXTRA_COMPILER_FLAGS=-mcpu=cortex-a9 -mfpu=vfpv3 -mfloat-abi=hard -nost
TRACE::2026-02-05.18:21:20::SCWMssOS::artfiles -g -Wall -Wextra"

TRACE::2026-02-05.18:21:20::SCWMssOS::"Running Make include in ps7_cortexa9_0/libsrc/sdps_v3_9/src"

TRACE::2026-02-05.18:21:20::SCWMssOS::make -C ps7_cortexa9_0/libsrc/sdps_v3_9/src -s include  "SHELL=CMD" "COMPILER=arm-none-eabi-gcc" "ASSEMBLER=arm-none-eabi-as" "
TRACE::2026-02-05.18:21:20::SCWMssOS::ARCHIVER=arm-none-eabi-ar" "COMPILER_FLAGS=  -O2 -c" "EXTRA_COMPILER_FLAGS=-mcpu=cortex-a9 -mfpu=vfpv3 -mfloat-abi=hard -nostar
TRACE::2026-02-05.18:21:20::SCWMssOS::tfiles -g -Wall -Wextra"

TRACE::2026-02-05.18:21:20::SCWMssOS::"Running Make include in ps7_cortexa9_0/libsrc/standalone_v7_2/src"

TRACE::2026-02-05.18:21:20::SCWMssOS::make -C ps7_cortexa9_0/libsrc/standalone_v7_2/src -s include  "SHELL=CMD" "COMPILER=arm-none-eabi-gcc" "ASSEMBLER=arm-none-eabi
TRACE::2026-02-05.18:21:20::SCWMssOS::-as" "ARCHIVER=arm-none-eabi-ar" "COMPILER_FLAGS=  -O2 -c" "EXTRA_COMPILER_FLAGS=-mcpu=cortex-a9 -mfpu=vfpv3 -mfloat-abi=hard -
TRACE::2026-02-05.18:21:20::SCWMssOS::nostartfiles -g -Wall -Wextra"

TRACE::2026-02-05.18:21:20::SCWMssOS::"Running Make include in ps7_cortexa9_0/libsrc/ttcps_v3_11/src"

TRACE::2026-02-05.18:21:20::SCWMssOS::make -C ps7_cortexa9_0/libsrc/ttcps_v3_11/src -s include  "SHELL=CMD" "COMPILER=arm-none-eabi-gcc" "ASSEMBLER=arm-none-eabi-as"
TRACE::2026-02-05.18:21:20::SCWMssOS:: "ARCHIVER=arm-none-eabi-ar" "COMPILER_FLAGS=  -O2 -c" "EXTRA_COMPILER_FLAGS=-mcpu=cortex-a9 -mfpu=vfpv3 -mfloat-abi=hard -nost
TRACE::2026-02-05.18:21:20::SCWMssOS::artfiles -g -Wall -Wextra"

TRACE::2026-02-05.18:21:20::SCWMssOS::"Running Make include in ps7_cortexa9_0/libsrc/uartps_v3_9/src"

TRACE::2026-02-05.18:21:20::SCWMssOS::make -C ps7_cortexa9_0/libsrc/uartps_v3_9/src -s include  "SHELL=CMD" "COMPILER=arm-none-eabi-gcc" "ASSEMBLER=arm-none-eabi-as"
TRACE::2026-02-05.18:21:20::SCWMssOS:: "ARCHIVER=arm-none-eabi-ar" "COMPILER_FLAGS=  -O2 -c" "EXTRA_COMPILER_FLAGS=-mcpu=cortex-a9 -mfpu=vfpv3 -mfloat-abi=hard -nost
TRACE::2026-02-05.18:21:20::SCWMssOS::artfiles -g -Wall -Wextra"

TRACE::2026-02-05.18:21:20::SCWMssOS::"Running Make include in ps7_cortexa9_0/libsrc/usbps_v2_5/src"

TRACE::2026-02-05.18:21:20::SCWMssOS::make -C ps7_cortexa9_0/libsrc/usbps_v2_5/src -s include  "SHELL=CMD" "COMPILER=arm-none-eabi-gcc" "ASSEMBLER=arm-none-eabi-as" 
TRACE::2026-02-05.18:21:20::SCWMssOS::"ARCHIVER=arm-none-eabi-ar" "COMPILER_FLAGS=  -O2 -c" "EXTRA_COMPILER_FLAGS=-mcpu=cortex-a9 -mfpu=vfpv3 -mfloat-abi=hard -nosta
TRACE::2026-02-05.18:21:20::SCWMssOS::rtfiles -g -Wall -Wextra"

TRACE::2026-02-05.18:21:20::SCWMssOS::"Running Make include in ps7_cortexa9_0/libsrc/vtc_v8_2/src"

TRACE::2026-02-05.18:21:20::SCWMssOS::make -C ps7_cortexa9_0/libsrc/vtc_v8_2/src -s include  "SHELL=CMD" "COMPILER=arm-none-eabi-gcc" "ASSEMBLER=arm-none-eabi-as" "A
TRACE::2026-02-05.18:21:20::SCWMssOS::RCHIVER=arm-none-eabi-ar" "COMPILER_FLAGS=  -O2 -c" "EXTRA_COMPILER_FLAGS=-mcpu=cortex-a9 -mfpu=vfpv3 -mfloat-abi=hard -nostart
TRACE::2026-02-05.18:21:20::SCWMssOS::files -g -Wall -Wextra"

TRACE::2026-02-05.18:21:20::SCWMssOS::"Running Make include in ps7_cortexa9_0/libsrc/xadcps_v2_4/src"

TRACE::2026-02-05.18:21:20::SCWMssOS::make -C ps7_cortexa9_0/libsrc/xadcps_v2_4/src -s include  "SHELL=CMD" "COMPILER=arm-none-eabi-gcc" "ASSEMBLER=arm-none-eabi-as"
TRACE::2026-02-05.18:21:20::SCWMssOS:: "ARCHIVER=arm-none-eabi-ar" "COMPILER_FLAGS=  -O2 -c" "EXTRA_COMPILER_FLAGS=-mcpu=cortex-a9 -mfpu=vfpv3 -mfloat-abi=hard -nost
TRACE::2026-02-05.18:21:20::SCWMssOS::artfiles -g -Wall -Wextra"

TRACE::2026-02-05.18:21:20::SCWMssOS::"Running Make libs in ps7_cortexa9_0/libsrc/axivdma_v6_7/src"

TRACE::2026-02-05.18:21:20::SCWMssOS::make -C ps7_cortexa9_0/libsrc/axivdma_v6_7/src -s libs  "SHELL=CMD" "COMPILER=arm-none-eabi-gcc" "ASSEMBLER=arm-none-eabi-as" "
TRACE::2026-02-05.18:21:20::SCWMssOS::ARCHIVER=arm-none-eabi-ar" "COMPILER_FLAGS=  -O2 -c" "EXTRA_COMPILER_FLAGS=-mcpu=cortex-a9 -mfpu=vfpv3 -mfloat-abi=hard -nostar
TRACE::2026-02-05.18:21:20::SCWMssOS::tfiles -g -Wall -Wextra"

TRACE::2026-02-05.18:21:21::SCWMssOS::"Compiling axivdma"

TRACE::2026-02-05.18:21:21::SCWMssOS::"Running Make libs in ps7_cortexa9_0/libsrc/coresightps_dcc_v1_7/src"

TRACE::2026-02-05.18:21:21::SCWMssOS::make -C ps7_cortexa9_0/libsrc/coresightps_dcc_v1_7/src -s libs  "SHELL=CMD" "COMPILER=arm-none-eabi-gcc" "ASSEMBLER=arm-none-ea
TRACE::2026-02-05.18:21:21::SCWMssOS::bi-as" "ARCHIVER=arm-none-eabi-ar" "COMPILER_FLAGS=  -O2 -c" "EXTRA_COMPILER_FLAGS=-mcpu=cortex-a9 -mfpu=vfpv3 -mfloat-abi=hard
TRACE::2026-02-05.18:21:21::SCWMssOS:: -nostartfiles -g -Wall -Wextra"

TRACE::2026-02-05.18:21:21::SCWMssOS::"Compiling coresightps_dcc"

TRACE::2026-02-05.18:21:21::SCWMssOS::"Running Make libs in ps7_cortexa9_0/libsrc/cpu_cortexa9_v2_9/src"

TRACE::2026-02-05.18:21:21::SCWMssOS::make -C ps7_cortexa9_0/libsrc/cpu_cortexa9_v2_9/src -s libs  "SHELL=CMD" "COMPILER=arm-none-eabi-gcc" "ASSEMBLER=arm-none-eabi-
TRACE::2026-02-05.18:21:21::SCWMssOS::as" "ARCHIVER=arm-none-eabi-ar" "COMPILER_FLAGS=  -O2 -c" "EXTRA_COMPILER_FLAGS=-mcpu=cortex-a9 -mfpu=vfpv3 -mfloat-abi=hard -n
TRACE::2026-02-05.18:21:21::SCWMssOS::ostartfiles -g -Wall -Wextra"

TRACE::2026-02-05.18:21:21::SCWMssOS::"Compiling cpu_cortexa9"

TRACE::2026-02-05.18:21:21::SCWMssOS::"Running Make libs in ps7_cortexa9_0/libsrc/ddrps_v1_1/src"

TRACE::2026-02-05.18:21:21::SCWMssOS::make -C ps7_cortexa9_0/libsrc/ddrps_v1_1/src -s libs  "SHELL=CMD" "COMPILER=arm-none-eabi-gcc" "ASSEMBLER=arm-none-eabi-as" "AR
TRACE::2026-02-05.18:21:21::SCWMssOS::CHIVER=arm-none-eabi-ar" "COMPILER_FLAGS=  -O2 -c" "EXTRA_COMPILER_FLAGS=-mcpu=cortex-a9 -mfpu=vfpv3 -mfloat-abi=hard -nostartf
TRACE::2026-02-05.18:21:21::SCWMssOS::iles -g -Wall -Wextra"

TRACE::2026-02-05.18:21:22::SCWMssOS::"Compiling ddrps"

TRACE::2026-02-05.18:21:22::SCWMssOS::"Running Make libs in ps7_cortexa9_0/libsrc/devcfg_v3_6/src"

TRACE::2026-02-05.18:21:22::SCWMssOS::make -C ps7_cortexa9_0/libsrc/devcfg_v3_6/src -s libs  "SHELL=CMD" "COMPILER=arm-none-eabi-gcc" "ASSEMBLER=arm-none-eabi-as" "A
TRACE::2026-02-05.18:21:22::SCWMssOS::RCHIVER=arm-none-eabi-ar" "COMPILER_FLAGS=  -O2 -c" "EXTRA_COMPILER_FLAGS=-mcpu=cortex-a9 -mfpu=vfpv3 -mfloat-abi=hard -nostart
TRACE::2026-02-05.18:21:22::SCWMssOS::files -g -Wall -Wextra"

TRACE::2026-02-05.18:21:22::SCWMssOS::"Compiling devcfg"

TRACE::2026-02-05.18:21:22::SCWMssOS::"Running Make libs in ps7_cortexa9_0/libsrc/dmaps_v2_6/src"

TRACE::2026-02-05.18:21:22::SCWMssOS::make -C ps7_cortexa9_0/libsrc/dmaps_v2_6/src -s libs  "SHELL=CMD" "COMPILER=arm-none-eabi-gcc" "ASSEMBLER=arm-none-eabi-as" "AR
TRACE::2026-02-05.18:21:22::SCWMssOS::CHIVER=arm-none-eabi-ar" "COMPILER_FLAGS=  -O2 -c" "EXTRA_COMPILER_FLAGS=-mcpu=cortex-a9 -mfpu=vfpv3 -mfloat-abi=hard -nostartf
TRACE::2026-02-05.18:21:22::SCWMssOS::iles -g -Wall -Wextra"

TRACE::2026-02-05.18:21:22::SCWMssOS::"Compiling dmaps"

TRACE::2026-02-05.18:21:23::SCWMssOS::"Running Make libs in ps7_cortexa9_0/libsrc/emacps_v3_11/src"

TRACE::2026-02-05.18:21:23::SCWMssOS::make -C ps7_cortexa9_0/libsrc/emacps_v3_11/src -s libs  "SHELL=CMD" "COMPILER=arm-none-eabi-gcc" "ASSEMBLER=arm-none-eabi-as" "
TRACE::2026-02-05.18:21:23::SCWMssOS::ARCHIVER=arm-none-eabi-ar" "COMPILER_FLAGS=  -O2 -c" "EXTRA_COMPILER_FLAGS=-mcpu=cortex-a9 -mfpu=vfpv3 -mfloat-abi=hard -nostar
TRACE::2026-02-05.18:21:23::SCWMssOS::tfiles -g -Wall -Wextra"

TRACE::2026-02-05.18:21:23::SCWMssOS::"Compiling emacps"

TRACE::2026-02-05.18:21:24::SCWMssOS::"Running Make libs in ps7_cortexa9_0/libsrc/gpiops_v3_7/src"

TRACE::2026-02-05.18:21:24::SCWMssOS::make -C ps7_cortexa9_0/libsrc/gpiops_v3_7/src -s libs  "SHELL=CMD" "COMPILER=arm-none-eabi-gcc" "ASSEMBLER=arm-none-eabi-as" "A
TRACE::2026-02-05.18:21:24::SCWMssOS::RCHIVER=arm-none-eabi-ar" "COMPILER_FLAGS=  -O2 -c" "EXTRA_COMPILER_FLAGS=-mcpu=cortex-a9 -mfpu=vfpv3 -mfloat-abi=hard -nostart
TRACE::2026-02-05.18:21:24::SCWMssOS::files -g -Wall -Wextra"

TRACE::2026-02-05.18:21:24::SCWMssOS::"Compiling gpiops"

TRACE::2026-02-05.18:21:24::SCWMssOS::"Running Make libs in ps7_cortexa9_0/libsrc/gpio_v4_6/src"

TRACE::2026-02-05.18:21:24::SCWMssOS::make -C ps7_cortexa9_0/libsrc/gpio_v4_6/src -s libs  "SHELL=CMD" "COMPILER=arm-none-eabi-gcc" "ASSEMBLER=arm-none-eabi-as" "ARC
TRACE::2026-02-05.18:21:24::SCWMssOS::HIVER=arm-none-eabi-ar" "COMPILER_FLAGS=  -O2 -c" "EXTRA_COMPILER_FLAGS=-mcpu=cortex-a9 -mfpu=vfpv3 -mfloat-abi=hard -nostartfi
TRACE::2026-02-05.18:21:24::SCWMssOS::les -g -Wall -Wextra"

TRACE::2026-02-05.18:21:24::SCWMssOS::"Compiling gpio"

TRACE::2026-02-05.18:21:25::SCWMssOS::"Running Make libs in ps7_cortexa9_0/libsrc/qspips_v3_7/src"

TRACE::2026-02-05.18:21:25::SCWMssOS::make -C ps7_cortexa9_0/libsrc/qspips_v3_7/src -s libs  "SHELL=CMD" "COMPILER=arm-none-eabi-gcc" "ASSEMBLER=arm-none-eabi-as" "A
TRACE::2026-02-05.18:21:25::SCWMssOS::RCHIVER=arm-none-eabi-ar" "COMPILER_FLAGS=  -O2 -c" "EXTRA_COMPILER_FLAGS=-mcpu=cortex-a9 -mfpu=vfpv3 -mfloat-abi=hard -nostart
TRACE::2026-02-05.18:21:25::SCWMssOS::files -g -Wall -Wextra"

TRACE::2026-02-05.18:21:25::SCWMssOS::"Compiling qspips"

TRACE::2026-02-05.18:21:25::SCWMssOS::"Running Make libs in ps7_cortexa9_0/libsrc/scugic_v4_2/src"

TRACE::2026-02-05.18:21:25::SCWMssOS::make -C ps7_cortexa9_0/libsrc/scugic_v4_2/src -s libs  "SHELL=CMD" "COMPILER=arm-none-eabi-gcc" "ASSEMBLER=arm-none-eabi-as" "A
TRACE::2026-02-05.18:21:25::SCWMssOS::RCHIVER=arm-none-eabi-ar" "COMPILER_FLAGS=  -O2 -c" "EXTRA_COMPILER_FLAGS=-mcpu=cortex-a9 -mfpu=vfpv3 -mfloat-abi=hard -nostart
TRACE::2026-02-05.18:21:25::SCWMssOS::files -g -Wall -Wextra"

TRACE::2026-02-05.18:21:26::SCWMssOS::"Compiling scugic"

TRACE::2026-02-05.18:21:26::SCWMssOS::"Running Make libs in ps7_cortexa9_0/libsrc/scutimer_v2_2/src"

TRACE::2026-02-05.18:21:26::SCWMssOS::make -C ps7_cortexa9_0/libsrc/scutimer_v2_2/src -s libs  "SHELL=CMD" "COMPILER=arm-none-eabi-gcc" "ASSEMBLER=arm-none-eabi-as" 
TRACE::2026-02-05.18:21:26::SCWMssOS::"ARCHIVER=arm-none-eabi-ar" "COMPILER_FLAGS=  -O2 -c" "EXTRA_COMPILER_FLAGS=-mcpu=cortex-a9 -mfpu=vfpv3 -mfloat-abi=hard -nosta
TRACE::2026-02-05.18:21:26::SCWMssOS::rtfiles -g -Wall -Wextra"

TRACE::2026-02-05.18:21:26::SCWMssOS::"Compiling scutimer"

TRACE::2026-02-05.18:21:27::SCWMssOS::"Running Make libs in ps7_cortexa9_0/libsrc/scuwdt_v2_2/src"

TRACE::2026-02-05.18:21:27::SCWMssOS::make -C ps7_cortexa9_0/libsrc/scuwdt_v2_2/src -s libs  "SHELL=CMD" "COMPILER=arm-none-eabi-gcc" "ASSEMBLER=arm-none-eabi-as" "A
TRACE::2026-02-05.18:21:27::SCWMssOS::RCHIVER=arm-none-eabi-ar" "COMPILER_FLAGS=  -O2 -c" "EXTRA_COMPILER_FLAGS=-mcpu=cortex-a9 -mfpu=vfpv3 -mfloat-abi=hard -nostart
TRACE::2026-02-05.18:21:27::SCWMssOS::files -g -Wall -Wextra"

TRACE::2026-02-05.18:21:27::SCWMssOS::"Compiling scuwdt"

TRACE::2026-02-05.18:21:27::SCWMssOS::"Running Make libs in ps7_cortexa9_0/libsrc/sdps_v3_9/src"

TRACE::2026-02-05.18:21:27::SCWMssOS::make -C ps7_cortexa9_0/libsrc/sdps_v3_9/src -s libs  "SHELL=CMD" "COMPILER=arm-none-eabi-gcc" "ASSEMBLER=arm-none-eabi-as" "ARC
TRACE::2026-02-05.18:21:27::SCWMssOS::HIVER=arm-none-eabi-ar" "COMPILER_FLAGS=  -O2 -c" "EXTRA_COMPILER_FLAGS=-mcpu=cortex-a9 -mfpu=vfpv3 -mfloat-abi=hard -nostartfi
TRACE::2026-02-05.18:21:27::SCWMssOS::les -g -Wall -Wextra"

TRACE::2026-02-05.18:21:27::SCWMssOS::"Compiling sdps"

TRACE::2026-02-05.18:21:28::SCWMssOS::"Running Make libs in ps7_cortexa9_0/libsrc/standalone_v7_2/src"

TRACE::2026-02-05.18:21:28::SCWMssOS::make -C ps7_cortexa9_0/libsrc/standalone_v7_2/src -s libs  "SHELL=CMD" "COMPILER=arm-none-eabi-gcc" "ASSEMBLER=arm-none-eabi-as
TRACE::2026-02-05.18:21:28::SCWMssOS::" "ARCHIVER=arm-none-eabi-ar" "COMPILER_FLAGS=  -O2 -c" "EXTRA_COMPILER_FLAGS=-mcpu=cortex-a9 -mfpu=vfpv3 -mfloat-abi=hard -nos
TRACE::2026-02-05.18:21:28::SCWMssOS::tartfiles -g -Wall -Wextra"

TRACE::2026-02-05.18:21:28::SCWMssOS::"Compiling standalone"

TRACE::2026-02-05.18:21:30::SCWMssOS::"Running Make libs in ps7_cortexa9_0/libsrc/ttcps_v3_11/src"

TRACE::2026-02-05.18:21:30::SCWMssOS::make -C ps7_cortexa9_0/libsrc/ttcps_v3_11/src -s libs  "SHELL=CMD" "COMPILER=arm-none-eabi-gcc" "ASSEMBLER=arm-none-eabi-as" "A
TRACE::2026-02-05.18:21:30::SCWMssOS::RCHIVER=arm-none-eabi-ar" "COMPILER_FLAGS=  -O2 -c" "EXTRA_COMPILER_FLAGS=-mcpu=cortex-a9 -mfpu=vfpv3 -mfloat-abi=hard -nostart
TRACE::2026-02-05.18:21:30::SCWMssOS::files -g -Wall -Wextra"

TRACE::2026-02-05.18:21:30::SCWMssOS::"Compiling ttcps"

TRACE::2026-02-05.18:21:31::SCWMssOS::"Running Make libs in ps7_cortexa9_0/libsrc/uartps_v3_9/src"

TRACE::2026-02-05.18:21:31::SCWMssOS::make -C ps7_cortexa9_0/libsrc/uartps_v3_9/src -s libs  "SHELL=CMD" "COMPILER=arm-none-eabi-gcc" "ASSEMBLER=arm-none-eabi-as" "A
TRACE::2026-02-05.18:21:31::SCWMssOS::RCHIVER=arm-none-eabi-ar" "COMPILER_FLAGS=  -O2 -c" "EXTRA_COMPILER_FLAGS=-mcpu=cortex-a9 -mfpu=vfpv3 -mfloat-abi=hard -nostart
TRACE::2026-02-05.18:21:31::SCWMssOS::files -g -Wall -Wextra"

TRACE::2026-02-05.18:21:31::SCWMssOS::"Compiling uartps"

TRACE::2026-02-05.18:21:31::SCWMssOS::"Running Make libs in ps7_cortexa9_0/libsrc/usbps_v2_5/src"

TRACE::2026-02-05.18:21:31::SCWMssOS::make -C ps7_cortexa9_0/libsrc/usbps_v2_5/src -s libs  "SHELL=CMD" "COMPILER=arm-none-eabi-gcc" "ASSEMBLER=arm-none-eabi-as" "AR
TRACE::2026-02-05.18:21:31::SCWMssOS::CHIVER=arm-none-eabi-ar" "COMPILER_FLAGS=  -O2 -c" "EXTRA_COMPILER_FLAGS=-mcpu=cortex-a9 -mfpu=vfpv3 -mfloat-abi=hard -nostartf
TRACE::2026-02-05.18:21:31::SCWMssOS::iles -g -Wall -Wextra"

TRACE::2026-02-05.18:21:31::SCWMssOS::"Compiling usbps"

TRACE::2026-02-05.18:21:32::SCWMssOS::"Running Make libs in ps7_cortexa9_0/libsrc/vtc_v8_2/src"

TRACE::2026-02-05.18:21:32::SCWMssOS::make -C ps7_cortexa9_0/libsrc/vtc_v8_2/src -s libs  "SHELL=CMD" "COMPILER=arm-none-eabi-gcc" "ASSEMBLER=arm-none-eabi-as" "ARCH
TRACE::2026-02-05.18:21:32::SCWMssOS::IVER=arm-none-eabi-ar" "COMPILER_FLAGS=  -O2 -c" "EXTRA_COMPILER_FLAGS=-mcpu=cortex-a9 -mfpu=vfpv3 -mfloat-abi=hard -nostartfil
TRACE::2026-02-05.18:21:32::SCWMssOS::es -g -Wall -Wextra"

TRACE::2026-02-05.18:21:32::SCWMssOS::"Compiling video timing controller"

TRACE::2026-02-05.18:21:33::SCWMssOS::"Running Make libs in ps7_cortexa9_0/libsrc/xadcps_v2_4/src"

TRACE::2026-02-05.18:21:33::SCWMssOS::make -C ps7_cortexa9_0/libsrc/xadcps_v2_4/src -s libs  "SHELL=CMD" "COMPILER=arm-none-eabi-gcc" "ASSEMBLER=arm-none-eabi-as" "A
TRACE::2026-02-05.18:21:33::SCWMssOS::RCHIVER=arm-none-eabi-ar" "COMPILER_FLAGS=  -O2 -c" "EXTRA_COMPILER_FLAGS=-mcpu=cortex-a9 -mfpu=vfpv3 -mfloat-abi=hard -nostart
TRACE::2026-02-05.18:21:33::SCWMssOS::files -g -Wall -Wextra"

TRACE::2026-02-05.18:21:33::SCWMssOS::"Compiling xadcps"

TRACE::2026-02-05.18:21:33::SCWMssOS::'Finished building libraries'

TRACE::2026-02-05.18:21:33::SCWMssOS:: Checking if to create the Supporting Applications
TRACE::2026-02-05.18:21:33::SCWMssOS:: No Linux domain exists, trying to generate FSBL 
LOG::2026-02-05.18:21:33::SCWSystem::Completed Processing the domain domain_ps7_cortexa9_0
LOG::2026-02-05.18:21:33::SCWSystem::Completed Processing the sysconfig design_1_wrapper
LOG::2026-02-05.18:21:33::SCWPlatform::Completed generating the artifacts for system configuration design_1_wrapper
TRACE::2026-02-05.18:21:33::SCWPlatform::Started preparing the platform 
TRACE::2026-02-05.18:21:33::SCWSystem::Writing the bif file for system config design_1_wrapper
TRACE::2026-02-05.18:21:33::SCWSystem::dir created 
TRACE::2026-02-05.18:21:33::SCWSystem::Writing the bif 
TRACE::2026-02-05.18:21:33::SCWPlatform::Started writing the spfm file 
TRACE::2026-02-05.18:21:33::SCWPlatform::Started writing the xpfm file 
TRACE::2026-02-05.18:21:33::SCWPlatform::Completed generating the platform
TRACE::2026-02-05.18:21:33::SCWMssOS::Saving the mss changes C:/Users/cihem/CPRE-488-Labs/Mp-0_New/Nes/design_1_wrapper/zynq_fsbl/zynq_fsbl_bsp/system.mss
TRACE::2026-02-05.18:21:33::SCWMssOS::Found a swdesign opened with the mssfile.
TRACE::2026-02-05.18:21:33::SCWMssOS::Completed writemss as part of save.
TRACE::2026-02-05.18:21:33::SCWMssOS::Commit changes completed.
TRACE::2026-02-05.18:21:33::SCWMssOS::Saving the mss changes C:/Users/cihem/CPRE-488-Labs/Mp-0_New/Nes/design_1_wrapper/ps7_cortexa9_0/domain_ps7_cortexa9_0/bsp/system.mss
TRACE::2026-02-05.18:21:33::SCWMssOS::Found a swdesign opened with the mssfile.
TRACE::2026-02-05.18:21:33::SCWMssOS::Running validate of swdbs.
KEYINFO::2026-02-05.18:21:33::SCWMssOS::Could not open the swdb for system_0
KEYINFO::2026-02-05.18:21:33::SCWMssOS::Could not open the sw design at  system_0
ERROR: [Hsi 55-1558] Software Design system_0 is not found

TRACE::2026-02-05.18:21:33::SCWMssOS::Cleared the swdb table entry
TRACE::2026-02-05.18:21:33::SCWMssOS::Adding the swdes entry, mss present, able to open swdb C:/Users/cihem/CPRE-488-Labs/Mp-0_New/Nes/design_1_wrapper/ps7_cortexa9_0/domain_ps7_cortexa9_0/bsp/system.mss with des name system_0
TRACE::2026-02-05.18:21:33::SCWMssOS::Writing the mss file completed C:/Users/cihem/CPRE-488-Labs/Mp-0_New/Nes/design_1_wrapper/ps7_cortexa9_0/domain_ps7_cortexa9_0/bsp/system.mss
TRACE::2026-02-05.18:21:33::SCWMssOS::Commit changes completed.
TRACE::2026-02-05.18:21:33::SCWPlatform::Trying to open the hw design at C:/Users/cihem/CPRE-488-Labs/Mp-0_New/Nes/design_1_wrapper/hw/design_1_wrapper.xsa
TRACE::2026-02-05.18:21:33::SCWPlatform::DSA given C:/Users/cihem/CPRE-488-Labs/Mp-0_New/Nes/design_1_wrapper/hw/design_1_wrapper.xsa
TRACE::2026-02-05.18:21:33::SCWPlatform::DSA absoulate path C:/Users/cihem/CPRE-488-Labs/Mp-0_New/Nes/design_1_wrapper/hw/design_1_wrapper.xsa
TRACE::2026-02-05.18:21:33::SCWPlatform::DSA directory C:/Users/cihem/CPRE-488-Labs/Mp-0_New/Nes/design_1_wrapper/hw
TRACE::2026-02-05.18:21:33::SCWPlatform:: Platform Path C:/Users/cihem/CPRE-488-Labs/Mp-0_New/Nes/design_1_wrapper/hw/design_1_wrapper.xsa
TRACE::2026-02-05.18:21:33::SCWPlatform:: Unique name xilinx:zed::0.0
TRACE::2026-02-05.18:21:33::SCWPlatform::Trying to set the existing hwdb with name design_1_wrapper_4
TRACE::2026-02-05.18:21:33::SCWPlatform::Opened existing hwdb design_1_wrapper_4
TRACE::2026-02-05.18:21:33::SCWPlatform::Found the Hw Db part of the input DSA
TRACE::2026-02-05.18:21:33::SCWMssOS::Checking the sw design at  C:/Users/cihem/CPRE-488-Labs/Mp-0_New/Nes/design_1_wrapper/zynq_fsbl/zynq_fsbl_bsp/system.mss
TRACE::2026-02-05.18:21:33::SCWMssOS::DEBUG:  swdes dump  C:/Users/cihem/CPRE-488-Labs/Mp-0_New/Nes/design_1_wrapper/ps7_cortexa9_0/domain_ps7_cortexa9_0/bsp/system.mss|system_0||
C:/Users/cihem/CPRE-488-Labs/Mp-0_New/Nes/design_1_wrapper/zynq_fsbl/zynq_fsbl_bsp/system.mss|system||

TRACE::2026-02-05.18:21:33::SCWMssOS::Sw design exists and opened at  C:/Users/cihem/CPRE-488-Labs/Mp-0_New/Nes/design_1_wrapper/zynq_fsbl/zynq_fsbl_bsp/system.mss
TRACE::2026-02-05.18:21:33::SCWPlatform::Trying to open the hw design at C:/Users/cihem/CPRE-488-Labs/Mp-0_New/Nes/design_1_wrapper/hw/design_1_wrapper.xsa
TRACE::2026-02-05.18:21:33::SCWPlatform::DSA given C:/Users/cihem/CPRE-488-Labs/Mp-0_New/Nes/design_1_wrapper/hw/design_1_wrapper.xsa
TRACE::2026-02-05.18:21:33::SCWPlatform::DSA absoulate path C:/Users/cihem/CPRE-488-Labs/Mp-0_New/Nes/design_1_wrapper/hw/design_1_wrapper.xsa
TRACE::2026-02-05.18:21:33::SCWPlatform::DSA directory C:/Users/cihem/CPRE-488-Labs/Mp-0_New/Nes/design_1_wrapper/hw
TRACE::2026-02-05.18:21:33::SCWPlatform:: Platform Path C:/Users/cihem/CPRE-488-Labs/Mp-0_New/Nes/design_1_wrapper/hw/design_1_wrapper.xsa
TRACE::2026-02-05.18:21:33::SCWPlatform:: Unique name xilinx:zed::0.0
TRACE::2026-02-05.18:21:33::SCWPlatform::Trying to set the existing hwdb with name design_1_wrapper_4
TRACE::2026-02-05.18:21:33::SCWPlatform::Opened existing hwdb design_1_wrapper_4
TRACE::2026-02-05.18:21:33::SCWPlatform::Found the Hw Db part of the input DSA
TRACE::2026-02-05.18:21:33::SCWMssOS::Checking the sw design at  C:/Users/cihem/CPRE-488-Labs/Mp-0_New/Nes/design_1_wrapper/ps7_cortexa9_0/domain_ps7_cortexa9_0/bsp/system.mss
TRACE::2026-02-05.18:21:33::SCWMssOS::DEBUG:  swdes dump  C:/Users/cihem/CPRE-488-Labs/Mp-0_New/Nes/design_1_wrapper/ps7_cortexa9_0/domain_ps7_cortexa9_0/bsp/system.mss|system_0||
C:/Users/cihem/CPRE-488-Labs/Mp-0_New/Nes/design_1_wrapper/zynq_fsbl/zynq_fsbl_bsp/system.mss|system||

TRACE::2026-02-05.18:21:33::SCWMssOS::Sw design exists and opened at  C:/Users/cihem/CPRE-488-Labs/Mp-0_New/Nes/design_1_wrapper/ps7_cortexa9_0/domain_ps7_cortexa9_0/bsp/system.mss
TRACE::2026-02-05.18:21:33::SCWWriter::formatted JSON is {
	"platformName":	"design_1_wrapper",
	"sprVersion":	"2.0",
	"mode":	"gui",
	"dsaType":	"Fixed",
	"platformDesc":	"design_1_wrapper",
	"platHandOff":	"C:/Users/cihem/CPRE-488-Labs/Mp-0_New/TheNextBigThing/design_1_wrapper.xsa",
	"platIntHandOff":	"<platformDir>/hw/design_1_wrapper.xsa",
	"deviceType":	"zynq",
	"platIsPrebuiltAutogen":	"false",
	"platIsNoBootBsp":	"false",
	"hasFsblMakeHasChanges":	"false",
	"hasPmufwMakeHasChanges":	"false",
	"fsblExtraCompilerFlags":	"-MMD -MP       -mcpu=cortex-a9 -mfpu=vfpv3 -mfloat-abi=hard ",
	"platPreBuiltFlag":	false,
	"platformSamplesDir":	"",
	"platActiveSys":	"design_1_wrapper",
	"systems":	[{
			"systemName":	"design_1_wrapper",
			"systemDesc":	"design_1_wrapper",
			"sysIsBootAutoGen":	"true",
			"systemDispName":	"design_1_wrapper",
			"sysActiveDom":	"domain_ps7_cortexa9_0",
			"sysDefaultDom":	"domain_ps7_cortexa9_0",
			"domains":	[{
					"domainName":	"zynq_fsbl",
					"domainDispName":	"zynq_fsbl",
					"domainDesc":	"FSBL Application BSP - Auto Generated.",
					"processors":	"ps7_cortexa9_0",
					"os":	"standalone",
					"sdxOs":	"standalone",
					"debugEnable":	"",
					"domRuntimes":	["cpp"],
					"swRepo":	"",
					"mssOsVer":	"7.2",
					"mssFile":	"",
					"md5Digest":	"6a16c01a2dc85916823989659d34a150",
					"compatibleApp":	"zynq_fsbl",
					"domType":	"bootDomain",
					"arch":	"32-bit",
					"appSettings":	{
						"appCompilerFlags":	"",
						"appLinkerFlags":	""
					},
					"addedLibs":	["xilffs:4.3", "xilrsa:1.6"],
					"libOptions":	{
						"libsContainingOptions":	[]
					},
					"prebuiltLibs":	{
						"prebuiltIncPath":	[],
						"prebuiltLibPath":	[]
					},
					"isolation":	{
					}
				}, {
					"domainName":	"domain_ps7_cortexa9_0",
					"domainDispName":	"domain_ps7_cortexa9_0",
					"domainDesc":	"domain_ps7_cortexa9_0",
					"processors":	"ps7_cortexa9_0",
					"os":	"standalone",
					"sdxOs":	"standalone",
					"qemuArgs":	"C:/Xilinx/Vitis/2020.1/data/emulation/platforms/zynq/qemu/qemu_args.txt",
					"qemuData":	"C:/Xilinx/Vitis/2020.1/data/emulation/platforms/zynq/qemu/",
					"debugEnable":	"False",
					"domRuntimes":	["cpp"],
					"swRepo":	"",
					"mssOsVer":	"7.2",
					"mssFile":	"",
					"md5Digest":	"57e147cea50bbb2b95ef272cb3642426",
					"compatibleApp":	"",
					"domType":	"mssDomain",
					"arch":	"32-bit",
					"appSettings":	{
						"appCompilerFlags":	"",
						"appLinkerFlags":	""
					},
					"addedLibs":	[],
					"libOptions":	{
						"libsContainingOptions":	[]
					},
					"prebuiltLibs":	{
						"prebuiltIncPath":	[],
						"prebuiltLibPath":	[]
					},
					"isolation":	{
					}
				}]
		}]
}
KEYINFO::2026-02-05.18:21:33::SCWPlatform::updated the xpfm file.
TRACE::2026-02-05.18:21:33::SCWPlatform::Trying to open the hw design at C:/Users/cihem/CPRE-488-Labs/Mp-0_New/Nes/design_1_wrapper/hw/design_1_wrapper.xsa
TRACE::2026-02-05.18:21:33::SCWPlatform::DSA given C:/Users/cihem/CPRE-488-Labs/Mp-0_New/Nes/design_1_wrapper/hw/design_1_wrapper.xsa
TRACE::2026-02-05.18:21:33::SCWPlatform::DSA absoulate path C:/Users/cihem/CPRE-488-Labs/Mp-0_New/Nes/design_1_wrapper/hw/design_1_wrapper.xsa
TRACE::2026-02-05.18:21:33::SCWPlatform::DSA directory C:/Users/cihem/CPRE-488-Labs/Mp-0_New/Nes/design_1_wrapper/hw
TRACE::2026-02-05.18:21:33::SCWPlatform:: Platform Path C:/Users/cihem/CPRE-488-Labs/Mp-0_New/Nes/design_1_wrapper/hw/design_1_wrapper.xsa
TRACE::2026-02-05.18:21:33::SCWPlatform:: Unique name xilinx:zed::0.0
TRACE::2026-02-05.18:21:33::SCWPlatform::Trying to set the existing hwdb with name design_1_wrapper_4
TRACE::2026-02-05.18:21:33::SCWPlatform::Opened existing hwdb design_1_wrapper_4
TRACE::2026-02-05.18:21:33::SCWPlatform::Found the Hw Db part of the input DSA
TRACE::2026-02-05.18:21:33::SCWMssOS::Checking the sw design at  C:/Users/cihem/CPRE-488-Labs/Mp-0_New/Nes/design_1_wrapper/ps7_cortexa9_0/domain_ps7_cortexa9_0/bsp/system.mss
TRACE::2026-02-05.18:21:33::SCWMssOS::DEBUG:  swdes dump  C:/Users/cihem/CPRE-488-Labs/Mp-0_New/Nes/design_1_wrapper/ps7_cortexa9_0/domain_ps7_cortexa9_0/bsp/system.mss|system_0||
C:/Users/cihem/CPRE-488-Labs/Mp-0_New/Nes/design_1_wrapper/zynq_fsbl/zynq_fsbl_bsp/system.mss|system||

TRACE::2026-02-05.18:21:33::SCWMssOS::Sw design exists and opened at  C:/Users/cihem/CPRE-488-Labs/Mp-0_New/Nes/design_1_wrapper/ps7_cortexa9_0/domain_ps7_cortexa9_0/bsp/system.mss
