Copyright 1986-2020 Xilinx, Inc. All Rights Reserved.
---------------------------------------------------------------------------------------------------------------------------------------------------------------------------
| Tool Version : Vivado v.2020.1 (win64) Build 2902540 Wed May 27 19:54:49 MDT 2020
| Date         : Tue Mar  3 17:39:03 2026
| Host         : CO2041-13 running 64-bit major release  (build 9200)
| Command      : report_bus_skew -warn_on_violation -file system_wrapper_bus_skew_routed.rpt -pb system_wrapper_bus_skew_routed.pb -rpx system_wrapper_bus_skew_routed.rpx
| Design       : system_wrapper
| Device       : 7z020-clg484
| Speed File   : -1  PRODUCTION 1.12 2019-11-22
---------------------------------------------------------------------------------------------------------------------------------------------------------------------------

Bus Skew Report

Table of Contents
-----------------
1. Bus Skew Report Summary
2. Bus Skew Report Per Constraint

1. Bus Skew Report Summary
--------------------------

Id  Position  From                            To                              Corner  Requirement(ns)  Actual(ns)  Slack(ns)
--  --------  ------------------------------  ------------------------------  ------  ---------------  ----------  ---------
1   61        [get_cells [list {system_i/mipi_csi2_rx_subsyst_0/U0/rx/inst/gen_pkt_fifo/pkt_fifo/gnuram_async_fifo.xpm_fifo_base_inst/gen_cdc_pntr.rd_pntr_cdc_inst/src_gray_ff_reg[0]} {system_i/mipi_csi2_rx_subsyst_0/U0/rx/inst/gen_pkt_fifo/pkt_fifo/gnuram_async_fifo.xpm_fifo_base_inst/gen_cdc_pntr.rd_pntr_cdc_inst/src_gray_ff_reg[1]} {system_i/mipi_csi2_rx_subsyst_0/U0/rx/inst/gen_pkt_fifo/pkt_fifo/gnuram_async_fifo.xpm_fifo_base_inst/gen_cdc_pntr.rd_pntr_cdc_inst/src_gray_ff_reg[2]} {system_i/mipi_csi2_rx_subsyst_0/U0/rx/inst/gen_pkt_fifo/pkt_fifo/gnuram_async_fifo.xpm_fifo_base_inst/gen_cdc_pntr.rd_pntr_cdc_inst/src_gray_ff_reg[3]} {system_i/mipi_csi2_rx_subsyst_0/U0/rx/inst/gen_pkt_fifo/pkt_fifo/gnuram_async_fifo.xpm_fifo_base_inst/gen_cdc_pntr.rd_pntr_cdc_inst/src_gray_ff_reg[4]}]]
                                              [get_cells [list {system_i/mipi_csi2_rx_subsyst_0/U0/rx/inst/gen_pkt_fifo/pkt_fifo/gnuram_async_fifo.xpm_fifo_base_inst/gen_cdc_pntr.rd_pntr_cdc_inst/dest_graysync_ff_reg[0][0]} {system_i/mipi_csi2_rx_subsyst_0/U0/rx/inst/gen_pkt_fifo/pkt_fifo/gnuram_async_fifo.xpm_fifo_base_inst/gen_cdc_pntr.rd_pntr_cdc_inst/dest_graysync_ff_reg[0][1]} {system_i/mipi_csi2_rx_subsyst_0/U0/rx/inst/gen_pkt_fifo/pkt_fifo/gnuram_async_fifo.xpm_fifo_base_inst/gen_cdc_pntr.rd_pntr_cdc_inst/dest_graysync_ff_reg[0][2]} {system_i/mipi_csi2_rx_subsyst_0/U0/rx/inst/gen_pkt_fifo/pkt_fifo/gnuram_async_fifo.xpm_fifo_base_inst/gen_cdc_pntr.rd_pntr_cdc_inst/dest_graysync_ff_reg[0][3]} {system_i/mipi_csi2_rx_subsyst_0/U0/rx/inst/gen_pkt_fifo/pkt_fifo/gnuram_async_fifo.xpm_fifo_base_inst/gen_cdc_pntr.rd_pntr_cdc_inst/dest_graysync_ff_reg[0][4]}]]
                                                                              Slow              6.667       1.087      5.580
2   63        [get_cells [list {system_i/mipi_csi2_rx_subsyst_0/U0/rx/inst/AXI_LITE.reg_inf/gen_spkt_fifo/generic_pkt/gnuram_async_fifo.xpm_fifo_base_inst/gen_cdc_pntr.wr_pntr_cdc_inst/src_gray_ff_reg[0]} {system_i/mipi_csi2_rx_subsyst_0/U0/rx/inst/AXI_LITE.reg_inf/gen_spkt_fifo/generic_pkt/gnuram_async_fifo.xpm_fifo_base_inst/gen_cdc_pntr.wr_pntr_cdc_inst/src_gray_ff_reg[1]} {system_i/mipi_csi2_rx_subsyst_0/U0/rx/inst/AXI_LITE.reg_inf/gen_spkt_fifo/generic_pkt/gnuram_async_fifo.xpm_fifo_base_inst/gen_cdc_pntr.wr_pntr_cdc_inst/src_gray_ff_reg[2]} {system_i/mipi_csi2_rx_subsyst_0/U0/rx/inst/AXI_LITE.reg_inf/gen_spkt_fifo/generic_pkt/gnuram_async_fifo.xpm_fifo_base_inst/gen_cdc_pntr.wr_pntr_cdc_inst/src_gray_ff_reg[3]} {system_i/mipi_csi2_rx_subsyst_0/U0/rx/inst/AXI_LITE.reg_inf/gen_spkt_fifo/generic_pkt/gnuram_async_fifo.xpm_fifo_base_inst/gen_cdc_pntr.wr_pntr_cdc_inst/src_gray_ff_reg[4]}]]
                                              [get_cells [list {system_i/mipi_csi2_rx_subsyst_0/U0/rx/inst/AXI_LITE.reg_inf/gen_spkt_fifo/generic_pkt/gnuram_async_fifo.xpm_fifo_base_inst/gen_cdc_pntr.wr_pntr_cdc_inst/dest_graysync_ff_reg[0][0]} {system_i/mipi_csi2_rx_subsyst_0/U0/rx/inst/AXI_LITE.reg_inf/gen_spkt_fifo/generic_pkt/gnuram_async_fifo.xpm_fifo_base_inst/gen_cdc_pntr.wr_pntr_cdc_inst/dest_graysync_ff_reg[0][1]} {system_i/mipi_csi2_rx_subsyst_0/U0/rx/inst/AXI_LITE.reg_inf/gen_spkt_fifo/generic_pkt/gnuram_async_fifo.xpm_fifo_base_inst/gen_cdc_pntr.wr_pntr_cdc_inst/dest_graysync_ff_reg[0][2]} {system_i/mipi_csi2_rx_subsyst_0/U0/rx/inst/AXI_LITE.reg_inf/gen_spkt_fifo/generic_pkt/gnuram_async_fifo.xpm_fifo_base_inst/gen_cdc_pntr.wr_pntr_cdc_inst/dest_graysync_ff_reg[0][3]} {system_i/mipi_csi2_rx_subsyst_0/U0/rx/inst/AXI_LITE.reg_inf/gen_spkt_fifo/generic_pkt/gnuram_async_fifo.xpm_fifo_base_inst/gen_cdc_pntr.wr_pntr_cdc_inst/dest_graysync_ff_reg[0][4]}]]
                                                                              Slow              6.667       0.920      5.747
3   65        [get_cells [list {system_i/mipi_csi2_rx_subsyst_0/U0/rx/inst/AXI_LITE.reg_inf/gen_spkt_fifo/generic_pkt/gnuram_async_fifo.xpm_fifo_base_inst/gen_cdc_pntr.rd_pntr_cdc_inst/src_gray_ff_reg[0]} {system_i/mipi_csi2_rx_subsyst_0/U0/rx/inst/AXI_LITE.reg_inf/gen_spkt_fifo/generic_pkt/gnuram_async_fifo.xpm_fifo_base_inst/gen_cdc_pntr.rd_pntr_cdc_inst/src_gray_ff_reg[1]} {system_i/mipi_csi2_rx_subsyst_0/U0/rx/inst/AXI_LITE.reg_inf/gen_spkt_fifo/generic_pkt/gnuram_async_fifo.xpm_fifo_base_inst/gen_cdc_pntr.rd_pntr_cdc_inst/src_gray_ff_reg[2]} {system_i/mipi_csi2_rx_subsyst_0/U0/rx/inst/AXI_LITE.reg_inf/gen_spkt_fifo/generic_pkt/gnuram_async_fifo.xpm_fifo_base_inst/gen_cdc_pntr.rd_pntr_cdc_inst/src_gray_ff_reg[3]} {system_i/mipi_csi2_rx_subsyst_0/U0/rx/inst/AXI_LITE.reg_inf/gen_spkt_fifo/generic_pkt/gnuram_async_fifo.xpm_fifo_base_inst/gen_cdc_pntr.rd_pntr_cdc_inst/src_gray_ff_reg[4]}]]
                                              [get_cells [list {system_i/mipi_csi2_rx_subsyst_0/U0/rx/inst/AXI_LITE.reg_inf/gen_spkt_fifo/generic_pkt/gnuram_async_fifo.xpm_fifo_base_inst/gen_cdc_pntr.rd_pntr_cdc_inst/dest_graysync_ff_reg[0][0]} {system_i/mipi_csi2_rx_subsyst_0/U0/rx/inst/AXI_LITE.reg_inf/gen_spkt_fifo/generic_pkt/gnuram_async_fifo.xpm_fifo_base_inst/gen_cdc_pntr.rd_pntr_cdc_inst/dest_graysync_ff_reg[0][1]} {system_i/mipi_csi2_rx_subsyst_0/U0/rx/inst/AXI_LITE.reg_inf/gen_spkt_fifo/generic_pkt/gnuram_async_fifo.xpm_fifo_base_inst/gen_cdc_pntr.rd_pntr_cdc_inst/dest_graysync_ff_reg[0][2]} {system_i/mipi_csi2_rx_subsyst_0/U0/rx/inst/AXI_LITE.reg_inf/gen_spkt_fifo/generic_pkt/gnuram_async_fifo.xpm_fifo_base_inst/gen_cdc_pntr.rd_pntr_cdc_inst/dest_graysync_ff_reg[0][3]} {system_i/mipi_csi2_rx_subsyst_0/U0/rx/inst/AXI_LITE.reg_inf/gen_spkt_fifo/generic_pkt/gnuram_async_fifo.xpm_fifo_base_inst/gen_cdc_pntr.rd_pntr_cdc_inst/dest_graysync_ff_reg[0][4]}]]
                                                                              Slow              6.667       1.021      5.646
4   67        [get_cells [list {system_i/mipi_csi2_rx_subsyst_0/U0/rx/inst/gen_pkt_fifo/pkt_fifo/gnuram_async_fifo.xpm_fifo_base_inst/gen_cdc_pntr.wr_pntr_cdc_inst/src_gray_ff_reg[0]} {system_i/mipi_csi2_rx_subsyst_0/U0/rx/inst/gen_pkt_fifo/pkt_fifo/gnuram_async_fifo.xpm_fifo_base_inst/gen_cdc_pntr.wr_pntr_cdc_inst/src_gray_ff_reg[1]} {system_i/mipi_csi2_rx_subsyst_0/U0/rx/inst/gen_pkt_fifo/pkt_fifo/gnuram_async_fifo.xpm_fifo_base_inst/gen_cdc_pntr.wr_pntr_cdc_inst/src_gray_ff_reg[2]} {system_i/mipi_csi2_rx_subsyst_0/U0/rx/inst/gen_pkt_fifo/pkt_fifo/gnuram_async_fifo.xpm_fifo_base_inst/gen_cdc_pntr.wr_pntr_cdc_inst/src_gray_ff_reg[3]} {system_i/mipi_csi2_rx_subsyst_0/U0/rx/inst/gen_pkt_fifo/pkt_fifo/gnuram_async_fifo.xpm_fifo_base_inst/gen_cdc_pntr.wr_pntr_cdc_inst/src_gray_ff_reg[4]}]]
                                              [get_cells [list {system_i/mipi_csi2_rx_subsyst_0/U0/rx/inst/gen_pkt_fifo/pkt_fifo/gnuram_async_fifo.xpm_fifo_base_inst/gen_cdc_pntr.wr_pntr_cdc_inst/dest_graysync_ff_reg[0][0]} {system_i/mipi_csi2_rx_subsyst_0/U0/rx/inst/gen_pkt_fifo/pkt_fifo/gnuram_async_fifo.xpm_fifo_base_inst/gen_cdc_pntr.wr_pntr_cdc_inst/dest_graysync_ff_reg[0][1]} {system_i/mipi_csi2_rx_subsyst_0/U0/rx/inst/gen_pkt_fifo/pkt_fifo/gnuram_async_fifo.xpm_fifo_base_inst/gen_cdc_pntr.wr_pntr_cdc_inst/dest_graysync_ff_reg[0][2]} {system_i/mipi_csi2_rx_subsyst_0/U0/rx/inst/gen_pkt_fifo/pkt_fifo/gnuram_async_fifo.xpm_fifo_base_inst/gen_cdc_pntr.wr_pntr_cdc_inst/dest_graysync_ff_reg[0][3]} {system_i/mipi_csi2_rx_subsyst_0/U0/rx/inst/gen_pkt_fifo/pkt_fifo/gnuram_async_fifo.xpm_fifo_base_inst/gen_cdc_pntr.wr_pntr_cdc_inst/dest_graysync_ff_reg[0][4]}]]
                                                                              Slow              6.667       1.556      5.111
5   77        [get_cells [list {system_i/v_axi4s_vid_out_0/inst/COUPLER_INST/generate_async_fifo.FIFO_INST/XPM_FIFO_ASYNC_INST/gnuram_async_fifo.xpm_fifo_base_inst/gen_cdc_pntr.rd_pntr_cdc_inst/src_gray_ff_reg[0]} \
          {system_i/v_axi4s_vid_out_0/inst/COUPLER_INST/generate_async_fifo.FIFO_INST/XPM_FIFO_ASYNC_INST/gnuram_async_fifo.xpm_fifo_base_inst/gen_cdc_pntr.rd_pntr_cdc_inst/src_gray_ff_reg[10]} \
          {system_i/v_axi4s_vid_out_0/inst/COUPLER_INST/generate_async_fifo.FIFO_INST/XPM_FIFO_ASYNC_INST/gnuram_async_fifo.xpm_fifo_base_inst/gen_cdc_pntr.rd_pntr_cdc_inst/src_gray_ff_reg[11]} \
          {system_i/v_axi4s_vid_out_0/inst/COUPLER_INST/generate_async_fifo.FIFO_INST/XPM_FIFO_ASYNC_INST/gnuram_async_fifo.xpm_fifo_base_inst/gen_cdc_pntr.rd_pntr_cdc_inst/src_gray_ff_reg[1]} \
          {system_i/v_axi4s_vid_out_0/inst/COUPLER_INST/generate_async_fifo.FIFO_INST/XPM_FIFO_ASYNC_INST/gnuram_async_fifo.xpm_fifo_base_inst/gen_cdc_pntr.rd_pntr_cdc_inst/src_gray_ff_reg[2]} \
          {system_i/v_axi4s_vid_out_0/inst/COUPLER_INST/generate_async_fifo.FIFO_INST/XPM_FIFO_ASYNC_INST/gnuram_async_fifo.xpm_fifo_base_inst/gen_cdc_pntr.rd_pntr_cdc_inst/src_gray_ff_reg[3]} \
          {system_i/v_axi4s_vid_out_0/inst/COUPLER_INST/generate_async_fifo.FIFO_INST/XPM_FIFO_ASYNC_INST/gnuram_async_fifo.xpm_fifo_base_inst/gen_cdc_pntr.rd_pntr_cdc_inst/src_gray_ff_reg[4]} \
          {system_i/v_axi4s_vid_out_0/inst/COUPLER_INST/generate_async_fifo.FIFO_INST/XPM_FIFO_ASYNC_INST/gnuram_async_fifo.xpm_fifo_base_inst/gen_cdc_pntr.rd_pntr_cdc_inst/src_gray_ff_reg[5]} \
          {system_i/v_axi4s_vid_out_0/inst/COUPLER_INST/generate_async_fifo.FIFO_INST/XPM_FIFO_ASYNC_INST/gnuram_async_fifo.xpm_fifo_base_inst/gen_cdc_pntr.rd_pntr_cdc_inst/src_gray_ff_reg[6]} \
          {system_i/v_axi4s_vid_out_0/inst/COUPLER_INST/generate_async_fifo.FIFO_INST/XPM_FIFO_ASYNC_INST/gnuram_async_fifo.xpm_fifo_base_inst/gen_cdc_pntr.rd_pntr_cdc_inst/src_gray_ff_reg[7]} \
          {system_i/v_axi4s_vid_out_0/inst/COUPLER_INST/generate_async_fifo.FIFO_INST/XPM_FIFO_ASYNC_INST/gnuram_async_fifo.xpm_fifo_base_inst/gen_cdc_pntr.rd_pntr_cdc_inst/src_gray_ff_reg[8]} \
          {system_i/v_axi4s_vid_out_0/inst/COUPLER_INST/generate_async_fifo.FIFO_INST/XPM_FIFO_ASYNC_INST/gnuram_async_fifo.xpm_fifo_base_inst/gen_cdc_pntr.rd_pntr_cdc_inst/src_gray_ff_reg[9]}]]
                                              [get_cells [list {system_i/v_axi4s_vid_out_0/inst/COUPLER_INST/generate_async_fifo.FIFO_INST/XPM_FIFO_ASYNC_INST/gnuram_async_fifo.xpm_fifo_base_inst/gen_cdc_pntr.rd_pntr_cdc_inst/dest_graysync_ff_reg[0][0]} \
          {system_i/v_axi4s_vid_out_0/inst/COUPLER_INST/generate_async_fifo.FIFO_INST/XPM_FIFO_ASYNC_INST/gnuram_async_fifo.xpm_fifo_base_inst/gen_cdc_pntr.rd_pntr_cdc_inst/dest_graysync_ff_reg[0][10]} \
          {system_i/v_axi4s_vid_out_0/inst/COUPLER_INST/generate_async_fifo.FIFO_INST/XPM_FIFO_ASYNC_INST/gnuram_async_fifo.xpm_fifo_base_inst/gen_cdc_pntr.rd_pntr_cdc_inst/dest_graysync_ff_reg[0][11]} \
          {system_i/v_axi4s_vid_out_0/inst/COUPLER_INST/generate_async_fifo.FIFO_INST/XPM_FIFO_ASYNC_INST/gnuram_async_fifo.xpm_fifo_base_inst/gen_cdc_pntr.rd_pntr_cdc_inst/dest_graysync_ff_reg[0][1]} \
          {system_i/v_axi4s_vid_out_0/inst/COUPLER_INST/generate_async_fifo.FIFO_INST/XPM_FIFO_ASYNC_INST/gnuram_async_fifo.xpm_fifo_base_inst/gen_cdc_pntr.rd_pntr_cdc_inst/dest_graysync_ff_reg[0][2]} \
          {system_i/v_axi4s_vid_out_0/inst/COUPLER_INST/generate_async_fifo.FIFO_INST/XPM_FIFO_ASYNC_INST/gnuram_async_fifo.xpm_fifo_base_inst/gen_cdc_pntr.rd_pntr_cdc_inst/dest_graysync_ff_reg[0][3]} \
          {system_i/v_axi4s_vid_out_0/inst/COUPLER_INST/generate_async_fifo.FIFO_INST/XPM_FIFO_ASYNC_INST/gnuram_async_fifo.xpm_fifo_base_inst/gen_cdc_pntr.rd_pntr_cdc_inst/dest_graysync_ff_reg[0][4]} \
          {system_i/v_axi4s_vid_out_0/inst/COUPLER_INST/generate_async_fifo.FIFO_INST/XPM_FIFO_ASYNC_INST/gnuram_async_fifo.xpm_fifo_base_inst/gen_cdc_pntr.rd_pntr_cdc_inst/dest_graysync_ff_reg[0][5]} \
          {system_i/v_axi4s_vid_out_0/inst/COUPLER_INST/generate_async_fifo.FIFO_INST/XPM_FIFO_ASYNC_INST/gnuram_async_fifo.xpm_fifo_base_inst/gen_cdc_pntr.rd_pntr_cdc_inst/dest_graysync_ff_reg[0][6]} \
          {system_i/v_axi4s_vid_out_0/inst/COUPLER_INST/generate_async_fifo.FIFO_INST/XPM_FIFO_ASYNC_INST/gnuram_async_fifo.xpm_fifo_base_inst/gen_cdc_pntr.rd_pntr_cdc_inst/dest_graysync_ff_reg[0][7]} \
          {system_i/v_axi4s_vid_out_0/inst/COUPLER_INST/generate_async_fifo.FIFO_INST/XPM_FIFO_ASYNC_INST/gnuram_async_fifo.xpm_fifo_base_inst/gen_cdc_pntr.rd_pntr_cdc_inst/dest_graysync_ff_reg[0][8]} \
          {system_i/v_axi4s_vid_out_0/inst/COUPLER_INST/generate_async_fifo.FIFO_INST/XPM_FIFO_ASYNC_INST/gnuram_async_fifo.xpm_fifo_base_inst/gen_cdc_pntr.rd_pntr_cdc_inst/dest_graysync_ff_reg[0][9]}]]
                                                                              Slow              6.667       1.461      5.206
6   79        [get_cells [list {system_i/v_axi4s_vid_out_0/inst/COUPLER_INST/generate_async_fifo.FIFO_INST/XPM_FIFO_ASYNC_INST/gnuram_async_fifo.xpm_fifo_base_inst/gen_cdc_pntr.wr_pntr_cdc_inst/src_gray_ff_reg[0]} \
          {system_i/v_axi4s_vid_out_0/inst/COUPLER_INST/generate_async_fifo.FIFO_INST/XPM_FIFO_ASYNC_INST/gnuram_async_fifo.xpm_fifo_base_inst/gen_cdc_pntr.wr_pntr_cdc_inst/src_gray_ff_reg[10]} \
          {system_i/v_axi4s_vid_out_0/inst/COUPLER_INST/generate_async_fifo.FIFO_INST/XPM_FIFO_ASYNC_INST/gnuram_async_fifo.xpm_fifo_base_inst/gen_cdc_pntr.wr_pntr_cdc_inst/src_gray_ff_reg[11]} \
          {system_i/v_axi4s_vid_out_0/inst/COUPLER_INST/generate_async_fifo.FIFO_INST/XPM_FIFO_ASYNC_INST/gnuram_async_fifo.xpm_fifo_base_inst/gen_cdc_pntr.wr_pntr_cdc_inst/src_gray_ff_reg[1]} \
          {system_i/v_axi4s_vid_out_0/inst/COUPLER_INST/generate_async_fifo.FIFO_INST/XPM_FIFO_ASYNC_INST/gnuram_async_fifo.xpm_fifo_base_inst/gen_cdc_pntr.wr_pntr_cdc_inst/src_gray_ff_reg[2]} \
          {system_i/v_axi4s_vid_out_0/inst/COUPLER_INST/generate_async_fifo.FIFO_INST/XPM_FIFO_ASYNC_INST/gnuram_async_fifo.xpm_fifo_base_inst/gen_cdc_pntr.wr_pntr_cdc_inst/src_gray_ff_reg[3]} \
          {system_i/v_axi4s_vid_out_0/inst/COUPLER_INST/generate_async_fifo.FIFO_INST/XPM_FIFO_ASYNC_INST/gnuram_async_fifo.xpm_fifo_base_inst/gen_cdc_pntr.wr_pntr_cdc_inst/src_gray_ff_reg[4]} \
          {system_i/v_axi4s_vid_out_0/inst/COUPLER_INST/generate_async_fifo.FIFO_INST/XPM_FIFO_ASYNC_INST/gnuram_async_fifo.xpm_fifo_base_inst/gen_cdc_pntr.wr_pntr_cdc_inst/src_gray_ff_reg[5]} \
          {system_i/v_axi4s_vid_out_0/inst/COUPLER_INST/generate_async_fifo.FIFO_INST/XPM_FIFO_ASYNC_INST/gnuram_async_fifo.xpm_fifo_base_inst/gen_cdc_pntr.wr_pntr_cdc_inst/src_gray_ff_reg[6]} \
          {system_i/v_axi4s_vid_out_0/inst/COUPLER_INST/generate_async_fifo.FIFO_INST/XPM_FIFO_ASYNC_INST/gnuram_async_fifo.xpm_fifo_base_inst/gen_cdc_pntr.wr_pntr_cdc_inst/src_gray_ff_reg[7]} \
          {system_i/v_axi4s_vid_out_0/inst/COUPLER_INST/generate_async_fifo.FIFO_INST/XPM_FIFO_ASYNC_INST/gnuram_async_fifo.xpm_fifo_base_inst/gen_cdc_pntr.wr_pntr_cdc_inst/src_gray_ff_reg[8]} \
          {system_i/v_axi4s_vid_out_0/inst/COUPLER_INST/generate_async_fifo.FIFO_INST/XPM_FIFO_ASYNC_INST/gnuram_async_fifo.xpm_fifo_base_inst/gen_cdc_pntr.wr_pntr_cdc_inst/src_gray_ff_reg[9]}]]
                                              [get_cells [list {system_i/v_axi4s_vid_out_0/inst/COUPLER_INST/generate_async_fifo.FIFO_INST/XPM_FIFO_ASYNC_INST/gnuram_async_fifo.xpm_fifo_base_inst/gen_cdc_pntr.wr_pntr_cdc_inst/dest_graysync_ff_reg[0][0]} \
          {system_i/v_axi4s_vid_out_0/inst/COUPLER_INST/generate_async_fifo.FIFO_INST/XPM_FIFO_ASYNC_INST/gnuram_async_fifo.xpm_fifo_base_inst/gen_cdc_pntr.wr_pntr_cdc_inst/dest_graysync_ff_reg[0][10]} \
          {system_i/v_axi4s_vid_out_0/inst/COUPLER_INST/generate_async_fifo.FIFO_INST/XPM_FIFO_ASYNC_INST/gnuram_async_fifo.xpm_fifo_base_inst/gen_cdc_pntr.wr_pntr_cdc_inst/dest_graysync_ff_reg[0][11]} \
          {system_i/v_axi4s_vid_out_0/inst/COUPLER_INST/generate_async_fifo.FIFO_INST/XPM_FIFO_ASYNC_INST/gnuram_async_fifo.xpm_fifo_base_inst/gen_cdc_pntr.wr_pntr_cdc_inst/dest_graysync_ff_reg[0][1]} \
          {system_i/v_axi4s_vid_out_0/inst/COUPLER_INST/generate_async_fifo.FIFO_INST/XPM_FIFO_ASYNC_INST/gnuram_async_fifo.xpm_fifo_base_inst/gen_cdc_pntr.wr_pntr_cdc_inst/dest_graysync_ff_reg[0][2]} \
          {system_i/v_axi4s_vid_out_0/inst/COUPLER_INST/generate_async_fifo.FIFO_INST/XPM_FIFO_ASYNC_INST/gnuram_async_fifo.xpm_fifo_base_inst/gen_cdc_pntr.wr_pntr_cdc_inst/dest_graysync_ff_reg[0][3]} \
          {system_i/v_axi4s_vid_out_0/inst/COUPLER_INST/generate_async_fifo.FIFO_INST/XPM_FIFO_ASYNC_INST/gnuram_async_fifo.xpm_fifo_base_inst/gen_cdc_pntr.wr_pntr_cdc_inst/dest_graysync_ff_reg[0][4]} \
          {system_i/v_axi4s_vid_out_0/inst/COUPLER_INST/generate_async_fifo.FIFO_INST/XPM_FIFO_ASYNC_INST/gnuram_async_fifo.xpm_fifo_base_inst/gen_cdc_pntr.wr_pntr_cdc_inst/dest_graysync_ff_reg[0][5]} \
          {system_i/v_axi4s_vid_out_0/inst/COUPLER_INST/generate_async_fifo.FIFO_INST/XPM_FIFO_ASYNC_INST/gnuram_async_fifo.xpm_fifo_base_inst/gen_cdc_pntr.wr_pntr_cdc_inst/dest_graysync_ff_reg[0][6]} \
          {system_i/v_axi4s_vid_out_0/inst/COUPLER_INST/generate_async_fifo.FIFO_INST/XPM_FIFO_ASYNC_INST/gnuram_async_fifo.xpm_fifo_base_inst/gen_cdc_pntr.wr_pntr_cdc_inst/dest_graysync_ff_reg[0][7]} \
          {system_i/v_axi4s_vid_out_0/inst/COUPLER_INST/generate_async_fifo.FIFO_INST/XPM_FIFO_ASYNC_INST/gnuram_async_fifo.xpm_fifo_base_inst/gen_cdc_pntr.wr_pntr_cdc_inst/dest_graysync_ff_reg[0][8]} \
          {system_i/v_axi4s_vid_out_0/inst/COUPLER_INST/generate_async_fifo.FIFO_INST/XPM_FIFO_ASYNC_INST/gnuram_async_fifo.xpm_fifo_base_inst/gen_cdc_pntr.wr_pntr_cdc_inst/dest_graysync_ff_reg[0][9]}]]
                                                                              Slow              6.667       1.684      4.983
7   81        [get_cells [list {system_i/v_axi4s_vid_out_0/inst/COUPLER_INST/generate_async_fifo.FIFO_INST/XPM_FIFO_ASYNC_INST/gnuram_async_fifo.xpm_fifo_base_inst/gen_cdc_pntr.wr_pntr_cdc_dc_inst/src_gray_ff_reg[0]} \
          {system_i/v_axi4s_vid_out_0/inst/COUPLER_INST/generate_async_fifo.FIFO_INST/XPM_FIFO_ASYNC_INST/gnuram_async_fifo.xpm_fifo_base_inst/gen_cdc_pntr.wr_pntr_cdc_dc_inst/src_gray_ff_reg[10]} \
          {system_i/v_axi4s_vid_out_0/inst/COUPLER_INST/generate_async_fifo.FIFO_INST/XPM_FIFO_ASYNC_INST/gnuram_async_fifo.xpm_fifo_base_inst/gen_cdc_pntr.wr_pntr_cdc_dc_inst/src_gray_ff_reg[11]} \
          {system_i/v_axi4s_vid_out_0/inst/COUPLER_INST/generate_async_fifo.FIFO_INST/XPM_FIFO_ASYNC_INST/gnuram_async_fifo.xpm_fifo_base_inst/gen_cdc_pntr.wr_pntr_cdc_dc_inst/src_gray_ff_reg[12]} \
          {system_i/v_axi4s_vid_out_0/inst/COUPLER_INST/generate_async_fifo.FIFO_INST/XPM_FIFO_ASYNC_INST/gnuram_async_fifo.xpm_fifo_base_inst/gen_cdc_pntr.wr_pntr_cdc_dc_inst/src_gray_ff_reg[1]} \
          {system_i/v_axi4s_vid_out_0/inst/COUPLER_INST/generate_async_fifo.FIFO_INST/XPM_FIFO_ASYNC_INST/gnuram_async_fifo.xpm_fifo_base_inst/gen_cdc_pntr.wr_pntr_cdc_dc_inst/src_gray_ff_reg[2]} \
          {system_i/v_axi4s_vid_out_0/inst/COUPLER_INST/generate_async_fifo.FIFO_INST/XPM_FIFO_ASYNC_INST/gnuram_async_fifo.xpm_fifo_base_inst/gen_cdc_pntr.wr_pntr_cdc_dc_inst/src_gray_ff_reg[3]} \
          {system_i/v_axi4s_vid_out_0/inst/COUPLER_INST/generate_async_fifo.FIFO_INST/XPM_FIFO_ASYNC_INST/gnuram_async_fifo.xpm_fifo_base_inst/gen_cdc_pntr.wr_pntr_cdc_dc_inst/src_gray_ff_reg[4]} \
          {system_i/v_axi4s_vid_out_0/inst/COUPLER_INST/generate_async_fifo.FIFO_INST/XPM_FIFO_ASYNC_INST/gnuram_async_fifo.xpm_fifo_base_inst/gen_cdc_pntr.wr_pntr_cdc_dc_inst/src_gray_ff_reg[5]} \
          {system_i/v_axi4s_vid_out_0/inst/COUPLER_INST/generate_async_fifo.FIFO_INST/XPM_FIFO_ASYNC_INST/gnuram_async_fifo.xpm_fifo_base_inst/gen_cdc_pntr.wr_pntr_cdc_dc_inst/src_gray_ff_reg[6]} \
          {system_i/v_axi4s_vid_out_0/inst/COUPLER_INST/generate_async_fifo.FIFO_INST/XPM_FIFO_ASYNC_INST/gnuram_async_fifo.xpm_fifo_base_inst/gen_cdc_pntr.wr_pntr_cdc_dc_inst/src_gray_ff_reg[7]} \
          {system_i/v_axi4s_vid_out_0/inst/COUPLER_INST/generate_async_fifo.FIFO_INST/XPM_FIFO_ASYNC_INST/gnuram_async_fifo.xpm_fifo_base_inst/gen_cdc_pntr.wr_pntr_cdc_dc_inst/src_gray_ff_reg[8]} \
          {system_i/v_axi4s_vid_out_0/inst/COUPLER_INST/generate_async_fifo.FIFO_INST/XPM_FIFO_ASYNC_INST/gnuram_async_fifo.xpm_fifo_base_inst/gen_cdc_pntr.wr_pntr_cdc_dc_inst/src_gray_ff_reg[9]}]]
                                              [get_cells [list {system_i/v_axi4s_vid_out_0/inst/COUPLER_INST/generate_async_fifo.FIFO_INST/XPM_FIFO_ASYNC_INST/gnuram_async_fifo.xpm_fifo_base_inst/gen_cdc_pntr.wr_pntr_cdc_dc_inst/dest_graysync_ff_reg[0][0]} \
          {system_i/v_axi4s_vid_out_0/inst/COUPLER_INST/generate_async_fifo.FIFO_INST/XPM_FIFO_ASYNC_INST/gnuram_async_fifo.xpm_fifo_base_inst/gen_cdc_pntr.wr_pntr_cdc_dc_inst/dest_graysync_ff_reg[0][10]} \
          {system_i/v_axi4s_vid_out_0/inst/COUPLER_INST/generate_async_fifo.FIFO_INST/XPM_FIFO_ASYNC_INST/gnuram_async_fifo.xpm_fifo_base_inst/gen_cdc_pntr.wr_pntr_cdc_dc_inst/dest_graysync_ff_reg[0][11]} \
          {system_i/v_axi4s_vid_out_0/inst/COUPLER_INST/generate_async_fifo.FIFO_INST/XPM_FIFO_ASYNC_INST/gnuram_async_fifo.xpm_fifo_base_inst/gen_cdc_pntr.wr_pntr_cdc_dc_inst/dest_graysync_ff_reg[0][12]} \
          {system_i/v_axi4s_vid_out_0/inst/COUPLER_INST/generate_async_fifo.FIFO_INST/XPM_FIFO_ASYNC_INST/gnuram_async_fifo.xpm_fifo_base_inst/gen_cdc_pntr.wr_pntr_cdc_dc_inst/dest_graysync_ff_reg[0][1]} \
          {system_i/v_axi4s_vid_out_0/inst/COUPLER_INST/generate_async_fifo.FIFO_INST/XPM_FIFO_ASYNC_INST/gnuram_async_fifo.xpm_fifo_base_inst/gen_cdc_pntr.wr_pntr_cdc_dc_inst/dest_graysync_ff_reg[0][2]} \
          {system_i/v_axi4s_vid_out_0/inst/COUPLER_INST/generate_async_fifo.FIFO_INST/XPM_FIFO_ASYNC_INST/gnuram_async_fifo.xpm_fifo_base_inst/gen_cdc_pntr.wr_pntr_cdc_dc_inst/dest_graysync_ff_reg[0][3]} \
          {system_i/v_axi4s_vid_out_0/inst/COUPLER_INST/generate_async_fifo.FIFO_INST/XPM_FIFO_ASYNC_INST/gnuram_async_fifo.xpm_fifo_base_inst/gen_cdc_pntr.wr_pntr_cdc_dc_inst/dest_graysync_ff_reg[0][4]} \
          {system_i/v_axi4s_vid_out_0/inst/COUPLER_INST/generate_async_fifo.FIFO_INST/XPM_FIFO_ASYNC_INST/gnuram_async_fifo.xpm_fifo_base_inst/gen_cdc_pntr.wr_pntr_cdc_dc_inst/dest_graysync_ff_reg[0][5]} \
          {system_i/v_axi4s_vid_out_0/inst/COUPLER_INST/generate_async_fifo.FIFO_INST/XPM_FIFO_ASYNC_INST/gnuram_async_fifo.xpm_fifo_base_inst/gen_cdc_pntr.wr_pntr_cdc_dc_inst/dest_graysync_ff_reg[0][6]} \
          {system_i/v_axi4s_vid_out_0/inst/COUPLER_INST/generate_async_fifo.FIFO_INST/XPM_FIFO_ASYNC_INST/gnuram_async_fifo.xpm_fifo_base_inst/gen_cdc_pntr.wr_pntr_cdc_dc_inst/dest_graysync_ff_reg[0][7]} \
          {system_i/v_axi4s_vid_out_0/inst/COUPLER_INST/generate_async_fifo.FIFO_INST/XPM_FIFO_ASYNC_INST/gnuram_async_fifo.xpm_fifo_base_inst/gen_cdc_pntr.wr_pntr_cdc_dc_inst/dest_graysync_ff_reg[0][8]} \
          {system_i/v_axi4s_vid_out_0/inst/COUPLER_INST/generate_async_fifo.FIFO_INST/XPM_FIFO_ASYNC_INST/gnuram_async_fifo.xpm_fifo_base_inst/gen_cdc_pntr.wr_pntr_cdc_dc_inst/dest_graysync_ff_reg[0][9]}]]
                                                                              Slow              6.667       1.729      4.938
8   87        [get_cells [list {system_i/mipi_csi2_rx_subsyst_0/U0/rx/inst/AXI_LITE.isr_cdc/ecc_cdc/src_hsdata_ff_reg[0]} {system_i/mipi_csi2_rx_subsyst_0/U0/rx/inst/AXI_LITE.isr_cdc/ecc_cdc/src_hsdata_ff_reg[1]}]]
                                              [get_cells [list {system_i/mipi_csi2_rx_subsyst_0/U0/rx/inst/AXI_LITE.isr_cdc/ecc_cdc/dest_hsdata_ff_reg[0]} {system_i/mipi_csi2_rx_subsyst_0/U0/rx/inst/AXI_LITE.isr_cdc/ecc_cdc/dest_hsdata_ff_reg[1]}]]
                                                                              Slow             60.000       0.968     59.032
9   89        [get_cells [list {system_i/mipi_csi2_rx_subsyst_0/U0/rx/inst/AXI_LITE.reg_inf/img_info_cdc/src_hsdata_ff_reg[0]} \
          {system_i/mipi_csi2_rx_subsyst_0/U0/rx/inst/AXI_LITE.reg_inf/img_info_cdc/src_hsdata_ff_reg[10]} \
          {system_i/mipi_csi2_rx_subsyst_0/U0/rx/inst/AXI_LITE.reg_inf/img_info_cdc/src_hsdata_ff_reg[11]} \
          {system_i/mipi_csi2_rx_subsyst_0/U0/rx/inst/AXI_LITE.reg_inf/img_info_cdc/src_hsdata_ff_reg[12]} \
          {system_i/mipi_csi2_rx_subsyst_0/U0/rx/inst/AXI_LITE.reg_inf/img_info_cdc/src_hsdata_ff_reg[13]} \
          {system_i/mipi_csi2_rx_subsyst_0/U0/rx/inst/AXI_LITE.reg_inf/img_info_cdc/src_hsdata_ff_reg[14]} \
          {system_i/mipi_csi2_rx_subsyst_0/U0/rx/inst/AXI_LITE.reg_inf/img_info_cdc/src_hsdata_ff_reg[15]} \
          {system_i/mipi_csi2_rx_subsyst_0/U0/rx/inst/AXI_LITE.reg_inf/img_info_cdc/src_hsdata_ff_reg[16]} \
          {system_i/mipi_csi2_rx_subsyst_0/U0/rx/inst/AXI_LITE.reg_inf/img_info_cdc/src_hsdata_ff_reg[17]} \
          {system_i/mipi_csi2_rx_subsyst_0/U0/rx/inst/AXI_LITE.reg_inf/img_info_cdc/src_hsdata_ff_reg[18]} \
          {system_i/mipi_csi2_rx_subsyst_0/U0/rx/inst/AXI_LITE.reg_inf/img_info_cdc/src_hsdata_ff_reg[19]} \
          {system_i/mipi_csi2_rx_subsyst_0/U0/rx/inst/AXI_LITE.reg_inf/img_info_cdc/src_hsdata_ff_reg[1]} \
          {system_i/mipi_csi2_rx_subsyst_0/U0/rx/inst/AXI_LITE.reg_inf/img_info_cdc/src_hsdata_ff_reg[20]} \
          {system_i/mipi_csi2_rx_subsyst_0/U0/rx/inst/AXI_LITE.reg_inf/img_info_cdc/src_hsdata_ff_reg[21]} \
          {system_i/mipi_csi2_rx_subsyst_0/U0/rx/inst/AXI_LITE.reg_inf/img_info_cdc/src_hsdata_ff_reg[22]} \
          {system_i/mipi_csi2_rx_subsyst_0/U0/rx/inst/AXI_LITE.reg_inf/img_info_cdc/src_hsdata_ff_reg[23]} \
          {system_i/mipi_csi2_rx_subsyst_0/U0/rx/inst/AXI_LITE.reg_inf/img_info_cdc/src_hsdata_ff_reg[24]} \
          {system_i/mipi_csi2_rx_subsyst_0/U0/rx/inst/AXI_LITE.reg_inf/img_info_cdc/src_hsdata_ff_reg[25]} \
          {system_i/mipi_csi2_rx_subsyst_0/U0/rx/inst/AXI_LITE.reg_inf/img_info_cdc/src_hsdata_ff_reg[2]} \
          {system_i/mipi_csi2_rx_subsyst_0/U0/rx/inst/AXI_LITE.reg_inf/img_info_cdc/src_hsdata_ff_reg[3]} \
          {system_i/mipi_csi2_rx_subsyst_0/U0/rx/inst/AXI_LITE.reg_inf/img_info_cdc/src_hsdata_ff_reg[4]} \
          {system_i/mipi_csi2_rx_subsyst_0/U0/rx/inst/AXI_LITE.reg_inf/img_info_cdc/src_hsdata_ff_reg[5]} \
          {system_i/mipi_csi2_rx_subsyst_0/U0/rx/inst/AXI_LITE.reg_inf/img_info_cdc/src_hsdata_ff_reg[6]} \
          {system_i/mipi_csi2_rx_subsyst_0/U0/rx/inst/AXI_LITE.reg_inf/img_info_cdc/src_hsdata_ff_reg[7]} \
          {system_i/mipi_csi2_rx_subsyst_0/U0/rx/inst/AXI_LITE.reg_inf/img_info_cdc/src_hsdata_ff_reg[8]} \
          {system_i/mipi_csi2_rx_subsyst_0/U0/rx/inst/AXI_LITE.reg_inf/img_info_cdc/src_hsdata_ff_reg[9]}]]
                                              [get_cells [list {system_i/mipi_csi2_rx_subsyst_0/U0/rx/inst/AXI_LITE.reg_inf/img_info_cdc/dest_hsdata_ff_reg[0]} \
          {system_i/mipi_csi2_rx_subsyst_0/U0/rx/inst/AXI_LITE.reg_inf/img_info_cdc/dest_hsdata_ff_reg[10]} \
          {system_i/mipi_csi2_rx_subsyst_0/U0/rx/inst/AXI_LITE.reg_inf/img_info_cdc/dest_hsdata_ff_reg[11]} \
          {system_i/mipi_csi2_rx_subsyst_0/U0/rx/inst/AXI_LITE.reg_inf/img_info_cdc/dest_hsdata_ff_reg[12]} \
          {system_i/mipi_csi2_rx_subsyst_0/U0/rx/inst/AXI_LITE.reg_inf/img_info_cdc/dest_hsdata_ff_reg[13]} \
          {system_i/mipi_csi2_rx_subsyst_0/U0/rx/inst/AXI_LITE.reg_inf/img_info_cdc/dest_hsdata_ff_reg[14]} \
          {system_i/mipi_csi2_rx_subsyst_0/U0/rx/inst/AXI_LITE.reg_inf/img_info_cdc/dest_hsdata_ff_reg[15]} \
          {system_i/mipi_csi2_rx_subsyst_0/U0/rx/inst/AXI_LITE.reg_inf/img_info_cdc/dest_hsdata_ff_reg[16]} \
          {system_i/mipi_csi2_rx_subsyst_0/U0/rx/inst/AXI_LITE.reg_inf/img_info_cdc/dest_hsdata_ff_reg[17]} \
          {system_i/mipi_csi2_rx_subsyst_0/U0/rx/inst/AXI_LITE.reg_inf/img_info_cdc/dest_hsdata_ff_reg[18]} \
          {system_i/mipi_csi2_rx_subsyst_0/U0/rx/inst/AXI_LITE.reg_inf/img_info_cdc/dest_hsdata_ff_reg[19]} \
          {system_i/mipi_csi2_rx_subsyst_0/U0/rx/inst/AXI_LITE.reg_inf/img_info_cdc/dest_hsdata_ff_reg[1]} \
          {system_i/mipi_csi2_rx_subsyst_0/U0/rx/inst/AXI_LITE.reg_inf/img_info_cdc/dest_hsdata_ff_reg[20]} \
          {system_i/mipi_csi2_rx_subsyst_0/U0/rx/inst/AXI_LITE.reg_inf/img_info_cdc/dest_hsdata_ff_reg[21]} \
          {system_i/mipi_csi2_rx_subsyst_0/U0/rx/inst/AXI_LITE.reg_inf/img_info_cdc/dest_hsdata_ff_reg[22]} \
          {system_i/mipi_csi2_rx_subsyst_0/U0/rx/inst/AXI_LITE.reg_inf/img_info_cdc/dest_hsdata_ff_reg[23]} \
          {system_i/mipi_csi2_rx_subsyst_0/U0/rx/inst/AXI_LITE.reg_inf/img_info_cdc/dest_hsdata_ff_reg[24]} \
          {system_i/mipi_csi2_rx_subsyst_0/U0/rx/inst/AXI_LITE.reg_inf/img_info_cdc/dest_hsdata_ff_reg[25]} \
          {system_i/mipi_csi2_rx_subsyst_0/U0/rx/inst/AXI_LITE.reg_inf/img_info_cdc/dest_hsdata_ff_reg[2]} \
          {system_i/mipi_csi2_rx_subsyst_0/U0/rx/inst/AXI_LITE.reg_inf/img_info_cdc/dest_hsdata_ff_reg[3]} \
          {system_i/mipi_csi2_rx_subsyst_0/U0/rx/inst/AXI_LITE.reg_inf/img_info_cdc/dest_hsdata_ff_reg[4]} \
          {system_i/mipi_csi2_rx_subsyst_0/U0/rx/inst/AXI_LITE.reg_inf/img_info_cdc/dest_hsdata_ff_reg[5]} \
          {system_i/mipi_csi2_rx_subsyst_0/U0/rx/inst/AXI_LITE.reg_inf/img_info_cdc/dest_hsdata_ff_reg[6]} \
          {system_i/mipi_csi2_rx_subsyst_0/U0/rx/inst/AXI_LITE.reg_inf/img_info_cdc/dest_hsdata_ff_reg[7]} \
          {system_i/mipi_csi2_rx_subsyst_0/U0/rx/inst/AXI_LITE.reg_inf/img_info_cdc/dest_hsdata_ff_reg[8]} \
          {system_i/mipi_csi2_rx_subsyst_0/U0/rx/inst/AXI_LITE.reg_inf/img_info_cdc/dest_hsdata_ff_reg[9]}]]
                                                                              Slow             60.000       1.242     58.758


2. Bus Skew Report Per Constraint
---------------------------------

Id: 1
set_bus_skew -from [get_cells [list {system_i/mipi_csi2_rx_subsyst_0/U0/rx/inst/gen_pkt_fifo/pkt_fifo/gnuram_async_fifo.xpm_fifo_base_inst/gen_cdc_pntr.rd_pntr_cdc_inst/src_gray_ff_reg[0]} {system_i/mipi_csi2_rx_subsyst_0/U0/rx/inst/gen_pkt_fifo/pkt_fifo/gnuram_async_fifo.xpm_fifo_base_inst/gen_cdc_pntr.rd_pntr_cdc_inst/src_gray_ff_reg[1]} {system_i/mipi_csi2_rx_subsyst_0/U0/rx/inst/gen_pkt_fifo/pkt_fifo/gnuram_async_fifo.xpm_fifo_base_inst/gen_cdc_pntr.rd_pntr_cdc_inst/src_gray_ff_reg[2]} {system_i/mipi_csi2_rx_subsyst_0/U0/rx/inst/gen_pkt_fifo/pkt_fifo/gnuram_async_fifo.xpm_fifo_base_inst/gen_cdc_pntr.rd_pntr_cdc_inst/src_gray_ff_reg[3]} {system_i/mipi_csi2_rx_subsyst_0/U0/rx/inst/gen_pkt_fifo/pkt_fifo/gnuram_async_fifo.xpm_fifo_base_inst/gen_cdc_pntr.rd_pntr_cdc_inst/src_gray_ff_reg[4]}]] -to [get_cells [list {system_i/mipi_csi2_rx_subsyst_0/U0/rx/inst/gen_pkt_fifo/pkt_fifo/gnuram_async_fifo.xpm_fifo_base_inst/gen_cdc_pntr.rd_pntr_cdc_inst/dest_graysync_ff_reg[0][0]} {system_i/mipi_csi2_rx_subsyst_0/U0/rx/inst/gen_pkt_fifo/pkt_fifo/gnuram_async_fifo.xpm_fifo_base_inst/gen_cdc_pntr.rd_pntr_cdc_inst/dest_graysync_ff_reg[0][1]} {system_i/mipi_csi2_rx_subsyst_0/U0/rx/inst/gen_pkt_fifo/pkt_fifo/gnuram_async_fifo.xpm_fifo_base_inst/gen_cdc_pntr.rd_pntr_cdc_inst/dest_graysync_ff_reg[0][2]} {system_i/mipi_csi2_rx_subsyst_0/U0/rx/inst/gen_pkt_fifo/pkt_fifo/gnuram_async_fifo.xpm_fifo_base_inst/gen_cdc_pntr.rd_pntr_cdc_inst/dest_graysync_ff_reg[0][3]} {system_i/mipi_csi2_rx_subsyst_0/U0/rx/inst/gen_pkt_fifo/pkt_fifo/gnuram_async_fifo.xpm_fifo_base_inst/gen_cdc_pntr.rd_pntr_cdc_inst/dest_graysync_ff_reg[0][4]}]] 6.667
Requirement: 6.667ns
Endpoints: 5

From Clock            To Clock              Endpoint Pin                    Reference Pin                   Corner  Actual(ns)  Slack(ns)
--------------------  --------------------  ------------------------------  ------------------------------  ------  ----------  ---------
clk_out2_system_clk_wiz_0_0
                      rxbyteclkhs           system_i/mipi_csi2_rx_subsyst_0/U0/rx/inst/gen_pkt_fifo/pkt_fifo/gnuram_async_fifo.xpm_fifo_base_inst/gen_cdc_pntr.rd_pntr_cdc_inst/dest_graysync_ff_reg[0][2]/D
                                                                            system_i/mipi_csi2_rx_subsyst_0/U0/rx/inst/gen_pkt_fifo/pkt_fifo/gnuram_async_fifo.xpm_fifo_base_inst/gen_cdc_pntr.rd_pntr_cdc_inst/dest_graysync_ff_reg[0][0]/D
                                                                                                            Slow         1.087      5.580


Slack (MET) :             5.580ns  (requirement - actual skew)
  Endpoint Source:        system_i/mipi_csi2_rx_subsyst_0/U0/rx/inst/gen_pkt_fifo/pkt_fifo/gnuram_async_fifo.xpm_fifo_base_inst/gen_cdc_pntr.rd_pntr_cdc_inst/src_gray_ff_reg[2]/C
                            (rising edge-triggered cell FDRE clocked by clk_out2_system_clk_wiz_0_0)
  Endpoint Destination:   system_i/mipi_csi2_rx_subsyst_0/U0/rx/inst/gen_pkt_fifo/pkt_fifo/gnuram_async_fifo.xpm_fifo_base_inst/gen_cdc_pntr.rd_pntr_cdc_inst/dest_graysync_ff_reg[0][2]/D
                            (rising edge-triggered cell FDRE clocked by rxbyteclkhs)
  Reference Source:       system_i/mipi_csi2_rx_subsyst_0/U0/rx/inst/gen_pkt_fifo/pkt_fifo/gnuram_async_fifo.xpm_fifo_base_inst/gen_cdc_pntr.rd_pntr_cdc_inst/src_gray_ff_reg[0]/C
                            (rising edge-triggered cell FDRE clocked by clk_out2_system_clk_wiz_0_0)
  Reference Destination:  system_i/mipi_csi2_rx_subsyst_0/U0/rx/inst/gen_pkt_fifo/pkt_fifo/gnuram_async_fifo.xpm_fifo_base_inst/gen_cdc_pntr.rd_pntr_cdc_inst/dest_graysync_ff_reg[0][0]/D
                            (rising edge-triggered cell FDRE clocked by rxbyteclkhs)
  Path Type:              Bus Skew (Max at Slow Process Corner)
  Requirement:            6.667ns
  Endpoint Relative Delay:    5.009ns
  Reference Relative Delay:   3.289ns
  Relative CRPR:              0.849ns
  Uncertainty:                0.217ns
  Actual Bus Skew:            1.087ns  (Endpoint Relative Delay - Reference Relative Delay - Relative CRPR + Uncertainty)

Endpoint path:
    Location             Delay type                Incr(ns)  Path(ns)    Netlist Resource(s)
  -------------------------------------------------------------------    -------------------
                         (clock clk_out2_system_clk_wiz_0_0 rise edge)
                                                      0.000     0.000 r  
    PS7_X0Y0             PS7                          0.000     0.000 r  system_i/processing_system7_0/inst/PS7_i/FCLKCLK[0]
                         net (fo=1, routed)           1.193     1.193    system_i/processing_system7_0/inst/FCLK_CLK_unbuffered[0]
    BUFGCTRL_X0Y16       BUFG (Prop_bufg_I_O)         0.101     1.294 r  system_i/processing_system7_0/inst/buffer_fclk_clk_0.FCLK_CLK_0_BUFG/O
                         net (fo=2, routed)           1.762     3.056    system_i/clk_wiz_0/inst/clk_in1
    MMCME2_ADV_X0Y0      MMCME2_ADV (Prop_mmcme2_adv_CLKIN1_CLKOUT1)
                                                      0.088     3.144 r  system_i/clk_wiz_0/inst/mmcm_adv_inst/CLKOUT1
                         net (fo=1, routed)           1.855     4.999    system_i/clk_wiz_0/inst/clk_out2_system_clk_wiz_0_0
    BUFGCTRL_X0Y0        BUFG (Prop_bufg_I_O)         0.101     5.100 r  system_i/clk_wiz_0/inst/clkout2_buf/O
                         net (fo=11380, routed)       1.713     6.813    system_i/mipi_csi2_rx_subsyst_0/U0/rx/inst/gen_pkt_fifo/pkt_fifo/gnuram_async_fifo.xpm_fifo_base_inst/gen_cdc_pntr.rd_pntr_cdc_inst/src_clk
    SLICE_X83Y81         FDRE                                         r  system_i/mipi_csi2_rx_subsyst_0/U0/rx/inst/gen_pkt_fifo/pkt_fifo/gnuram_async_fifo.xpm_fifo_base_inst/gen_cdc_pntr.rd_pntr_cdc_inst/src_gray_ff_reg[2]/C
  -------------------------------------------------------------------    -------------------
    SLICE_X83Y81         FDRE (Prop_fdre_C_Q)         0.456     7.269 r  system_i/mipi_csi2_rx_subsyst_0/U0/rx/inst/gen_pkt_fifo/pkt_fifo/gnuram_async_fifo.xpm_fifo_base_inst/gen_cdc_pntr.rd_pntr_cdc_inst/src_gray_ff_reg[2]/Q
                         net (fo=1, routed)           0.798     8.067    system_i/mipi_csi2_rx_subsyst_0/U0/rx/inst/gen_pkt_fifo/pkt_fifo/gnuram_async_fifo.xpm_fifo_base_inst/gen_cdc_pntr.rd_pntr_cdc_inst/async_path[2]
    SLICE_X83Y80         FDRE                                         r  system_i/mipi_csi2_rx_subsyst_0/U0/rx/inst/gen_pkt_fifo/pkt_fifo/gnuram_async_fifo.xpm_fifo_base_inst/gen_cdc_pntr.rd_pntr_cdc_inst/dest_graysync_ff_reg[0][2]/D
  -------------------------------------------------------------------    -------------------

                         (clock rxbyteclkhs rise edge)
                                                      0.000     0.000 r  
    N19                                               0.000     0.000 r  MIPI_DPHY_clk_hs_p (IN)
                         net (fo=0)                   0.000     0.000    system_i/mipi_csi2_rx_subsyst_0/U0/phy/inst/inst/bd_22c6_phy_0_rx_support_i/slave_rx.bd_22c6_phy_0_rx_ioi_i/clk_hs_rxp
    N19                  IBUFDS (Prop_ibufds_I_O)     0.892     0.892 r  system_i/mipi_csi2_rx_subsyst_0/U0/phy/inst/inst/bd_22c6_phy_0_rx_support_i/slave_rx.bd_22c6_phy_0_rx_ioi_i/ibufds_clk_inst/O
                         net (fo=2, routed)           0.459     1.351    system_i/mipi_csi2_rx_subsyst_0/U0/phy/inst/inst/bd_22c6_phy_0_rx_support_i/slave_rx.bd_22c6_phy_0_rx_ioi_i/clk_in_int
    BUFR_X1Y5            BUFR (Prop_bufr_I_O)         0.919     2.270 r  system_i/mipi_csi2_rx_subsyst_0/U0/phy/inst/inst/bd_22c6_phy_0_rx_support_i/slave_rx.bd_22c6_phy_0_rx_ioi_i/clkout_buf_inst/O
                         net (fo=517, routed)         0.893     3.163    system_i/mipi_csi2_rx_subsyst_0/U0/rx/inst/gen_pkt_fifo/pkt_fifo/gnuram_async_fifo.xpm_fifo_base_inst/gen_cdc_pntr.rd_pntr_cdc_inst/dest_clk
    SLICE_X83Y80         FDRE                                         r  system_i/mipi_csi2_rx_subsyst_0/U0/rx/inst/gen_pkt_fifo/pkt_fifo/gnuram_async_fifo.xpm_fifo_base_inst/gen_cdc_pntr.rd_pntr_cdc_inst/dest_graysync_ff_reg[0][2]/C
                         clock pessimism              0.000     3.163    
    SLICE_X83Y80         FDRE (Setup_fdre_C_D)       -0.105     3.058    system_i/mipi_csi2_rx_subsyst_0/U0/rx/inst/gen_pkt_fifo/pkt_fifo/gnuram_async_fifo.xpm_fifo_base_inst/gen_cdc_pntr.rd_pntr_cdc_inst/dest_graysync_ff_reg[0][2]
  -------------------------------------------------------------------
                         data arrival                           8.067    
                         clock arrival                          3.058    
  -------------------------------------------------------------------
                         relative delay                         5.009    

Reference path:
    Location             Delay type                Incr(ns)  Path(ns)    Netlist Resource(s)
  -------------------------------------------------------------------    -------------------
                         (clock clk_out2_system_clk_wiz_0_0 rise edge)
                                                      0.000     0.000 r  
    PS7_X0Y0             PS7                          0.000     0.000 r  system_i/processing_system7_0/inst/PS7_i/FCLKCLK[0]
                         net (fo=1, routed)           1.088     1.088    system_i/processing_system7_0/inst/FCLK_CLK_unbuffered[0]
    BUFGCTRL_X0Y16       BUFG (Prop_bufg_I_O)         0.091     1.179 r  system_i/processing_system7_0/inst/buffer_fclk_clk_0.FCLK_CLK_0_BUFG/O
                         net (fo=2, routed)           1.570     2.749    system_i/clk_wiz_0/inst/clk_in1
    MMCME2_ADV_X0Y0      MMCME2_ADV (Prop_mmcme2_adv_CLKIN1_CLKOUT1)
                                                      0.083     2.832 r  system_i/clk_wiz_0/inst/mmcm_adv_inst/CLKOUT1
                         net (fo=1, routed)           1.691     4.524    system_i/clk_wiz_0/inst/clk_out2_system_clk_wiz_0_0
    BUFGCTRL_X0Y0        BUFG (Prop_bufg_I_O)         0.091     4.615 r  system_i/clk_wiz_0/inst/clkout2_buf/O
                         net (fo=11380, routed)       1.541     6.155    system_i/mipi_csi2_rx_subsyst_0/U0/rx/inst/gen_pkt_fifo/pkt_fifo/gnuram_async_fifo.xpm_fifo_base_inst/gen_cdc_pntr.rd_pntr_cdc_inst/src_clk
    SLICE_X87Y82         FDRE                                         r  system_i/mipi_csi2_rx_subsyst_0/U0/rx/inst/gen_pkt_fifo/pkt_fifo/gnuram_async_fifo.xpm_fifo_base_inst/gen_cdc_pntr.rd_pntr_cdc_inst/src_gray_ff_reg[0]/C
  -------------------------------------------------------------------    -------------------
    SLICE_X87Y82         FDRE (Prop_fdre_C_Q)         0.367     6.522 r  system_i/mipi_csi2_rx_subsyst_0/U0/rx/inst/gen_pkt_fifo/pkt_fifo/gnuram_async_fifo.xpm_fifo_base_inst/gen_cdc_pntr.rd_pntr_cdc_inst/src_gray_ff_reg[0]/Q
                         net (fo=1, routed)           0.376     6.898    system_i/mipi_csi2_rx_subsyst_0/U0/rx/inst/gen_pkt_fifo/pkt_fifo/gnuram_async_fifo.xpm_fifo_base_inst/gen_cdc_pntr.rd_pntr_cdc_inst/async_path[0]
    SLICE_X85Y82         FDRE                                         r  system_i/mipi_csi2_rx_subsyst_0/U0/rx/inst/gen_pkt_fifo/pkt_fifo/gnuram_async_fifo.xpm_fifo_base_inst/gen_cdc_pntr.rd_pntr_cdc_inst/dest_graysync_ff_reg[0][0]/D
  -------------------------------------------------------------------    -------------------

                         (clock rxbyteclkhs rise edge)
                                                      0.000     0.000 r  
    N19                                               0.000     0.000 r  MIPI_DPHY_clk_hs_p (IN)
                         net (fo=0)                   0.000     0.000    system_i/mipi_csi2_rx_subsyst_0/U0/phy/inst/inst/bd_22c6_phy_0_rx_support_i/slave_rx.bd_22c6_phy_0_rx_ioi_i/clk_hs_rxp
    N19                  IBUFDS (Prop_ibufds_I_O)     0.935     0.935 r  system_i/mipi_csi2_rx_subsyst_0/U0/phy/inst/inst/bd_22c6_phy_0_rx_support_i/slave_rx.bd_22c6_phy_0_rx_ioi_i/ibufds_clk_inst/O
                         net (fo=2, routed)           0.510     1.445    system_i/mipi_csi2_rx_subsyst_0/U0/phy/inst/inst/bd_22c6_phy_0_rx_support_i/slave_rx.bd_22c6_phy_0_rx_ioi_i/clk_in_int
    BUFR_X1Y5            BUFR (Prop_bufr_I_O)         1.032     2.477 r  system_i/mipi_csi2_rx_subsyst_0/U0/phy/inst/inst/bd_22c6_phy_0_rx_support_i/slave_rx.bd_22c6_phy_0_rx_ioi_i/clkout_buf_inst/O
                         net (fo=517, routed)         0.962     3.439    system_i/mipi_csi2_rx_subsyst_0/U0/rx/inst/gen_pkt_fifo/pkt_fifo/gnuram_async_fifo.xpm_fifo_base_inst/gen_cdc_pntr.rd_pntr_cdc_inst/dest_clk
    SLICE_X85Y82         FDRE                                         r  system_i/mipi_csi2_rx_subsyst_0/U0/rx/inst/gen_pkt_fifo/pkt_fifo/gnuram_async_fifo.xpm_fifo_base_inst/gen_cdc_pntr.rd_pntr_cdc_inst/dest_graysync_ff_reg[0][0]/C
                         clock pessimism              0.000     3.439    
    SLICE_X85Y82         FDRE (Hold_fdre_C_D)         0.169     3.608    system_i/mipi_csi2_rx_subsyst_0/U0/rx/inst/gen_pkt_fifo/pkt_fifo/gnuram_async_fifo.xpm_fifo_base_inst/gen_cdc_pntr.rd_pntr_cdc_inst/dest_graysync_ff_reg[0][0]
  -------------------------------------------------------------------
                         data arrival                           6.898    
                         clock arrival                          3.608    
  -------------------------------------------------------------------
                         relative delay                         3.289    



Id: 2
set_bus_skew -from [get_cells [list {system_i/mipi_csi2_rx_subsyst_0/U0/rx/inst/AXI_LITE.reg_inf/gen_spkt_fifo/generic_pkt/gnuram_async_fifo.xpm_fifo_base_inst/gen_cdc_pntr.wr_pntr_cdc_inst/src_gray_ff_reg[0]} {system_i/mipi_csi2_rx_subsyst_0/U0/rx/inst/AXI_LITE.reg_inf/gen_spkt_fifo/generic_pkt/gnuram_async_fifo.xpm_fifo_base_inst/gen_cdc_pntr.wr_pntr_cdc_inst/src_gray_ff_reg[1]} {system_i/mipi_csi2_rx_subsyst_0/U0/rx/inst/AXI_LITE.reg_inf/gen_spkt_fifo/generic_pkt/gnuram_async_fifo.xpm_fifo_base_inst/gen_cdc_pntr.wr_pntr_cdc_inst/src_gray_ff_reg[2]} {system_i/mipi_csi2_rx_subsyst_0/U0/rx/inst/AXI_LITE.reg_inf/gen_spkt_fifo/generic_pkt/gnuram_async_fifo.xpm_fifo_base_inst/gen_cdc_pntr.wr_pntr_cdc_inst/src_gray_ff_reg[3]} {system_i/mipi_csi2_rx_subsyst_0/U0/rx/inst/AXI_LITE.reg_inf/gen_spkt_fifo/generic_pkt/gnuram_async_fifo.xpm_fifo_base_inst/gen_cdc_pntr.wr_pntr_cdc_inst/src_gray_ff_reg[4]}]] -to [get_cells [list {system_i/mipi_csi2_rx_subsyst_0/U0/rx/inst/AXI_LITE.reg_inf/gen_spkt_fifo/generic_pkt/gnuram_async_fifo.xpm_fifo_base_inst/gen_cdc_pntr.wr_pntr_cdc_inst/dest_graysync_ff_reg[0][0]} {system_i/mipi_csi2_rx_subsyst_0/U0/rx/inst/AXI_LITE.reg_inf/gen_spkt_fifo/generic_pkt/gnuram_async_fifo.xpm_fifo_base_inst/gen_cdc_pntr.wr_pntr_cdc_inst/dest_graysync_ff_reg[0][1]} {system_i/mipi_csi2_rx_subsyst_0/U0/rx/inst/AXI_LITE.reg_inf/gen_spkt_fifo/generic_pkt/gnuram_async_fifo.xpm_fifo_base_inst/gen_cdc_pntr.wr_pntr_cdc_inst/dest_graysync_ff_reg[0][2]} {system_i/mipi_csi2_rx_subsyst_0/U0/rx/inst/AXI_LITE.reg_inf/gen_spkt_fifo/generic_pkt/gnuram_async_fifo.xpm_fifo_base_inst/gen_cdc_pntr.wr_pntr_cdc_inst/dest_graysync_ff_reg[0][3]} {system_i/mipi_csi2_rx_subsyst_0/U0/rx/inst/AXI_LITE.reg_inf/gen_spkt_fifo/generic_pkt/gnuram_async_fifo.xpm_fifo_base_inst/gen_cdc_pntr.wr_pntr_cdc_inst/dest_graysync_ff_reg[0][4]}]] 6.667
Requirement: 6.667ns
Endpoints: 5

From Clock            To Clock              Endpoint Pin                    Reference Pin                   Corner  Actual(ns)  Slack(ns)
--------------------  --------------------  ------------------------------  ------------------------------  ------  ----------  ---------
clk_out2_system_clk_wiz_0_0
                      clk_out1_system_clk_wiz_0_0
                                            system_i/mipi_csi2_rx_subsyst_0/U0/rx/inst/AXI_LITE.reg_inf/gen_spkt_fifo/generic_pkt/gnuram_async_fifo.xpm_fifo_base_inst/gen_cdc_pntr.wr_pntr_cdc_inst/dest_graysync_ff_reg[0][4]/D
                                                                            system_i/mipi_csi2_rx_subsyst_0/U0/rx/inst/AXI_LITE.reg_inf/gen_spkt_fifo/generic_pkt/gnuram_async_fifo.xpm_fifo_base_inst/gen_cdc_pntr.wr_pntr_cdc_inst/dest_graysync_ff_reg[0][2]/D
                                                                                                            Slow         0.920      5.747


Slack (MET) :             5.747ns  (requirement - actual skew)
  Endpoint Source:        system_i/mipi_csi2_rx_subsyst_0/U0/rx/inst/AXI_LITE.reg_inf/gen_spkt_fifo/generic_pkt/gnuram_async_fifo.xpm_fifo_base_inst/gen_cdc_pntr.wr_pntr_cdc_inst/src_gray_ff_reg[4]/C
                            (rising edge-triggered cell FDRE clocked by clk_out2_system_clk_wiz_0_0)
  Endpoint Destination:   system_i/mipi_csi2_rx_subsyst_0/U0/rx/inst/AXI_LITE.reg_inf/gen_spkt_fifo/generic_pkt/gnuram_async_fifo.xpm_fifo_base_inst/gen_cdc_pntr.wr_pntr_cdc_inst/dest_graysync_ff_reg[0][4]/D
                            (rising edge-triggered cell FDRE clocked by clk_out1_system_clk_wiz_0_0)
  Reference Source:       system_i/mipi_csi2_rx_subsyst_0/U0/rx/inst/AXI_LITE.reg_inf/gen_spkt_fifo/generic_pkt/gnuram_async_fifo.xpm_fifo_base_inst/gen_cdc_pntr.wr_pntr_cdc_inst/src_gray_ff_reg[2]/C
                            (rising edge-triggered cell FDRE clocked by clk_out2_system_clk_wiz_0_0)
  Reference Destination:  system_i/mipi_csi2_rx_subsyst_0/U0/rx/inst/AXI_LITE.reg_inf/gen_spkt_fifo/generic_pkt/gnuram_async_fifo.xpm_fifo_base_inst/gen_cdc_pntr.wr_pntr_cdc_inst/dest_graysync_ff_reg[0][2]/D
                            (rising edge-triggered cell FDRE clocked by clk_out1_system_clk_wiz_0_0)
  Path Type:              Bus Skew (Max at Slow Process Corner)
  Requirement:            6.667ns
  Endpoint Relative Delay:    1.550ns
  Reference Relative Delay:   0.211ns
  Relative CRPR:              0.646ns
  Uncertainty:                0.227ns
  Actual Bus Skew:            0.920ns  (Endpoint Relative Delay - Reference Relative Delay - Relative CRPR + Uncertainty)

Endpoint path:
    Location             Delay type                Incr(ns)  Path(ns)    Netlist Resource(s)
  -------------------------------------------------------------------    -------------------
                         (clock clk_out2_system_clk_wiz_0_0 rise edge)
                                                      0.000     0.000 r  
    PS7_X0Y0             PS7                          0.000     0.000 r  system_i/processing_system7_0/inst/PS7_i/FCLKCLK[0]
                         net (fo=1, routed)           1.193     1.193    system_i/processing_system7_0/inst/FCLK_CLK_unbuffered[0]
    BUFGCTRL_X0Y16       BUFG (Prop_bufg_I_O)         0.101     1.294 r  system_i/processing_system7_0/inst/buffer_fclk_clk_0.FCLK_CLK_0_BUFG/O
                         net (fo=2, routed)           1.762     3.056    system_i/clk_wiz_0/inst/clk_in1
    MMCME2_ADV_X0Y0      MMCME2_ADV (Prop_mmcme2_adv_CLKIN1_CLKOUT1)
                                                      0.088     3.144 r  system_i/clk_wiz_0/inst/mmcm_adv_inst/CLKOUT1
                         net (fo=1, routed)           1.855     4.999    system_i/clk_wiz_0/inst/clk_out2_system_clk_wiz_0_0
    BUFGCTRL_X0Y0        BUFG (Prop_bufg_I_O)         0.101     5.100 r  system_i/clk_wiz_0/inst/clkout2_buf/O
                         net (fo=11380, routed)       1.715     6.815    system_i/mipi_csi2_rx_subsyst_0/U0/rx/inst/AXI_LITE.reg_inf/gen_spkt_fifo/generic_pkt/gnuram_async_fifo.xpm_fifo_base_inst/gen_cdc_pntr.wr_pntr_cdc_inst/src_clk
    SLICE_X66Y88         FDRE                                         r  system_i/mipi_csi2_rx_subsyst_0/U0/rx/inst/AXI_LITE.reg_inf/gen_spkt_fifo/generic_pkt/gnuram_async_fifo.xpm_fifo_base_inst/gen_cdc_pntr.wr_pntr_cdc_inst/src_gray_ff_reg[4]/C
  -------------------------------------------------------------------    -------------------
    SLICE_X66Y88         FDRE (Prop_fdre_C_Q)         0.518     7.333 r  system_i/mipi_csi2_rx_subsyst_0/U0/rx/inst/AXI_LITE.reg_inf/gen_spkt_fifo/generic_pkt/gnuram_async_fifo.xpm_fifo_base_inst/gen_cdc_pntr.wr_pntr_cdc_inst/src_gray_ff_reg[4]/Q
                         net (fo=1, routed)           0.616     7.949    system_i/mipi_csi2_rx_subsyst_0/U0/rx/inst/AXI_LITE.reg_inf/gen_spkt_fifo/generic_pkt/gnuram_async_fifo.xpm_fifo_base_inst/gen_cdc_pntr.wr_pntr_cdc_inst/async_path[4]
    SLICE_X64Y87         FDRE                                         r  system_i/mipi_csi2_rx_subsyst_0/U0/rx/inst/AXI_LITE.reg_inf/gen_spkt_fifo/generic_pkt/gnuram_async_fifo.xpm_fifo_base_inst/gen_cdc_pntr.wr_pntr_cdc_inst/dest_graysync_ff_reg[0][4]/D
  -------------------------------------------------------------------    -------------------

                         (clock clk_out1_system_clk_wiz_0_0 rise edge)
                                                      0.000     0.000 r  
    PS7_X0Y0             PS7                          0.000     0.000 r  system_i/processing_system7_0/inst/PS7_i/FCLKCLK[0]
                         net (fo=1, routed)           1.088     1.088    system_i/processing_system7_0/inst/FCLK_CLK_unbuffered[0]
    BUFGCTRL_X0Y16       BUFG (Prop_bufg_I_O)         0.091     1.179 r  system_i/processing_system7_0/inst/buffer_fclk_clk_0.FCLK_CLK_0_BUFG/O
                         net (fo=2, routed)           1.570     2.749    system_i/clk_wiz_0/inst/clk_in1
    MMCME2_ADV_X0Y0      MMCME2_ADV (Prop_mmcme2_adv_CLKIN1_CLKOUT0)
                                                      0.083     2.832 r  system_i/clk_wiz_0/inst/mmcm_adv_inst/CLKOUT0
                         net (fo=1, routed)           1.691     4.524    system_i/clk_wiz_0/inst/clk_out1_system_clk_wiz_0_0
    BUFGCTRL_X0Y1        BUFG (Prop_bufg_I_O)         0.091     4.615 r  system_i/clk_wiz_0/inst/clkout1_buf/O
                         net (fo=5716, routed)        1.540     6.154    system_i/mipi_csi2_rx_subsyst_0/U0/rx/inst/AXI_LITE.reg_inf/gen_spkt_fifo/generic_pkt/gnuram_async_fifo.xpm_fifo_base_inst/gen_cdc_pntr.wr_pntr_cdc_inst/dest_clk
    SLICE_X64Y87         FDRE                                         r  system_i/mipi_csi2_rx_subsyst_0/U0/rx/inst/AXI_LITE.reg_inf/gen_spkt_fifo/generic_pkt/gnuram_async_fifo.xpm_fifo_base_inst/gen_cdc_pntr.wr_pntr_cdc_inst/dest_graysync_ff_reg[0][4]/C
                         clock pessimism              0.312     6.466    
    SLICE_X64Y87         FDRE (Setup_fdre_C_D)       -0.067     6.399    system_i/mipi_csi2_rx_subsyst_0/U0/rx/inst/AXI_LITE.reg_inf/gen_spkt_fifo/generic_pkt/gnuram_async_fifo.xpm_fifo_base_inst/gen_cdc_pntr.wr_pntr_cdc_inst/dest_graysync_ff_reg[0][4]
  -------------------------------------------------------------------
                         data arrival                           7.949    
                         clock arrival                          6.399    
  -------------------------------------------------------------------
                         relative delay                         1.550    

Reference path:
    Location             Delay type                Incr(ns)  Path(ns)    Netlist Resource(s)
  -------------------------------------------------------------------    -------------------
                         (clock clk_out2_system_clk_wiz_0_0 rise edge)
                                                      0.000     0.000 r  
    PS7_X0Y0             PS7                          0.000     0.000 r  system_i/processing_system7_0/inst/PS7_i/FCLKCLK[0]
                         net (fo=1, routed)           1.088     1.088    system_i/processing_system7_0/inst/FCLK_CLK_unbuffered[0]
    BUFGCTRL_X0Y16       BUFG (Prop_bufg_I_O)         0.091     1.179 r  system_i/processing_system7_0/inst/buffer_fclk_clk_0.FCLK_CLK_0_BUFG/O
                         net (fo=2, routed)           1.570     2.749    system_i/clk_wiz_0/inst/clk_in1
    MMCME2_ADV_X0Y0      MMCME2_ADV (Prop_mmcme2_adv_CLKIN1_CLKOUT1)
                                                      0.083     2.832 r  system_i/clk_wiz_0/inst/mmcm_adv_inst/CLKOUT1
                         net (fo=1, routed)           1.691     4.524    system_i/clk_wiz_0/inst/clk_out2_system_clk_wiz_0_0
    BUFGCTRL_X0Y0        BUFG (Prop_bufg_I_O)         0.091     4.615 r  system_i/clk_wiz_0/inst/clkout2_buf/O
                         net (fo=11380, routed)       1.542     6.156    system_i/mipi_csi2_rx_subsyst_0/U0/rx/inst/AXI_LITE.reg_inf/gen_spkt_fifo/generic_pkt/gnuram_async_fifo.xpm_fifo_base_inst/gen_cdc_pntr.wr_pntr_cdc_inst/src_clk
    SLICE_X67Y90         FDRE                                         r  system_i/mipi_csi2_rx_subsyst_0/U0/rx/inst/AXI_LITE.reg_inf/gen_spkt_fifo/generic_pkt/gnuram_async_fifo.xpm_fifo_base_inst/gen_cdc_pntr.wr_pntr_cdc_inst/src_gray_ff_reg[2]/C
  -------------------------------------------------------------------    -------------------
    SLICE_X67Y90         FDRE (Prop_fdre_C_Q)         0.367     6.523 r  system_i/mipi_csi2_rx_subsyst_0/U0/rx/inst/AXI_LITE.reg_inf/gen_spkt_fifo/generic_pkt/gnuram_async_fifo.xpm_fifo_base_inst/gen_cdc_pntr.wr_pntr_cdc_inst/src_gray_ff_reg[2]/Q
                         net (fo=1, routed)           0.361     6.884    system_i/mipi_csi2_rx_subsyst_0/U0/rx/inst/AXI_LITE.reg_inf/gen_spkt_fifo/generic_pkt/gnuram_async_fifo.xpm_fifo_base_inst/gen_cdc_pntr.wr_pntr_cdc_inst/async_path[2]
    SLICE_X67Y88         FDRE                                         r  system_i/mipi_csi2_rx_subsyst_0/U0/rx/inst/AXI_LITE.reg_inf/gen_spkt_fifo/generic_pkt/gnuram_async_fifo.xpm_fifo_base_inst/gen_cdc_pntr.wr_pntr_cdc_inst/dest_graysync_ff_reg[0][2]/D
  -------------------------------------------------------------------    -------------------

                         (clock clk_out1_system_clk_wiz_0_0 rise edge)
                                                      0.000     0.000 r  
    PS7_X0Y0             PS7                          0.000     0.000 r  system_i/processing_system7_0/inst/PS7_i/FCLKCLK[0]
                         net (fo=1, routed)           1.193     1.193    system_i/processing_system7_0/inst/FCLK_CLK_unbuffered[0]
    BUFGCTRL_X0Y16       BUFG (Prop_bufg_I_O)         0.101     1.294 r  system_i/processing_system7_0/inst/buffer_fclk_clk_0.FCLK_CLK_0_BUFG/O
                         net (fo=2, routed)           1.762     3.056    system_i/clk_wiz_0/inst/clk_in1
    MMCME2_ADV_X0Y0      MMCME2_ADV (Prop_mmcme2_adv_CLKIN1_CLKOUT0)
                                                      0.088     3.144 r  system_i/clk_wiz_0/inst/mmcm_adv_inst/CLKOUT0
                         net (fo=1, routed)           1.855     4.999    system_i/clk_wiz_0/inst/clk_out1_system_clk_wiz_0_0
    BUFGCTRL_X0Y1        BUFG (Prop_bufg_I_O)         0.101     5.100 r  system_i/clk_wiz_0/inst/clkout1_buf/O
                         net (fo=5716, routed)        1.715     6.815    system_i/mipi_csi2_rx_subsyst_0/U0/rx/inst/AXI_LITE.reg_inf/gen_spkt_fifo/generic_pkt/gnuram_async_fifo.xpm_fifo_base_inst/gen_cdc_pntr.wr_pntr_cdc_inst/dest_clk
    SLICE_X67Y88         FDRE                                         r  system_i/mipi_csi2_rx_subsyst_0/U0/rx/inst/AXI_LITE.reg_inf/gen_spkt_fifo/generic_pkt/gnuram_async_fifo.xpm_fifo_base_inst/gen_cdc_pntr.wr_pntr_cdc_inst/dest_graysync_ff_reg[0][2]/C
                         clock pessimism             -0.312     6.503    
    SLICE_X67Y88         FDRE (Hold_fdre_C_D)         0.170     6.673    system_i/mipi_csi2_rx_subsyst_0/U0/rx/inst/AXI_LITE.reg_inf/gen_spkt_fifo/generic_pkt/gnuram_async_fifo.xpm_fifo_base_inst/gen_cdc_pntr.wr_pntr_cdc_inst/dest_graysync_ff_reg[0][2]
  -------------------------------------------------------------------
                         data arrival                           6.884    
                         clock arrival                          6.674    
  -------------------------------------------------------------------
                         relative delay                         0.211    



Id: 3
set_bus_skew -from [get_cells [list {system_i/mipi_csi2_rx_subsyst_0/U0/rx/inst/AXI_LITE.reg_inf/gen_spkt_fifo/generic_pkt/gnuram_async_fifo.xpm_fifo_base_inst/gen_cdc_pntr.rd_pntr_cdc_inst/src_gray_ff_reg[0]} {system_i/mipi_csi2_rx_subsyst_0/U0/rx/inst/AXI_LITE.reg_inf/gen_spkt_fifo/generic_pkt/gnuram_async_fifo.xpm_fifo_base_inst/gen_cdc_pntr.rd_pntr_cdc_inst/src_gray_ff_reg[1]} {system_i/mipi_csi2_rx_subsyst_0/U0/rx/inst/AXI_LITE.reg_inf/gen_spkt_fifo/generic_pkt/gnuram_async_fifo.xpm_fifo_base_inst/gen_cdc_pntr.rd_pntr_cdc_inst/src_gray_ff_reg[2]} {system_i/mipi_csi2_rx_subsyst_0/U0/rx/inst/AXI_LITE.reg_inf/gen_spkt_fifo/generic_pkt/gnuram_async_fifo.xpm_fifo_base_inst/gen_cdc_pntr.rd_pntr_cdc_inst/src_gray_ff_reg[3]} {system_i/mipi_csi2_rx_subsyst_0/U0/rx/inst/AXI_LITE.reg_inf/gen_spkt_fifo/generic_pkt/gnuram_async_fifo.xpm_fifo_base_inst/gen_cdc_pntr.rd_pntr_cdc_inst/src_gray_ff_reg[4]}]] -to [get_cells [list {system_i/mipi_csi2_rx_subsyst_0/U0/rx/inst/AXI_LITE.reg_inf/gen_spkt_fifo/generic_pkt/gnuram_async_fifo.xpm_fifo_base_inst/gen_cdc_pntr.rd_pntr_cdc_inst/dest_graysync_ff_reg[0][0]} {system_i/mipi_csi2_rx_subsyst_0/U0/rx/inst/AXI_LITE.reg_inf/gen_spkt_fifo/generic_pkt/gnuram_async_fifo.xpm_fifo_base_inst/gen_cdc_pntr.rd_pntr_cdc_inst/dest_graysync_ff_reg[0][1]} {system_i/mipi_csi2_rx_subsyst_0/U0/rx/inst/AXI_LITE.reg_inf/gen_spkt_fifo/generic_pkt/gnuram_async_fifo.xpm_fifo_base_inst/gen_cdc_pntr.rd_pntr_cdc_inst/dest_graysync_ff_reg[0][2]} {system_i/mipi_csi2_rx_subsyst_0/U0/rx/inst/AXI_LITE.reg_inf/gen_spkt_fifo/generic_pkt/gnuram_async_fifo.xpm_fifo_base_inst/gen_cdc_pntr.rd_pntr_cdc_inst/dest_graysync_ff_reg[0][3]} {system_i/mipi_csi2_rx_subsyst_0/U0/rx/inst/AXI_LITE.reg_inf/gen_spkt_fifo/generic_pkt/gnuram_async_fifo.xpm_fifo_base_inst/gen_cdc_pntr.rd_pntr_cdc_inst/dest_graysync_ff_reg[0][4]}]] 6.667
Requirement: 6.667ns
Endpoints: 5

From Clock            To Clock              Endpoint Pin                    Reference Pin                   Corner  Actual(ns)  Slack(ns)
--------------------  --------------------  ------------------------------  ------------------------------  ------  ----------  ---------
clk_out1_system_clk_wiz_0_0
                      clk_out2_system_clk_wiz_0_0
                                            system_i/mipi_csi2_rx_subsyst_0/U0/rx/inst/AXI_LITE.reg_inf/gen_spkt_fifo/generic_pkt/gnuram_async_fifo.xpm_fifo_base_inst/gen_cdc_pntr.rd_pntr_cdc_inst/dest_graysync_ff_reg[0][3]/D
                                                                            system_i/mipi_csi2_rx_subsyst_0/U0/rx/inst/AXI_LITE.reg_inf/gen_spkt_fifo/generic_pkt/gnuram_async_fifo.xpm_fifo_base_inst/gen_cdc_pntr.rd_pntr_cdc_inst/dest_graysync_ff_reg[0][0]/D
                                                                                                            Slow         1.021      5.646


Slack (MET) :             5.646ns  (requirement - actual skew)
  Endpoint Source:        system_i/mipi_csi2_rx_subsyst_0/U0/rx/inst/AXI_LITE.reg_inf/gen_spkt_fifo/generic_pkt/gnuram_async_fifo.xpm_fifo_base_inst/gen_cdc_pntr.rd_pntr_cdc_inst/src_gray_ff_reg[3]/C
                            (rising edge-triggered cell FDRE clocked by clk_out1_system_clk_wiz_0_0)
  Endpoint Destination:   system_i/mipi_csi2_rx_subsyst_0/U0/rx/inst/AXI_LITE.reg_inf/gen_spkt_fifo/generic_pkt/gnuram_async_fifo.xpm_fifo_base_inst/gen_cdc_pntr.rd_pntr_cdc_inst/dest_graysync_ff_reg[0][3]/D
                            (rising edge-triggered cell FDRE clocked by clk_out2_system_clk_wiz_0_0)
  Reference Source:       system_i/mipi_csi2_rx_subsyst_0/U0/rx/inst/AXI_LITE.reg_inf/gen_spkt_fifo/generic_pkt/gnuram_async_fifo.xpm_fifo_base_inst/gen_cdc_pntr.rd_pntr_cdc_inst/src_gray_ff_reg[0]/C
                            (rising edge-triggered cell FDRE clocked by clk_out1_system_clk_wiz_0_0)
  Reference Destination:  system_i/mipi_csi2_rx_subsyst_0/U0/rx/inst/AXI_LITE.reg_inf/gen_spkt_fifo/generic_pkt/gnuram_async_fifo.xpm_fifo_base_inst/gen_cdc_pntr.rd_pntr_cdc_inst/dest_graysync_ff_reg[0][0]/D
                            (rising edge-triggered cell FDRE clocked by clk_out2_system_clk_wiz_0_0)
  Path Type:              Bus Skew (Max at Slow Process Corner)
  Requirement:            6.667ns
  Endpoint Relative Delay:    1.861ns
  Reference Relative Delay:   0.396ns
  Relative CRPR:              0.671ns
  Uncertainty:                0.227ns
  Actual Bus Skew:            1.021ns  (Endpoint Relative Delay - Reference Relative Delay - Relative CRPR + Uncertainty)

Endpoint path:
    Location             Delay type                Incr(ns)  Path(ns)    Netlist Resource(s)
  -------------------------------------------------------------------    -------------------
                         (clock clk_out1_system_clk_wiz_0_0 rise edge)
                                                      0.000     0.000 r  
    PS7_X0Y0             PS7                          0.000     0.000 r  system_i/processing_system7_0/inst/PS7_i/FCLKCLK[0]
                         net (fo=1, routed)           1.193     1.193    system_i/processing_system7_0/inst/FCLK_CLK_unbuffered[0]
    BUFGCTRL_X0Y16       BUFG (Prop_bufg_I_O)         0.101     1.294 r  system_i/processing_system7_0/inst/buffer_fclk_clk_0.FCLK_CLK_0_BUFG/O
                         net (fo=2, routed)           1.762     3.056    system_i/clk_wiz_0/inst/clk_in1
    MMCME2_ADV_X0Y0      MMCME2_ADV (Prop_mmcme2_adv_CLKIN1_CLKOUT0)
                                                      0.088     3.144 r  system_i/clk_wiz_0/inst/mmcm_adv_inst/CLKOUT0
                         net (fo=1, routed)           1.855     4.999    system_i/clk_wiz_0/inst/clk_out1_system_clk_wiz_0_0
    BUFGCTRL_X0Y1        BUFG (Prop_bufg_I_O)         0.101     5.100 r  system_i/clk_wiz_0/inst/clkout1_buf/O
                         net (fo=5716, routed)        1.716     6.816    system_i/mipi_csi2_rx_subsyst_0/U0/rx/inst/AXI_LITE.reg_inf/gen_spkt_fifo/generic_pkt/gnuram_async_fifo.xpm_fifo_base_inst/gen_cdc_pntr.rd_pntr_cdc_inst/src_clk
    SLICE_X62Y91         FDRE                                         r  system_i/mipi_csi2_rx_subsyst_0/U0/rx/inst/AXI_LITE.reg_inf/gen_spkt_fifo/generic_pkt/gnuram_async_fifo.xpm_fifo_base_inst/gen_cdc_pntr.rd_pntr_cdc_inst/src_gray_ff_reg[3]/C
  -------------------------------------------------------------------    -------------------
    SLICE_X62Y91         FDRE (Prop_fdre_C_Q)         0.478     7.294 r  system_i/mipi_csi2_rx_subsyst_0/U0/rx/inst/AXI_LITE.reg_inf/gen_spkt_fifo/generic_pkt/gnuram_async_fifo.xpm_fifo_base_inst/gen_cdc_pntr.rd_pntr_cdc_inst/src_gray_ff_reg[3]/Q
                         net (fo=1, routed)           0.807     8.101    system_i/mipi_csi2_rx_subsyst_0/U0/rx/inst/AXI_LITE.reg_inf/gen_spkt_fifo/generic_pkt/gnuram_async_fifo.xpm_fifo_base_inst/gen_cdc_pntr.rd_pntr_cdc_inst/async_path[3]
    SLICE_X62Y92         FDRE                                         r  system_i/mipi_csi2_rx_subsyst_0/U0/rx/inst/AXI_LITE.reg_inf/gen_spkt_fifo/generic_pkt/gnuram_async_fifo.xpm_fifo_base_inst/gen_cdc_pntr.rd_pntr_cdc_inst/dest_graysync_ff_reg[0][3]/D
  -------------------------------------------------------------------    -------------------

                         (clock clk_out2_system_clk_wiz_0_0 rise edge)
                                                      0.000     0.000 r  
    PS7_X0Y0             PS7                          0.000     0.000 r  system_i/processing_system7_0/inst/PS7_i/FCLKCLK[0]
                         net (fo=1, routed)           1.088     1.088    system_i/processing_system7_0/inst/FCLK_CLK_unbuffered[0]
    BUFGCTRL_X0Y16       BUFG (Prop_bufg_I_O)         0.091     1.179 r  system_i/processing_system7_0/inst/buffer_fclk_clk_0.FCLK_CLK_0_BUFG/O
                         net (fo=2, routed)           1.570     2.749    system_i/clk_wiz_0/inst/clk_in1
    MMCME2_ADV_X0Y0      MMCME2_ADV (Prop_mmcme2_adv_CLKIN1_CLKOUT1)
                                                      0.083     2.832 r  system_i/clk_wiz_0/inst/mmcm_adv_inst/CLKOUT1
                         net (fo=1, routed)           1.691     4.524    system_i/clk_wiz_0/inst/clk_out2_system_clk_wiz_0_0
    BUFGCTRL_X0Y0        BUFG (Prop_bufg_I_O)         0.091     4.615 r  system_i/clk_wiz_0/inst/clkout2_buf/O
                         net (fo=11380, routed)       1.542     6.156    system_i/mipi_csi2_rx_subsyst_0/U0/rx/inst/AXI_LITE.reg_inf/gen_spkt_fifo/generic_pkt/gnuram_async_fifo.xpm_fifo_base_inst/gen_cdc_pntr.rd_pntr_cdc_inst/dest_clk
    SLICE_X62Y92         FDRE                                         r  system_i/mipi_csi2_rx_subsyst_0/U0/rx/inst/AXI_LITE.reg_inf/gen_spkt_fifo/generic_pkt/gnuram_async_fifo.xpm_fifo_base_inst/gen_cdc_pntr.rd_pntr_cdc_inst/dest_graysync_ff_reg[0][3]/C
                         clock pessimism              0.312     6.468    
    SLICE_X62Y92         FDRE (Setup_fdre_C_D)       -0.228     6.240    system_i/mipi_csi2_rx_subsyst_0/U0/rx/inst/AXI_LITE.reg_inf/gen_spkt_fifo/generic_pkt/gnuram_async_fifo.xpm_fifo_base_inst/gen_cdc_pntr.rd_pntr_cdc_inst/dest_graysync_ff_reg[0][3]
  -------------------------------------------------------------------
                         data arrival                           8.101    
                         clock arrival                          6.240    
  -------------------------------------------------------------------
                         relative delay                         1.861    

Reference path:
    Location             Delay type                Incr(ns)  Path(ns)    Netlist Resource(s)
  -------------------------------------------------------------------    -------------------
                         (clock clk_out1_system_clk_wiz_0_0 rise edge)
                                                      0.000     0.000 r  
    PS7_X0Y0             PS7                          0.000     0.000 r  system_i/processing_system7_0/inst/PS7_i/FCLKCLK[0]
                         net (fo=1, routed)           1.088     1.088    system_i/processing_system7_0/inst/FCLK_CLK_unbuffered[0]
    BUFGCTRL_X0Y16       BUFG (Prop_bufg_I_O)         0.091     1.179 r  system_i/processing_system7_0/inst/buffer_fclk_clk_0.FCLK_CLK_0_BUFG/O
                         net (fo=2, routed)           1.570     2.749    system_i/clk_wiz_0/inst/clk_in1
    MMCME2_ADV_X0Y0      MMCME2_ADV (Prop_mmcme2_adv_CLKIN1_CLKOUT0)
                                                      0.083     2.832 r  system_i/clk_wiz_0/inst/mmcm_adv_inst/CLKOUT0
                         net (fo=1, routed)           1.691     4.524    system_i/clk_wiz_0/inst/clk_out1_system_clk_wiz_0_0
    BUFGCTRL_X0Y1        BUFG (Prop_bufg_I_O)         0.091     4.615 r  system_i/clk_wiz_0/inst/clkout1_buf/O
                         net (fo=5716, routed)        1.542     6.156    system_i/mipi_csi2_rx_subsyst_0/U0/rx/inst/AXI_LITE.reg_inf/gen_spkt_fifo/generic_pkt/gnuram_async_fifo.xpm_fifo_base_inst/gen_cdc_pntr.rd_pntr_cdc_inst/src_clk
    SLICE_X62Y91         FDRE                                         r  system_i/mipi_csi2_rx_subsyst_0/U0/rx/inst/AXI_LITE.reg_inf/gen_spkt_fifo/generic_pkt/gnuram_async_fifo.xpm_fifo_base_inst/gen_cdc_pntr.rd_pntr_cdc_inst/src_gray_ff_reg[0]/C
  -------------------------------------------------------------------    -------------------
    SLICE_X62Y91         FDRE (Prop_fdre_C_Q)         0.418     6.574 r  system_i/mipi_csi2_rx_subsyst_0/U0/rx/inst/AXI_LITE.reg_inf/gen_spkt_fifo/generic_pkt/gnuram_async_fifo.xpm_fifo_base_inst/gen_cdc_pntr.rd_pntr_cdc_inst/src_gray_ff_reg[0]/Q
                         net (fo=1, routed)           0.495     7.069    system_i/mipi_csi2_rx_subsyst_0/U0/rx/inst/AXI_LITE.reg_inf/gen_spkt_fifo/generic_pkt/gnuram_async_fifo.xpm_fifo_base_inst/gen_cdc_pntr.rd_pntr_cdc_inst/async_path[0]
    SLICE_X63Y91         FDRE                                         r  system_i/mipi_csi2_rx_subsyst_0/U0/rx/inst/AXI_LITE.reg_inf/gen_spkt_fifo/generic_pkt/gnuram_async_fifo.xpm_fifo_base_inst/gen_cdc_pntr.rd_pntr_cdc_inst/dest_graysync_ff_reg[0][0]/D
  -------------------------------------------------------------------    -------------------

                         (clock clk_out2_system_clk_wiz_0_0 rise edge)
                                                      0.000     0.000 r  
    PS7_X0Y0             PS7                          0.000     0.000 r  system_i/processing_system7_0/inst/PS7_i/FCLKCLK[0]
                         net (fo=1, routed)           1.193     1.193    system_i/processing_system7_0/inst/FCLK_CLK_unbuffered[0]
    BUFGCTRL_X0Y16       BUFG (Prop_bufg_I_O)         0.101     1.294 r  system_i/processing_system7_0/inst/buffer_fclk_clk_0.FCLK_CLK_0_BUFG/O
                         net (fo=2, routed)           1.762     3.056    system_i/clk_wiz_0/inst/clk_in1
    MMCME2_ADV_X0Y0      MMCME2_ADV (Prop_mmcme2_adv_CLKIN1_CLKOUT1)
                                                      0.088     3.144 r  system_i/clk_wiz_0/inst/mmcm_adv_inst/CLKOUT1
                         net (fo=1, routed)           1.855     4.999    system_i/clk_wiz_0/inst/clk_out2_system_clk_wiz_0_0
    BUFGCTRL_X0Y0        BUFG (Prop_bufg_I_O)         0.101     5.100 r  system_i/clk_wiz_0/inst/clkout2_buf/O
                         net (fo=11380, routed)       1.716     6.816    system_i/mipi_csi2_rx_subsyst_0/U0/rx/inst/AXI_LITE.reg_inf/gen_spkt_fifo/generic_pkt/gnuram_async_fifo.xpm_fifo_base_inst/gen_cdc_pntr.rd_pntr_cdc_inst/dest_clk
    SLICE_X63Y91         FDRE                                         r  system_i/mipi_csi2_rx_subsyst_0/U0/rx/inst/AXI_LITE.reg_inf/gen_spkt_fifo/generic_pkt/gnuram_async_fifo.xpm_fifo_base_inst/gen_cdc_pntr.rd_pntr_cdc_inst/dest_graysync_ff_reg[0][0]/C
                         clock pessimism             -0.312     6.504    
    SLICE_X63Y91         FDRE (Hold_fdre_C_D)         0.169     6.673    system_i/mipi_csi2_rx_subsyst_0/U0/rx/inst/AXI_LITE.reg_inf/gen_spkt_fifo/generic_pkt/gnuram_async_fifo.xpm_fifo_base_inst/gen_cdc_pntr.rd_pntr_cdc_inst/dest_graysync_ff_reg[0][0]
  -------------------------------------------------------------------
                         data arrival                           7.069    
                         clock arrival                          6.674    
  -------------------------------------------------------------------
                         relative delay                         0.396    



Id: 4
set_bus_skew -from [get_cells [list {system_i/mipi_csi2_rx_subsyst_0/U0/rx/inst/gen_pkt_fifo/pkt_fifo/gnuram_async_fifo.xpm_fifo_base_inst/gen_cdc_pntr.wr_pntr_cdc_inst/src_gray_ff_reg[0]} {system_i/mipi_csi2_rx_subsyst_0/U0/rx/inst/gen_pkt_fifo/pkt_fifo/gnuram_async_fifo.xpm_fifo_base_inst/gen_cdc_pntr.wr_pntr_cdc_inst/src_gray_ff_reg[1]} {system_i/mipi_csi2_rx_subsyst_0/U0/rx/inst/gen_pkt_fifo/pkt_fifo/gnuram_async_fifo.xpm_fifo_base_inst/gen_cdc_pntr.wr_pntr_cdc_inst/src_gray_ff_reg[2]} {system_i/mipi_csi2_rx_subsyst_0/U0/rx/inst/gen_pkt_fifo/pkt_fifo/gnuram_async_fifo.xpm_fifo_base_inst/gen_cdc_pntr.wr_pntr_cdc_inst/src_gray_ff_reg[3]} {system_i/mipi_csi2_rx_subsyst_0/U0/rx/inst/gen_pkt_fifo/pkt_fifo/gnuram_async_fifo.xpm_fifo_base_inst/gen_cdc_pntr.wr_pntr_cdc_inst/src_gray_ff_reg[4]}]] -to [get_cells [list {system_i/mipi_csi2_rx_subsyst_0/U0/rx/inst/gen_pkt_fifo/pkt_fifo/gnuram_async_fifo.xpm_fifo_base_inst/gen_cdc_pntr.wr_pntr_cdc_inst/dest_graysync_ff_reg[0][0]} {system_i/mipi_csi2_rx_subsyst_0/U0/rx/inst/gen_pkt_fifo/pkt_fifo/gnuram_async_fifo.xpm_fifo_base_inst/gen_cdc_pntr.wr_pntr_cdc_inst/dest_graysync_ff_reg[0][1]} {system_i/mipi_csi2_rx_subsyst_0/U0/rx/inst/gen_pkt_fifo/pkt_fifo/gnuram_async_fifo.xpm_fifo_base_inst/gen_cdc_pntr.wr_pntr_cdc_inst/dest_graysync_ff_reg[0][2]} {system_i/mipi_csi2_rx_subsyst_0/U0/rx/inst/gen_pkt_fifo/pkt_fifo/gnuram_async_fifo.xpm_fifo_base_inst/gen_cdc_pntr.wr_pntr_cdc_inst/dest_graysync_ff_reg[0][3]} {system_i/mipi_csi2_rx_subsyst_0/U0/rx/inst/gen_pkt_fifo/pkt_fifo/gnuram_async_fifo.xpm_fifo_base_inst/gen_cdc_pntr.wr_pntr_cdc_inst/dest_graysync_ff_reg[0][4]}]] 6.667
Requirement: 6.667ns
Endpoints: 5

From Clock            To Clock              Endpoint Pin                    Reference Pin                   Corner  Actual(ns)  Slack(ns)
--------------------  --------------------  ------------------------------  ------------------------------  ------  ----------  ---------
rxbyteclkhs           clk_out2_system_clk_wiz_0_0
                                            system_i/mipi_csi2_rx_subsyst_0/U0/rx/inst/gen_pkt_fifo/pkt_fifo/gnuram_async_fifo.xpm_fifo_base_inst/gen_cdc_pntr.wr_pntr_cdc_inst/dest_graysync_ff_reg[0][4]/D
                                                                            system_i/mipi_csi2_rx_subsyst_0/U0/rx/inst/gen_pkt_fifo/pkt_fifo/gnuram_async_fifo.xpm_fifo_base_inst/gen_cdc_pntr.wr_pntr_cdc_inst/dest_graysync_ff_reg[0][0]/D
                                                                                                            Slow         1.556      5.111


Slack (MET) :             5.111ns  (requirement - actual skew)
  Endpoint Source:        system_i/mipi_csi2_rx_subsyst_0/U0/rx/inst/gen_pkt_fifo/pkt_fifo/gnuram_async_fifo.xpm_fifo_base_inst/gen_cdc_pntr.wr_pntr_cdc_inst/src_gray_ff_reg[4]/C
                            (rising edge-triggered cell FDRE clocked by rxbyteclkhs)
  Endpoint Destination:   system_i/mipi_csi2_rx_subsyst_0/U0/rx/inst/gen_pkt_fifo/pkt_fifo/gnuram_async_fifo.xpm_fifo_base_inst/gen_cdc_pntr.wr_pntr_cdc_inst/dest_graysync_ff_reg[0][4]/D
                            (rising edge-triggered cell FDRE clocked by clk_out2_system_clk_wiz_0_0)
  Reference Source:       system_i/mipi_csi2_rx_subsyst_0/U0/rx/inst/gen_pkt_fifo/pkt_fifo/gnuram_async_fifo.xpm_fifo_base_inst/gen_cdc_pntr.wr_pntr_cdc_inst/src_gray_ff_reg[0]/C
                            (rising edge-triggered cell FDRE clocked by rxbyteclkhs)
  Reference Destination:  system_i/mipi_csi2_rx_subsyst_0/U0/rx/inst/gen_pkt_fifo/pkt_fifo/gnuram_async_fifo.xpm_fifo_base_inst/gen_cdc_pntr.wr_pntr_cdc_inst/dest_graysync_ff_reg[0][0]/D
                            (rising edge-triggered cell FDRE clocked by clk_out2_system_clk_wiz_0_0)
  Path Type:              Bus Skew (Max at Slow Process Corner)
  Requirement:            6.667ns
  Endpoint Relative Delay:   -0.998ns
  Reference Relative Delay:  -3.145ns
  Relative CRPR:              0.807ns
  Uncertainty:                0.217ns
  Actual Bus Skew:            1.556ns  (Endpoint Relative Delay - Reference Relative Delay - Relative CRPR + Uncertainty)

Endpoint path:
    Location             Delay type                Incr(ns)  Path(ns)    Netlist Resource(s)
  -------------------------------------------------------------------    -------------------
                         (clock rxbyteclkhs rise edge)
                                                      0.000     0.000 r  
    N19                                               0.000     0.000 r  MIPI_DPHY_clk_hs_p (IN)
                         net (fo=0)                   0.000     0.000    system_i/mipi_csi2_rx_subsyst_0/U0/phy/inst/inst/bd_22c6_phy_0_rx_support_i/slave_rx.bd_22c6_phy_0_rx_ioi_i/clk_hs_rxp
    N19                  IBUFDS (Prop_ibufds_I_O)     0.935     0.935 r  system_i/mipi_csi2_rx_subsyst_0/U0/phy/inst/inst/bd_22c6_phy_0_rx_support_i/slave_rx.bd_22c6_phy_0_rx_ioi_i/ibufds_clk_inst/O
                         net (fo=2, routed)           0.510     1.445    system_i/mipi_csi2_rx_subsyst_0/U0/phy/inst/inst/bd_22c6_phy_0_rx_support_i/slave_rx.bd_22c6_phy_0_rx_ioi_i/clk_in_int
    BUFR_X1Y5            BUFR (Prop_bufr_I_O)         1.032     2.477 r  system_i/mipi_csi2_rx_subsyst_0/U0/phy/inst/inst/bd_22c6_phy_0_rx_support_i/slave_rx.bd_22c6_phy_0_rx_ioi_i/clkout_buf_inst/O
                         net (fo=517, routed)         0.962     3.439    system_i/mipi_csi2_rx_subsyst_0/U0/rx/inst/gen_pkt_fifo/pkt_fifo/gnuram_async_fifo.xpm_fifo_base_inst/gen_cdc_pntr.wr_pntr_cdc_inst/src_clk
    SLICE_X86Y85         FDRE                                         r  system_i/mipi_csi2_rx_subsyst_0/U0/rx/inst/gen_pkt_fifo/pkt_fifo/gnuram_async_fifo.xpm_fifo_base_inst/gen_cdc_pntr.wr_pntr_cdc_inst/src_gray_ff_reg[4]/C
  -------------------------------------------------------------------    -------------------
    SLICE_X86Y85         FDRE (Prop_fdre_C_Q)         0.518     3.957 r  system_i/mipi_csi2_rx_subsyst_0/U0/rx/inst/gen_pkt_fifo/pkt_fifo/gnuram_async_fifo.xpm_fifo_base_inst/gen_cdc_pntr.wr_pntr_cdc_inst/src_gray_ff_reg[4]/Q
                         net (fo=1, routed)           1.097     5.055    system_i/mipi_csi2_rx_subsyst_0/U0/rx/inst/gen_pkt_fifo/pkt_fifo/gnuram_async_fifo.xpm_fifo_base_inst/gen_cdc_pntr.wr_pntr_cdc_inst/async_path[4]
    SLICE_X85Y85         FDRE                                         r  system_i/mipi_csi2_rx_subsyst_0/U0/rx/inst/gen_pkt_fifo/pkt_fifo/gnuram_async_fifo.xpm_fifo_base_inst/gen_cdc_pntr.wr_pntr_cdc_inst/dest_graysync_ff_reg[0][4]/D
  -------------------------------------------------------------------    -------------------

                         (clock clk_out2_system_clk_wiz_0_0 rise edge)
                                                      0.000     0.000 r  
    PS7_X0Y0             PS7                          0.000     0.000 r  system_i/processing_system7_0/inst/PS7_i/FCLKCLK[0]
                         net (fo=1, routed)           1.088     1.088    system_i/processing_system7_0/inst/FCLK_CLK_unbuffered[0]
    BUFGCTRL_X0Y16       BUFG (Prop_bufg_I_O)         0.091     1.179 r  system_i/processing_system7_0/inst/buffer_fclk_clk_0.FCLK_CLK_0_BUFG/O
                         net (fo=2, routed)           1.570     2.749    system_i/clk_wiz_0/inst/clk_in1
    MMCME2_ADV_X0Y0      MMCME2_ADV (Prop_mmcme2_adv_CLKIN1_CLKOUT1)
                                                      0.083     2.832 r  system_i/clk_wiz_0/inst/mmcm_adv_inst/CLKOUT1
                         net (fo=1, routed)           1.691     4.524    system_i/clk_wiz_0/inst/clk_out2_system_clk_wiz_0_0
    BUFGCTRL_X0Y0        BUFG (Prop_bufg_I_O)         0.091     4.615 r  system_i/clk_wiz_0/inst/clkout2_buf/O
                         net (fo=11380, routed)       1.544     6.158    system_i/mipi_csi2_rx_subsyst_0/U0/rx/inst/gen_pkt_fifo/pkt_fifo/gnuram_async_fifo.xpm_fifo_base_inst/gen_cdc_pntr.wr_pntr_cdc_inst/dest_clk
    SLICE_X85Y85         FDRE                                         r  system_i/mipi_csi2_rx_subsyst_0/U0/rx/inst/gen_pkt_fifo/pkt_fifo/gnuram_async_fifo.xpm_fifo_base_inst/gen_cdc_pntr.wr_pntr_cdc_inst/dest_graysync_ff_reg[0][4]/C
                         clock pessimism              0.000     6.158    
    SLICE_X85Y85         FDRE (Setup_fdre_C_D)       -0.105     6.053    system_i/mipi_csi2_rx_subsyst_0/U0/rx/inst/gen_pkt_fifo/pkt_fifo/gnuram_async_fifo.xpm_fifo_base_inst/gen_cdc_pntr.wr_pntr_cdc_inst/dest_graysync_ff_reg[0][4]
  -------------------------------------------------------------------
                         data arrival                           5.055    
                         clock arrival                          6.053    
  -------------------------------------------------------------------
                         relative delay                        -0.998    

Reference path:
    Location             Delay type                Incr(ns)  Path(ns)    Netlist Resource(s)
  -------------------------------------------------------------------    -------------------
                         (clock rxbyteclkhs rise edge)
                                                      0.000     0.000 r  
    N19                                               0.000     0.000 r  MIPI_DPHY_clk_hs_p (IN)
                         net (fo=0)                   0.000     0.000    system_i/mipi_csi2_rx_subsyst_0/U0/phy/inst/inst/bd_22c6_phy_0_rx_support_i/slave_rx.bd_22c6_phy_0_rx_ioi_i/clk_hs_rxp
    N19                  IBUFDS (Prop_ibufds_I_O)     0.892     0.892 r  system_i/mipi_csi2_rx_subsyst_0/U0/phy/inst/inst/bd_22c6_phy_0_rx_support_i/slave_rx.bd_22c6_phy_0_rx_ioi_i/ibufds_clk_inst/O
                         net (fo=2, routed)           0.459     1.351    system_i/mipi_csi2_rx_subsyst_0/U0/phy/inst/inst/bd_22c6_phy_0_rx_support_i/slave_rx.bd_22c6_phy_0_rx_ioi_i/clk_in_int
    BUFR_X1Y5            BUFR (Prop_bufr_I_O)         0.919     2.270 r  system_i/mipi_csi2_rx_subsyst_0/U0/phy/inst/inst/bd_22c6_phy_0_rx_support_i/slave_rx.bd_22c6_phy_0_rx_ioi_i/clkout_buf_inst/O
                         net (fo=517, routed)         0.820     3.090    system_i/mipi_csi2_rx_subsyst_0/U0/rx/inst/gen_pkt_fifo/pkt_fifo/gnuram_async_fifo.xpm_fifo_base_inst/gen_cdc_pntr.wr_pntr_cdc_inst/src_clk
    SLICE_X91Y83         FDRE                                         r  system_i/mipi_csi2_rx_subsyst_0/U0/rx/inst/gen_pkt_fifo/pkt_fifo/gnuram_async_fifo.xpm_fifo_base_inst/gen_cdc_pntr.wr_pntr_cdc_inst/src_gray_ff_reg[0]/C
  -------------------------------------------------------------------    -------------------
    SLICE_X91Y83         FDRE (Prop_fdre_C_Q)         0.367     3.457 r  system_i/mipi_csi2_rx_subsyst_0/U0/rx/inst/gen_pkt_fifo/pkt_fifo/gnuram_async_fifo.xpm_fifo_base_inst/gen_cdc_pntr.wr_pntr_cdc_inst/src_gray_ff_reg[0]/Q
                         net (fo=1, routed)           0.512     3.969    system_i/mipi_csi2_rx_subsyst_0/U0/rx/inst/gen_pkt_fifo/pkt_fifo/gnuram_async_fifo.xpm_fifo_base_inst/gen_cdc_pntr.wr_pntr_cdc_inst/async_path[0]
    SLICE_X92Y85         FDRE                                         r  system_i/mipi_csi2_rx_subsyst_0/U0/rx/inst/gen_pkt_fifo/pkt_fifo/gnuram_async_fifo.xpm_fifo_base_inst/gen_cdc_pntr.wr_pntr_cdc_inst/dest_graysync_ff_reg[0][0]/D
  -------------------------------------------------------------------    -------------------

                         (clock clk_out2_system_clk_wiz_0_0 rise edge)
                                                      0.000     0.000 r  
    PS7_X0Y0             PS7                          0.000     0.000 r  system_i/processing_system7_0/inst/PS7_i/FCLKCLK[0]
                         net (fo=1, routed)           1.193     1.193    system_i/processing_system7_0/inst/FCLK_CLK_unbuffered[0]
    BUFGCTRL_X0Y16       BUFG (Prop_bufg_I_O)         0.101     1.294 r  system_i/processing_system7_0/inst/buffer_fclk_clk_0.FCLK_CLK_0_BUFG/O
                         net (fo=2, routed)           1.762     3.056    system_i/clk_wiz_0/inst/clk_in1
    MMCME2_ADV_X0Y0      MMCME2_ADV (Prop_mmcme2_adv_CLKIN1_CLKOUT1)
                                                      0.088     3.144 r  system_i/clk_wiz_0/inst/mmcm_adv_inst/CLKOUT1
                         net (fo=1, routed)           1.855     4.999    system_i/clk_wiz_0/inst/clk_out2_system_clk_wiz_0_0
    BUFGCTRL_X0Y0        BUFG (Prop_bufg_I_O)         0.101     5.100 r  system_i/clk_wiz_0/inst/clkout2_buf/O
                         net (fo=11380, routed)       1.781     6.881    system_i/mipi_csi2_rx_subsyst_0/U0/rx/inst/gen_pkt_fifo/pkt_fifo/gnuram_async_fifo.xpm_fifo_base_inst/gen_cdc_pntr.wr_pntr_cdc_inst/dest_clk
    SLICE_X92Y85         FDRE                                         r  system_i/mipi_csi2_rx_subsyst_0/U0/rx/inst/gen_pkt_fifo/pkt_fifo/gnuram_async_fifo.xpm_fifo_base_inst/gen_cdc_pntr.wr_pntr_cdc_inst/dest_graysync_ff_reg[0][0]/C
                         clock pessimism              0.000     6.881    
    SLICE_X92Y85         FDRE (Hold_fdre_C_D)         0.233     7.114    system_i/mipi_csi2_rx_subsyst_0/U0/rx/inst/gen_pkt_fifo/pkt_fifo/gnuram_async_fifo.xpm_fifo_base_inst/gen_cdc_pntr.wr_pntr_cdc_inst/dest_graysync_ff_reg[0][0]
  -------------------------------------------------------------------
                         data arrival                           3.969    
                         clock arrival                          7.114    
  -------------------------------------------------------------------
                         relative delay                        -3.145    



Id: 5
set_bus_skew -from [get_cells [list {system_i/v_axi4s_vid_out_0/inst/COUPLER_INST/generate_async_fifo.FIFO_INST/XPM_FIFO_ASYNC_INST/gnuram_async_fifo.xpm_fifo_base_inst/gen_cdc_pntr.rd_pntr_cdc_inst/src_gray_ff_reg[0]} \
          {system_i/v_axi4s_vid_out_0/inst/COUPLER_INST/generate_async_fifo.FIFO_INST/XPM_FIFO_ASYNC_INST/gnuram_async_fifo.xpm_fifo_base_inst/gen_cdc_pntr.rd_pntr_cdc_inst/src_gray_ff_reg[10]} \
          {system_i/v_axi4s_vid_out_0/inst/COUPLER_INST/generate_async_fifo.FIFO_INST/XPM_FIFO_ASYNC_INST/gnuram_async_fifo.xpm_fifo_base_inst/gen_cdc_pntr.rd_pntr_cdc_inst/src_gray_ff_reg[11]} \
          {system_i/v_axi4s_vid_out_0/inst/COUPLER_INST/generate_async_fifo.FIFO_INST/XPM_FIFO_ASYNC_INST/gnuram_async_fifo.xpm_fifo_base_inst/gen_cdc_pntr.rd_pntr_cdc_inst/src_gray_ff_reg[1]} \
          {system_i/v_axi4s_vid_out_0/inst/COUPLER_INST/generate_async_fifo.FIFO_INST/XPM_FIFO_ASYNC_INST/gnuram_async_fifo.xpm_fifo_base_inst/gen_cdc_pntr.rd_pntr_cdc_inst/src_gray_ff_reg[2]} \
          {system_i/v_axi4s_vid_out_0/inst/COUPLER_INST/generate_async_fifo.FIFO_INST/XPM_FIFO_ASYNC_INST/gnuram_async_fifo.xpm_fifo_base_inst/gen_cdc_pntr.rd_pntr_cdc_inst/src_gray_ff_reg[3]} \
          {system_i/v_axi4s_vid_out_0/inst/COUPLER_INST/generate_async_fifo.FIFO_INST/XPM_FIFO_ASYNC_INST/gnuram_async_fifo.xpm_fifo_base_inst/gen_cdc_pntr.rd_pntr_cdc_inst/src_gray_ff_reg[4]} \
          {system_i/v_axi4s_vid_out_0/inst/COUPLER_INST/generate_async_fifo.FIFO_INST/XPM_FIFO_ASYNC_INST/gnuram_async_fifo.xpm_fifo_base_inst/gen_cdc_pntr.rd_pntr_cdc_inst/src_gray_ff_reg[5]} \
          {system_i/v_axi4s_vid_out_0/inst/COUPLER_INST/generate_async_fifo.FIFO_INST/XPM_FIFO_ASYNC_INST/gnuram_async_fifo.xpm_fifo_base_inst/gen_cdc_pntr.rd_pntr_cdc_inst/src_gray_ff_reg[6]} \
          {system_i/v_axi4s_vid_out_0/inst/COUPLER_INST/generate_async_fifo.FIFO_INST/XPM_FIFO_ASYNC_INST/gnuram_async_fifo.xpm_fifo_base_inst/gen_cdc_pntr.rd_pntr_cdc_inst/src_gray_ff_reg[7]} \
          {system_i/v_axi4s_vid_out_0/inst/COUPLER_INST/generate_async_fifo.FIFO_INST/XPM_FIFO_ASYNC_INST/gnuram_async_fifo.xpm_fifo_base_inst/gen_cdc_pntr.rd_pntr_cdc_inst/src_gray_ff_reg[8]} \
          {system_i/v_axi4s_vid_out_0/inst/COUPLER_INST/generate_async_fifo.FIFO_INST/XPM_FIFO_ASYNC_INST/gnuram_async_fifo.xpm_fifo_base_inst/gen_cdc_pntr.rd_pntr_cdc_inst/src_gray_ff_reg[9]}]] -to [get_cells [list {system_i/v_axi4s_vid_out_0/inst/COUPLER_INST/generate_async_fifo.FIFO_INST/XPM_FIFO_ASYNC_INST/gnuram_async_fifo.xpm_fifo_base_inst/gen_cdc_pntr.rd_pntr_cdc_inst/dest_graysync_ff_reg[0][0]} \
          {system_i/v_axi4s_vid_out_0/inst/COUPLER_INST/generate_async_fifo.FIFO_INST/XPM_FIFO_ASYNC_INST/gnuram_async_fifo.xpm_fifo_base_inst/gen_cdc_pntr.rd_pntr_cdc_inst/dest_graysync_ff_reg[0][10]} \
          {system_i/v_axi4s_vid_out_0/inst/COUPLER_INST/generate_async_fifo.FIFO_INST/XPM_FIFO_ASYNC_INST/gnuram_async_fifo.xpm_fifo_base_inst/gen_cdc_pntr.rd_pntr_cdc_inst/dest_graysync_ff_reg[0][11]} \
          {system_i/v_axi4s_vid_out_0/inst/COUPLER_INST/generate_async_fifo.FIFO_INST/XPM_FIFO_ASYNC_INST/gnuram_async_fifo.xpm_fifo_base_inst/gen_cdc_pntr.rd_pntr_cdc_inst/dest_graysync_ff_reg[0][1]} \
          {system_i/v_axi4s_vid_out_0/inst/COUPLER_INST/generate_async_fifo.FIFO_INST/XPM_FIFO_ASYNC_INST/gnuram_async_fifo.xpm_fifo_base_inst/gen_cdc_pntr.rd_pntr_cdc_inst/dest_graysync_ff_reg[0][2]} \
          {system_i/v_axi4s_vid_out_0/inst/COUPLER_INST/generate_async_fifo.FIFO_INST/XPM_FIFO_ASYNC_INST/gnuram_async_fifo.xpm_fifo_base_inst/gen_cdc_pntr.rd_pntr_cdc_inst/dest_graysync_ff_reg[0][3]} \
          {system_i/v_axi4s_vid_out_0/inst/COUPLER_INST/generate_async_fifo.FIFO_INST/XPM_FIFO_ASYNC_INST/gnuram_async_fifo.xpm_fifo_base_inst/gen_cdc_pntr.rd_pntr_cdc_inst/dest_graysync_ff_reg[0][4]} \
          {system_i/v_axi4s_vid_out_0/inst/COUPLER_INST/generate_async_fifo.FIFO_INST/XPM_FIFO_ASYNC_INST/gnuram_async_fifo.xpm_fifo_base_inst/gen_cdc_pntr.rd_pntr_cdc_inst/dest_graysync_ff_reg[0][5]} \
          {system_i/v_axi4s_vid_out_0/inst/COUPLER_INST/generate_async_fifo.FIFO_INST/XPM_FIFO_ASYNC_INST/gnuram_async_fifo.xpm_fifo_base_inst/gen_cdc_pntr.rd_pntr_cdc_inst/dest_graysync_ff_reg[0][6]} \
          {system_i/v_axi4s_vid_out_0/inst/COUPLER_INST/generate_async_fifo.FIFO_INST/XPM_FIFO_ASYNC_INST/gnuram_async_fifo.xpm_fifo_base_inst/gen_cdc_pntr.rd_pntr_cdc_inst/dest_graysync_ff_reg[0][7]} \
          {system_i/v_axi4s_vid_out_0/inst/COUPLER_INST/generate_async_fifo.FIFO_INST/XPM_FIFO_ASYNC_INST/gnuram_async_fifo.xpm_fifo_base_inst/gen_cdc_pntr.rd_pntr_cdc_inst/dest_graysync_ff_reg[0][8]} \
          {system_i/v_axi4s_vid_out_0/inst/COUPLER_INST/generate_async_fifo.FIFO_INST/XPM_FIFO_ASYNC_INST/gnuram_async_fifo.xpm_fifo_base_inst/gen_cdc_pntr.rd_pntr_cdc_inst/dest_graysync_ff_reg[0][9]}]] 6.667
Requirement: 6.667ns
Endpoints: 12

From Clock            To Clock              Endpoint Pin                    Reference Pin                   Corner  Actual(ns)  Slack(ns)
--------------------  --------------------  ------------------------------  ------------------------------  ------  ----------  ---------
pixel_dynclk          clk_out2_system_clk_wiz_0_0
                                            system_i/v_axi4s_vid_out_0/inst/COUPLER_INST/generate_async_fifo.FIFO_INST/XPM_FIFO_ASYNC_INST/gnuram_async_fifo.xpm_fifo_base_inst/gen_cdc_pntr.rd_pntr_cdc_inst/dest_graysync_ff_reg[0][3]/D
                                                                            system_i/v_axi4s_vid_out_0/inst/COUPLER_INST/generate_async_fifo.FIFO_INST/XPM_FIFO_ASYNC_INST/gnuram_async_fifo.xpm_fifo_base_inst/gen_cdc_pntr.rd_pntr_cdc_inst/dest_graysync_ff_reg[0][11]/D
                                                                                                            Slow         1.461      5.206


Slack (MET) :             5.206ns  (requirement - actual skew)
  Endpoint Source:        system_i/v_axi4s_vid_out_0/inst/COUPLER_INST/generate_async_fifo.FIFO_INST/XPM_FIFO_ASYNC_INST/gnuram_async_fifo.xpm_fifo_base_inst/gen_cdc_pntr.rd_pntr_cdc_inst/src_gray_ff_reg[3]/C
                            (rising edge-triggered cell FDRE clocked by pixel_dynclk)
  Endpoint Destination:   system_i/v_axi4s_vid_out_0/inst/COUPLER_INST/generate_async_fifo.FIFO_INST/XPM_FIFO_ASYNC_INST/gnuram_async_fifo.xpm_fifo_base_inst/gen_cdc_pntr.rd_pntr_cdc_inst/dest_graysync_ff_reg[0][3]/D
                            (rising edge-triggered cell FDRE clocked by clk_out2_system_clk_wiz_0_0)
  Reference Source:       system_i/v_axi4s_vid_out_0/inst/COUPLER_INST/generate_async_fifo.FIFO_INST/XPM_FIFO_ASYNC_INST/gnuram_async_fifo.xpm_fifo_base_inst/gen_cdc_pntr.rd_pntr_cdc_inst/src_gray_ff_reg[11]/C
                            (rising edge-triggered cell FDRE clocked by pixel_dynclk)
  Reference Destination:  system_i/v_axi4s_vid_out_0/inst/COUPLER_INST/generate_async_fifo.FIFO_INST/XPM_FIFO_ASYNC_INST/gnuram_async_fifo.xpm_fifo_base_inst/gen_cdc_pntr.rd_pntr_cdc_inst/dest_graysync_ff_reg[0][11]/D
                            (rising edge-triggered cell FDRE clocked by clk_out2_system_clk_wiz_0_0)
  Path Type:              Bus Skew (Max at Slow Process Corner)
  Requirement:            6.667ns
  Endpoint Relative Delay:   -3.759ns
  Reference Relative Delay:  -5.220ns
  Relative CRPR:              0.543ns
  Uncertainty:                0.543ns
  Actual Bus Skew:            1.461ns  (Endpoint Relative Delay - Reference Relative Delay - Relative CRPR + Uncertainty)

Endpoint path:
    Location             Delay type                Incr(ns)  Path(ns)    Netlist Resource(s)
  -------------------------------------------------------------------    -------------------
                         (clock pixel_dynclk rise edge)
                                                      0.000     0.000 r  
    BUFR_X1Y1            BUFR                         0.000     0.000 r  system_i/DVIClocking_0/U0/PixelClkBuffer/O
                         net (fo=2537, routed)        1.013     1.013    system_i/v_axi4s_vid_out_0/inst/COUPLER_INST/generate_async_fifo.FIFO_INST/XPM_FIFO_ASYNC_INST/gnuram_async_fifo.xpm_fifo_base_inst/gen_cdc_pntr.rd_pntr_cdc_inst/src_clk
    SLICE_X52Y19         FDRE                                         r  system_i/v_axi4s_vid_out_0/inst/COUPLER_INST/generate_async_fifo.FIFO_INST/XPM_FIFO_ASYNC_INST/gnuram_async_fifo.xpm_fifo_base_inst/gen_cdc_pntr.rd_pntr_cdc_inst/src_gray_ff_reg[3]/C
  -------------------------------------------------------------------    -------------------
    SLICE_X52Y19         FDRE (Prop_fdre_C_Q)         0.419     1.432 r  system_i/v_axi4s_vid_out_0/inst/COUPLER_INST/generate_async_fifo.FIFO_INST/XPM_FIFO_ASYNC_INST/gnuram_async_fifo.xpm_fifo_base_inst/gen_cdc_pntr.rd_pntr_cdc_inst/src_gray_ff_reg[3]/Q
                         net (fo=1, routed)           0.623     2.055    system_i/v_axi4s_vid_out_0/inst/COUPLER_INST/generate_async_fifo.FIFO_INST/XPM_FIFO_ASYNC_INST/gnuram_async_fifo.xpm_fifo_base_inst/gen_cdc_pntr.rd_pntr_cdc_inst/async_path[3]
    SLICE_X51Y21         FDRE                                         r  system_i/v_axi4s_vid_out_0/inst/COUPLER_INST/generate_async_fifo.FIFO_INST/XPM_FIFO_ASYNC_INST/gnuram_async_fifo.xpm_fifo_base_inst/gen_cdc_pntr.rd_pntr_cdc_inst/dest_graysync_ff_reg[0][3]/D
  -------------------------------------------------------------------    -------------------

                         (clock clk_out2_system_clk_wiz_0_0 rise edge)
                                                      0.000     0.000 r  
    PS7_X0Y0             PS7                          0.000     0.000 r  system_i/processing_system7_0/inst/PS7_i/FCLKCLK[0]
                         net (fo=1, routed)           1.088     1.088    system_i/processing_system7_0/inst/FCLK_CLK_unbuffered[0]
    BUFGCTRL_X0Y16       BUFG (Prop_bufg_I_O)         0.091     1.179 r  system_i/processing_system7_0/inst/buffer_fclk_clk_0.FCLK_CLK_0_BUFG/O
                         net (fo=2, routed)           1.570     2.749    system_i/clk_wiz_0/inst/clk_in1
    MMCME2_ADV_X0Y0      MMCME2_ADV (Prop_mmcme2_adv_CLKIN1_CLKOUT1)
                                                      0.083     2.832 r  system_i/clk_wiz_0/inst/mmcm_adv_inst/CLKOUT1
                         net (fo=1, routed)           1.691     4.524    system_i/clk_wiz_0/inst/clk_out2_system_clk_wiz_0_0
    BUFGCTRL_X0Y0        BUFG (Prop_bufg_I_O)         0.091     4.615 r  system_i/clk_wiz_0/inst/clkout2_buf/O
                         net (fo=11380, routed)       1.467     6.082    system_i/v_axi4s_vid_out_0/inst/COUPLER_INST/generate_async_fifo.FIFO_INST/XPM_FIFO_ASYNC_INST/gnuram_async_fifo.xpm_fifo_base_inst/gen_cdc_pntr.rd_pntr_cdc_inst/dest_clk
    SLICE_X51Y21         FDRE                                         r  system_i/v_axi4s_vid_out_0/inst/COUPLER_INST/generate_async_fifo.FIFO_INST/XPM_FIFO_ASYNC_INST/gnuram_async_fifo.xpm_fifo_base_inst/gen_cdc_pntr.rd_pntr_cdc_inst/dest_graysync_ff_reg[0][3]/C
                         clock pessimism              0.000     6.082    
    SLICE_X51Y21         FDRE (Setup_fdre_C_D)       -0.268     5.814    system_i/v_axi4s_vid_out_0/inst/COUPLER_INST/generate_async_fifo.FIFO_INST/XPM_FIFO_ASYNC_INST/gnuram_async_fifo.xpm_fifo_base_inst/gen_cdc_pntr.rd_pntr_cdc_inst/dest_graysync_ff_reg[0][3]
  -------------------------------------------------------------------
                         data arrival                           2.055    
                         clock arrival                          5.814    
  -------------------------------------------------------------------
                         relative delay                        -3.759    

Reference path:
    Location             Delay type                Incr(ns)  Path(ns)    Netlist Resource(s)
  -------------------------------------------------------------------    -------------------
                         (clock pixel_dynclk rise edge)
                                                      0.000     0.000 r  
    BUFR_X1Y1            BUFR                         0.000     0.000 r  system_i/DVIClocking_0/U0/PixelClkBuffer/O
                         net (fo=2537, routed)        0.939     0.939    system_i/v_axi4s_vid_out_0/inst/COUPLER_INST/generate_async_fifo.FIFO_INST/XPM_FIFO_ASYNC_INST/gnuram_async_fifo.xpm_fifo_base_inst/gen_cdc_pntr.rd_pntr_cdc_inst/src_clk
    SLICE_X50Y24         FDRE                                         r  system_i/v_axi4s_vid_out_0/inst/COUPLER_INST/generate_async_fifo.FIFO_INST/XPM_FIFO_ASYNC_INST/gnuram_async_fifo.xpm_fifo_base_inst/gen_cdc_pntr.rd_pntr_cdc_inst/src_gray_ff_reg[11]/C
  -------------------------------------------------------------------    -------------------
    SLICE_X50Y24         FDRE (Prop_fdre_C_Q)         0.418     1.357 r  system_i/v_axi4s_vid_out_0/inst/COUPLER_INST/generate_async_fifo.FIFO_INST/XPM_FIFO_ASYNC_INST/gnuram_async_fifo.xpm_fifo_base_inst/gen_cdc_pntr.rd_pntr_cdc_inst/src_gray_ff_reg[11]/Q
                         net (fo=1, routed)           0.398     1.755    system_i/v_axi4s_vid_out_0/inst/COUPLER_INST/generate_async_fifo.FIFO_INST/XPM_FIFO_ASYNC_INST/gnuram_async_fifo.xpm_fifo_base_inst/gen_cdc_pntr.rd_pntr_cdc_inst/async_path[11]
    SLICE_X46Y24         FDRE                                         r  system_i/v_axi4s_vid_out_0/inst/COUPLER_INST/generate_async_fifo.FIFO_INST/XPM_FIFO_ASYNC_INST/gnuram_async_fifo.xpm_fifo_base_inst/gen_cdc_pntr.rd_pntr_cdc_inst/dest_graysync_ff_reg[0][11]/D
  -------------------------------------------------------------------    -------------------

                         (clock clk_out2_system_clk_wiz_0_0 rise edge)
                                                      0.000     0.000 r  
    PS7_X0Y0             PS7                          0.000     0.000 r  system_i/processing_system7_0/inst/PS7_i/FCLKCLK[0]
                         net (fo=1, routed)           1.193     1.193    system_i/processing_system7_0/inst/FCLK_CLK_unbuffered[0]
    BUFGCTRL_X0Y16       BUFG (Prop_bufg_I_O)         0.101     1.294 r  system_i/processing_system7_0/inst/buffer_fclk_clk_0.FCLK_CLK_0_BUFG/O
                         net (fo=2, routed)           1.762     3.056    system_i/clk_wiz_0/inst/clk_in1
    MMCME2_ADV_X0Y0      MMCME2_ADV (Prop_mmcme2_adv_CLKIN1_CLKOUT1)
                                                      0.088     3.144 r  system_i/clk_wiz_0/inst/mmcm_adv_inst/CLKOUT1
                         net (fo=1, routed)           1.855     4.999    system_i/clk_wiz_0/inst/clk_out2_system_clk_wiz_0_0
    BUFGCTRL_X0Y0        BUFG (Prop_bufg_I_O)         0.101     5.100 r  system_i/clk_wiz_0/inst/clkout2_buf/O
                         net (fo=11380, routed)       1.645     6.745    system_i/v_axi4s_vid_out_0/inst/COUPLER_INST/generate_async_fifo.FIFO_INST/XPM_FIFO_ASYNC_INST/gnuram_async_fifo.xpm_fifo_base_inst/gen_cdc_pntr.rd_pntr_cdc_inst/dest_clk
    SLICE_X46Y24         FDRE                                         r  system_i/v_axi4s_vid_out_0/inst/COUPLER_INST/generate_async_fifo.FIFO_INST/XPM_FIFO_ASYNC_INST/gnuram_async_fifo.xpm_fifo_base_inst/gen_cdc_pntr.rd_pntr_cdc_inst/dest_graysync_ff_reg[0][11]/C
                         clock pessimism              0.000     6.745    
    SLICE_X46Y24         FDRE (Hold_fdre_C_D)         0.230     6.975    system_i/v_axi4s_vid_out_0/inst/COUPLER_INST/generate_async_fifo.FIFO_INST/XPM_FIFO_ASYNC_INST/gnuram_async_fifo.xpm_fifo_base_inst/gen_cdc_pntr.rd_pntr_cdc_inst/dest_graysync_ff_reg[0][11]
  -------------------------------------------------------------------
                         data arrival                           1.755    
                         clock arrival                          6.975    
  -------------------------------------------------------------------
                         relative delay                        -5.220    



Id: 6
set_bus_skew -from [get_cells [list {system_i/v_axi4s_vid_out_0/inst/COUPLER_INST/generate_async_fifo.FIFO_INST/XPM_FIFO_ASYNC_INST/gnuram_async_fifo.xpm_fifo_base_inst/gen_cdc_pntr.wr_pntr_cdc_inst/src_gray_ff_reg[0]} \
          {system_i/v_axi4s_vid_out_0/inst/COUPLER_INST/generate_async_fifo.FIFO_INST/XPM_FIFO_ASYNC_INST/gnuram_async_fifo.xpm_fifo_base_inst/gen_cdc_pntr.wr_pntr_cdc_inst/src_gray_ff_reg[10]} \
          {system_i/v_axi4s_vid_out_0/inst/COUPLER_INST/generate_async_fifo.FIFO_INST/XPM_FIFO_ASYNC_INST/gnuram_async_fifo.xpm_fifo_base_inst/gen_cdc_pntr.wr_pntr_cdc_inst/src_gray_ff_reg[11]} \
          {system_i/v_axi4s_vid_out_0/inst/COUPLER_INST/generate_async_fifo.FIFO_INST/XPM_FIFO_ASYNC_INST/gnuram_async_fifo.xpm_fifo_base_inst/gen_cdc_pntr.wr_pntr_cdc_inst/src_gray_ff_reg[1]} \
          {system_i/v_axi4s_vid_out_0/inst/COUPLER_INST/generate_async_fifo.FIFO_INST/XPM_FIFO_ASYNC_INST/gnuram_async_fifo.xpm_fifo_base_inst/gen_cdc_pntr.wr_pntr_cdc_inst/src_gray_ff_reg[2]} \
          {system_i/v_axi4s_vid_out_0/inst/COUPLER_INST/generate_async_fifo.FIFO_INST/XPM_FIFO_ASYNC_INST/gnuram_async_fifo.xpm_fifo_base_inst/gen_cdc_pntr.wr_pntr_cdc_inst/src_gray_ff_reg[3]} \
          {system_i/v_axi4s_vid_out_0/inst/COUPLER_INST/generate_async_fifo.FIFO_INST/XPM_FIFO_ASYNC_INST/gnuram_async_fifo.xpm_fifo_base_inst/gen_cdc_pntr.wr_pntr_cdc_inst/src_gray_ff_reg[4]} \
          {system_i/v_axi4s_vid_out_0/inst/COUPLER_INST/generate_async_fifo.FIFO_INST/XPM_FIFO_ASYNC_INST/gnuram_async_fifo.xpm_fifo_base_inst/gen_cdc_pntr.wr_pntr_cdc_inst/src_gray_ff_reg[5]} \
          {system_i/v_axi4s_vid_out_0/inst/COUPLER_INST/generate_async_fifo.FIFO_INST/XPM_FIFO_ASYNC_INST/gnuram_async_fifo.xpm_fifo_base_inst/gen_cdc_pntr.wr_pntr_cdc_inst/src_gray_ff_reg[6]} \
          {system_i/v_axi4s_vid_out_0/inst/COUPLER_INST/generate_async_fifo.FIFO_INST/XPM_FIFO_ASYNC_INST/gnuram_async_fifo.xpm_fifo_base_inst/gen_cdc_pntr.wr_pntr_cdc_inst/src_gray_ff_reg[7]} \
          {system_i/v_axi4s_vid_out_0/inst/COUPLER_INST/generate_async_fifo.FIFO_INST/XPM_FIFO_ASYNC_INST/gnuram_async_fifo.xpm_fifo_base_inst/gen_cdc_pntr.wr_pntr_cdc_inst/src_gray_ff_reg[8]} \
          {system_i/v_axi4s_vid_out_0/inst/COUPLER_INST/generate_async_fifo.FIFO_INST/XPM_FIFO_ASYNC_INST/gnuram_async_fifo.xpm_fifo_base_inst/gen_cdc_pntr.wr_pntr_cdc_inst/src_gray_ff_reg[9]}]] -to [get_cells [list {system_i/v_axi4s_vid_out_0/inst/COUPLER_INST/generate_async_fifo.FIFO_INST/XPM_FIFO_ASYNC_INST/gnuram_async_fifo.xpm_fifo_base_inst/gen_cdc_pntr.wr_pntr_cdc_inst/dest_graysync_ff_reg[0][0]} \
          {system_i/v_axi4s_vid_out_0/inst/COUPLER_INST/generate_async_fifo.FIFO_INST/XPM_FIFO_ASYNC_INST/gnuram_async_fifo.xpm_fifo_base_inst/gen_cdc_pntr.wr_pntr_cdc_inst/dest_graysync_ff_reg[0][10]} \
          {system_i/v_axi4s_vid_out_0/inst/COUPLER_INST/generate_async_fifo.FIFO_INST/XPM_FIFO_ASYNC_INST/gnuram_async_fifo.xpm_fifo_base_inst/gen_cdc_pntr.wr_pntr_cdc_inst/dest_graysync_ff_reg[0][11]} \
          {system_i/v_axi4s_vid_out_0/inst/COUPLER_INST/generate_async_fifo.FIFO_INST/XPM_FIFO_ASYNC_INST/gnuram_async_fifo.xpm_fifo_base_inst/gen_cdc_pntr.wr_pntr_cdc_inst/dest_graysync_ff_reg[0][1]} \
          {system_i/v_axi4s_vid_out_0/inst/COUPLER_INST/generate_async_fifo.FIFO_INST/XPM_FIFO_ASYNC_INST/gnuram_async_fifo.xpm_fifo_base_inst/gen_cdc_pntr.wr_pntr_cdc_inst/dest_graysync_ff_reg[0][2]} \
          {system_i/v_axi4s_vid_out_0/inst/COUPLER_INST/generate_async_fifo.FIFO_INST/XPM_FIFO_ASYNC_INST/gnuram_async_fifo.xpm_fifo_base_inst/gen_cdc_pntr.wr_pntr_cdc_inst/dest_graysync_ff_reg[0][3]} \
          {system_i/v_axi4s_vid_out_0/inst/COUPLER_INST/generate_async_fifo.FIFO_INST/XPM_FIFO_ASYNC_INST/gnuram_async_fifo.xpm_fifo_base_inst/gen_cdc_pntr.wr_pntr_cdc_inst/dest_graysync_ff_reg[0][4]} \
          {system_i/v_axi4s_vid_out_0/inst/COUPLER_INST/generate_async_fifo.FIFO_INST/XPM_FIFO_ASYNC_INST/gnuram_async_fifo.xpm_fifo_base_inst/gen_cdc_pntr.wr_pntr_cdc_inst/dest_graysync_ff_reg[0][5]} \
          {system_i/v_axi4s_vid_out_0/inst/COUPLER_INST/generate_async_fifo.FIFO_INST/XPM_FIFO_ASYNC_INST/gnuram_async_fifo.xpm_fifo_base_inst/gen_cdc_pntr.wr_pntr_cdc_inst/dest_graysync_ff_reg[0][6]} \
          {system_i/v_axi4s_vid_out_0/inst/COUPLER_INST/generate_async_fifo.FIFO_INST/XPM_FIFO_ASYNC_INST/gnuram_async_fifo.xpm_fifo_base_inst/gen_cdc_pntr.wr_pntr_cdc_inst/dest_graysync_ff_reg[0][7]} \
          {system_i/v_axi4s_vid_out_0/inst/COUPLER_INST/generate_async_fifo.FIFO_INST/XPM_FIFO_ASYNC_INST/gnuram_async_fifo.xpm_fifo_base_inst/gen_cdc_pntr.wr_pntr_cdc_inst/dest_graysync_ff_reg[0][8]} \
          {system_i/v_axi4s_vid_out_0/inst/COUPLER_INST/generate_async_fifo.FIFO_INST/XPM_FIFO_ASYNC_INST/gnuram_async_fifo.xpm_fifo_base_inst/gen_cdc_pntr.wr_pntr_cdc_inst/dest_graysync_ff_reg[0][9]}]] 6.667
Requirement: 6.667ns
Endpoints: 12

From Clock            To Clock              Endpoint Pin                    Reference Pin                   Corner  Actual(ns)  Slack(ns)
--------------------  --------------------  ------------------------------  ------------------------------  ------  ----------  ---------
clk_out2_system_clk_wiz_0_0
                      pixel_dynclk          system_i/v_axi4s_vid_out_0/inst/COUPLER_INST/generate_async_fifo.FIFO_INST/XPM_FIFO_ASYNC_INST/gnuram_async_fifo.xpm_fifo_base_inst/gen_cdc_pntr.wr_pntr_cdc_inst/dest_graysync_ff_reg[0][6]/D
                                                                            system_i/v_axi4s_vid_out_0/inst/COUPLER_INST/generate_async_fifo.FIFO_INST/XPM_FIFO_ASYNC_INST/gnuram_async_fifo.xpm_fifo_base_inst/gen_cdc_pntr.wr_pntr_cdc_inst/dest_graysync_ff_reg[0][10]/D
                                                                                                            Slow         1.684      4.983


Slack (MET) :             4.983ns  (requirement - actual skew)
  Endpoint Source:        system_i/v_axi4s_vid_out_0/inst/COUPLER_INST/generate_async_fifo.FIFO_INST/XPM_FIFO_ASYNC_INST/gnuram_async_fifo.xpm_fifo_base_inst/gen_cdc_pntr.wr_pntr_cdc_inst/src_gray_ff_reg[6]/C
                            (rising edge-triggered cell FDRE clocked by clk_out2_system_clk_wiz_0_0)
  Endpoint Destination:   system_i/v_axi4s_vid_out_0/inst/COUPLER_INST/generate_async_fifo.FIFO_INST/XPM_FIFO_ASYNC_INST/gnuram_async_fifo.xpm_fifo_base_inst/gen_cdc_pntr.wr_pntr_cdc_inst/dest_graysync_ff_reg[0][6]/D
                            (rising edge-triggered cell FDRE clocked by pixel_dynclk)
  Reference Source:       system_i/v_axi4s_vid_out_0/inst/COUPLER_INST/generate_async_fifo.FIFO_INST/XPM_FIFO_ASYNC_INST/gnuram_async_fifo.xpm_fifo_base_inst/gen_cdc_pntr.wr_pntr_cdc_inst/src_gray_ff_reg[10]/C
                            (rising edge-triggered cell FDRE clocked by clk_out2_system_clk_wiz_0_0)
  Reference Destination:  system_i/v_axi4s_vid_out_0/inst/COUPLER_INST/generate_async_fifo.FIFO_INST/XPM_FIFO_ASYNC_INST/gnuram_async_fifo.xpm_fifo_base_inst/gen_cdc_pntr.wr_pntr_cdc_inst/dest_graysync_ff_reg[0][10]/D
                            (rising edge-triggered cell FDRE clocked by pixel_dynclk)
  Path Type:              Bus Skew (Max at Slow Process Corner)
  Requirement:            6.667ns
  Endpoint Relative Delay:    7.409ns
  Reference Relative Delay:   5.634ns
  Relative CRPR:              0.634ns
  Uncertainty:                0.543ns
  Actual Bus Skew:            1.684ns  (Endpoint Relative Delay - Reference Relative Delay - Relative CRPR + Uncertainty)

Endpoint path:
    Location             Delay type                Incr(ns)  Path(ns)    Netlist Resource(s)
  -------------------------------------------------------------------    -------------------
                         (clock clk_out2_system_clk_wiz_0_0 rise edge)
                                                      0.000     0.000 r  
    PS7_X0Y0             PS7                          0.000     0.000 r  system_i/processing_system7_0/inst/PS7_i/FCLKCLK[0]
                         net (fo=1, routed)           1.193     1.193    system_i/processing_system7_0/inst/FCLK_CLK_unbuffered[0]
    BUFGCTRL_X0Y16       BUFG (Prop_bufg_I_O)         0.101     1.294 r  system_i/processing_system7_0/inst/buffer_fclk_clk_0.FCLK_CLK_0_BUFG/O
                         net (fo=2, routed)           1.762     3.056    system_i/clk_wiz_0/inst/clk_in1
    MMCME2_ADV_X0Y0      MMCME2_ADV (Prop_mmcme2_adv_CLKIN1_CLKOUT1)
                                                      0.088     3.144 r  system_i/clk_wiz_0/inst/mmcm_adv_inst/CLKOUT1
                         net (fo=1, routed)           1.855     4.999    system_i/clk_wiz_0/inst/clk_out2_system_clk_wiz_0_0
    BUFGCTRL_X0Y0        BUFG (Prop_bufg_I_O)         0.101     5.100 r  system_i/clk_wiz_0/inst/clkout2_buf/O
                         net (fo=11380, routed)       1.640     6.740    system_i/v_axi4s_vid_out_0/inst/COUPLER_INST/generate_async_fifo.FIFO_INST/XPM_FIFO_ASYNC_INST/gnuram_async_fifo.xpm_fifo_base_inst/gen_cdc_pntr.wr_pntr_cdc_inst/src_clk
    SLICE_X53Y20         FDRE                                         r  system_i/v_axi4s_vid_out_0/inst/COUPLER_INST/generate_async_fifo.FIFO_INST/XPM_FIFO_ASYNC_INST/gnuram_async_fifo.xpm_fifo_base_inst/gen_cdc_pntr.wr_pntr_cdc_inst/src_gray_ff_reg[6]/C
  -------------------------------------------------------------------    -------------------
    SLICE_X53Y20         FDRE (Prop_fdre_C_Q)         0.456     7.196 r  system_i/v_axi4s_vid_out_0/inst/COUPLER_INST/generate_async_fifo.FIFO_INST/XPM_FIFO_ASYNC_INST/gnuram_async_fifo.xpm_fifo_base_inst/gen_cdc_pntr.wr_pntr_cdc_inst/src_gray_ff_reg[6]/Q
                         net (fo=1, routed)           1.054     8.250    system_i/v_axi4s_vid_out_0/inst/COUPLER_INST/generate_async_fifo.FIFO_INST/XPM_FIFO_ASYNC_INST/gnuram_async_fifo.xpm_fifo_base_inst/gen_cdc_pntr.wr_pntr_cdc_inst/async_path[6]
    SLICE_X54Y20         FDRE                                         r  system_i/v_axi4s_vid_out_0/inst/COUPLER_INST/generate_async_fifo.FIFO_INST/XPM_FIFO_ASYNC_INST/gnuram_async_fifo.xpm_fifo_base_inst/gen_cdc_pntr.wr_pntr_cdc_inst/dest_graysync_ff_reg[0][6]/D
  -------------------------------------------------------------------    -------------------

                         (clock pixel_dynclk rise edge)
                                                      0.000     0.000 r  
    BUFR_X1Y1            BUFR                         0.000     0.000 r  system_i/DVIClocking_0/U0/PixelClkBuffer/O
                         net (fo=2537, routed)        0.899     0.899    system_i/v_axi4s_vid_out_0/inst/COUPLER_INST/generate_async_fifo.FIFO_INST/XPM_FIFO_ASYNC_INST/gnuram_async_fifo.xpm_fifo_base_inst/gen_cdc_pntr.wr_pntr_cdc_inst/dest_clk
    SLICE_X54Y20         FDRE                                         r  system_i/v_axi4s_vid_out_0/inst/COUPLER_INST/generate_async_fifo.FIFO_INST/XPM_FIFO_ASYNC_INST/gnuram_async_fifo.xpm_fifo_base_inst/gen_cdc_pntr.wr_pntr_cdc_inst/dest_graysync_ff_reg[0][6]/C
                         clock pessimism              0.000     0.899    
    SLICE_X54Y20         FDRE (Setup_fdre_C_D)       -0.058     0.841    system_i/v_axi4s_vid_out_0/inst/COUPLER_INST/generate_async_fifo.FIFO_INST/XPM_FIFO_ASYNC_INST/gnuram_async_fifo.xpm_fifo_base_inst/gen_cdc_pntr.wr_pntr_cdc_inst/dest_graysync_ff_reg[0][6]
  -------------------------------------------------------------------
                         data arrival                           8.250    
                         clock arrival                          0.841    
  -------------------------------------------------------------------
                         relative delay                         7.409    

Reference path:
    Location             Delay type                Incr(ns)  Path(ns)    Netlist Resource(s)
  -------------------------------------------------------------------    -------------------
                         (clock clk_out2_system_clk_wiz_0_0 rise edge)
                                                      0.000     0.000 r  
    PS7_X0Y0             PS7                          0.000     0.000 r  system_i/processing_system7_0/inst/PS7_i/FCLKCLK[0]
                         net (fo=1, routed)           1.088     1.088    system_i/processing_system7_0/inst/FCLK_CLK_unbuffered[0]
    BUFGCTRL_X0Y16       BUFG (Prop_bufg_I_O)         0.091     1.179 r  system_i/processing_system7_0/inst/buffer_fclk_clk_0.FCLK_CLK_0_BUFG/O
                         net (fo=2, routed)           1.570     2.749    system_i/clk_wiz_0/inst/clk_in1
    MMCME2_ADV_X0Y0      MMCME2_ADV (Prop_mmcme2_adv_CLKIN1_CLKOUT1)
                                                      0.083     2.832 r  system_i/clk_wiz_0/inst/mmcm_adv_inst/CLKOUT1
                         net (fo=1, routed)           1.691     4.524    system_i/clk_wiz_0/inst/clk_out2_system_clk_wiz_0_0
    BUFGCTRL_X0Y0        BUFG (Prop_bufg_I_O)         0.091     4.615 r  system_i/clk_wiz_0/inst/clkout2_buf/O
                         net (fo=11380, routed)       1.468     6.083    system_i/v_axi4s_vid_out_0/inst/COUPLER_INST/generate_async_fifo.FIFO_INST/XPM_FIFO_ASYNC_INST/gnuram_async_fifo.xpm_fifo_base_inst/gen_cdc_pntr.wr_pntr_cdc_inst/src_clk
    SLICE_X51Y19         FDRE                                         r  system_i/v_axi4s_vid_out_0/inst/COUPLER_INST/generate_async_fifo.FIFO_INST/XPM_FIFO_ASYNC_INST/gnuram_async_fifo.xpm_fifo_base_inst/gen_cdc_pntr.wr_pntr_cdc_inst/src_gray_ff_reg[10]/C
  -------------------------------------------------------------------    -------------------
    SLICE_X51Y19         FDRE (Prop_fdre_C_Q)         0.367     6.450 r  system_i/v_axi4s_vid_out_0/inst/COUPLER_INST/generate_async_fifo.FIFO_INST/XPM_FIFO_ASYNC_INST/gnuram_async_fifo.xpm_fifo_base_inst/gen_cdc_pntr.wr_pntr_cdc_inst/src_gray_ff_reg[10]/Q
                         net (fo=1, routed)           0.366     6.816    system_i/v_axi4s_vid_out_0/inst/COUPLER_INST/generate_async_fifo.FIFO_INST/XPM_FIFO_ASYNC_INST/gnuram_async_fifo.xpm_fifo_base_inst/gen_cdc_pntr.wr_pntr_cdc_inst/async_path[10]
    SLICE_X52Y19         FDRE                                         r  system_i/v_axi4s_vid_out_0/inst/COUPLER_INST/generate_async_fifo.FIFO_INST/XPM_FIFO_ASYNC_INST/gnuram_async_fifo.xpm_fifo_base_inst/gen_cdc_pntr.wr_pntr_cdc_inst/dest_graysync_ff_reg[0][10]/D
  -------------------------------------------------------------------    -------------------

                         (clock pixel_dynclk rise edge)
                                                      0.000     0.000 r  
    BUFR_X1Y1            BUFR                         0.000     0.000 r  system_i/DVIClocking_0/U0/PixelClkBuffer/O
                         net (fo=2537, routed)        1.013     1.013    system_i/v_axi4s_vid_out_0/inst/COUPLER_INST/generate_async_fifo.FIFO_INST/XPM_FIFO_ASYNC_INST/gnuram_async_fifo.xpm_fifo_base_inst/gen_cdc_pntr.wr_pntr_cdc_inst/dest_clk
    SLICE_X52Y19         FDRE                                         r  system_i/v_axi4s_vid_out_0/inst/COUPLER_INST/generate_async_fifo.FIFO_INST/XPM_FIFO_ASYNC_INST/gnuram_async_fifo.xpm_fifo_base_inst/gen_cdc_pntr.wr_pntr_cdc_inst/dest_graysync_ff_reg[0][10]/C
                         clock pessimism              0.000     1.013    
    SLICE_X52Y19         FDRE (Hold_fdre_C_D)         0.169     1.182    system_i/v_axi4s_vid_out_0/inst/COUPLER_INST/generate_async_fifo.FIFO_INST/XPM_FIFO_ASYNC_INST/gnuram_async_fifo.xpm_fifo_base_inst/gen_cdc_pntr.wr_pntr_cdc_inst/dest_graysync_ff_reg[0][10]
  -------------------------------------------------------------------
                         data arrival                           6.816    
                         clock arrival                          1.182    
  -------------------------------------------------------------------
                         relative delay                         5.634    



Id: 7
set_bus_skew -from [get_cells [list {system_i/v_axi4s_vid_out_0/inst/COUPLER_INST/generate_async_fifo.FIFO_INST/XPM_FIFO_ASYNC_INST/gnuram_async_fifo.xpm_fifo_base_inst/gen_cdc_pntr.wr_pntr_cdc_dc_inst/src_gray_ff_reg[0]} \
          {system_i/v_axi4s_vid_out_0/inst/COUPLER_INST/generate_async_fifo.FIFO_INST/XPM_FIFO_ASYNC_INST/gnuram_async_fifo.xpm_fifo_base_inst/gen_cdc_pntr.wr_pntr_cdc_dc_inst/src_gray_ff_reg[10]} \
          {system_i/v_axi4s_vid_out_0/inst/COUPLER_INST/generate_async_fifo.FIFO_INST/XPM_FIFO_ASYNC_INST/gnuram_async_fifo.xpm_fifo_base_inst/gen_cdc_pntr.wr_pntr_cdc_dc_inst/src_gray_ff_reg[11]} \
          {system_i/v_axi4s_vid_out_0/inst/COUPLER_INST/generate_async_fifo.FIFO_INST/XPM_FIFO_ASYNC_INST/gnuram_async_fifo.xpm_fifo_base_inst/gen_cdc_pntr.wr_pntr_cdc_dc_inst/src_gray_ff_reg[12]} \
          {system_i/v_axi4s_vid_out_0/inst/COUPLER_INST/generate_async_fifo.FIFO_INST/XPM_FIFO_ASYNC_INST/gnuram_async_fifo.xpm_fifo_base_inst/gen_cdc_pntr.wr_pntr_cdc_dc_inst/src_gray_ff_reg[1]} \
          {system_i/v_axi4s_vid_out_0/inst/COUPLER_INST/generate_async_fifo.FIFO_INST/XPM_FIFO_ASYNC_INST/gnuram_async_fifo.xpm_fifo_base_inst/gen_cdc_pntr.wr_pntr_cdc_dc_inst/src_gray_ff_reg[2]} \
          {system_i/v_axi4s_vid_out_0/inst/COUPLER_INST/generate_async_fifo.FIFO_INST/XPM_FIFO_ASYNC_INST/gnuram_async_fifo.xpm_fifo_base_inst/gen_cdc_pntr.wr_pntr_cdc_dc_inst/src_gray_ff_reg[3]} \
          {system_i/v_axi4s_vid_out_0/inst/COUPLER_INST/generate_async_fifo.FIFO_INST/XPM_FIFO_ASYNC_INST/gnuram_async_fifo.xpm_fifo_base_inst/gen_cdc_pntr.wr_pntr_cdc_dc_inst/src_gray_ff_reg[4]} \
          {system_i/v_axi4s_vid_out_0/inst/COUPLER_INST/generate_async_fifo.FIFO_INST/XPM_FIFO_ASYNC_INST/gnuram_async_fifo.xpm_fifo_base_inst/gen_cdc_pntr.wr_pntr_cdc_dc_inst/src_gray_ff_reg[5]} \
          {system_i/v_axi4s_vid_out_0/inst/COUPLER_INST/generate_async_fifo.FIFO_INST/XPM_FIFO_ASYNC_INST/gnuram_async_fifo.xpm_fifo_base_inst/gen_cdc_pntr.wr_pntr_cdc_dc_inst/src_gray_ff_reg[6]} \
          {system_i/v_axi4s_vid_out_0/inst/COUPLER_INST/generate_async_fifo.FIFO_INST/XPM_FIFO_ASYNC_INST/gnuram_async_fifo.xpm_fifo_base_inst/gen_cdc_pntr.wr_pntr_cdc_dc_inst/src_gray_ff_reg[7]} \
          {system_i/v_axi4s_vid_out_0/inst/COUPLER_INST/generate_async_fifo.FIFO_INST/XPM_FIFO_ASYNC_INST/gnuram_async_fifo.xpm_fifo_base_inst/gen_cdc_pntr.wr_pntr_cdc_dc_inst/src_gray_ff_reg[8]} \
          {system_i/v_axi4s_vid_out_0/inst/COUPLER_INST/generate_async_fifo.FIFO_INST/XPM_FIFO_ASYNC_INST/gnuram_async_fifo.xpm_fifo_base_inst/gen_cdc_pntr.wr_pntr_cdc_dc_inst/src_gray_ff_reg[9]}]] -to [get_cells [list {system_i/v_axi4s_vid_out_0/inst/COUPLER_INST/generate_async_fifo.FIFO_INST/XPM_FIFO_ASYNC_INST/gnuram_async_fifo.xpm_fifo_base_inst/gen_cdc_pntr.wr_pntr_cdc_dc_inst/dest_graysync_ff_reg[0][0]} \
          {system_i/v_axi4s_vid_out_0/inst/COUPLER_INST/generate_async_fifo.FIFO_INST/XPM_FIFO_ASYNC_INST/gnuram_async_fifo.xpm_fifo_base_inst/gen_cdc_pntr.wr_pntr_cdc_dc_inst/dest_graysync_ff_reg[0][10]} \
          {system_i/v_axi4s_vid_out_0/inst/COUPLER_INST/generate_async_fifo.FIFO_INST/XPM_FIFO_ASYNC_INST/gnuram_async_fifo.xpm_fifo_base_inst/gen_cdc_pntr.wr_pntr_cdc_dc_inst/dest_graysync_ff_reg[0][11]} \
          {system_i/v_axi4s_vid_out_0/inst/COUPLER_INST/generate_async_fifo.FIFO_INST/XPM_FIFO_ASYNC_INST/gnuram_async_fifo.xpm_fifo_base_inst/gen_cdc_pntr.wr_pntr_cdc_dc_inst/dest_graysync_ff_reg[0][12]} \
          {system_i/v_axi4s_vid_out_0/inst/COUPLER_INST/generate_async_fifo.FIFO_INST/XPM_FIFO_ASYNC_INST/gnuram_async_fifo.xpm_fifo_base_inst/gen_cdc_pntr.wr_pntr_cdc_dc_inst/dest_graysync_ff_reg[0][1]} \
          {system_i/v_axi4s_vid_out_0/inst/COUPLER_INST/generate_async_fifo.FIFO_INST/XPM_FIFO_ASYNC_INST/gnuram_async_fifo.xpm_fifo_base_inst/gen_cdc_pntr.wr_pntr_cdc_dc_inst/dest_graysync_ff_reg[0][2]} \
          {system_i/v_axi4s_vid_out_0/inst/COUPLER_INST/generate_async_fifo.FIFO_INST/XPM_FIFO_ASYNC_INST/gnuram_async_fifo.xpm_fifo_base_inst/gen_cdc_pntr.wr_pntr_cdc_dc_inst/dest_graysync_ff_reg[0][3]} \
          {system_i/v_axi4s_vid_out_0/inst/COUPLER_INST/generate_async_fifo.FIFO_INST/XPM_FIFO_ASYNC_INST/gnuram_async_fifo.xpm_fifo_base_inst/gen_cdc_pntr.wr_pntr_cdc_dc_inst/dest_graysync_ff_reg[0][4]} \
          {system_i/v_axi4s_vid_out_0/inst/COUPLER_INST/generate_async_fifo.FIFO_INST/XPM_FIFO_ASYNC_INST/gnuram_async_fifo.xpm_fifo_base_inst/gen_cdc_pntr.wr_pntr_cdc_dc_inst/dest_graysync_ff_reg[0][5]} \
          {system_i/v_axi4s_vid_out_0/inst/COUPLER_INST/generate_async_fifo.FIFO_INST/XPM_FIFO_ASYNC_INST/gnuram_async_fifo.xpm_fifo_base_inst/gen_cdc_pntr.wr_pntr_cdc_dc_inst/dest_graysync_ff_reg[0][6]} \
          {system_i/v_axi4s_vid_out_0/inst/COUPLER_INST/generate_async_fifo.FIFO_INST/XPM_FIFO_ASYNC_INST/gnuram_async_fifo.xpm_fifo_base_inst/gen_cdc_pntr.wr_pntr_cdc_dc_inst/dest_graysync_ff_reg[0][7]} \
          {system_i/v_axi4s_vid_out_0/inst/COUPLER_INST/generate_async_fifo.FIFO_INST/XPM_FIFO_ASYNC_INST/gnuram_async_fifo.xpm_fifo_base_inst/gen_cdc_pntr.wr_pntr_cdc_dc_inst/dest_graysync_ff_reg[0][8]} \
          {system_i/v_axi4s_vid_out_0/inst/COUPLER_INST/generate_async_fifo.FIFO_INST/XPM_FIFO_ASYNC_INST/gnuram_async_fifo.xpm_fifo_base_inst/gen_cdc_pntr.wr_pntr_cdc_dc_inst/dest_graysync_ff_reg[0][9]}]] 6.667
Requirement: 6.667ns
Endpoints: 13

From Clock            To Clock              Endpoint Pin                    Reference Pin                   Corner  Actual(ns)  Slack(ns)
--------------------  --------------------  ------------------------------  ------------------------------  ------  ----------  ---------
clk_out2_system_clk_wiz_0_0
                      pixel_dynclk          system_i/v_axi4s_vid_out_0/inst/COUPLER_INST/generate_async_fifo.FIFO_INST/XPM_FIFO_ASYNC_INST/gnuram_async_fifo.xpm_fifo_base_inst/gen_cdc_pntr.wr_pntr_cdc_dc_inst/dest_graysync_ff_reg[0][12]/D
                                                                            system_i/v_axi4s_vid_out_0/inst/COUPLER_INST/generate_async_fifo.FIFO_INST/XPM_FIFO_ASYNC_INST/gnuram_async_fifo.xpm_fifo_base_inst/gen_cdc_pntr.wr_pntr_cdc_dc_inst/dest_graysync_ff_reg[0][8]/D
                                                                                                            Slow         1.729      4.938


Slack (MET) :             4.938ns  (requirement - actual skew)
  Endpoint Source:        system_i/v_axi4s_vid_out_0/inst/COUPLER_INST/generate_async_fifo.FIFO_INST/XPM_FIFO_ASYNC_INST/gnuram_async_fifo.xpm_fifo_base_inst/gen_cdc_pntr.wr_pntr_cdc_dc_inst/src_gray_ff_reg[12]/C
                            (rising edge-triggered cell FDRE clocked by clk_out2_system_clk_wiz_0_0)
  Endpoint Destination:   system_i/v_axi4s_vid_out_0/inst/COUPLER_INST/generate_async_fifo.FIFO_INST/XPM_FIFO_ASYNC_INST/gnuram_async_fifo.xpm_fifo_base_inst/gen_cdc_pntr.wr_pntr_cdc_dc_inst/dest_graysync_ff_reg[0][12]/D
                            (rising edge-triggered cell FDRE clocked by pixel_dynclk)
  Reference Source:       system_i/v_axi4s_vid_out_0/inst/COUPLER_INST/generate_async_fifo.FIFO_INST/XPM_FIFO_ASYNC_INST/gnuram_async_fifo.xpm_fifo_base_inst/gen_cdc_pntr.wr_pntr_cdc_dc_inst/src_gray_ff_reg[8]/C
                            (rising edge-triggered cell FDRE clocked by clk_out2_system_clk_wiz_0_0)
  Reference Destination:  system_i/v_axi4s_vid_out_0/inst/COUPLER_INST/generate_async_fifo.FIFO_INST/XPM_FIFO_ASYNC_INST/gnuram_async_fifo.xpm_fifo_base_inst/gen_cdc_pntr.wr_pntr_cdc_dc_inst/dest_graysync_ff_reg[0][8]/D
                            (rising edge-triggered cell FDRE clocked by pixel_dynclk)
  Path Type:              Bus Skew (Max at Slow Process Corner)
  Requirement:            6.667ns
  Endpoint Relative Delay:    7.504ns
  Reference Relative Delay:   5.639ns
  Relative CRPR:              0.678ns
  Uncertainty:                0.543ns
  Actual Bus Skew:            1.729ns  (Endpoint Relative Delay - Reference Relative Delay - Relative CRPR + Uncertainty)

Endpoint path:
    Location             Delay type                Incr(ns)  Path(ns)    Netlist Resource(s)
  -------------------------------------------------------------------    -------------------
                         (clock clk_out2_system_clk_wiz_0_0 rise edge)
                                                      0.000     0.000 r  
    PS7_X0Y0             PS7                          0.000     0.000 r  system_i/processing_system7_0/inst/PS7_i/FCLKCLK[0]
                         net (fo=1, routed)           1.193     1.193    system_i/processing_system7_0/inst/FCLK_CLK_unbuffered[0]
    BUFGCTRL_X0Y16       BUFG (Prop_bufg_I_O)         0.101     1.294 r  system_i/processing_system7_0/inst/buffer_fclk_clk_0.FCLK_CLK_0_BUFG/O
                         net (fo=2, routed)           1.762     3.056    system_i/clk_wiz_0/inst/clk_in1
    MMCME2_ADV_X0Y0      MMCME2_ADV (Prop_mmcme2_adv_CLKIN1_CLKOUT1)
                                                      0.088     3.144 r  system_i/clk_wiz_0/inst/mmcm_adv_inst/CLKOUT1
                         net (fo=1, routed)           1.855     4.999    system_i/clk_wiz_0/inst/clk_out2_system_clk_wiz_0_0
    BUFGCTRL_X0Y0        BUFG (Prop_bufg_I_O)         0.101     5.100 r  system_i/clk_wiz_0/inst/clkout2_buf/O
                         net (fo=11380, routed)       1.633     6.733    system_i/v_axi4s_vid_out_0/inst/COUPLER_INST/generate_async_fifo.FIFO_INST/XPM_FIFO_ASYNC_INST/gnuram_async_fifo.xpm_fifo_base_inst/gen_cdc_pntr.wr_pntr_cdc_dc_inst/src_clk
    SLICE_X53Y24         FDRE                                         r  system_i/v_axi4s_vid_out_0/inst/COUPLER_INST/generate_async_fifo.FIFO_INST/XPM_FIFO_ASYNC_INST/gnuram_async_fifo.xpm_fifo_base_inst/gen_cdc_pntr.wr_pntr_cdc_dc_inst/src_gray_ff_reg[12]/C
  -------------------------------------------------------------------    -------------------
    SLICE_X53Y24         FDRE (Prop_fdre_C_Q)         0.456     7.189 r  system_i/v_axi4s_vid_out_0/inst/COUPLER_INST/generate_async_fifo.FIFO_INST/XPM_FIFO_ASYNC_INST/gnuram_async_fifo.xpm_fifo_base_inst/gen_cdc_pntr.wr_pntr_cdc_dc_inst/src_gray_ff_reg[12]/Q
                         net (fo=1, routed)           1.151     8.340    system_i/v_axi4s_vid_out_0/inst/COUPLER_INST/generate_async_fifo.FIFO_INST/XPM_FIFO_ASYNC_INST/gnuram_async_fifo.xpm_fifo_base_inst/gen_cdc_pntr.wr_pntr_cdc_dc_inst/async_path[12]
    SLICE_X53Y23         FDRE                                         r  system_i/v_axi4s_vid_out_0/inst/COUPLER_INST/generate_async_fifo.FIFO_INST/XPM_FIFO_ASYNC_INST/gnuram_async_fifo.xpm_fifo_base_inst/gen_cdc_pntr.wr_pntr_cdc_dc_inst/dest_graysync_ff_reg[0][12]/D
  -------------------------------------------------------------------    -------------------

                         (clock pixel_dynclk rise edge)
                                                      0.000     0.000 r  
    BUFR_X1Y1            BUFR                         0.000     0.000 r  system_i/DVIClocking_0/U0/PixelClkBuffer/O
                         net (fo=2537, routed)        0.941     0.941    system_i/v_axi4s_vid_out_0/inst/COUPLER_INST/generate_async_fifo.FIFO_INST/XPM_FIFO_ASYNC_INST/gnuram_async_fifo.xpm_fifo_base_inst/gen_cdc_pntr.wr_pntr_cdc_dc_inst/dest_clk
    SLICE_X53Y23         FDRE                                         r  system_i/v_axi4s_vid_out_0/inst/COUPLER_INST/generate_async_fifo.FIFO_INST/XPM_FIFO_ASYNC_INST/gnuram_async_fifo.xpm_fifo_base_inst/gen_cdc_pntr.wr_pntr_cdc_dc_inst/dest_graysync_ff_reg[0][12]/C
                         clock pessimism              0.000     0.941    
    SLICE_X53Y23         FDRE (Setup_fdre_C_D)       -0.105     0.836    system_i/v_axi4s_vid_out_0/inst/COUPLER_INST/generate_async_fifo.FIFO_INST/XPM_FIFO_ASYNC_INST/gnuram_async_fifo.xpm_fifo_base_inst/gen_cdc_pntr.wr_pntr_cdc_dc_inst/dest_graysync_ff_reg[0][12]
  -------------------------------------------------------------------
                         data arrival                           8.340    
                         clock arrival                          0.836    
  -------------------------------------------------------------------
                         relative delay                         7.504    

Reference path:
    Location             Delay type                Incr(ns)  Path(ns)    Netlist Resource(s)
  -------------------------------------------------------------------    -------------------
                         (clock clk_out2_system_clk_wiz_0_0 rise edge)
                                                      0.000     0.000 r  
    PS7_X0Y0             PS7                          0.000     0.000 r  system_i/processing_system7_0/inst/PS7_i/FCLKCLK[0]
                         net (fo=1, routed)           1.088     1.088    system_i/processing_system7_0/inst/FCLK_CLK_unbuffered[0]
    BUFGCTRL_X0Y16       BUFG (Prop_bufg_I_O)         0.091     1.179 r  system_i/processing_system7_0/inst/buffer_fclk_clk_0.FCLK_CLK_0_BUFG/O
                         net (fo=2, routed)           1.570     2.749    system_i/clk_wiz_0/inst/clk_in1
    MMCME2_ADV_X0Y0      MMCME2_ADV (Prop_mmcme2_adv_CLKIN1_CLKOUT1)
                                                      0.083     2.832 r  system_i/clk_wiz_0/inst/mmcm_adv_inst/CLKOUT1
                         net (fo=1, routed)           1.691     4.524    system_i/clk_wiz_0/inst/clk_out2_system_clk_wiz_0_0
    BUFGCTRL_X0Y0        BUFG (Prop_bufg_I_O)         0.091     4.615 r  system_i/clk_wiz_0/inst/clkout2_buf/O
                         net (fo=11380, routed)       1.468     6.083    system_i/v_axi4s_vid_out_0/inst/COUPLER_INST/generate_async_fifo.FIFO_INST/XPM_FIFO_ASYNC_INST/gnuram_async_fifo.xpm_fifo_base_inst/gen_cdc_pntr.wr_pntr_cdc_dc_inst/src_clk
    SLICE_X51Y20         FDRE                                         r  system_i/v_axi4s_vid_out_0/inst/COUPLER_INST/generate_async_fifo.FIFO_INST/XPM_FIFO_ASYNC_INST/gnuram_async_fifo.xpm_fifo_base_inst/gen_cdc_pntr.wr_pntr_cdc_dc_inst/src_gray_ff_reg[8]/C
  -------------------------------------------------------------------    -------------------
    SLICE_X51Y20         FDRE (Prop_fdre_C_Q)         0.367     6.450 r  system_i/v_axi4s_vid_out_0/inst/COUPLER_INST/generate_async_fifo.FIFO_INST/XPM_FIFO_ASYNC_INST/gnuram_async_fifo.xpm_fifo_base_inst/gen_cdc_pntr.wr_pntr_cdc_dc_inst/src_gray_ff_reg[8]/Q
                         net (fo=1, routed)           0.366     6.816    system_i/v_axi4s_vid_out_0/inst/COUPLER_INST/generate_async_fifo.FIFO_INST/XPM_FIFO_ASYNC_INST/gnuram_async_fifo.xpm_fifo_base_inst/gen_cdc_pntr.wr_pntr_cdc_dc_inst/async_path[8]
    SLICE_X51Y22         FDRE                                         r  system_i/v_axi4s_vid_out_0/inst/COUPLER_INST/generate_async_fifo.FIFO_INST/XPM_FIFO_ASYNC_INST/gnuram_async_fifo.xpm_fifo_base_inst/gen_cdc_pntr.wr_pntr_cdc_dc_inst/dest_graysync_ff_reg[0][8]/D
  -------------------------------------------------------------------    -------------------

                         (clock pixel_dynclk rise edge)
                                                      0.000     0.000 r  
    BUFR_X1Y1            BUFR                         0.000     0.000 r  system_i/DVIClocking_0/U0/PixelClkBuffer/O
                         net (fo=2537, routed)        1.008     1.008    system_i/v_axi4s_vid_out_0/inst/COUPLER_INST/generate_async_fifo.FIFO_INST/XPM_FIFO_ASYNC_INST/gnuram_async_fifo.xpm_fifo_base_inst/gen_cdc_pntr.wr_pntr_cdc_dc_inst/dest_clk
    SLICE_X51Y22         FDRE                                         r  system_i/v_axi4s_vid_out_0/inst/COUPLER_INST/generate_async_fifo.FIFO_INST/XPM_FIFO_ASYNC_INST/gnuram_async_fifo.xpm_fifo_base_inst/gen_cdc_pntr.wr_pntr_cdc_dc_inst/dest_graysync_ff_reg[0][8]/C
                         clock pessimism              0.000     1.008    
    SLICE_X51Y22         FDRE (Hold_fdre_C_D)         0.169     1.177    system_i/v_axi4s_vid_out_0/inst/COUPLER_INST/generate_async_fifo.FIFO_INST/XPM_FIFO_ASYNC_INST/gnuram_async_fifo.xpm_fifo_base_inst/gen_cdc_pntr.wr_pntr_cdc_dc_inst/dest_graysync_ff_reg[0][8]
  -------------------------------------------------------------------
                         data arrival                           6.816    
                         clock arrival                          1.177    
  -------------------------------------------------------------------
                         relative delay                         5.639    



Id: 8
set_bus_skew -from [get_cells [list {system_i/mipi_csi2_rx_subsyst_0/U0/rx/inst/AXI_LITE.isr_cdc/ecc_cdc/src_hsdata_ff_reg[0]} {system_i/mipi_csi2_rx_subsyst_0/U0/rx/inst/AXI_LITE.isr_cdc/ecc_cdc/src_hsdata_ff_reg[1]}]] -to [get_cells [list {system_i/mipi_csi2_rx_subsyst_0/U0/rx/inst/AXI_LITE.isr_cdc/ecc_cdc/dest_hsdata_ff_reg[0]} {system_i/mipi_csi2_rx_subsyst_0/U0/rx/inst/AXI_LITE.isr_cdc/ecc_cdc/dest_hsdata_ff_reg[1]}]] 60.000
Requirement: 60.000ns
Endpoints: 2

From Clock            To Clock              Endpoint Pin                    Reference Pin                   Corner  Actual(ns)  Slack(ns)
--------------------  --------------------  ------------------------------  ------------------------------  ------  ----------  ---------
clk_out2_system_clk_wiz_0_0
                      clk_out1_system_clk_wiz_0_0
                                            system_i/mipi_csi2_rx_subsyst_0/U0/rx/inst/AXI_LITE.isr_cdc/ecc_cdc/dest_hsdata_ff_reg[1]/D
                                                                            system_i/mipi_csi2_rx_subsyst_0/U0/rx/inst/AXI_LITE.isr_cdc/ecc_cdc/dest_hsdata_ff_reg[0]/D
                                                                                                            Slow         0.968     59.032


Slack (MET) :             59.032ns  (requirement - actual skew)
  Endpoint Source:        system_i/mipi_csi2_rx_subsyst_0/U0/rx/inst/AXI_LITE.isr_cdc/ecc_cdc/src_hsdata_ff_reg[1]/C
                            (rising edge-triggered cell FDRE clocked by clk_out2_system_clk_wiz_0_0)
  Endpoint Destination:   system_i/mipi_csi2_rx_subsyst_0/U0/rx/inst/AXI_LITE.isr_cdc/ecc_cdc/dest_hsdata_ff_reg[1]/D
                            (rising edge-triggered cell FDRE clocked by clk_out1_system_clk_wiz_0_0)
  Reference Source:       system_i/mipi_csi2_rx_subsyst_0/U0/rx/inst/AXI_LITE.isr_cdc/ecc_cdc/src_hsdata_ff_reg[0]/C
                            (rising edge-triggered cell FDRE clocked by clk_out2_system_clk_wiz_0_0)
  Reference Destination:  system_i/mipi_csi2_rx_subsyst_0/U0/rx/inst/AXI_LITE.isr_cdc/ecc_cdc/dest_hsdata_ff_reg[0]/D
                            (rising edge-triggered cell FDRE clocked by clk_out1_system_clk_wiz_0_0)
  Path Type:              Bus Skew (Max at Slow Process Corner)
  Requirement:            60.000ns
  Endpoint Relative Delay:    1.733ns
  Reference Relative Delay:   0.293ns
  Relative CRPR:              0.699ns
  Uncertainty:                0.227ns
  Actual Bus Skew:            0.968ns  (Endpoint Relative Delay - Reference Relative Delay - Relative CRPR + Uncertainty)

Endpoint path:
    Location             Delay type                Incr(ns)  Path(ns)    Netlist Resource(s)
  -------------------------------------------------------------------    -------------------
                         (clock clk_out2_system_clk_wiz_0_0 rise edge)
                                                      0.000     0.000 r  
    PS7_X0Y0             PS7                          0.000     0.000 r  system_i/processing_system7_0/inst/PS7_i/FCLKCLK[0]
                         net (fo=1, routed)           1.193     1.193    system_i/processing_system7_0/inst/FCLK_CLK_unbuffered[0]
    BUFGCTRL_X0Y16       BUFG (Prop_bufg_I_O)         0.101     1.294 r  system_i/processing_system7_0/inst/buffer_fclk_clk_0.FCLK_CLK_0_BUFG/O
                         net (fo=2, routed)           1.762     3.056    system_i/clk_wiz_0/inst/clk_in1
    MMCME2_ADV_X0Y0      MMCME2_ADV (Prop_mmcme2_adv_CLKIN1_CLKOUT1)
                                                      0.088     3.144 r  system_i/clk_wiz_0/inst/mmcm_adv_inst/CLKOUT1
                         net (fo=1, routed)           1.855     4.999    system_i/clk_wiz_0/inst/clk_out2_system_clk_wiz_0_0
    BUFGCTRL_X0Y0        BUFG (Prop_bufg_I_O)         0.101     5.100 r  system_i/clk_wiz_0/inst/clkout2_buf/O
                         net (fo=11380, routed)       1.724     6.824    system_i/mipi_csi2_rx_subsyst_0/U0/rx/inst/AXI_LITE.isr_cdc/ecc_cdc/src_clk
    SLICE_X86Y92         FDRE                                         r  system_i/mipi_csi2_rx_subsyst_0/U0/rx/inst/AXI_LITE.isr_cdc/ecc_cdc/src_hsdata_ff_reg[1]/C
  -------------------------------------------------------------------    -------------------
    SLICE_X86Y92         FDRE (Prop_fdre_C_Q)         0.478     7.302 r  system_i/mipi_csi2_rx_subsyst_0/U0/rx/inst/AXI_LITE.isr_cdc/ecc_cdc/src_hsdata_ff_reg[1]/Q
                         net (fo=2, routed)           0.652     7.954    system_i/mipi_csi2_rx_subsyst_0/U0/rx/inst/AXI_LITE.isr_cdc/ecc_cdc/src_hsdata_ff[1]
    SLICE_X85Y91         FDRE                                         r  system_i/mipi_csi2_rx_subsyst_0/U0/rx/inst/AXI_LITE.isr_cdc/ecc_cdc/dest_hsdata_ff_reg[1]/D
  -------------------------------------------------------------------    -------------------

                         (clock clk_out1_system_clk_wiz_0_0 rise edge)
                                                      0.000     0.000 r  
    PS7_X0Y0             PS7                          0.000     0.000 r  system_i/processing_system7_0/inst/PS7_i/FCLKCLK[0]
                         net (fo=1, routed)           1.088     1.088    system_i/processing_system7_0/inst/FCLK_CLK_unbuffered[0]
    BUFGCTRL_X0Y16       BUFG (Prop_bufg_I_O)         0.091     1.179 r  system_i/processing_system7_0/inst/buffer_fclk_clk_0.FCLK_CLK_0_BUFG/O
                         net (fo=2, routed)           1.570     2.749    system_i/clk_wiz_0/inst/clk_in1
    MMCME2_ADV_X0Y0      MMCME2_ADV (Prop_mmcme2_adv_CLKIN1_CLKOUT0)
                                                      0.083     2.832 r  system_i/clk_wiz_0/inst/mmcm_adv_inst/CLKOUT0
                         net (fo=1, routed)           1.691     4.524    system_i/clk_wiz_0/inst/clk_out1_system_clk_wiz_0_0
    BUFGCTRL_X0Y1        BUFG (Prop_bufg_I_O)         0.091     4.615 r  system_i/clk_wiz_0/inst/clkout1_buf/O
                         net (fo=5716, routed)        1.548     6.162    system_i/mipi_csi2_rx_subsyst_0/U0/rx/inst/AXI_LITE.isr_cdc/ecc_cdc/dest_clk
    SLICE_X85Y91         FDRE                                         r  system_i/mipi_csi2_rx_subsyst_0/U0/rx/inst/AXI_LITE.isr_cdc/ecc_cdc/dest_hsdata_ff_reg[1]/C
                         clock pessimism              0.312     6.474    
    SLICE_X85Y91         FDRE (Setup_fdre_C_D)       -0.252     6.222    system_i/mipi_csi2_rx_subsyst_0/U0/rx/inst/AXI_LITE.isr_cdc/ecc_cdc/dest_hsdata_ff_reg[1]
  -------------------------------------------------------------------
                         data arrival                           7.954    
                         clock arrival                          6.222    
  -------------------------------------------------------------------
                         relative delay                         1.733    

Reference path:
    Location             Delay type                Incr(ns)  Path(ns)    Netlist Resource(s)
  -------------------------------------------------------------------    -------------------
                         (clock clk_out2_system_clk_wiz_0_0 rise edge)
                                                      0.000     0.000 r  
    PS7_X0Y0             PS7                          0.000     0.000 r  system_i/processing_system7_0/inst/PS7_i/FCLKCLK[0]
                         net (fo=1, routed)           1.088     1.088    system_i/processing_system7_0/inst/FCLK_CLK_unbuffered[0]
    BUFGCTRL_X0Y16       BUFG (Prop_bufg_I_O)         0.091     1.179 r  system_i/processing_system7_0/inst/buffer_fclk_clk_0.FCLK_CLK_0_BUFG/O
                         net (fo=2, routed)           1.570     2.749    system_i/clk_wiz_0/inst/clk_in1
    MMCME2_ADV_X0Y0      MMCME2_ADV (Prop_mmcme2_adv_CLKIN1_CLKOUT1)
                                                      0.083     2.832 r  system_i/clk_wiz_0/inst/mmcm_adv_inst/CLKOUT1
                         net (fo=1, routed)           1.691     4.524    system_i/clk_wiz_0/inst/clk_out2_system_clk_wiz_0_0
    BUFGCTRL_X0Y0        BUFG (Prop_bufg_I_O)         0.091     4.615 r  system_i/clk_wiz_0/inst/clkout2_buf/O
                         net (fo=11380, routed)       1.548     6.162    system_i/mipi_csi2_rx_subsyst_0/U0/rx/inst/AXI_LITE.isr_cdc/ecc_cdc/src_clk
    SLICE_X86Y92         FDRE                                         r  system_i/mipi_csi2_rx_subsyst_0/U0/rx/inst/AXI_LITE.isr_cdc/ecc_cdc/src_hsdata_ff_reg[0]/C
  -------------------------------------------------------------------    -------------------
    SLICE_X86Y92         FDRE (Prop_fdre_C_Q)         0.418     6.580 r  system_i/mipi_csi2_rx_subsyst_0/U0/rx/inst/AXI_LITE.isr_cdc/ecc_cdc/src_hsdata_ff_reg[0]/Q
                         net (fo=2, routed)           0.416     6.996    system_i/mipi_csi2_rx_subsyst_0/U0/rx/inst/AXI_LITE.isr_cdc/ecc_cdc/src_hsdata_ff[0]
    SLICE_X85Y91         FDRE                                         r  system_i/mipi_csi2_rx_subsyst_0/U0/rx/inst/AXI_LITE.isr_cdc/ecc_cdc/dest_hsdata_ff_reg[0]/D
  -------------------------------------------------------------------    -------------------

                         (clock clk_out1_system_clk_wiz_0_0 rise edge)
                                                      0.000     0.000 r  
    PS7_X0Y0             PS7                          0.000     0.000 r  system_i/processing_system7_0/inst/PS7_i/FCLKCLK[0]
                         net (fo=1, routed)           1.193     1.193    system_i/processing_system7_0/inst/FCLK_CLK_unbuffered[0]
    BUFGCTRL_X0Y16       BUFG (Prop_bufg_I_O)         0.101     1.294 r  system_i/processing_system7_0/inst/buffer_fclk_clk_0.FCLK_CLK_0_BUFG/O
                         net (fo=2, routed)           1.762     3.056    system_i/clk_wiz_0/inst/clk_in1
    MMCME2_ADV_X0Y0      MMCME2_ADV (Prop_mmcme2_adv_CLKIN1_CLKOUT0)
                                                      0.088     3.144 r  system_i/clk_wiz_0/inst/mmcm_adv_inst/CLKOUT0
                         net (fo=1, routed)           1.855     4.999    system_i/clk_wiz_0/inst/clk_out1_system_clk_wiz_0_0
    BUFGCTRL_X0Y1        BUFG (Prop_bufg_I_O)         0.101     5.100 r  system_i/clk_wiz_0/inst/clkout1_buf/O
                         net (fo=5716, routed)        1.723     6.823    system_i/mipi_csi2_rx_subsyst_0/U0/rx/inst/AXI_LITE.isr_cdc/ecc_cdc/dest_clk
    SLICE_X85Y91         FDRE                                         r  system_i/mipi_csi2_rx_subsyst_0/U0/rx/inst/AXI_LITE.isr_cdc/ecc_cdc/dest_hsdata_ff_reg[0]/C
                         clock pessimism             -0.312     6.511    
    SLICE_X85Y91         FDRE (Hold_fdre_C_D)         0.192     6.703    system_i/mipi_csi2_rx_subsyst_0/U0/rx/inst/AXI_LITE.isr_cdc/ecc_cdc/dest_hsdata_ff_reg[0]
  -------------------------------------------------------------------
                         data arrival                           6.996    
                         clock arrival                          6.703    
  -------------------------------------------------------------------
                         relative delay                         0.293    



Id: 9
set_bus_skew -from [get_cells [list {system_i/mipi_csi2_rx_subsyst_0/U0/rx/inst/AXI_LITE.reg_inf/img_info_cdc/src_hsdata_ff_reg[0]} \
          {system_i/mipi_csi2_rx_subsyst_0/U0/rx/inst/AXI_LITE.reg_inf/img_info_cdc/src_hsdata_ff_reg[10]} \
          {system_i/mipi_csi2_rx_subsyst_0/U0/rx/inst/AXI_LITE.reg_inf/img_info_cdc/src_hsdata_ff_reg[11]} \
          {system_i/mipi_csi2_rx_subsyst_0/U0/rx/inst/AXI_LITE.reg_inf/img_info_cdc/src_hsdata_ff_reg[12]} \
          {system_i/mipi_csi2_rx_subsyst_0/U0/rx/inst/AXI_LITE.reg_inf/img_info_cdc/src_hsdata_ff_reg[13]} \
          {system_i/mipi_csi2_rx_subsyst_0/U0/rx/inst/AXI_LITE.reg_inf/img_info_cdc/src_hsdata_ff_reg[14]} \
          {system_i/mipi_csi2_rx_subsyst_0/U0/rx/inst/AXI_LITE.reg_inf/img_info_cdc/src_hsdata_ff_reg[15]} \
          {system_i/mipi_csi2_rx_subsyst_0/U0/rx/inst/AXI_LITE.reg_inf/img_info_cdc/src_hsdata_ff_reg[16]} \
          {system_i/mipi_csi2_rx_subsyst_0/U0/rx/inst/AXI_LITE.reg_inf/img_info_cdc/src_hsdata_ff_reg[17]} \
          {system_i/mipi_csi2_rx_subsyst_0/U0/rx/inst/AXI_LITE.reg_inf/img_info_cdc/src_hsdata_ff_reg[18]} \
          {system_i/mipi_csi2_rx_subsyst_0/U0/rx/inst/AXI_LITE.reg_inf/img_info_cdc/src_hsdata_ff_reg[19]} \
          {system_i/mipi_csi2_rx_subsyst_0/U0/rx/inst/AXI_LITE.reg_inf/img_info_cdc/src_hsdata_ff_reg[1]} \
          {system_i/mipi_csi2_rx_subsyst_0/U0/rx/inst/AXI_LITE.reg_inf/img_info_cdc/src_hsdata_ff_reg[20]} \
          {system_i/mipi_csi2_rx_subsyst_0/U0/rx/inst/AXI_LITE.reg_inf/img_info_cdc/src_hsdata_ff_reg[21]} \
          {system_i/mipi_csi2_rx_subsyst_0/U0/rx/inst/AXI_LITE.reg_inf/img_info_cdc/src_hsdata_ff_reg[22]} \
          {system_i/mipi_csi2_rx_subsyst_0/U0/rx/inst/AXI_LITE.reg_inf/img_info_cdc/src_hsdata_ff_reg[23]} \
          {system_i/mipi_csi2_rx_subsyst_0/U0/rx/inst/AXI_LITE.reg_inf/img_info_cdc/src_hsdata_ff_reg[24]} \
          {system_i/mipi_csi2_rx_subsyst_0/U0/rx/inst/AXI_LITE.reg_inf/img_info_cdc/src_hsdata_ff_reg[25]} \
          {system_i/mipi_csi2_rx_subsyst_0/U0/rx/inst/AXI_LITE.reg_inf/img_info_cdc/src_hsdata_ff_reg[2]} \
          {system_i/mipi_csi2_rx_subsyst_0/U0/rx/inst/AXI_LITE.reg_inf/img_info_cdc/src_hsdata_ff_reg[3]} \
          {system_i/mipi_csi2_rx_subsyst_0/U0/rx/inst/AXI_LITE.reg_inf/img_info_cdc/src_hsdata_ff_reg[4]} \
          {system_i/mipi_csi2_rx_subsyst_0/U0/rx/inst/AXI_LITE.reg_inf/img_info_cdc/src_hsdata_ff_reg[5]} \
          {system_i/mipi_csi2_rx_subsyst_0/U0/rx/inst/AXI_LITE.reg_inf/img_info_cdc/src_hsdata_ff_reg[6]} \
          {system_i/mipi_csi2_rx_subsyst_0/U0/rx/inst/AXI_LITE.reg_inf/img_info_cdc/src_hsdata_ff_reg[7]} \
          {system_i/mipi_csi2_rx_subsyst_0/U0/rx/inst/AXI_LITE.reg_inf/img_info_cdc/src_hsdata_ff_reg[8]} \
          {system_i/mipi_csi2_rx_subsyst_0/U0/rx/inst/AXI_LITE.reg_inf/img_info_cdc/src_hsdata_ff_reg[9]}]] -to [get_cells [list {system_i/mipi_csi2_rx_subsyst_0/U0/rx/inst/AXI_LITE.reg_inf/img_info_cdc/dest_hsdata_ff_reg[0]} \
          {system_i/mipi_csi2_rx_subsyst_0/U0/rx/inst/AXI_LITE.reg_inf/img_info_cdc/dest_hsdata_ff_reg[10]} \
          {system_i/mipi_csi2_rx_subsyst_0/U0/rx/inst/AXI_LITE.reg_inf/img_info_cdc/dest_hsdata_ff_reg[11]} \
          {system_i/mipi_csi2_rx_subsyst_0/U0/rx/inst/AXI_LITE.reg_inf/img_info_cdc/dest_hsdata_ff_reg[12]} \
          {system_i/mipi_csi2_rx_subsyst_0/U0/rx/inst/AXI_LITE.reg_inf/img_info_cdc/dest_hsdata_ff_reg[13]} \
          {system_i/mipi_csi2_rx_subsyst_0/U0/rx/inst/AXI_LITE.reg_inf/img_info_cdc/dest_hsdata_ff_reg[14]} \
          {system_i/mipi_csi2_rx_subsyst_0/U0/rx/inst/AXI_LITE.reg_inf/img_info_cdc/dest_hsdata_ff_reg[15]} \
          {system_i/mipi_csi2_rx_subsyst_0/U0/rx/inst/AXI_LITE.reg_inf/img_info_cdc/dest_hsdata_ff_reg[16]} \
          {system_i/mipi_csi2_rx_subsyst_0/U0/rx/inst/AXI_LITE.reg_inf/img_info_cdc/dest_hsdata_ff_reg[17]} \
          {system_i/mipi_csi2_rx_subsyst_0/U0/rx/inst/AXI_LITE.reg_inf/img_info_cdc/dest_hsdata_ff_reg[18]} \
          {system_i/mipi_csi2_rx_subsyst_0/U0/rx/inst/AXI_LITE.reg_inf/img_info_cdc/dest_hsdata_ff_reg[19]} \
          {system_i/mipi_csi2_rx_subsyst_0/U0/rx/inst/AXI_LITE.reg_inf/img_info_cdc/dest_hsdata_ff_reg[1]} \
          {system_i/mipi_csi2_rx_subsyst_0/U0/rx/inst/AXI_LITE.reg_inf/img_info_cdc/dest_hsdata_ff_reg[20]} \
          {system_i/mipi_csi2_rx_subsyst_0/U0/rx/inst/AXI_LITE.reg_inf/img_info_cdc/dest_hsdata_ff_reg[21]} \
          {system_i/mipi_csi2_rx_subsyst_0/U0/rx/inst/AXI_LITE.reg_inf/img_info_cdc/dest_hsdata_ff_reg[22]} \
          {system_i/mipi_csi2_rx_subsyst_0/U0/rx/inst/AXI_LITE.reg_inf/img_info_cdc/dest_hsdata_ff_reg[23]} \
          {system_i/mipi_csi2_rx_subsyst_0/U0/rx/inst/AXI_LITE.reg_inf/img_info_cdc/dest_hsdata_ff_reg[24]} \
          {system_i/mipi_csi2_rx_subsyst_0/U0/rx/inst/AXI_LITE.reg_inf/img_info_cdc/dest_hsdata_ff_reg[25]} \
          {system_i/mipi_csi2_rx_subsyst_0/U0/rx/inst/AXI_LITE.reg_inf/img_info_cdc/dest_hsdata_ff_reg[2]} \
          {system_i/mipi_csi2_rx_subsyst_0/U0/rx/inst/AXI_LITE.reg_inf/img_info_cdc/dest_hsdata_ff_reg[3]} \
          {system_i/mipi_csi2_rx_subsyst_0/U0/rx/inst/AXI_LITE.reg_inf/img_info_cdc/dest_hsdata_ff_reg[4]} \
          {system_i/mipi_csi2_rx_subsyst_0/U0/rx/inst/AXI_LITE.reg_inf/img_info_cdc/dest_hsdata_ff_reg[5]} \
          {system_i/mipi_csi2_rx_subsyst_0/U0/rx/inst/AXI_LITE.reg_inf/img_info_cdc/dest_hsdata_ff_reg[6]} \
          {system_i/mipi_csi2_rx_subsyst_0/U0/rx/inst/AXI_LITE.reg_inf/img_info_cdc/dest_hsdata_ff_reg[7]} \
          {system_i/mipi_csi2_rx_subsyst_0/U0/rx/inst/AXI_LITE.reg_inf/img_info_cdc/dest_hsdata_ff_reg[8]} \
          {system_i/mipi_csi2_rx_subsyst_0/U0/rx/inst/AXI_LITE.reg_inf/img_info_cdc/dest_hsdata_ff_reg[9]}]] 60.000
Requirement: 60.000ns
Endpoints: 26

From Clock            To Clock              Endpoint Pin                    Reference Pin                   Corner  Actual(ns)  Slack(ns)
--------------------  --------------------  ------------------------------  ------------------------------  ------  ----------  ---------
clk_out2_system_clk_wiz_0_0
                      clk_out1_system_clk_wiz_0_0
                                            system_i/mipi_csi2_rx_subsyst_0/U0/rx/inst/AXI_LITE.reg_inf/img_info_cdc/dest_hsdata_ff_reg[2]/D
                                                                            system_i/mipi_csi2_rx_subsyst_0/U0/rx/inst/AXI_LITE.reg_inf/img_info_cdc/dest_hsdata_ff_reg[10]/D
                                                                                                            Slow         1.242     58.758


Slack (MET) :             58.758ns  (requirement - actual skew)
  Endpoint Source:        system_i/mipi_csi2_rx_subsyst_0/U0/rx/inst/AXI_LITE.reg_inf/img_info_cdc/src_hsdata_ff_reg[2]/C
                            (rising edge-triggered cell FDRE clocked by clk_out2_system_clk_wiz_0_0)
  Endpoint Destination:   system_i/mipi_csi2_rx_subsyst_0/U0/rx/inst/AXI_LITE.reg_inf/img_info_cdc/dest_hsdata_ff_reg[2]/D
                            (rising edge-triggered cell FDRE clocked by clk_out1_system_clk_wiz_0_0)
  Reference Source:       system_i/mipi_csi2_rx_subsyst_0/U0/rx/inst/AXI_LITE.reg_inf/img_info_cdc/src_hsdata_ff_reg[10]/C
                            (rising edge-triggered cell FDRE clocked by clk_out2_system_clk_wiz_0_0)
  Reference Destination:  system_i/mipi_csi2_rx_subsyst_0/U0/rx/inst/AXI_LITE.reg_inf/img_info_cdc/dest_hsdata_ff_reg[10]/D
                            (rising edge-triggered cell FDRE clocked by clk_out1_system_clk_wiz_0_0)
  Path Type:              Bus Skew (Max at Slow Process Corner)
  Requirement:            60.000ns
  Endpoint Relative Delay:    1.842ns
  Reference Relative Delay:   0.214ns
  Relative CRPR:              0.613ns
  Uncertainty:                0.227ns
  Actual Bus Skew:            1.242ns  (Endpoint Relative Delay - Reference Relative Delay - Relative CRPR + Uncertainty)

Endpoint path:
    Location             Delay type                Incr(ns)  Path(ns)    Netlist Resource(s)
  -------------------------------------------------------------------    -------------------
                         (clock clk_out2_system_clk_wiz_0_0 rise edge)
                                                      0.000     0.000 r  
    PS7_X0Y0             PS7                          0.000     0.000 r  system_i/processing_system7_0/inst/PS7_i/FCLKCLK[0]
                         net (fo=1, routed)           1.193     1.193    system_i/processing_system7_0/inst/FCLK_CLK_unbuffered[0]
    BUFGCTRL_X0Y16       BUFG (Prop_bufg_I_O)         0.101     1.294 r  system_i/processing_system7_0/inst/buffer_fclk_clk_0.FCLK_CLK_0_BUFG/O
                         net (fo=2, routed)           1.762     3.056    system_i/clk_wiz_0/inst/clk_in1
    MMCME2_ADV_X0Y0      MMCME2_ADV (Prop_mmcme2_adv_CLKIN1_CLKOUT1)
                                                      0.088     3.144 r  system_i/clk_wiz_0/inst/mmcm_adv_inst/CLKOUT1
                         net (fo=1, routed)           1.855     4.999    system_i/clk_wiz_0/inst/clk_out2_system_clk_wiz_0_0
    BUFGCTRL_X0Y0        BUFG (Prop_bufg_I_O)         0.101     5.100 r  system_i/clk_wiz_0/inst/clkout2_buf/O
                         net (fo=11380, routed)       1.724     6.824    system_i/mipi_csi2_rx_subsyst_0/U0/rx/inst/AXI_LITE.reg_inf/img_info_cdc/src_clk
    SLICE_X82Y94         FDRE                                         r  system_i/mipi_csi2_rx_subsyst_0/U0/rx/inst/AXI_LITE.reg_inf/img_info_cdc/src_hsdata_ff_reg[2]/C
  -------------------------------------------------------------------    -------------------
    SLICE_X82Y94         FDRE (Prop_fdre_C_Q)         0.478     7.302 r  system_i/mipi_csi2_rx_subsyst_0/U0/rx/inst/AXI_LITE.reg_inf/img_info_cdc/src_hsdata_ff_reg[2]/Q
                         net (fo=1, routed)           0.750     8.052    system_i/mipi_csi2_rx_subsyst_0/U0/rx/inst/AXI_LITE.reg_inf/img_info_cdc/src_hsdata_ff[2]
    SLICE_X81Y94         FDRE                                         r  system_i/mipi_csi2_rx_subsyst_0/U0/rx/inst/AXI_LITE.reg_inf/img_info_cdc/dest_hsdata_ff_reg[2]/D
  -------------------------------------------------------------------    -------------------

                         (clock clk_out1_system_clk_wiz_0_0 rise edge)
                                                      0.000     0.000 r  
    PS7_X0Y0             PS7                          0.000     0.000 r  system_i/processing_system7_0/inst/PS7_i/FCLKCLK[0]
                         net (fo=1, routed)           1.088     1.088    system_i/processing_system7_0/inst/FCLK_CLK_unbuffered[0]
    BUFGCTRL_X0Y16       BUFG (Prop_bufg_I_O)         0.091     1.179 r  system_i/processing_system7_0/inst/buffer_fclk_clk_0.FCLK_CLK_0_BUFG/O
                         net (fo=2, routed)           1.570     2.749    system_i/clk_wiz_0/inst/clk_in1
    MMCME2_ADV_X0Y0      MMCME2_ADV (Prop_mmcme2_adv_CLKIN1_CLKOUT0)
                                                      0.083     2.832 r  system_i/clk_wiz_0/inst/mmcm_adv_inst/CLKOUT0
                         net (fo=1, routed)           1.691     4.524    system_i/clk_wiz_0/inst/clk_out1_system_clk_wiz_0_0
    BUFGCTRL_X0Y1        BUFG (Prop_bufg_I_O)         0.091     4.615 r  system_i/clk_wiz_0/inst/clkout1_buf/O
                         net (fo=5716, routed)        1.548     6.162    system_i/mipi_csi2_rx_subsyst_0/U0/rx/inst/AXI_LITE.reg_inf/img_info_cdc/dest_clk
    SLICE_X81Y94         FDRE                                         r  system_i/mipi_csi2_rx_subsyst_0/U0/rx/inst/AXI_LITE.reg_inf/img_info_cdc/dest_hsdata_ff_reg[2]/C
                         clock pessimism              0.312     6.474    
    SLICE_X81Y94         FDRE (Setup_fdre_C_D)       -0.264     6.210    system_i/mipi_csi2_rx_subsyst_0/U0/rx/inst/AXI_LITE.reg_inf/img_info_cdc/dest_hsdata_ff_reg[2]
  -------------------------------------------------------------------
                         data arrival                           8.052    
                         clock arrival                          6.210    
  -------------------------------------------------------------------
                         relative delay                         1.842    

Reference path:
    Location             Delay type                Incr(ns)  Path(ns)    Netlist Resource(s)
  -------------------------------------------------------------------    -------------------
                         (clock clk_out2_system_clk_wiz_0_0 rise edge)
                                                      0.000     0.000 r  
    PS7_X0Y0             PS7                          0.000     0.000 r  system_i/processing_system7_0/inst/PS7_i/FCLKCLK[0]
                         net (fo=1, routed)           1.088     1.088    system_i/processing_system7_0/inst/FCLK_CLK_unbuffered[0]
    BUFGCTRL_X0Y16       BUFG (Prop_bufg_I_O)         0.091     1.179 r  system_i/processing_system7_0/inst/buffer_fclk_clk_0.FCLK_CLK_0_BUFG/O
                         net (fo=2, routed)           1.570     2.749    system_i/clk_wiz_0/inst/clk_in1
    MMCME2_ADV_X0Y0      MMCME2_ADV (Prop_mmcme2_adv_CLKIN1_CLKOUT1)
                                                      0.083     2.832 r  system_i/clk_wiz_0/inst/mmcm_adv_inst/CLKOUT1
                         net (fo=1, routed)           1.691     4.524    system_i/clk_wiz_0/inst/clk_out2_system_clk_wiz_0_0
    BUFGCTRL_X0Y0        BUFG (Prop_bufg_I_O)         0.091     4.615 r  system_i/clk_wiz_0/inst/clkout2_buf/O
                         net (fo=11380, routed)       1.548     6.162    system_i/mipi_csi2_rx_subsyst_0/U0/rx/inst/AXI_LITE.reg_inf/img_info_cdc/src_clk
    SLICE_X81Y93         FDRE                                         r  system_i/mipi_csi2_rx_subsyst_0/U0/rx/inst/AXI_LITE.reg_inf/img_info_cdc/src_hsdata_ff_reg[10]/C
  -------------------------------------------------------------------    -------------------
    SLICE_X81Y93         FDRE (Prop_fdre_C_Q)         0.367     6.529 r  system_i/mipi_csi2_rx_subsyst_0/U0/rx/inst/AXI_LITE.reg_inf/img_info_cdc/src_hsdata_ff_reg[10]/Q
                         net (fo=1, routed)           0.366     6.896    system_i/mipi_csi2_rx_subsyst_0/U0/rx/inst/AXI_LITE.reg_inf/img_info_cdc/src_hsdata_ff[10]
    SLICE_X81Y95         FDRE                                         r  system_i/mipi_csi2_rx_subsyst_0/U0/rx/inst/AXI_LITE.reg_inf/img_info_cdc/dest_hsdata_ff_reg[10]/D
  -------------------------------------------------------------------    -------------------

                         (clock clk_out1_system_clk_wiz_0_0 rise edge)
                                                      0.000     0.000 r  
    PS7_X0Y0             PS7                          0.000     0.000 r  system_i/processing_system7_0/inst/PS7_i/FCLKCLK[0]
                         net (fo=1, routed)           1.193     1.193    system_i/processing_system7_0/inst/FCLK_CLK_unbuffered[0]
    BUFGCTRL_X0Y16       BUFG (Prop_bufg_I_O)         0.101     1.294 r  system_i/processing_system7_0/inst/buffer_fclk_clk_0.FCLK_CLK_0_BUFG/O
                         net (fo=2, routed)           1.762     3.056    system_i/clk_wiz_0/inst/clk_in1
    MMCME2_ADV_X0Y0      MMCME2_ADV (Prop_mmcme2_adv_CLKIN1_CLKOUT0)
                                                      0.088     3.144 r  system_i/clk_wiz_0/inst/mmcm_adv_inst/CLKOUT0
                         net (fo=1, routed)           1.855     4.999    system_i/clk_wiz_0/inst/clk_out1_system_clk_wiz_0_0
    BUFGCTRL_X0Y1        BUFG (Prop_bufg_I_O)         0.101     5.100 r  system_i/clk_wiz_0/inst/clkout1_buf/O
                         net (fo=5716, routed)        1.724     6.824    system_i/mipi_csi2_rx_subsyst_0/U0/rx/inst/AXI_LITE.reg_inf/img_info_cdc/dest_clk
    SLICE_X81Y95         FDRE                                         r  system_i/mipi_csi2_rx_subsyst_0/U0/rx/inst/AXI_LITE.reg_inf/img_info_cdc/dest_hsdata_ff_reg[10]/C
                         clock pessimism             -0.312     6.512    
    SLICE_X81Y95         FDRE (Hold_fdre_C_D)         0.169     6.681    system_i/mipi_csi2_rx_subsyst_0/U0/rx/inst/AXI_LITE.reg_inf/img_info_cdc/dest_hsdata_ff_reg[10]
  -------------------------------------------------------------------
                         data arrival                           6.896    
                         clock arrival                          6.681    
  -------------------------------------------------------------------
                         relative delay                         0.214    



