TRACE::2026-02-05.16:44:38::SCWPlatform::Trying to open the hw design at C:/Users/cihem/CPRE-488-Labs/Mp-0_New/vitis2/design_1_wrapper/hw/design_1_wrapper.xsa
TRACE::2026-02-05.16:44:38::SCWPlatform::DSA given C:/Users/cihem/CPRE-488-Labs/Mp-0_New/vitis2/design_1_wrapper/hw/design_1_wrapper.xsa
TRACE::2026-02-05.16:44:38::SCWPlatform::DSA absoulate path C:/Users/cihem/CPRE-488-Labs/Mp-0_New/vitis2/design_1_wrapper/hw/design_1_wrapper.xsa
TRACE::2026-02-05.16:44:39::SCWPlatform::DSA directory C:/Users/cihem/CPRE-488-Labs/Mp-0_New/vitis2/design_1_wrapper/hw
TRACE::2026-02-05.16:44:39::SCWPlatform:: Platform Path C:/Users/cihem/CPRE-488-Labs/Mp-0_New/vitis2/design_1_wrapper/hw/design_1_wrapper.xsa
TRACE::2026-02-05.16:44:39::SCWPlatform:: Unique name xilinx:zed::0.0
TRACE::2026-02-05.16:44:39::SCWPlatform::Do not have an existing db opened. 
TRACE::2026-02-05.16:44:40::SCWPlatform::Opened new HwDB with name design_1_wrapper_0
TRACE::2026-02-05.16:44:40::SCWWriter::formatted JSON is {
	"platformName":	"design_1_wrapper",
	"sprVersion":	"2.0",
	"mode":	"gui",
	"dsaType":	"Fixed",
	"platformDesc":	"design_1_wrapper",
	"platHandOff":	"C:/Users/cihem/CPRE-488-Labs/Mp-0_New/TheNextBigThing/design_1_wrapper.xsa",
	"platIntHandOff":	"<platformDir>/hw/design_1_wrapper.xsa",
	"deviceType":	"zynq",
	"platIsPrebuiltAutogen":	"false",
	"platIsNoBootBsp":	"false",
	"hasFsblMakeHasChanges":	"false",
	"hasPmufwMakeHasChanges":	"false",
	"platPreBuiltFlag":	false,
	"platformSamplesDir":	""
}
TRACE::2026-02-05.16:44:40::SCWWriter::formatted JSON is {
	"platformName":	"design_1_wrapper",
	"sprVersion":	"2.0",
	"mode":	"gui",
	"dsaType":	"Fixed",
	"platformDesc":	"design_1_wrapper",
	"platHandOff":	"C:/Users/cihem/CPRE-488-Labs/Mp-0_New/TheNextBigThing/design_1_wrapper.xsa",
	"platIntHandOff":	"<platformDir>/hw/design_1_wrapper.xsa",
	"deviceType":	"zynq",
	"platIsPrebuiltAutogen":	"false",
	"platIsNoBootBsp":	"false",
	"hasFsblMakeHasChanges":	"false",
	"hasPmufwMakeHasChanges":	"false",
	"platPreBuiltFlag":	false,
	"platformSamplesDir":	"",
	"platActiveSys":	"design_1_wrapper",
	"systems":	[{
			"systemName":	"design_1_wrapper",
			"systemDesc":	"design_1_wrapper",
			"sysIsBootAutoGen":	"true",
			"systemDispName":	"design_1_wrapper"
		}]
}
TRACE::2026-02-05.16:44:40::SCWPlatform::Boot application domains not present, creating them
TRACE::2026-02-05.16:44:40::SCWDomain::checking for install qemu data   : 
TRACE::2026-02-05.16:44:40::SCWDomain:: Using the QEMU Data from install at  : C:/Xilinx/Vitis/2020.1/data/emulation/platforms/zynq/qemu/
TRACE::2026-02-05.16:44:40::SCWDomain:: Using the QEMU args  from install at  : C:/Xilinx/Vitis/2020.1/data/emulation/platforms/zynq/qemu/qemu_args.txt
TRACE::2026-02-05.16:44:40::SCWPlatform::Trying to open the hw design at C:/Users/cihem/CPRE-488-Labs/Mp-0_New/vitis2/design_1_wrapper/hw/design_1_wrapper.xsa
TRACE::2026-02-05.16:44:40::SCWPlatform::DSA given C:/Users/cihem/CPRE-488-Labs/Mp-0_New/vitis2/design_1_wrapper/hw/design_1_wrapper.xsa
TRACE::2026-02-05.16:44:40::SCWPlatform::DSA absoulate path C:/Users/cihem/CPRE-488-Labs/Mp-0_New/vitis2/design_1_wrapper/hw/design_1_wrapper.xsa
TRACE::2026-02-05.16:44:40::SCWPlatform::DSA directory C:/Users/cihem/CPRE-488-Labs/Mp-0_New/vitis2/design_1_wrapper/hw
TRACE::2026-02-05.16:44:40::SCWPlatform:: Platform Path C:/Users/cihem/CPRE-488-Labs/Mp-0_New/vitis2/design_1_wrapper/hw/design_1_wrapper.xsa
TRACE::2026-02-05.16:44:40::SCWPlatform:: Unique name xilinx:zed::0.0
TRACE::2026-02-05.16:44:40::SCWPlatform::Trying to set the existing hwdb with name design_1_wrapper_0
TRACE::2026-02-05.16:44:40::SCWPlatform::Opened existing hwdb design_1_wrapper_0
TRACE::2026-02-05.16:44:40::SCWPlatform::Found the Hw Db part of the input DSA
TRACE::2026-02-05.16:44:40::SCWPlatform::Trying to open the hw design at C:/Users/cihem/CPRE-488-Labs/Mp-0_New/vitis2/design_1_wrapper/hw/design_1_wrapper.xsa
TRACE::2026-02-05.16:44:40::SCWPlatform::DSA given C:/Users/cihem/CPRE-488-Labs/Mp-0_New/vitis2/design_1_wrapper/hw/design_1_wrapper.xsa
TRACE::2026-02-05.16:44:40::SCWPlatform::DSA absoulate path C:/Users/cihem/CPRE-488-Labs/Mp-0_New/vitis2/design_1_wrapper/hw/design_1_wrapper.xsa
TRACE::2026-02-05.16:44:40::SCWPlatform::DSA directory C:/Users/cihem/CPRE-488-Labs/Mp-0_New/vitis2/design_1_wrapper/hw
TRACE::2026-02-05.16:44:40::SCWPlatform:: Platform Path C:/Users/cihem/CPRE-488-Labs/Mp-0_New/vitis2/design_1_wrapper/hw/design_1_wrapper.xsa
TRACE::2026-02-05.16:44:40::SCWPlatform:: Unique name xilinx:zed::0.0
TRACE::2026-02-05.16:44:40::SCWPlatform::Trying to set the existing hwdb with name design_1_wrapper_0
TRACE::2026-02-05.16:44:40::SCWPlatform::Opened existing hwdb design_1_wrapper_0
TRACE::2026-02-05.16:44:40::SCWPlatform::Found the Hw Db part of the input DSA
TRACE::2026-02-05.16:44:40::SCWPlatform::Trying to open the hw design at C:/Users/cihem/CPRE-488-Labs/Mp-0_New/vitis2/design_1_wrapper/hw/design_1_wrapper.xsa
TRACE::2026-02-05.16:44:40::SCWPlatform::DSA given C:/Users/cihem/CPRE-488-Labs/Mp-0_New/vitis2/design_1_wrapper/hw/design_1_wrapper.xsa
TRACE::2026-02-05.16:44:40::SCWPlatform::DSA absoulate path C:/Users/cihem/CPRE-488-Labs/Mp-0_New/vitis2/design_1_wrapper/hw/design_1_wrapper.xsa
TRACE::2026-02-05.16:44:40::SCWPlatform::DSA directory C:/Users/cihem/CPRE-488-Labs/Mp-0_New/vitis2/design_1_wrapper/hw
TRACE::2026-02-05.16:44:40::SCWPlatform:: Platform Path C:/Users/cihem/CPRE-488-Labs/Mp-0_New/vitis2/design_1_wrapper/hw/design_1_wrapper.xsa
TRACE::2026-02-05.16:44:40::SCWPlatform:: Unique name xilinx:zed::0.0
TRACE::2026-02-05.16:44:40::SCWPlatform::Trying to set the existing hwdb with name design_1_wrapper_0
TRACE::2026-02-05.16:44:40::SCWPlatform::Opened existing hwdb design_1_wrapper_0
TRACE::2026-02-05.16:44:40::SCWPlatform::Found the Hw Db part of the input DSA
TRACE::2026-02-05.16:44:40::SCWPlatform::Boot application domain added for zynq_fsbl
TRACE::2026-02-05.16:44:40::SCWPlatform::Generating the sources  .
TRACE::2026-02-05.16:44:40::SCWBDomain::Generating boot domain sources.
TRACE::2026-02-05.16:44:40::SCWBDomain:: Generating the zynq_fsbl Application.
TRACE::2026-02-05.16:44:40::SCWPlatform::Trying to open the hw design at C:/Users/cihem/CPRE-488-Labs/Mp-0_New/vitis2/design_1_wrapper/hw/design_1_wrapper.xsa
TRACE::2026-02-05.16:44:40::SCWPlatform::DSA given C:/Users/cihem/CPRE-488-Labs/Mp-0_New/vitis2/design_1_wrapper/hw/design_1_wrapper.xsa
TRACE::2026-02-05.16:44:40::SCWPlatform::DSA absoulate path C:/Users/cihem/CPRE-488-Labs/Mp-0_New/vitis2/design_1_wrapper/hw/design_1_wrapper.xsa
TRACE::2026-02-05.16:44:40::SCWPlatform::DSA directory C:/Users/cihem/CPRE-488-Labs/Mp-0_New/vitis2/design_1_wrapper/hw
TRACE::2026-02-05.16:44:40::SCWPlatform:: Platform Path C:/Users/cihem/CPRE-488-Labs/Mp-0_New/vitis2/design_1_wrapper/hw/design_1_wrapper.xsa
TRACE::2026-02-05.16:44:40::SCWPlatform:: Unique name xilinx:zed::0.0
TRACE::2026-02-05.16:44:40::SCWPlatform::Trying to set the existing hwdb with name design_1_wrapper_0
TRACE::2026-02-05.16:44:40::SCWPlatform::Opened existing hwdb design_1_wrapper_0
TRACE::2026-02-05.16:44:40::SCWPlatform::Found the Hw Db part of the input DSA
TRACE::2026-02-05.16:44:40::SCWMssOS::Checking the sw design at  C:/Users/cihem/CPRE-488-Labs/Mp-0_New/vitis2/design_1_wrapper/zynq_fsbl/zynq_fsbl_bsp/system.mss
TRACE::2026-02-05.16:44:40::SCWMssOS::DEBUG:  swdes dump  
TRACE::2026-02-05.16:44:40::SCWMssOS::No sw design opened at  C:/Users/cihem/CPRE-488-Labs/Mp-0_New/vitis2/design_1_wrapper/zynq_fsbl/zynq_fsbl_bsp/system.mss
TRACE::2026-02-05.16:44:40::SCWMssOS::mss does not exists at C:/Users/cihem/CPRE-488-Labs/Mp-0_New/vitis2/design_1_wrapper/zynq_fsbl/zynq_fsbl_bsp/system.mss
TRACE::2026-02-05.16:44:40::SCWMssOS::Creating sw design at  C:/Users/cihem/CPRE-488-Labs/Mp-0_New/vitis2/design_1_wrapper/zynq_fsbl/zynq_fsbl_bsp/system.mss
TRACE::2026-02-05.16:44:40::SCWMssOS::Adding the swdes entry, created swdb C:/Users/cihem/CPRE-488-Labs/Mp-0_New/vitis2/design_1_wrapper/zynq_fsbl/zynq_fsbl_bsp/system.mss with des name C:/Users/cihem/CPRE-488-Labs/Mp-0_New/vitis2/design_1_wrapper/zynq_fsbl/zynq_fsbl_bsp/system.mss
TRACE::2026-02-05.16:44:40::SCWMssOS::updating the scw layer changes to swdes at   C:/Users/cihem/CPRE-488-Labs/Mp-0_New/vitis2/design_1_wrapper/zynq_fsbl/zynq_fsbl_bsp/system.mss
TRACE::2026-02-05.16:44:40::SCWMssOS::Writing mss at C:/Users/cihem/CPRE-488-Labs/Mp-0_New/vitis2/design_1_wrapper/zynq_fsbl/zynq_fsbl_bsp/system.mss
TRACE::2026-02-05.16:44:40::SCWMssOS::Completed writing the mss file at C:/Users/cihem/CPRE-488-Labs/Mp-0_New/vitis2/design_1_wrapper/zynq_fsbl/zynq_fsbl_bsp
TRACE::2026-02-05.16:44:40::SCWMssOS::Picking up changes from newly written mss file into SCW Layer. 
TRACE::2026-02-05.16:44:40::SCWMssOS::Updated the changes from newly written mss file into SCW Layer. 
TRACE::2026-02-05.16:44:40::SCWBDomain::Completed writing the mss file at C:/Users/cihem/CPRE-488-Labs/Mp-0_New/vitis2/design_1_wrapper/zynq_fsbl/zynq_fsbl_bsp
TRACE::2026-02-05.16:44:45::SCWPlatform::Generating sources Done.
TRACE::2026-02-05.16:44:45::SCWPlatform::Trying to open the hw design at C:/Users/cihem/CPRE-488-Labs/Mp-0_New/vitis2/design_1_wrapper/hw/design_1_wrapper.xsa
TRACE::2026-02-05.16:44:45::SCWPlatform::DSA given C:/Users/cihem/CPRE-488-Labs/Mp-0_New/vitis2/design_1_wrapper/hw/design_1_wrapper.xsa
TRACE::2026-02-05.16:44:45::SCWPlatform::DSA absoulate path C:/Users/cihem/CPRE-488-Labs/Mp-0_New/vitis2/design_1_wrapper/hw/design_1_wrapper.xsa
TRACE::2026-02-05.16:44:45::SCWPlatform::DSA directory C:/Users/cihem/CPRE-488-Labs/Mp-0_New/vitis2/design_1_wrapper/hw
TRACE::2026-02-05.16:44:45::SCWPlatform:: Platform Path C:/Users/cihem/CPRE-488-Labs/Mp-0_New/vitis2/design_1_wrapper/hw/design_1_wrapper.xsa
TRACE::2026-02-05.16:44:45::SCWPlatform:: Unique name xilinx:zed::0.0
TRACE::2026-02-05.16:44:45::SCWPlatform::Trying to set the existing hwdb with name design_1_wrapper_0
TRACE::2026-02-05.16:44:45::SCWPlatform::Opened existing hwdb design_1_wrapper_0
TRACE::2026-02-05.16:44:45::SCWPlatform::Found the Hw Db part of the input DSA
TRACE::2026-02-05.16:44:45::SCWMssOS::Checking the sw design at  C:/Users/cihem/CPRE-488-Labs/Mp-0_New/vitis2/design_1_wrapper/zynq_fsbl/zynq_fsbl_bsp/system.mss
TRACE::2026-02-05.16:44:45::SCWMssOS::DEBUG:  swdes dump  C:/Users/cihem/CPRE-488-Labs/Mp-0_New/vitis2/design_1_wrapper/zynq_fsbl/zynq_fsbl_bsp/system.mss|C:/Users/cihem/CPRE-488-Labs/Mp-0_New/vitis2/design_1_wrapper/zynq_fsbl/zynq_fsbl_bsp/system.mss||

KEYINFO::2026-02-05.16:44:45::SCWMssOS::Could not open the swdb for C:/Users/cihem/CPRE-488-Labs/Mp-0_New/vitis2/design_1_wrapper/zynq_fsbl/zynq_fsbl_bsp/system.mss
KEYINFO::2026-02-05.16:44:45::SCWMssOS::Could not open the sw design at  C:/Users/cihem/CPRE-488-Labs/Mp-0_New/vitis2/design_1_wrapper/zynq_fsbl/zynq_fsbl_bsp/system.mss
ERROR: [Hsi 55-1558] Software Design C:/Users/cihem/CPRE-488-Labs/Mp-0_New/vitis2/design_1_wrapper/zynq_fsbl/zynq_fsbl_bsp/system.mss is not found

TRACE::2026-02-05.16:44:45::SCWMssOS::Cleared the swdb table entry
TRACE::2026-02-05.16:44:45::SCWMssOS::No sw design opened at  C:/Users/cihem/CPRE-488-Labs/Mp-0_New/vitis2/design_1_wrapper/zynq_fsbl/zynq_fsbl_bsp/system.mss
TRACE::2026-02-05.16:44:45::SCWMssOS::mss exists loading the mss file  C:/Users/cihem/CPRE-488-Labs/Mp-0_New/vitis2/design_1_wrapper/zynq_fsbl/zynq_fsbl_bsp/system.mss
TRACE::2026-02-05.16:44:45::SCWMssOS::Opened the sw design from mss  C:/Users/cihem/CPRE-488-Labs/Mp-0_New/vitis2/design_1_wrapper/zynq_fsbl/zynq_fsbl_bsp/system.mss
TRACE::2026-02-05.16:44:45::SCWMssOS::Adding the swdes entry C:/Users/cihem/CPRE-488-Labs/Mp-0_New/vitis2/design_1_wrapper/zynq_fsbl/zynq_fsbl_bsp/system.mss with des name system
TRACE::2026-02-05.16:44:45::SCWMssOS::updating the scw layer about changes
TRACE::2026-02-05.16:44:45::SCWMssOS::Opened the sw design.  C:/Users/cihem/CPRE-488-Labs/Mp-0_New/vitis2/design_1_wrapper/zynq_fsbl/zynq_fsbl_bsp/system.mss
TRACE::2026-02-05.16:44:45::SCWMssOS::Saving the mss changes C:/Users/cihem/CPRE-488-Labs/Mp-0_New/vitis2/design_1_wrapper/zynq_fsbl/zynq_fsbl_bsp/system.mss
TRACE::2026-02-05.16:44:45::SCWMssOS::Found a swdesign opened with the mssfile.
TRACE::2026-02-05.16:44:45::SCWMssOS::Completed writemss as part of save.
TRACE::2026-02-05.16:44:45::SCWMssOS::Commit changes completed.
TRACE::2026-02-05.16:44:45::SCWPlatform::Trying to open the hw design at C:/Users/cihem/CPRE-488-Labs/Mp-0_New/vitis2/design_1_wrapper/hw/design_1_wrapper.xsa
TRACE::2026-02-05.16:44:45::SCWPlatform::DSA given C:/Users/cihem/CPRE-488-Labs/Mp-0_New/vitis2/design_1_wrapper/hw/design_1_wrapper.xsa
TRACE::2026-02-05.16:44:45::SCWPlatform::DSA absoulate path C:/Users/cihem/CPRE-488-Labs/Mp-0_New/vitis2/design_1_wrapper/hw/design_1_wrapper.xsa
TRACE::2026-02-05.16:44:45::SCWPlatform::DSA directory C:/Users/cihem/CPRE-488-Labs/Mp-0_New/vitis2/design_1_wrapper/hw
TRACE::2026-02-05.16:44:45::SCWPlatform:: Platform Path C:/Users/cihem/CPRE-488-Labs/Mp-0_New/vitis2/design_1_wrapper/hw/design_1_wrapper.xsa
TRACE::2026-02-05.16:44:45::SCWPlatform:: Unique name xilinx:zed::0.0
TRACE::2026-02-05.16:44:45::SCWPlatform::Trying to set the existing hwdb with name design_1_wrapper_0
TRACE::2026-02-05.16:44:45::SCWPlatform::Opened existing hwdb design_1_wrapper_0
TRACE::2026-02-05.16:44:45::SCWPlatform::Found the Hw Db part of the input DSA
TRACE::2026-02-05.16:44:45::SCWMssOS::Checking the sw design at  C:/Users/cihem/CPRE-488-Labs/Mp-0_New/vitis2/design_1_wrapper/zynq_fsbl/zynq_fsbl_bsp/system.mss
TRACE::2026-02-05.16:44:45::SCWMssOS::DEBUG:  swdes dump  C:/Users/cihem/CPRE-488-Labs/Mp-0_New/vitis2/design_1_wrapper/zynq_fsbl/zynq_fsbl_bsp/system.mss|system||

TRACE::2026-02-05.16:44:45::SCWMssOS::Sw design exists and opened at  C:/Users/cihem/CPRE-488-Labs/Mp-0_New/vitis2/design_1_wrapper/zynq_fsbl/zynq_fsbl_bsp/system.mss
TRACE::2026-02-05.16:44:45::SCWPlatform::Trying to open the hw design at C:/Users/cihem/CPRE-488-Labs/Mp-0_New/vitis2/design_1_wrapper/hw/design_1_wrapper.xsa
TRACE::2026-02-05.16:44:45::SCWPlatform::DSA given C:/Users/cihem/CPRE-488-Labs/Mp-0_New/vitis2/design_1_wrapper/hw/design_1_wrapper.xsa
TRACE::2026-02-05.16:44:45::SCWPlatform::DSA absoulate path C:/Users/cihem/CPRE-488-Labs/Mp-0_New/vitis2/design_1_wrapper/hw/design_1_wrapper.xsa
TRACE::2026-02-05.16:44:45::SCWPlatform::DSA directory C:/Users/cihem/CPRE-488-Labs/Mp-0_New/vitis2/design_1_wrapper/hw
TRACE::2026-02-05.16:44:45::SCWPlatform:: Platform Path C:/Users/cihem/CPRE-488-Labs/Mp-0_New/vitis2/design_1_wrapper/hw/design_1_wrapper.xsa
TRACE::2026-02-05.16:44:45::SCWPlatform:: Unique name xilinx:zed::0.0
TRACE::2026-02-05.16:44:45::SCWPlatform::Trying to set the existing hwdb with name design_1_wrapper_0
TRACE::2026-02-05.16:44:45::SCWPlatform::Opened existing hwdb design_1_wrapper_0
TRACE::2026-02-05.16:44:45::SCWPlatform::Found the Hw Db part of the input DSA
TRACE::2026-02-05.16:44:45::SCWMssOS::Checking the sw design at  C:/Users/cihem/CPRE-488-Labs/Mp-0_New/vitis2/design_1_wrapper/zynq_fsbl/zynq_fsbl_bsp/system.mss
TRACE::2026-02-05.16:44:45::SCWMssOS::DEBUG:  swdes dump  C:/Users/cihem/CPRE-488-Labs/Mp-0_New/vitis2/design_1_wrapper/zynq_fsbl/zynq_fsbl_bsp/system.mss|system||

TRACE::2026-02-05.16:44:45::SCWMssOS::Sw design exists and opened at  C:/Users/cihem/CPRE-488-Labs/Mp-0_New/vitis2/design_1_wrapper/zynq_fsbl/zynq_fsbl_bsp/system.mss
TRACE::2026-02-05.16:44:45::SCWPlatform::Trying to open the hw design at C:/Users/cihem/CPRE-488-Labs/Mp-0_New/vitis2/design_1_wrapper/hw/design_1_wrapper.xsa
TRACE::2026-02-05.16:44:45::SCWPlatform::DSA given C:/Users/cihem/CPRE-488-Labs/Mp-0_New/vitis2/design_1_wrapper/hw/design_1_wrapper.xsa
TRACE::2026-02-05.16:44:45::SCWPlatform::DSA absoulate path C:/Users/cihem/CPRE-488-Labs/Mp-0_New/vitis2/design_1_wrapper/hw/design_1_wrapper.xsa
TRACE::2026-02-05.16:44:45::SCWPlatform::DSA directory C:/Users/cihem/CPRE-488-Labs/Mp-0_New/vitis2/design_1_wrapper/hw
TRACE::2026-02-05.16:44:45::SCWPlatform:: Platform Path C:/Users/cihem/CPRE-488-Labs/Mp-0_New/vitis2/design_1_wrapper/hw/design_1_wrapper.xsa
TRACE::2026-02-05.16:44:45::SCWPlatform:: Unique name xilinx:zed::0.0
TRACE::2026-02-05.16:44:45::SCWPlatform::Trying to set the existing hwdb with name design_1_wrapper_0
TRACE::2026-02-05.16:44:45::SCWPlatform::Opened existing hwdb design_1_wrapper_0
TRACE::2026-02-05.16:44:45::SCWPlatform::Found the Hw Db part of the input DSA
TRACE::2026-02-05.16:44:45::SCWMssOS::Checking the sw design at  C:/Users/cihem/CPRE-488-Labs/Mp-0_New/vitis2/design_1_wrapper/zynq_fsbl/zynq_fsbl_bsp/system.mss
TRACE::2026-02-05.16:44:45::SCWMssOS::DEBUG:  swdes dump  C:/Users/cihem/CPRE-488-Labs/Mp-0_New/vitis2/design_1_wrapper/zynq_fsbl/zynq_fsbl_bsp/system.mss|system||

TRACE::2026-02-05.16:44:45::SCWMssOS::Sw design exists and opened at  C:/Users/cihem/CPRE-488-Labs/Mp-0_New/vitis2/design_1_wrapper/zynq_fsbl/zynq_fsbl_bsp/system.mss
TRACE::2026-02-05.16:44:45::SCWWriter::formatted JSON is {
	"platformName":	"design_1_wrapper",
	"sprVersion":	"2.0",
	"mode":	"gui",
	"dsaType":	"Fixed",
	"platformDesc":	"design_1_wrapper",
	"platHandOff":	"C:/Users/cihem/CPRE-488-Labs/Mp-0_New/TheNextBigThing/design_1_wrapper.xsa",
	"platIntHandOff":	"<platformDir>/hw/design_1_wrapper.xsa",
	"deviceType":	"zynq",
	"platIsPrebuiltAutogen":	"false",
	"platIsNoBootBsp":	"false",
	"platFsblTarget":	"ps7_cortexa9_0",
	"hasFsblMakeHasChanges":	"false",
	"hasPmufwMakeHasChanges":	"false",
	"fsblExtraCompilerFlags":	"-MMD -MP       -mcpu=cortex-a9 -mfpu=vfpv3 -mfloat-abi=hard ",
	"platPreBuiltFlag":	false,
	"platformSamplesDir":	"",
	"platActiveSys":	"design_1_wrapper",
	"systems":	[{
			"systemName":	"design_1_wrapper",
			"systemDesc":	"design_1_wrapper",
			"sysIsBootAutoGen":	"true",
			"systemDispName":	"design_1_wrapper",
			"sysActiveDom":	"zynq_fsbl",
			"sysDefaultDom":	"",
			"domains":	[{
					"domainName":	"zynq_fsbl",
					"domainDispName":	"zynq_fsbl",
					"domainDesc":	"FSBL Application BSP - Auto Generated.",
					"processors":	"ps7_cortexa9_0",
					"os":	"standalone",
					"sdxOs":	"standalone",
					"debugEnable":	"",
					"domRuntimes":	["cpp"],
					"swRepo":	"",
					"mssOsVer":	"7.2",
					"mssFile":	"",
					"md5Digest":	"6a16c01a2dc85916823989659d34a150",
					"compatibleApp":	"zynq_fsbl",
					"domType":	"bootDomain",
					"arch":	"32-bit",
					"appSettings":	{
						"appCompilerFlags":	"",
						"appLinkerFlags":	""
					},
					"addedLibs":	["xilffs:4.3", "xilrsa:1.6"],
					"libOptions":	{
						"libsContainingOptions":	[]
					},
					"prebuiltLibs":	{
						"prebuiltIncPath":	[],
						"prebuiltLibPath":	[]
					},
					"isolation":	{
					}
				}]
		}]
}
TRACE::2026-02-05.16:44:45::SCWMssOS::Saving the mss changes C:/Users/cihem/CPRE-488-Labs/Mp-0_New/vitis2/design_1_wrapper/zynq_fsbl/zynq_fsbl_bsp/system.mss
TRACE::2026-02-05.16:44:45::SCWMssOS::Found a swdesign opened with the mssfile.
TRACE::2026-02-05.16:44:45::SCWMssOS::Completed writemss as part of save.
TRACE::2026-02-05.16:44:45::SCWMssOS::Commit changes completed.
TRACE::2026-02-05.16:44:45::SCWPlatform::Trying to open the hw design at C:/Users/cihem/CPRE-488-Labs/Mp-0_New/vitis2/design_1_wrapper/hw/design_1_wrapper.xsa
TRACE::2026-02-05.16:44:45::SCWPlatform::DSA given C:/Users/cihem/CPRE-488-Labs/Mp-0_New/vitis2/design_1_wrapper/hw/design_1_wrapper.xsa
TRACE::2026-02-05.16:44:45::SCWPlatform::DSA absoulate path C:/Users/cihem/CPRE-488-Labs/Mp-0_New/vitis2/design_1_wrapper/hw/design_1_wrapper.xsa
TRACE::2026-02-05.16:44:45::SCWPlatform::DSA directory C:/Users/cihem/CPRE-488-Labs/Mp-0_New/vitis2/design_1_wrapper/hw
TRACE::2026-02-05.16:44:45::SCWPlatform:: Platform Path C:/Users/cihem/CPRE-488-Labs/Mp-0_New/vitis2/design_1_wrapper/hw/design_1_wrapper.xsa
TRACE::2026-02-05.16:44:45::SCWPlatform:: Unique name xilinx:zed::0.0
TRACE::2026-02-05.16:44:45::SCWPlatform::Trying to set the existing hwdb with name design_1_wrapper_0
TRACE::2026-02-05.16:44:45::SCWPlatform::Opened existing hwdb design_1_wrapper_0
TRACE::2026-02-05.16:44:45::SCWPlatform::Found the Hw Db part of the input DSA
TRACE::2026-02-05.16:44:45::SCWMssOS::Checking the sw design at  C:/Users/cihem/CPRE-488-Labs/Mp-0_New/vitis2/design_1_wrapper/zynq_fsbl/zynq_fsbl_bsp/system.mss
TRACE::2026-02-05.16:44:45::SCWMssOS::DEBUG:  swdes dump  C:/Users/cihem/CPRE-488-Labs/Mp-0_New/vitis2/design_1_wrapper/zynq_fsbl/zynq_fsbl_bsp/system.mss|system||

TRACE::2026-02-05.16:44:45::SCWMssOS::Sw design exists and opened at  C:/Users/cihem/CPRE-488-Labs/Mp-0_New/vitis2/design_1_wrapper/zynq_fsbl/zynq_fsbl_bsp/system.mss
TRACE::2026-02-05.16:44:45::SCWPlatform::Trying to open the hw design at C:/Users/cihem/CPRE-488-Labs/Mp-0_New/vitis2/design_1_wrapper/hw/design_1_wrapper.xsa
TRACE::2026-02-05.16:44:45::SCWPlatform::DSA given C:/Users/cihem/CPRE-488-Labs/Mp-0_New/vitis2/design_1_wrapper/hw/design_1_wrapper.xsa
TRACE::2026-02-05.16:44:45::SCWPlatform::DSA absoulate path C:/Users/cihem/CPRE-488-Labs/Mp-0_New/vitis2/design_1_wrapper/hw/design_1_wrapper.xsa
TRACE::2026-02-05.16:44:45::SCWPlatform::DSA directory C:/Users/cihem/CPRE-488-Labs/Mp-0_New/vitis2/design_1_wrapper/hw
TRACE::2026-02-05.16:44:45::SCWPlatform:: Platform Path C:/Users/cihem/CPRE-488-Labs/Mp-0_New/vitis2/design_1_wrapper/hw/design_1_wrapper.xsa
TRACE::2026-02-05.16:44:45::SCWPlatform:: Unique name xilinx:zed::0.0
TRACE::2026-02-05.16:44:45::SCWPlatform::Trying to set the existing hwdb with name design_1_wrapper_0
TRACE::2026-02-05.16:44:45::SCWPlatform::Opened existing hwdb design_1_wrapper_0
TRACE::2026-02-05.16:44:45::SCWPlatform::Found the Hw Db part of the input DSA
TRACE::2026-02-05.16:44:45::SCWMssOS::Checking the sw design at  C:/Users/cihem/CPRE-488-Labs/Mp-0_New/vitis2/design_1_wrapper/zynq_fsbl/zynq_fsbl_bsp/system.mss
TRACE::2026-02-05.16:44:45::SCWMssOS::DEBUG:  swdes dump  C:/Users/cihem/CPRE-488-Labs/Mp-0_New/vitis2/design_1_wrapper/zynq_fsbl/zynq_fsbl_bsp/system.mss|system||

TRACE::2026-02-05.16:44:45::SCWMssOS::Sw design exists and opened at  C:/Users/cihem/CPRE-488-Labs/Mp-0_New/vitis2/design_1_wrapper/zynq_fsbl/zynq_fsbl_bsp/system.mss
TRACE::2026-02-05.16:44:45::SCWPlatform::Trying to open the hw design at C:/Users/cihem/CPRE-488-Labs/Mp-0_New/vitis2/design_1_wrapper/hw/design_1_wrapper.xsa
TRACE::2026-02-05.16:44:45::SCWPlatform::DSA given C:/Users/cihem/CPRE-488-Labs/Mp-0_New/vitis2/design_1_wrapper/hw/design_1_wrapper.xsa
TRACE::2026-02-05.16:44:45::SCWPlatform::DSA absoulate path C:/Users/cihem/CPRE-488-Labs/Mp-0_New/vitis2/design_1_wrapper/hw/design_1_wrapper.xsa
TRACE::2026-02-05.16:44:45::SCWPlatform::DSA directory C:/Users/cihem/CPRE-488-Labs/Mp-0_New/vitis2/design_1_wrapper/hw
TRACE::2026-02-05.16:44:45::SCWPlatform:: Platform Path C:/Users/cihem/CPRE-488-Labs/Mp-0_New/vitis2/design_1_wrapper/hw/design_1_wrapper.xsa
TRACE::2026-02-05.16:44:45::SCWPlatform:: Unique name xilinx:zed::0.0
TRACE::2026-02-05.16:44:45::SCWPlatform::Trying to set the existing hwdb with name design_1_wrapper_0
TRACE::2026-02-05.16:44:45::SCWPlatform::Opened existing hwdb design_1_wrapper_0
TRACE::2026-02-05.16:44:45::SCWPlatform::Found the Hw Db part of the input DSA
TRACE::2026-02-05.16:44:45::SCWMssOS::Checking the sw design at  C:/Users/cihem/CPRE-488-Labs/Mp-0_New/vitis2/design_1_wrapper/zynq_fsbl/zynq_fsbl_bsp/system.mss
TRACE::2026-02-05.16:44:45::SCWMssOS::DEBUG:  swdes dump  C:/Users/cihem/CPRE-488-Labs/Mp-0_New/vitis2/design_1_wrapper/zynq_fsbl/zynq_fsbl_bsp/system.mss|system||

TRACE::2026-02-05.16:44:45::SCWMssOS::Sw design exists and opened at  C:/Users/cihem/CPRE-488-Labs/Mp-0_New/vitis2/design_1_wrapper/zynq_fsbl/zynq_fsbl_bsp/system.mss
TRACE::2026-02-05.16:44:45::SCWWriter::formatted JSON is {
	"platformName":	"design_1_wrapper",
	"sprVersion":	"2.0",
	"mode":	"gui",
	"dsaType":	"Fixed",
	"platformDesc":	"design_1_wrapper",
	"platHandOff":	"C:/Users/cihem/CPRE-488-Labs/Mp-0_New/TheNextBigThing/design_1_wrapper.xsa",
	"platIntHandOff":	"<platformDir>/hw/design_1_wrapper.xsa",
	"deviceType":	"zynq",
	"platIsPrebuiltAutogen":	"false",
	"platIsNoBootBsp":	"false",
	"platFsblTarget":	"ps7_cortexa9_0",
	"hasFsblMakeHasChanges":	"false",
	"hasPmufwMakeHasChanges":	"false",
	"fsblExtraCompilerFlags":	"-MMD -MP       -mcpu=cortex-a9 -mfpu=vfpv3 -mfloat-abi=hard ",
	"platPreBuiltFlag":	false,
	"platformSamplesDir":	"",
	"platActiveSys":	"design_1_wrapper",
	"systems":	[{
			"systemName":	"design_1_wrapper",
			"systemDesc":	"design_1_wrapper",
			"sysIsBootAutoGen":	"true",
			"systemDispName":	"design_1_wrapper",
			"sysActiveDom":	"zynq_fsbl",
			"sysDefaultDom":	"",
			"domains":	[{
					"domainName":	"zynq_fsbl",
					"domainDispName":	"zynq_fsbl",
					"domainDesc":	"FSBL Application BSP - Auto Generated.",
					"processors":	"ps7_cortexa9_0",
					"os":	"standalone",
					"sdxOs":	"standalone",
					"debugEnable":	"",
					"domRuntimes":	["cpp"],
					"swRepo":	"",
					"mssOsVer":	"7.2",
					"mssFile":	"",
					"md5Digest":	"6a16c01a2dc85916823989659d34a150",
					"compatibleApp":	"zynq_fsbl",
					"domType":	"bootDomain",
					"arch":	"32-bit",
					"appSettings":	{
						"appCompilerFlags":	"",
						"appLinkerFlags":	""
					},
					"addedLibs":	["xilffs:4.3", "xilrsa:1.6"],
					"libOptions":	{
						"libsContainingOptions":	[]
					},
					"prebuiltLibs":	{
						"prebuiltIncPath":	[],
						"prebuiltLibPath":	[]
					},
					"isolation":	{
					}
				}]
		}]
}
TRACE::2026-02-05.16:44:45::SCWDomain::checking for install qemu data   : 
TRACE::2026-02-05.16:44:45::SCWDomain:: Using the QEMU Data from install at  : C:/Xilinx/Vitis/2020.1/data/emulation/platforms/zynq/qemu/
TRACE::2026-02-05.16:44:45::SCWDomain:: Using the QEMU args  from install at  : C:/Xilinx/Vitis/2020.1/data/emulation/platforms/zynq/qemu/qemu_args.txt
TRACE::2026-02-05.16:44:45::SCWPlatform::Trying to open the hw design at C:/Users/cihem/CPRE-488-Labs/Mp-0_New/vitis2/design_1_wrapper/hw/design_1_wrapper.xsa
TRACE::2026-02-05.16:44:45::SCWPlatform::DSA given C:/Users/cihem/CPRE-488-Labs/Mp-0_New/vitis2/design_1_wrapper/hw/design_1_wrapper.xsa
TRACE::2026-02-05.16:44:45::SCWPlatform::DSA absoulate path C:/Users/cihem/CPRE-488-Labs/Mp-0_New/vitis2/design_1_wrapper/hw/design_1_wrapper.xsa
TRACE::2026-02-05.16:44:45::SCWPlatform::DSA directory C:/Users/cihem/CPRE-488-Labs/Mp-0_New/vitis2/design_1_wrapper/hw
TRACE::2026-02-05.16:44:45::SCWPlatform:: Platform Path C:/Users/cihem/CPRE-488-Labs/Mp-0_New/vitis2/design_1_wrapper/hw/design_1_wrapper.xsa
TRACE::2026-02-05.16:44:45::SCWPlatform:: Unique name xilinx:zed::0.0
TRACE::2026-02-05.16:44:45::SCWPlatform::Trying to set the existing hwdb with name design_1_wrapper_0
TRACE::2026-02-05.16:44:45::SCWPlatform::Opened existing hwdb design_1_wrapper_0
TRACE::2026-02-05.16:44:45::SCWPlatform::Found the Hw Db part of the input DSA
TRACE::2026-02-05.16:44:45::SCWPlatform::Trying to open the hw design at C:/Users/cihem/CPRE-488-Labs/Mp-0_New/vitis2/design_1_wrapper/hw/design_1_wrapper.xsa
TRACE::2026-02-05.16:44:45::SCWPlatform::DSA given C:/Users/cihem/CPRE-488-Labs/Mp-0_New/vitis2/design_1_wrapper/hw/design_1_wrapper.xsa
TRACE::2026-02-05.16:44:45::SCWPlatform::DSA absoulate path C:/Users/cihem/CPRE-488-Labs/Mp-0_New/vitis2/design_1_wrapper/hw/design_1_wrapper.xsa
TRACE::2026-02-05.16:44:45::SCWPlatform::DSA directory C:/Users/cihem/CPRE-488-Labs/Mp-0_New/vitis2/design_1_wrapper/hw
TRACE::2026-02-05.16:44:45::SCWPlatform:: Platform Path C:/Users/cihem/CPRE-488-Labs/Mp-0_New/vitis2/design_1_wrapper/hw/design_1_wrapper.xsa
TRACE::2026-02-05.16:44:45::SCWPlatform:: Unique name xilinx:zed::0.0
TRACE::2026-02-05.16:44:45::SCWPlatform::Trying to set the existing hwdb with name design_1_wrapper_0
TRACE::2026-02-05.16:44:45::SCWPlatform::Opened existing hwdb design_1_wrapper_0
TRACE::2026-02-05.16:44:45::SCWPlatform::Found the Hw Db part of the input DSA
TRACE::2026-02-05.16:44:45::SCWPlatform::Trying to open the hw design at C:/Users/cihem/CPRE-488-Labs/Mp-0_New/vitis2/design_1_wrapper/hw/design_1_wrapper.xsa
TRACE::2026-02-05.16:44:45::SCWPlatform::DSA given C:/Users/cihem/CPRE-488-Labs/Mp-0_New/vitis2/design_1_wrapper/hw/design_1_wrapper.xsa
TRACE::2026-02-05.16:44:45::SCWPlatform::DSA absoulate path C:/Users/cihem/CPRE-488-Labs/Mp-0_New/vitis2/design_1_wrapper/hw/design_1_wrapper.xsa
TRACE::2026-02-05.16:44:45::SCWPlatform::DSA directory C:/Users/cihem/CPRE-488-Labs/Mp-0_New/vitis2/design_1_wrapper/hw
TRACE::2026-02-05.16:44:45::SCWPlatform:: Platform Path C:/Users/cihem/CPRE-488-Labs/Mp-0_New/vitis2/design_1_wrapper/hw/design_1_wrapper.xsa
TRACE::2026-02-05.16:44:45::SCWPlatform:: Unique name xilinx:zed::0.0
TRACE::2026-02-05.16:44:45::SCWPlatform::Trying to set the existing hwdb with name design_1_wrapper_0
TRACE::2026-02-05.16:44:45::SCWPlatform::Opened existing hwdb design_1_wrapper_0
TRACE::2026-02-05.16:44:45::SCWPlatform::Found the Hw Db part of the input DSA
TRACE::2026-02-05.16:44:45::SCWMssOS::Checking the sw design at  C:/Users/cihem/CPRE-488-Labs/Mp-0_New/vitis2/design_1_wrapper/ps7_cortexa9_0/domain_ps7_cortexa9_0/bsp/system.mss
TRACE::2026-02-05.16:44:45::SCWMssOS::DEBUG:  swdes dump  C:/Users/cihem/CPRE-488-Labs/Mp-0_New/vitis2/design_1_wrapper/zynq_fsbl/zynq_fsbl_bsp/system.mss|system||

TRACE::2026-02-05.16:44:45::SCWMssOS::No sw design opened at  C:/Users/cihem/CPRE-488-Labs/Mp-0_New/vitis2/design_1_wrapper/ps7_cortexa9_0/domain_ps7_cortexa9_0/bsp/system.mss
TRACE::2026-02-05.16:44:45::SCWMssOS::mss does not exists at C:/Users/cihem/CPRE-488-Labs/Mp-0_New/vitis2/design_1_wrapper/ps7_cortexa9_0/domain_ps7_cortexa9_0/bsp/system.mss
TRACE::2026-02-05.16:44:45::SCWMssOS::Creating sw design at  C:/Users/cihem/CPRE-488-Labs/Mp-0_New/vitis2/design_1_wrapper/ps7_cortexa9_0/domain_ps7_cortexa9_0/bsp/system.mss
TRACE::2026-02-05.16:44:45::SCWMssOS::Adding the swdes entry, created swdb C:/Users/cihem/CPRE-488-Labs/Mp-0_New/vitis2/design_1_wrapper/ps7_cortexa9_0/domain_ps7_cortexa9_0/bsp/system.mss with des name C:/Users/cihem/CPRE-488-Labs/Mp-0_New/vitis2/design_1_wrapper/ps7_cortexa9_0/domain_ps7_cortexa9_0/bsp/system.mss
TRACE::2026-02-05.16:44:45::SCWMssOS::updating the scw layer changes to swdes at   C:/Users/cihem/CPRE-488-Labs/Mp-0_New/vitis2/design_1_wrapper/ps7_cortexa9_0/domain_ps7_cortexa9_0/bsp/system.mss
TRACE::2026-02-05.16:44:45::SCWMssOS::Writing mss at C:/Users/cihem/CPRE-488-Labs/Mp-0_New/vitis2/design_1_wrapper/ps7_cortexa9_0/domain_ps7_cortexa9_0/bsp/system.mss
TRACE::2026-02-05.16:44:45::SCWMssOS::Completed writing the mss file at C:/Users/cihem/CPRE-488-Labs/Mp-0_New/vitis2/design_1_wrapper/ps7_cortexa9_0/domain_ps7_cortexa9_0/bsp
TRACE::2026-02-05.16:44:45::SCWMssOS::Picking up changes from newly written mss file into SCW Layer. 
TRACE::2026-02-05.16:44:45::SCWMssOS::Updated the changes from newly written mss file into SCW Layer. 
TRACE::2026-02-05.16:44:45::SCWMssOS::Completed writing the mss file at C:/Users/cihem/CPRE-488-Labs/Mp-0_New/vitis2/design_1_wrapper/ps7_cortexa9_0/domain_ps7_cortexa9_0/bsp
TRACE::2026-02-05.16:44:45::SCWMssOS::Forcing BSP Sources regeneration.
TRACE::2026-02-05.16:44:45::SCWMssOS::Saving the mss changes C:/Users/cihem/CPRE-488-Labs/Mp-0_New/vitis2/design_1_wrapper/zynq_fsbl/zynq_fsbl_bsp/system.mss
TRACE::2026-02-05.16:44:45::SCWMssOS::Found a swdesign opened with the mssfile.
TRACE::2026-02-05.16:44:45::SCWMssOS::Completed writemss as part of save.
TRACE::2026-02-05.16:44:45::SCWMssOS::Commit changes completed.
TRACE::2026-02-05.16:44:45::SCWMssOS::Saving the mss changes C:/Users/cihem/CPRE-488-Labs/Mp-0_New/vitis2/design_1_wrapper/ps7_cortexa9_0/domain_ps7_cortexa9_0/bsp/system.mss
TRACE::2026-02-05.16:44:45::SCWMssOS::Found a swdesign opened with the mssfile.
TRACE::2026-02-05.16:44:45::SCWMssOS::Running validate of swdbs.
KEYINFO::2026-02-05.16:44:45::SCWMssOS::Could not open the swdb for C:/Users/cihem/CPRE-488-Labs/Mp-0_New/vitis2/design_1_wrapper/ps7_cortexa9_0/domain_ps7_cortexa9_0/bsp/system.mss
KEYINFO::2026-02-05.16:44:45::SCWMssOS::Could not open the sw design at  C:/Users/cihem/CPRE-488-Labs/Mp-0_New/vitis2/design_1_wrapper/ps7_cortexa9_0/domain_ps7_cortexa9_0/bsp/system.mss
ERROR: [Hsi 55-1558] Software Design C:/Users/cihem/CPRE-488-Labs/Mp-0_New/vitis2/design_1_wrapper/ps7_cortexa9_0/domain_ps7_cortexa9_0/bsp/system.mss is not found

TRACE::2026-02-05.16:44:45::SCWMssOS::Cleared the swdb table entry
TRACE::2026-02-05.16:44:45::SCWMssOS::Adding the swdes entry, mss present, able to open swdb C:/Users/cihem/CPRE-488-Labs/Mp-0_New/vitis2/design_1_wrapper/ps7_cortexa9_0/domain_ps7_cortexa9_0/bsp/system.mss with des name system_0
TRACE::2026-02-05.16:44:45::SCWMssOS::Writing the mss file completed C:/Users/cihem/CPRE-488-Labs/Mp-0_New/vitis2/design_1_wrapper/ps7_cortexa9_0/domain_ps7_cortexa9_0/bsp/system.mss
TRACE::2026-02-05.16:44:45::SCWMssOS::Commit changes completed.
TRACE::2026-02-05.16:44:45::SCWPlatform::Trying to open the hw design at C:/Users/cihem/CPRE-488-Labs/Mp-0_New/vitis2/design_1_wrapper/hw/design_1_wrapper.xsa
TRACE::2026-02-05.16:44:45::SCWPlatform::DSA given C:/Users/cihem/CPRE-488-Labs/Mp-0_New/vitis2/design_1_wrapper/hw/design_1_wrapper.xsa
TRACE::2026-02-05.16:44:45::SCWPlatform::DSA absoulate path C:/Users/cihem/CPRE-488-Labs/Mp-0_New/vitis2/design_1_wrapper/hw/design_1_wrapper.xsa
TRACE::2026-02-05.16:44:45::SCWPlatform::DSA directory C:/Users/cihem/CPRE-488-Labs/Mp-0_New/vitis2/design_1_wrapper/hw
TRACE::2026-02-05.16:44:45::SCWPlatform:: Platform Path C:/Users/cihem/CPRE-488-Labs/Mp-0_New/vitis2/design_1_wrapper/hw/design_1_wrapper.xsa
TRACE::2026-02-05.16:44:45::SCWPlatform:: Unique name xilinx:zed::0.0
TRACE::2026-02-05.16:44:45::SCWPlatform::Trying to set the existing hwdb with name design_1_wrapper_0
TRACE::2026-02-05.16:44:45::SCWPlatform::Opened existing hwdb design_1_wrapper_0
TRACE::2026-02-05.16:44:45::SCWPlatform::Found the Hw Db part of the input DSA
TRACE::2026-02-05.16:44:45::SCWMssOS::Checking the sw design at  C:/Users/cihem/CPRE-488-Labs/Mp-0_New/vitis2/design_1_wrapper/zynq_fsbl/zynq_fsbl_bsp/system.mss
TRACE::2026-02-05.16:44:45::SCWMssOS::DEBUG:  swdes dump  C:/Users/cihem/CPRE-488-Labs/Mp-0_New/vitis2/design_1_wrapper/ps7_cortexa9_0/domain_ps7_cortexa9_0/bsp/system.mss|system_0||
C:/Users/cihem/CPRE-488-Labs/Mp-0_New/vitis2/design_1_wrapper/zynq_fsbl/zynq_fsbl_bsp/system.mss|system||

TRACE::2026-02-05.16:44:45::SCWMssOS::Sw design exists and opened at  C:/Users/cihem/CPRE-488-Labs/Mp-0_New/vitis2/design_1_wrapper/zynq_fsbl/zynq_fsbl_bsp/system.mss
TRACE::2026-02-05.16:44:45::SCWPlatform::Trying to open the hw design at C:/Users/cihem/CPRE-488-Labs/Mp-0_New/vitis2/design_1_wrapper/hw/design_1_wrapper.xsa
TRACE::2026-02-05.16:44:45::SCWPlatform::DSA given C:/Users/cihem/CPRE-488-Labs/Mp-0_New/vitis2/design_1_wrapper/hw/design_1_wrapper.xsa
TRACE::2026-02-05.16:44:45::SCWPlatform::DSA absoulate path C:/Users/cihem/CPRE-488-Labs/Mp-0_New/vitis2/design_1_wrapper/hw/design_1_wrapper.xsa
TRACE::2026-02-05.16:44:45::SCWPlatform::DSA directory C:/Users/cihem/CPRE-488-Labs/Mp-0_New/vitis2/design_1_wrapper/hw
TRACE::2026-02-05.16:44:45::SCWPlatform:: Platform Path C:/Users/cihem/CPRE-488-Labs/Mp-0_New/vitis2/design_1_wrapper/hw/design_1_wrapper.xsa
TRACE::2026-02-05.16:44:45::SCWPlatform:: Unique name xilinx:zed::0.0
TRACE::2026-02-05.16:44:45::SCWPlatform::Trying to set the existing hwdb with name design_1_wrapper_0
TRACE::2026-02-05.16:44:45::SCWPlatform::Opened existing hwdb design_1_wrapper_0
TRACE::2026-02-05.16:44:45::SCWPlatform::Found the Hw Db part of the input DSA
TRACE::2026-02-05.16:44:45::SCWMssOS::Checking the sw design at  C:/Users/cihem/CPRE-488-Labs/Mp-0_New/vitis2/design_1_wrapper/zynq_fsbl/zynq_fsbl_bsp/system.mss
TRACE::2026-02-05.16:44:45::SCWMssOS::DEBUG:  swdes dump  C:/Users/cihem/CPRE-488-Labs/Mp-0_New/vitis2/design_1_wrapper/ps7_cortexa9_0/domain_ps7_cortexa9_0/bsp/system.mss|system_0||
C:/Users/cihem/CPRE-488-Labs/Mp-0_New/vitis2/design_1_wrapper/zynq_fsbl/zynq_fsbl_bsp/system.mss|system||

TRACE::2026-02-05.16:44:45::SCWMssOS::Sw design exists and opened at  C:/Users/cihem/CPRE-488-Labs/Mp-0_New/vitis2/design_1_wrapper/zynq_fsbl/zynq_fsbl_bsp/system.mss
TRACE::2026-02-05.16:44:45::SCWPlatform::Trying to open the hw design at C:/Users/cihem/CPRE-488-Labs/Mp-0_New/vitis2/design_1_wrapper/hw/design_1_wrapper.xsa
TRACE::2026-02-05.16:44:45::SCWPlatform::DSA given C:/Users/cihem/CPRE-488-Labs/Mp-0_New/vitis2/design_1_wrapper/hw/design_1_wrapper.xsa
TRACE::2026-02-05.16:44:45::SCWPlatform::DSA absoulate path C:/Users/cihem/CPRE-488-Labs/Mp-0_New/vitis2/design_1_wrapper/hw/design_1_wrapper.xsa
TRACE::2026-02-05.16:44:45::SCWPlatform::DSA directory C:/Users/cihem/CPRE-488-Labs/Mp-0_New/vitis2/design_1_wrapper/hw
TRACE::2026-02-05.16:44:45::SCWPlatform:: Platform Path C:/Users/cihem/CPRE-488-Labs/Mp-0_New/vitis2/design_1_wrapper/hw/design_1_wrapper.xsa
TRACE::2026-02-05.16:44:45::SCWPlatform:: Unique name xilinx:zed::0.0
TRACE::2026-02-05.16:44:45::SCWPlatform::Trying to set the existing hwdb with name design_1_wrapper_0
TRACE::2026-02-05.16:44:45::SCWPlatform::Opened existing hwdb design_1_wrapper_0
TRACE::2026-02-05.16:44:45::SCWPlatform::Found the Hw Db part of the input DSA
TRACE::2026-02-05.16:44:45::SCWMssOS::Checking the sw design at  C:/Users/cihem/CPRE-488-Labs/Mp-0_New/vitis2/design_1_wrapper/zynq_fsbl/zynq_fsbl_bsp/system.mss
TRACE::2026-02-05.16:44:45::SCWMssOS::DEBUG:  swdes dump  C:/Users/cihem/CPRE-488-Labs/Mp-0_New/vitis2/design_1_wrapper/ps7_cortexa9_0/domain_ps7_cortexa9_0/bsp/system.mss|system_0||
C:/Users/cihem/CPRE-488-Labs/Mp-0_New/vitis2/design_1_wrapper/zynq_fsbl/zynq_fsbl_bsp/system.mss|system||

TRACE::2026-02-05.16:44:45::SCWMssOS::Sw design exists and opened at  C:/Users/cihem/CPRE-488-Labs/Mp-0_New/vitis2/design_1_wrapper/zynq_fsbl/zynq_fsbl_bsp/system.mss
TRACE::2026-02-05.16:44:45::SCWPlatform::Trying to open the hw design at C:/Users/cihem/CPRE-488-Labs/Mp-0_New/vitis2/design_1_wrapper/hw/design_1_wrapper.xsa
TRACE::2026-02-05.16:44:45::SCWPlatform::DSA given C:/Users/cihem/CPRE-488-Labs/Mp-0_New/vitis2/design_1_wrapper/hw/design_1_wrapper.xsa
TRACE::2026-02-05.16:44:45::SCWPlatform::DSA absoulate path C:/Users/cihem/CPRE-488-Labs/Mp-0_New/vitis2/design_1_wrapper/hw/design_1_wrapper.xsa
TRACE::2026-02-05.16:44:45::SCWPlatform::DSA directory C:/Users/cihem/CPRE-488-Labs/Mp-0_New/vitis2/design_1_wrapper/hw
TRACE::2026-02-05.16:44:45::SCWPlatform:: Platform Path C:/Users/cihem/CPRE-488-Labs/Mp-0_New/vitis2/design_1_wrapper/hw/design_1_wrapper.xsa
TRACE::2026-02-05.16:44:45::SCWPlatform:: Unique name xilinx:zed::0.0
TRACE::2026-02-05.16:44:45::SCWPlatform::Trying to set the existing hwdb with name design_1_wrapper_0
TRACE::2026-02-05.16:44:45::SCWPlatform::Opened existing hwdb design_1_wrapper_0
TRACE::2026-02-05.16:44:45::SCWPlatform::Found the Hw Db part of the input DSA
TRACE::2026-02-05.16:44:45::SCWMssOS::Checking the sw design at  C:/Users/cihem/CPRE-488-Labs/Mp-0_New/vitis2/design_1_wrapper/ps7_cortexa9_0/domain_ps7_cortexa9_0/bsp/system.mss
TRACE::2026-02-05.16:44:45::SCWMssOS::DEBUG:  swdes dump  C:/Users/cihem/CPRE-488-Labs/Mp-0_New/vitis2/design_1_wrapper/ps7_cortexa9_0/domain_ps7_cortexa9_0/bsp/system.mss|system_0||
C:/Users/cihem/CPRE-488-Labs/Mp-0_New/vitis2/design_1_wrapper/zynq_fsbl/zynq_fsbl_bsp/system.mss|system||

TRACE::2026-02-05.16:44:45::SCWMssOS::Sw design exists and opened at  C:/Users/cihem/CPRE-488-Labs/Mp-0_New/vitis2/design_1_wrapper/ps7_cortexa9_0/domain_ps7_cortexa9_0/bsp/system.mss
TRACE::2026-02-05.16:44:45::SCWPlatform::Trying to open the hw design at C:/Users/cihem/CPRE-488-Labs/Mp-0_New/vitis2/design_1_wrapper/hw/design_1_wrapper.xsa
TRACE::2026-02-05.16:44:45::SCWPlatform::DSA given C:/Users/cihem/CPRE-488-Labs/Mp-0_New/vitis2/design_1_wrapper/hw/design_1_wrapper.xsa
TRACE::2026-02-05.16:44:45::SCWPlatform::DSA absoulate path C:/Users/cihem/CPRE-488-Labs/Mp-0_New/vitis2/design_1_wrapper/hw/design_1_wrapper.xsa
TRACE::2026-02-05.16:44:45::SCWPlatform::DSA directory C:/Users/cihem/CPRE-488-Labs/Mp-0_New/vitis2/design_1_wrapper/hw
TRACE::2026-02-05.16:44:45::SCWPlatform:: Platform Path C:/Users/cihem/CPRE-488-Labs/Mp-0_New/vitis2/design_1_wrapper/hw/design_1_wrapper.xsa
TRACE::2026-02-05.16:44:45::SCWPlatform:: Unique name xilinx:zed::0.0
TRACE::2026-02-05.16:44:45::SCWPlatform::Trying to set the existing hwdb with name design_1_wrapper_0
TRACE::2026-02-05.16:44:45::SCWPlatform::Opened existing hwdb design_1_wrapper_0
TRACE::2026-02-05.16:44:45::SCWPlatform::Found the Hw Db part of the input DSA
TRACE::2026-02-05.16:44:45::SCWMssOS::Checking the sw design at  C:/Users/cihem/CPRE-488-Labs/Mp-0_New/vitis2/design_1_wrapper/ps7_cortexa9_0/domain_ps7_cortexa9_0/bsp/system.mss
TRACE::2026-02-05.16:44:45::SCWMssOS::DEBUG:  swdes dump  C:/Users/cihem/CPRE-488-Labs/Mp-0_New/vitis2/design_1_wrapper/ps7_cortexa9_0/domain_ps7_cortexa9_0/bsp/system.mss|system_0||
C:/Users/cihem/CPRE-488-Labs/Mp-0_New/vitis2/design_1_wrapper/zynq_fsbl/zynq_fsbl_bsp/system.mss|system||

TRACE::2026-02-05.16:44:45::SCWMssOS::Sw design exists and opened at  C:/Users/cihem/CPRE-488-Labs/Mp-0_New/vitis2/design_1_wrapper/ps7_cortexa9_0/domain_ps7_cortexa9_0/bsp/system.mss
TRACE::2026-02-05.16:44:45::SCWPlatform::Trying to open the hw design at C:/Users/cihem/CPRE-488-Labs/Mp-0_New/vitis2/design_1_wrapper/hw/design_1_wrapper.xsa
TRACE::2026-02-05.16:44:45::SCWPlatform::DSA given C:/Users/cihem/CPRE-488-Labs/Mp-0_New/vitis2/design_1_wrapper/hw/design_1_wrapper.xsa
TRACE::2026-02-05.16:44:45::SCWPlatform::DSA absoulate path C:/Users/cihem/CPRE-488-Labs/Mp-0_New/vitis2/design_1_wrapper/hw/design_1_wrapper.xsa
TRACE::2026-02-05.16:44:45::SCWPlatform::DSA directory C:/Users/cihem/CPRE-488-Labs/Mp-0_New/vitis2/design_1_wrapper/hw
TRACE::2026-02-05.16:44:45::SCWPlatform:: Platform Path C:/Users/cihem/CPRE-488-Labs/Mp-0_New/vitis2/design_1_wrapper/hw/design_1_wrapper.xsa
TRACE::2026-02-05.16:44:45::SCWPlatform:: Unique name xilinx:zed::0.0
TRACE::2026-02-05.16:44:45::SCWPlatform::Trying to set the existing hwdb with name design_1_wrapper_0
TRACE::2026-02-05.16:44:45::SCWPlatform::Opened existing hwdb design_1_wrapper_0
TRACE::2026-02-05.16:44:45::SCWPlatform::Found the Hw Db part of the input DSA
TRACE::2026-02-05.16:44:45::SCWMssOS::Checking the sw design at  C:/Users/cihem/CPRE-488-Labs/Mp-0_New/vitis2/design_1_wrapper/ps7_cortexa9_0/domain_ps7_cortexa9_0/bsp/system.mss
TRACE::2026-02-05.16:44:45::SCWMssOS::DEBUG:  swdes dump  C:/Users/cihem/CPRE-488-Labs/Mp-0_New/vitis2/design_1_wrapper/ps7_cortexa9_0/domain_ps7_cortexa9_0/bsp/system.mss|system_0||
C:/Users/cihem/CPRE-488-Labs/Mp-0_New/vitis2/design_1_wrapper/zynq_fsbl/zynq_fsbl_bsp/system.mss|system||

TRACE::2026-02-05.16:44:45::SCWMssOS::Sw design exists and opened at  C:/Users/cihem/CPRE-488-Labs/Mp-0_New/vitis2/design_1_wrapper/ps7_cortexa9_0/domain_ps7_cortexa9_0/bsp/system.mss
TRACE::2026-02-05.16:44:45::SCWWriter::formatted JSON is {
	"platformName":	"design_1_wrapper",
	"sprVersion":	"2.0",
	"mode":	"gui",
	"dsaType":	"Fixed",
	"platformDesc":	"design_1_wrapper",
	"platHandOff":	"C:/Users/cihem/CPRE-488-Labs/Mp-0_New/TheNextBigThing/design_1_wrapper.xsa",
	"platIntHandOff":	"<platformDir>/hw/design_1_wrapper.xsa",
	"deviceType":	"zynq",
	"platIsPrebuiltAutogen":	"false",
	"platIsNoBootBsp":	"false",
	"platFsblTarget":	"ps7_cortexa9_0",
	"hasFsblMakeHasChanges":	"false",
	"hasPmufwMakeHasChanges":	"false",
	"fsblExtraCompilerFlags":	"-MMD -MP       -mcpu=cortex-a9 -mfpu=vfpv3 -mfloat-abi=hard ",
	"platPreBuiltFlag":	false,
	"platformSamplesDir":	"",
	"platActiveSys":	"design_1_wrapper",
	"systems":	[{
			"systemName":	"design_1_wrapper",
			"systemDesc":	"design_1_wrapper",
			"sysIsBootAutoGen":	"true",
			"systemDispName":	"design_1_wrapper",
			"sysActiveDom":	"domain_ps7_cortexa9_0",
			"sysDefaultDom":	"domain_ps7_cortexa9_0",
			"domains":	[{
					"domainName":	"zynq_fsbl",
					"domainDispName":	"zynq_fsbl",
					"domainDesc":	"FSBL Application BSP - Auto Generated.",
					"processors":	"ps7_cortexa9_0",
					"os":	"standalone",
					"sdxOs":	"standalone",
					"debugEnable":	"",
					"domRuntimes":	["cpp"],
					"swRepo":	"",
					"mssOsVer":	"7.2",
					"mssFile":	"",
					"md5Digest":	"6a16c01a2dc85916823989659d34a150",
					"compatibleApp":	"zynq_fsbl",
					"domType":	"bootDomain",
					"arch":	"32-bit",
					"appSettings":	{
						"appCompilerFlags":	"",
						"appLinkerFlags":	""
					},
					"addedLibs":	["xilffs:4.3", "xilrsa:1.6"],
					"libOptions":	{
						"libsContainingOptions":	[]
					},
					"prebuiltLibs":	{
						"prebuiltIncPath":	[],
						"prebuiltLibPath":	[]
					},
					"isolation":	{
					}
				}, {
					"domainName":	"domain_ps7_cortexa9_0",
					"domainDispName":	"domain_ps7_cortexa9_0",
					"domainDesc":	"domain_ps7_cortexa9_0",
					"processors":	"ps7_cortexa9_0",
					"os":	"standalone",
					"sdxOs":	"standalone",
					"qemuArgs":	"C:/Xilinx/Vitis/2020.1/data/emulation/platforms/zynq/qemu/qemu_args.txt",
					"qemuData":	"C:/Xilinx/Vitis/2020.1/data/emulation/platforms/zynq/qemu/",
					"debugEnable":	"False",
					"domRuntimes":	["cpp"],
					"swRepo":	"",
					"mssOsVer":	"7.2",
					"mssFile":	"",
					"md5Digest":	"e7eb7ecd472555f72b367dd978989e0a",
					"compatibleApp":	"hello_world",
					"domType":	"mssDomain",
					"arch":	"32-bit",
					"appSettings":	{
						"appCompilerFlags":	"",
						"appLinkerFlags":	""
					},
					"addedLibs":	[],
					"libOptions":	{
						"libsContainingOptions":	[]
					},
					"prebuiltLibs":	{
						"prebuiltIncPath":	[],
						"prebuiltLibPath":	[]
					},
					"isolation":	{
					}
				}]
		}]
}
LOG::2026-02-05.16:44:45::SCWPlatform::Started generating the artifacts platform design_1_wrapper
TRACE::2026-02-05.16:44:45::SCWPlatform::Sanity checking of platform is completed
LOG::2026-02-05.16:44:45::SCWPlatform::Started generating the artifacts for system configuration design_1_wrapper
LOG::2026-02-05.16:44:45::SCWSystem::Checking the domain zynq_fsbl
LOG::2026-02-05.16:44:45::SCWSystem::Doing application build for :  zynq_fsbl
TRACE::2026-02-05.16:44:45::SCWBDomain::Not a forced makefile updation, No changes are present. 
TRACE::2026-02-05.16:44:45::SCWDomain::Skipping the build for domain :  zynq_fsbl
LOG::2026-02-05.16:44:45::SCWSystem::Checking the domain domain_ps7_cortexa9_0
LOG::2026-02-05.16:44:45::SCWSystem::Not a boot domain 
LOG::2026-02-05.16:44:45::SCWSystem::Started Processing the domain domain_ps7_cortexa9_0
TRACE::2026-02-05.16:44:45::SCWDomain::Generating domain artifcats
TRACE::2026-02-05.16:44:45::SCWMssOS::Generating standalone artifcats
TRACE::2026-02-05.16:44:45::SCWMssOS::Copying the qemu file from  C:/Xilinx/Vitis/2020.1/data/emulation/platforms/zynq/qemu/qemu_args.txt To C:/Users/cihem/CPRE-488-Labs/Mp-0_New/vitis2/design_1_wrapper/export/design_1_wrapper/sw/design_1_wrapper/qemu/
TRACE::2026-02-05.16:44:45::SCWMssOS::Copying the qemu file from  C:/Xilinx/Vitis/2020.1/data/emulation/platforms/zynq/qemu/qemu_args.txt To C:/Users/cihem/CPRE-488-Labs/Mp-0_New/vitis2/design_1_wrapper/export/design_1_wrapper/sw/design_1_wrapper/domain_ps7_cortexa9_0/qemu/
TRACE::2026-02-05.16:44:45::SCWMssOS:: Copying the user libraries. 
TRACE::2026-02-05.16:44:45::SCWPlatform::Trying to open the hw design at C:/Users/cihem/CPRE-488-Labs/Mp-0_New/vitis2/design_1_wrapper/hw/design_1_wrapper.xsa
TRACE::2026-02-05.16:44:45::SCWPlatform::DSA given C:/Users/cihem/CPRE-488-Labs/Mp-0_New/vitis2/design_1_wrapper/hw/design_1_wrapper.xsa
TRACE::2026-02-05.16:44:45::SCWPlatform::DSA absoulate path C:/Users/cihem/CPRE-488-Labs/Mp-0_New/vitis2/design_1_wrapper/hw/design_1_wrapper.xsa
TRACE::2026-02-05.16:44:45::SCWPlatform::DSA directory C:/Users/cihem/CPRE-488-Labs/Mp-0_New/vitis2/design_1_wrapper/hw
TRACE::2026-02-05.16:44:45::SCWPlatform:: Platform Path C:/Users/cihem/CPRE-488-Labs/Mp-0_New/vitis2/design_1_wrapper/hw/design_1_wrapper.xsa
TRACE::2026-02-05.16:44:45::SCWPlatform:: Unique name xilinx:zed::0.0
TRACE::2026-02-05.16:44:45::SCWPlatform::Trying to set the existing hwdb with name design_1_wrapper_0
TRACE::2026-02-05.16:44:45::SCWPlatform::Opened existing hwdb design_1_wrapper_0
TRACE::2026-02-05.16:44:45::SCWPlatform::Found the Hw Db part of the input DSA
TRACE::2026-02-05.16:44:45::SCWMssOS::Checking the sw design at  C:/Users/cihem/CPRE-488-Labs/Mp-0_New/vitis2/design_1_wrapper/ps7_cortexa9_0/domain_ps7_cortexa9_0/bsp/system.mss
TRACE::2026-02-05.16:44:45::SCWMssOS::DEBUG:  swdes dump  C:/Users/cihem/CPRE-488-Labs/Mp-0_New/vitis2/design_1_wrapper/ps7_cortexa9_0/domain_ps7_cortexa9_0/bsp/system.mss|system_0||
C:/Users/cihem/CPRE-488-Labs/Mp-0_New/vitis2/design_1_wrapper/zynq_fsbl/zynq_fsbl_bsp/system.mss|system||

TRACE::2026-02-05.16:44:45::SCWMssOS::Sw design exists and opened at  C:/Users/cihem/CPRE-488-Labs/Mp-0_New/vitis2/design_1_wrapper/ps7_cortexa9_0/domain_ps7_cortexa9_0/bsp/system.mss
TRACE::2026-02-05.16:44:45::SCWMssOS::Completed writing the mss file at C:/Users/cihem/CPRE-488-Labs/Mp-0_New/vitis2/design_1_wrapper/ps7_cortexa9_0/domain_ps7_cortexa9_0/bsp
TRACE::2026-02-05.16:44:45::SCWMssOS::Mss edits present, copying mssfile into export location C:/Users/cihem/CPRE-488-Labs/Mp-0_New/vitis2/design_1_wrapper/ps7_cortexa9_0/domain_ps7_cortexa9_0/bsp/system.mss
TRACE::2026-02-05.16:44:45::SCWMssOS::bsp generated is upto date with the mss file. Skipping bsp generation.
TRACE::2026-02-05.16:44:45::SCWMssOS::BSP is already built. skipping the bsp build ... 
TRACE::2026-02-05.16:44:45::SCWDomain::Skipping the build for domain :  domain_ps7_cortexa9_0
TRACE::2026-02-05.16:44:45::SCWMssOS::skipping the bsp build ... 
TRACE::2026-02-05.16:44:45::SCWMssOS::Copying to export directory.
TRACE::2026-02-05.16:44:45::SCWMssOS:: Checking if to create the Supporting Applications
TRACE::2026-02-05.16:44:45::SCWMssOS:: No Linux domain exists, trying to generate FSBL 
TRACE::2026-02-05.16:44:45::SCWMssOS:: Completed Standalone Artifacts creation 
LOG::2026-02-05.16:44:45::SCWSystem::Completed Processing the domain domain_ps7_cortexa9_0
LOG::2026-02-05.16:44:45::SCWSystem::Completed Processing the sysconfig design_1_wrapper
LOG::2026-02-05.16:44:45::SCWPlatform::Completed generating the artifacts for system configuration design_1_wrapper
TRACE::2026-02-05.16:44:45::SCWPlatform::Started preparing the platform 
TRACE::2026-02-05.16:44:45::SCWSystem::Writing the bif file for system config design_1_wrapper
TRACE::2026-02-05.16:44:45::SCWSystem::dir created 
TRACE::2026-02-05.16:44:45::SCWSystem::Writing the bif 
TRACE::2026-02-05.16:44:45::SCWPlatform::Started writing the spfm file 
TRACE::2026-02-05.16:44:45::SCWPlatform::Started writing the xpfm file 
TRACE::2026-02-05.16:44:45::SCWPlatform::Completed generating the platform
TRACE::2026-02-05.16:44:45::SCWMssOS::Saving the mss changes C:/Users/cihem/CPRE-488-Labs/Mp-0_New/vitis2/design_1_wrapper/zynq_fsbl/zynq_fsbl_bsp/system.mss
TRACE::2026-02-05.16:44:45::SCWMssOS::Found a swdesign opened with the mssfile.
TRACE::2026-02-05.16:44:45::SCWMssOS::Completed writemss as part of save.
TRACE::2026-02-05.16:44:45::SCWMssOS::Commit changes completed.
TRACE::2026-02-05.16:44:45::SCWMssOS::Saving the mss changes C:/Users/cihem/CPRE-488-Labs/Mp-0_New/vitis2/design_1_wrapper/ps7_cortexa9_0/domain_ps7_cortexa9_0/bsp/system.mss
TRACE::2026-02-05.16:44:45::SCWMssOS::Found a swdesign opened with the mssfile.
TRACE::2026-02-05.16:44:45::SCWMssOS::Completed writemss as part of save.
TRACE::2026-02-05.16:44:45::SCWMssOS::Commit changes completed.
TRACE::2026-02-05.16:44:45::SCWPlatform::Trying to open the hw design at C:/Users/cihem/CPRE-488-Labs/Mp-0_New/vitis2/design_1_wrapper/hw/design_1_wrapper.xsa
TRACE::2026-02-05.16:44:45::SCWPlatform::DSA given C:/Users/cihem/CPRE-488-Labs/Mp-0_New/vitis2/design_1_wrapper/hw/design_1_wrapper.xsa
TRACE::2026-02-05.16:44:45::SCWPlatform::DSA absoulate path C:/Users/cihem/CPRE-488-Labs/Mp-0_New/vitis2/design_1_wrapper/hw/design_1_wrapper.xsa
TRACE::2026-02-05.16:44:45::SCWPlatform::DSA directory C:/Users/cihem/CPRE-488-Labs/Mp-0_New/vitis2/design_1_wrapper/hw
TRACE::2026-02-05.16:44:45::SCWPlatform:: Platform Path C:/Users/cihem/CPRE-488-Labs/Mp-0_New/vitis2/design_1_wrapper/hw/design_1_wrapper.xsa
TRACE::2026-02-05.16:44:45::SCWPlatform:: Unique name xilinx:zed::0.0
TRACE::2026-02-05.16:44:45::SCWPlatform::Trying to set the existing hwdb with name design_1_wrapper_0
TRACE::2026-02-05.16:44:45::SCWPlatform::Opened existing hwdb design_1_wrapper_0
TRACE::2026-02-05.16:44:45::SCWPlatform::Found the Hw Db part of the input DSA
TRACE::2026-02-05.16:44:45::SCWMssOS::Checking the sw design at  C:/Users/cihem/CPRE-488-Labs/Mp-0_New/vitis2/design_1_wrapper/zynq_fsbl/zynq_fsbl_bsp/system.mss
TRACE::2026-02-05.16:44:45::SCWMssOS::DEBUG:  swdes dump  C:/Users/cihem/CPRE-488-Labs/Mp-0_New/vitis2/design_1_wrapper/ps7_cortexa9_0/domain_ps7_cortexa9_0/bsp/system.mss|system_0||
C:/Users/cihem/CPRE-488-Labs/Mp-0_New/vitis2/design_1_wrapper/zynq_fsbl/zynq_fsbl_bsp/system.mss|system||

TRACE::2026-02-05.16:44:45::SCWMssOS::Sw design exists and opened at  C:/Users/cihem/CPRE-488-Labs/Mp-0_New/vitis2/design_1_wrapper/zynq_fsbl/zynq_fsbl_bsp/system.mss
TRACE::2026-02-05.16:44:45::SCWPlatform::Trying to open the hw design at C:/Users/cihem/CPRE-488-Labs/Mp-0_New/vitis2/design_1_wrapper/hw/design_1_wrapper.xsa
TRACE::2026-02-05.16:44:45::SCWPlatform::DSA given C:/Users/cihem/CPRE-488-Labs/Mp-0_New/vitis2/design_1_wrapper/hw/design_1_wrapper.xsa
TRACE::2026-02-05.16:44:45::SCWPlatform::DSA absoulate path C:/Users/cihem/CPRE-488-Labs/Mp-0_New/vitis2/design_1_wrapper/hw/design_1_wrapper.xsa
TRACE::2026-02-05.16:44:45::SCWPlatform::DSA directory C:/Users/cihem/CPRE-488-Labs/Mp-0_New/vitis2/design_1_wrapper/hw
TRACE::2026-02-05.16:44:45::SCWPlatform:: Platform Path C:/Users/cihem/CPRE-488-Labs/Mp-0_New/vitis2/design_1_wrapper/hw/design_1_wrapper.xsa
TRACE::2026-02-05.16:44:45::SCWPlatform:: Unique name xilinx:zed::0.0
TRACE::2026-02-05.16:44:45::SCWPlatform::Trying to set the existing hwdb with name design_1_wrapper_0
TRACE::2026-02-05.16:44:45::SCWPlatform::Opened existing hwdb design_1_wrapper_0
TRACE::2026-02-05.16:44:45::SCWPlatform::Found the Hw Db part of the input DSA
TRACE::2026-02-05.16:44:45::SCWMssOS::Checking the sw design at  C:/Users/cihem/CPRE-488-Labs/Mp-0_New/vitis2/design_1_wrapper/zynq_fsbl/zynq_fsbl_bsp/system.mss
TRACE::2026-02-05.16:44:45::SCWMssOS::DEBUG:  swdes dump  C:/Users/cihem/CPRE-488-Labs/Mp-0_New/vitis2/design_1_wrapper/ps7_cortexa9_0/domain_ps7_cortexa9_0/bsp/system.mss|system_0||
C:/Users/cihem/CPRE-488-Labs/Mp-0_New/vitis2/design_1_wrapper/zynq_fsbl/zynq_fsbl_bsp/system.mss|system||

TRACE::2026-02-05.16:44:45::SCWMssOS::Sw design exists and opened at  C:/Users/cihem/CPRE-488-Labs/Mp-0_New/vitis2/design_1_wrapper/zynq_fsbl/zynq_fsbl_bsp/system.mss
TRACE::2026-02-05.16:44:45::SCWPlatform::Trying to open the hw design at C:/Users/cihem/CPRE-488-Labs/Mp-0_New/vitis2/design_1_wrapper/hw/design_1_wrapper.xsa
TRACE::2026-02-05.16:44:45::SCWPlatform::DSA given C:/Users/cihem/CPRE-488-Labs/Mp-0_New/vitis2/design_1_wrapper/hw/design_1_wrapper.xsa
TRACE::2026-02-05.16:44:45::SCWPlatform::DSA absoulate path C:/Users/cihem/CPRE-488-Labs/Mp-0_New/vitis2/design_1_wrapper/hw/design_1_wrapper.xsa
TRACE::2026-02-05.16:44:45::SCWPlatform::DSA directory C:/Users/cihem/CPRE-488-Labs/Mp-0_New/vitis2/design_1_wrapper/hw
TRACE::2026-02-05.16:44:45::SCWPlatform:: Platform Path C:/Users/cihem/CPRE-488-Labs/Mp-0_New/vitis2/design_1_wrapper/hw/design_1_wrapper.xsa
TRACE::2026-02-05.16:44:45::SCWPlatform:: Unique name xilinx:zed::0.0
TRACE::2026-02-05.16:44:45::SCWPlatform::Trying to set the existing hwdb with name design_1_wrapper_0
TRACE::2026-02-05.16:44:45::SCWPlatform::Opened existing hwdb design_1_wrapper_0
TRACE::2026-02-05.16:44:45::SCWPlatform::Found the Hw Db part of the input DSA
TRACE::2026-02-05.16:44:45::SCWMssOS::Checking the sw design at  C:/Users/cihem/CPRE-488-Labs/Mp-0_New/vitis2/design_1_wrapper/zynq_fsbl/zynq_fsbl_bsp/system.mss
TRACE::2026-02-05.16:44:45::SCWMssOS::DEBUG:  swdes dump  C:/Users/cihem/CPRE-488-Labs/Mp-0_New/vitis2/design_1_wrapper/ps7_cortexa9_0/domain_ps7_cortexa9_0/bsp/system.mss|system_0||
C:/Users/cihem/CPRE-488-Labs/Mp-0_New/vitis2/design_1_wrapper/zynq_fsbl/zynq_fsbl_bsp/system.mss|system||

TRACE::2026-02-05.16:44:45::SCWMssOS::Sw design exists and opened at  C:/Users/cihem/CPRE-488-Labs/Mp-0_New/vitis2/design_1_wrapper/zynq_fsbl/zynq_fsbl_bsp/system.mss
TRACE::2026-02-05.16:44:45::SCWPlatform::Trying to open the hw design at C:/Users/cihem/CPRE-488-Labs/Mp-0_New/vitis2/design_1_wrapper/hw/design_1_wrapper.xsa
TRACE::2026-02-05.16:44:45::SCWPlatform::DSA given C:/Users/cihem/CPRE-488-Labs/Mp-0_New/vitis2/design_1_wrapper/hw/design_1_wrapper.xsa
TRACE::2026-02-05.16:44:45::SCWPlatform::DSA absoulate path C:/Users/cihem/CPRE-488-Labs/Mp-0_New/vitis2/design_1_wrapper/hw/design_1_wrapper.xsa
TRACE::2026-02-05.16:44:45::SCWPlatform::DSA directory C:/Users/cihem/CPRE-488-Labs/Mp-0_New/vitis2/design_1_wrapper/hw
TRACE::2026-02-05.16:44:45::SCWPlatform:: Platform Path C:/Users/cihem/CPRE-488-Labs/Mp-0_New/vitis2/design_1_wrapper/hw/design_1_wrapper.xsa
TRACE::2026-02-05.16:44:45::SCWPlatform:: Unique name xilinx:zed::0.0
TRACE::2026-02-05.16:44:45::SCWPlatform::Trying to set the existing hwdb with name design_1_wrapper_0
TRACE::2026-02-05.16:44:45::SCWPlatform::Opened existing hwdb design_1_wrapper_0
TRACE::2026-02-05.16:44:45::SCWPlatform::Found the Hw Db part of the input DSA
TRACE::2026-02-05.16:44:45::SCWMssOS::Checking the sw design at  C:/Users/cihem/CPRE-488-Labs/Mp-0_New/vitis2/design_1_wrapper/ps7_cortexa9_0/domain_ps7_cortexa9_0/bsp/system.mss
TRACE::2026-02-05.16:44:45::SCWMssOS::DEBUG:  swdes dump  C:/Users/cihem/CPRE-488-Labs/Mp-0_New/vitis2/design_1_wrapper/ps7_cortexa9_0/domain_ps7_cortexa9_0/bsp/system.mss|system_0||
C:/Users/cihem/CPRE-488-Labs/Mp-0_New/vitis2/design_1_wrapper/zynq_fsbl/zynq_fsbl_bsp/system.mss|system||

TRACE::2026-02-05.16:44:45::SCWMssOS::Sw design exists and opened at  C:/Users/cihem/CPRE-488-Labs/Mp-0_New/vitis2/design_1_wrapper/ps7_cortexa9_0/domain_ps7_cortexa9_0/bsp/system.mss
TRACE::2026-02-05.16:44:45::SCWPlatform::Trying to open the hw design at C:/Users/cihem/CPRE-488-Labs/Mp-0_New/vitis2/design_1_wrapper/hw/design_1_wrapper.xsa
TRACE::2026-02-05.16:44:45::SCWPlatform::DSA given C:/Users/cihem/CPRE-488-Labs/Mp-0_New/vitis2/design_1_wrapper/hw/design_1_wrapper.xsa
TRACE::2026-02-05.16:44:45::SCWPlatform::DSA absoulate path C:/Users/cihem/CPRE-488-Labs/Mp-0_New/vitis2/design_1_wrapper/hw/design_1_wrapper.xsa
TRACE::2026-02-05.16:44:45::SCWPlatform::DSA directory C:/Users/cihem/CPRE-488-Labs/Mp-0_New/vitis2/design_1_wrapper/hw
TRACE::2026-02-05.16:44:45::SCWPlatform:: Platform Path C:/Users/cihem/CPRE-488-Labs/Mp-0_New/vitis2/design_1_wrapper/hw/design_1_wrapper.xsa
TRACE::2026-02-05.16:44:45::SCWPlatform:: Unique name xilinx:zed::0.0
TRACE::2026-02-05.16:44:45::SCWPlatform::Trying to set the existing hwdb with name design_1_wrapper_0
TRACE::2026-02-05.16:44:45::SCWPlatform::Opened existing hwdb design_1_wrapper_0
TRACE::2026-02-05.16:44:45::SCWPlatform::Found the Hw Db part of the input DSA
TRACE::2026-02-05.16:44:45::SCWMssOS::Checking the sw design at  C:/Users/cihem/CPRE-488-Labs/Mp-0_New/vitis2/design_1_wrapper/ps7_cortexa9_0/domain_ps7_cortexa9_0/bsp/system.mss
TRACE::2026-02-05.16:44:45::SCWMssOS::DEBUG:  swdes dump  C:/Users/cihem/CPRE-488-Labs/Mp-0_New/vitis2/design_1_wrapper/ps7_cortexa9_0/domain_ps7_cortexa9_0/bsp/system.mss|system_0||
C:/Users/cihem/CPRE-488-Labs/Mp-0_New/vitis2/design_1_wrapper/zynq_fsbl/zynq_fsbl_bsp/system.mss|system||

TRACE::2026-02-05.16:44:45::SCWMssOS::Sw design exists and opened at  C:/Users/cihem/CPRE-488-Labs/Mp-0_New/vitis2/design_1_wrapper/ps7_cortexa9_0/domain_ps7_cortexa9_0/bsp/system.mss
TRACE::2026-02-05.16:44:45::SCWPlatform::Trying to open the hw design at C:/Users/cihem/CPRE-488-Labs/Mp-0_New/vitis2/design_1_wrapper/hw/design_1_wrapper.xsa
TRACE::2026-02-05.16:44:45::SCWPlatform::DSA given C:/Users/cihem/CPRE-488-Labs/Mp-0_New/vitis2/design_1_wrapper/hw/design_1_wrapper.xsa
TRACE::2026-02-05.16:44:45::SCWPlatform::DSA absoulate path C:/Users/cihem/CPRE-488-Labs/Mp-0_New/vitis2/design_1_wrapper/hw/design_1_wrapper.xsa
TRACE::2026-02-05.16:44:45::SCWPlatform::DSA directory C:/Users/cihem/CPRE-488-Labs/Mp-0_New/vitis2/design_1_wrapper/hw
TRACE::2026-02-05.16:44:45::SCWPlatform:: Platform Path C:/Users/cihem/CPRE-488-Labs/Mp-0_New/vitis2/design_1_wrapper/hw/design_1_wrapper.xsa
TRACE::2026-02-05.16:44:45::SCWPlatform:: Unique name xilinx:zed::0.0
TRACE::2026-02-05.16:44:45::SCWPlatform::Trying to set the existing hwdb with name design_1_wrapper_0
TRACE::2026-02-05.16:44:45::SCWPlatform::Opened existing hwdb design_1_wrapper_0
TRACE::2026-02-05.16:44:45::SCWPlatform::Found the Hw Db part of the input DSA
TRACE::2026-02-05.16:44:45::SCWMssOS::Checking the sw design at  C:/Users/cihem/CPRE-488-Labs/Mp-0_New/vitis2/design_1_wrapper/ps7_cortexa9_0/domain_ps7_cortexa9_0/bsp/system.mss
TRACE::2026-02-05.16:44:45::SCWMssOS::DEBUG:  swdes dump  C:/Users/cihem/CPRE-488-Labs/Mp-0_New/vitis2/design_1_wrapper/ps7_cortexa9_0/domain_ps7_cortexa9_0/bsp/system.mss|system_0||
C:/Users/cihem/CPRE-488-Labs/Mp-0_New/vitis2/design_1_wrapper/zynq_fsbl/zynq_fsbl_bsp/system.mss|system||

TRACE::2026-02-05.16:44:45::SCWMssOS::Sw design exists and opened at  C:/Users/cihem/CPRE-488-Labs/Mp-0_New/vitis2/design_1_wrapper/ps7_cortexa9_0/domain_ps7_cortexa9_0/bsp/system.mss
TRACE::2026-02-05.16:44:45::SCWWriter::formatted JSON is {
	"platformName":	"design_1_wrapper",
	"sprVersion":	"2.0",
	"mode":	"gui",
	"dsaType":	"Fixed",
	"platformDesc":	"design_1_wrapper",
	"platHandOff":	"C:/Users/cihem/CPRE-488-Labs/Mp-0_New/TheNextBigThing/design_1_wrapper.xsa",
	"platIntHandOff":	"<platformDir>/hw/design_1_wrapper.xsa",
	"deviceType":	"zynq",
	"platIsPrebuiltAutogen":	"false",
	"platIsNoBootBsp":	"false",
	"platFsblTarget":	"ps7_cortexa9_0",
	"hasFsblMakeHasChanges":	"false",
	"hasPmufwMakeHasChanges":	"false",
	"fsblExtraCompilerFlags":	"-MMD -MP       -mcpu=cortex-a9 -mfpu=vfpv3 -mfloat-abi=hard ",
	"platPreBuiltFlag":	false,
	"platformSamplesDir":	"",
	"platActiveSys":	"design_1_wrapper",
	"systems":	[{
			"systemName":	"design_1_wrapper",
			"systemDesc":	"design_1_wrapper",
			"sysIsBootAutoGen":	"true",
			"systemDispName":	"design_1_wrapper",
			"sysActiveDom":	"domain_ps7_cortexa9_0",
			"sysDefaultDom":	"domain_ps7_cortexa9_0",
			"domains":	[{
					"domainName":	"zynq_fsbl",
					"domainDispName":	"zynq_fsbl",
					"domainDesc":	"FSBL Application BSP - Auto Generated.",
					"processors":	"ps7_cortexa9_0",
					"os":	"standalone",
					"sdxOs":	"standalone",
					"debugEnable":	"",
					"domRuntimes":	["cpp"],
					"swRepo":	"",
					"mssOsVer":	"7.2",
					"mssFile":	"",
					"md5Digest":	"6a16c01a2dc85916823989659d34a150",
					"compatibleApp":	"zynq_fsbl",
					"domType":	"bootDomain",
					"arch":	"32-bit",
					"appSettings":	{
						"appCompilerFlags":	"",
						"appLinkerFlags":	""
					},
					"addedLibs":	["xilffs:4.3", "xilrsa:1.6"],
					"libOptions":	{
						"libsContainingOptions":	[]
					},
					"prebuiltLibs":	{
						"prebuiltIncPath":	[],
						"prebuiltLibPath":	[]
					},
					"isolation":	{
					}
				}, {
					"domainName":	"domain_ps7_cortexa9_0",
					"domainDispName":	"domain_ps7_cortexa9_0",
					"domainDesc":	"domain_ps7_cortexa9_0",
					"processors":	"ps7_cortexa9_0",
					"os":	"standalone",
					"sdxOs":	"standalone",
					"qemuArgs":	"C:/Xilinx/Vitis/2020.1/data/emulation/platforms/zynq/qemu/qemu_args.txt",
					"qemuData":	"C:/Xilinx/Vitis/2020.1/data/emulation/platforms/zynq/qemu/",
					"debugEnable":	"False",
					"domRuntimes":	["cpp"],
					"swRepo":	"",
					"mssOsVer":	"7.2",
					"mssFile":	"",
					"md5Digest":	"e7eb7ecd472555f72b367dd978989e0a",
					"compatibleApp":	"hello_world",
					"domType":	"mssDomain",
					"arch":	"32-bit",
					"appSettings":	{
						"appCompilerFlags":	"",
						"appLinkerFlags":	""
					},
					"addedLibs":	[],
					"libOptions":	{
						"libsContainingOptions":	[]
					},
					"prebuiltLibs":	{
						"prebuiltIncPath":	[],
						"prebuiltLibPath":	[]
					},
					"isolation":	{
					}
				}]
		}]
}
KEYINFO::2026-02-05.16:44:45::SCWPlatform::updated the xpfm file.
TRACE::2026-02-05.16:44:45::SCWPlatform::Trying to open the hw design at C:/Users/cihem/CPRE-488-Labs/Mp-0_New/vitis2/design_1_wrapper/hw/design_1_wrapper.xsa
TRACE::2026-02-05.16:44:45::SCWPlatform::DSA given C:/Users/cihem/CPRE-488-Labs/Mp-0_New/vitis2/design_1_wrapper/hw/design_1_wrapper.xsa
TRACE::2026-02-05.16:44:45::SCWPlatform::DSA absoulate path C:/Users/cihem/CPRE-488-Labs/Mp-0_New/vitis2/design_1_wrapper/hw/design_1_wrapper.xsa
TRACE::2026-02-05.16:44:45::SCWPlatform::DSA directory C:/Users/cihem/CPRE-488-Labs/Mp-0_New/vitis2/design_1_wrapper/hw
TRACE::2026-02-05.16:44:45::SCWPlatform:: Platform Path C:/Users/cihem/CPRE-488-Labs/Mp-0_New/vitis2/design_1_wrapper/hw/design_1_wrapper.xsa
TRACE::2026-02-05.16:44:45::SCWPlatform:: Unique name xilinx:zed::0.0
TRACE::2026-02-05.16:44:45::SCWPlatform::Trying to set the existing hwdb with name design_1_wrapper_0
TRACE::2026-02-05.16:44:45::SCWPlatform::Opened existing hwdb design_1_wrapper_0
TRACE::2026-02-05.16:44:45::SCWPlatform::Found the Hw Db part of the input DSA
TRACE::2026-02-05.16:44:45::SCWMssOS::Checking the sw design at  C:/Users/cihem/CPRE-488-Labs/Mp-0_New/vitis2/design_1_wrapper/ps7_cortexa9_0/domain_ps7_cortexa9_0/bsp/system.mss
TRACE::2026-02-05.16:44:45::SCWMssOS::DEBUG:  swdes dump  C:/Users/cihem/CPRE-488-Labs/Mp-0_New/vitis2/design_1_wrapper/ps7_cortexa9_0/domain_ps7_cortexa9_0/bsp/system.mss|system_0||
C:/Users/cihem/CPRE-488-Labs/Mp-0_New/vitis2/design_1_wrapper/zynq_fsbl/zynq_fsbl_bsp/system.mss|system||

TRACE::2026-02-05.16:44:45::SCWMssOS::Sw design exists and opened at  C:/Users/cihem/CPRE-488-Labs/Mp-0_New/vitis2/design_1_wrapper/ps7_cortexa9_0/domain_ps7_cortexa9_0/bsp/system.mss
TRACE::2026-02-05.16:44:45::SCWMssOS::Saving the mss changes C:/Users/cihem/CPRE-488-Labs/Mp-0_New/vitis2/design_1_wrapper/zynq_fsbl/zynq_fsbl_bsp/system.mss
TRACE::2026-02-05.16:44:45::SCWMssOS::Found a swdesign opened with the mssfile.
TRACE::2026-02-05.16:44:45::SCWMssOS::Completed writemss as part of save.
TRACE::2026-02-05.16:44:45::SCWMssOS::Commit changes completed.
TRACE::2026-02-05.16:44:45::SCWMssOS::Saving the mss changes C:/Users/cihem/CPRE-488-Labs/Mp-0_New/vitis2/design_1_wrapper/ps7_cortexa9_0/domain_ps7_cortexa9_0/bsp/system.mss
TRACE::2026-02-05.16:44:45::SCWMssOS::Found a swdesign opened with the mssfile.
TRACE::2026-02-05.16:44:45::SCWMssOS::Completed writemss as part of save.
TRACE::2026-02-05.16:44:45::SCWMssOS::Commit changes completed.
TRACE::2026-02-05.16:44:45::SCWPlatform::Trying to open the hw design at C:/Users/cihem/CPRE-488-Labs/Mp-0_New/vitis2/design_1_wrapper/hw/design_1_wrapper.xsa
TRACE::2026-02-05.16:44:45::SCWPlatform::DSA given C:/Users/cihem/CPRE-488-Labs/Mp-0_New/vitis2/design_1_wrapper/hw/design_1_wrapper.xsa
TRACE::2026-02-05.16:44:45::SCWPlatform::DSA absoulate path C:/Users/cihem/CPRE-488-Labs/Mp-0_New/vitis2/design_1_wrapper/hw/design_1_wrapper.xsa
TRACE::2026-02-05.16:44:45::SCWPlatform::DSA directory C:/Users/cihem/CPRE-488-Labs/Mp-0_New/vitis2/design_1_wrapper/hw
TRACE::2026-02-05.16:44:45::SCWPlatform:: Platform Path C:/Users/cihem/CPRE-488-Labs/Mp-0_New/vitis2/design_1_wrapper/hw/design_1_wrapper.xsa
TRACE::2026-02-05.16:44:45::SCWPlatform:: Unique name xilinx:zed::0.0
TRACE::2026-02-05.16:44:45::SCWPlatform::Trying to set the existing hwdb with name design_1_wrapper_0
TRACE::2026-02-05.16:44:45::SCWPlatform::Opened existing hwdb design_1_wrapper_0
TRACE::2026-02-05.16:44:45::SCWPlatform::Found the Hw Db part of the input DSA
TRACE::2026-02-05.16:44:45::SCWMssOS::Checking the sw design at  C:/Users/cihem/CPRE-488-Labs/Mp-0_New/vitis2/design_1_wrapper/zynq_fsbl/zynq_fsbl_bsp/system.mss
TRACE::2026-02-05.16:44:45::SCWMssOS::DEBUG:  swdes dump  C:/Users/cihem/CPRE-488-Labs/Mp-0_New/vitis2/design_1_wrapper/ps7_cortexa9_0/domain_ps7_cortexa9_0/bsp/system.mss|system_0||
C:/Users/cihem/CPRE-488-Labs/Mp-0_New/vitis2/design_1_wrapper/zynq_fsbl/zynq_fsbl_bsp/system.mss|system||

TRACE::2026-02-05.16:44:45::SCWMssOS::Sw design exists and opened at  C:/Users/cihem/CPRE-488-Labs/Mp-0_New/vitis2/design_1_wrapper/zynq_fsbl/zynq_fsbl_bsp/system.mss
TRACE::2026-02-05.16:44:45::SCWPlatform::Trying to open the hw design at C:/Users/cihem/CPRE-488-Labs/Mp-0_New/vitis2/design_1_wrapper/hw/design_1_wrapper.xsa
TRACE::2026-02-05.16:44:45::SCWPlatform::DSA given C:/Users/cihem/CPRE-488-Labs/Mp-0_New/vitis2/design_1_wrapper/hw/design_1_wrapper.xsa
TRACE::2026-02-05.16:44:45::SCWPlatform::DSA absoulate path C:/Users/cihem/CPRE-488-Labs/Mp-0_New/vitis2/design_1_wrapper/hw/design_1_wrapper.xsa
TRACE::2026-02-05.16:44:45::SCWPlatform::DSA directory C:/Users/cihem/CPRE-488-Labs/Mp-0_New/vitis2/design_1_wrapper/hw
TRACE::2026-02-05.16:44:45::SCWPlatform:: Platform Path C:/Users/cihem/CPRE-488-Labs/Mp-0_New/vitis2/design_1_wrapper/hw/design_1_wrapper.xsa
TRACE::2026-02-05.16:44:45::SCWPlatform:: Unique name xilinx:zed::0.0
TRACE::2026-02-05.16:44:45::SCWPlatform::Trying to set the existing hwdb with name design_1_wrapper_0
TRACE::2026-02-05.16:44:45::SCWPlatform::Opened existing hwdb design_1_wrapper_0
TRACE::2026-02-05.16:44:45::SCWPlatform::Found the Hw Db part of the input DSA
TRACE::2026-02-05.16:44:45::SCWMssOS::Checking the sw design at  C:/Users/cihem/CPRE-488-Labs/Mp-0_New/vitis2/design_1_wrapper/zynq_fsbl/zynq_fsbl_bsp/system.mss
TRACE::2026-02-05.16:44:45::SCWMssOS::DEBUG:  swdes dump  C:/Users/cihem/CPRE-488-Labs/Mp-0_New/vitis2/design_1_wrapper/ps7_cortexa9_0/domain_ps7_cortexa9_0/bsp/system.mss|system_0||
C:/Users/cihem/CPRE-488-Labs/Mp-0_New/vitis2/design_1_wrapper/zynq_fsbl/zynq_fsbl_bsp/system.mss|system||

TRACE::2026-02-05.16:44:45::SCWMssOS::Sw design exists and opened at  C:/Users/cihem/CPRE-488-Labs/Mp-0_New/vitis2/design_1_wrapper/zynq_fsbl/zynq_fsbl_bsp/system.mss
TRACE::2026-02-05.16:44:45::SCWPlatform::Trying to open the hw design at C:/Users/cihem/CPRE-488-Labs/Mp-0_New/vitis2/design_1_wrapper/hw/design_1_wrapper.xsa
TRACE::2026-02-05.16:44:45::SCWPlatform::DSA given C:/Users/cihem/CPRE-488-Labs/Mp-0_New/vitis2/design_1_wrapper/hw/design_1_wrapper.xsa
TRACE::2026-02-05.16:44:45::SCWPlatform::DSA absoulate path C:/Users/cihem/CPRE-488-Labs/Mp-0_New/vitis2/design_1_wrapper/hw/design_1_wrapper.xsa
TRACE::2026-02-05.16:44:45::SCWPlatform::DSA directory C:/Users/cihem/CPRE-488-Labs/Mp-0_New/vitis2/design_1_wrapper/hw
TRACE::2026-02-05.16:44:45::SCWPlatform:: Platform Path C:/Users/cihem/CPRE-488-Labs/Mp-0_New/vitis2/design_1_wrapper/hw/design_1_wrapper.xsa
TRACE::2026-02-05.16:44:45::SCWPlatform:: Unique name xilinx:zed::0.0
TRACE::2026-02-05.16:44:45::SCWPlatform::Trying to set the existing hwdb with name design_1_wrapper_0
TRACE::2026-02-05.16:44:45::SCWPlatform::Opened existing hwdb design_1_wrapper_0
TRACE::2026-02-05.16:44:45::SCWPlatform::Found the Hw Db part of the input DSA
TRACE::2026-02-05.16:44:45::SCWMssOS::Checking the sw design at  C:/Users/cihem/CPRE-488-Labs/Mp-0_New/vitis2/design_1_wrapper/zynq_fsbl/zynq_fsbl_bsp/system.mss
TRACE::2026-02-05.16:44:45::SCWMssOS::DEBUG:  swdes dump  C:/Users/cihem/CPRE-488-Labs/Mp-0_New/vitis2/design_1_wrapper/ps7_cortexa9_0/domain_ps7_cortexa9_0/bsp/system.mss|system_0||
C:/Users/cihem/CPRE-488-Labs/Mp-0_New/vitis2/design_1_wrapper/zynq_fsbl/zynq_fsbl_bsp/system.mss|system||

TRACE::2026-02-05.16:44:45::SCWMssOS::Sw design exists and opened at  C:/Users/cihem/CPRE-488-Labs/Mp-0_New/vitis2/design_1_wrapper/zynq_fsbl/zynq_fsbl_bsp/system.mss
TRACE::2026-02-05.16:44:45::SCWPlatform::Trying to open the hw design at C:/Users/cihem/CPRE-488-Labs/Mp-0_New/vitis2/design_1_wrapper/hw/design_1_wrapper.xsa
TRACE::2026-02-05.16:44:45::SCWPlatform::DSA given C:/Users/cihem/CPRE-488-Labs/Mp-0_New/vitis2/design_1_wrapper/hw/design_1_wrapper.xsa
TRACE::2026-02-05.16:44:45::SCWPlatform::DSA absoulate path C:/Users/cihem/CPRE-488-Labs/Mp-0_New/vitis2/design_1_wrapper/hw/design_1_wrapper.xsa
TRACE::2026-02-05.16:44:45::SCWPlatform::DSA directory C:/Users/cihem/CPRE-488-Labs/Mp-0_New/vitis2/design_1_wrapper/hw
TRACE::2026-02-05.16:44:45::SCWPlatform:: Platform Path C:/Users/cihem/CPRE-488-Labs/Mp-0_New/vitis2/design_1_wrapper/hw/design_1_wrapper.xsa
TRACE::2026-02-05.16:44:45::SCWPlatform:: Unique name xilinx:zed::0.0
TRACE::2026-02-05.16:44:45::SCWPlatform::Trying to set the existing hwdb with name design_1_wrapper_0
TRACE::2026-02-05.16:44:45::SCWPlatform::Opened existing hwdb design_1_wrapper_0
TRACE::2026-02-05.16:44:45::SCWPlatform::Found the Hw Db part of the input DSA
TRACE::2026-02-05.16:44:45::SCWMssOS::Checking the sw design at  C:/Users/cihem/CPRE-488-Labs/Mp-0_New/vitis2/design_1_wrapper/ps7_cortexa9_0/domain_ps7_cortexa9_0/bsp/system.mss
TRACE::2026-02-05.16:44:45::SCWMssOS::DEBUG:  swdes dump  C:/Users/cihem/CPRE-488-Labs/Mp-0_New/vitis2/design_1_wrapper/ps7_cortexa9_0/domain_ps7_cortexa9_0/bsp/system.mss|system_0||
C:/Users/cihem/CPRE-488-Labs/Mp-0_New/vitis2/design_1_wrapper/zynq_fsbl/zynq_fsbl_bsp/system.mss|system||

TRACE::2026-02-05.16:44:45::SCWMssOS::Sw design exists and opened at  C:/Users/cihem/CPRE-488-Labs/Mp-0_New/vitis2/design_1_wrapper/ps7_cortexa9_0/domain_ps7_cortexa9_0/bsp/system.mss
TRACE::2026-02-05.16:44:45::SCWPlatform::Trying to open the hw design at C:/Users/cihem/CPRE-488-Labs/Mp-0_New/vitis2/design_1_wrapper/hw/design_1_wrapper.xsa
TRACE::2026-02-05.16:44:45::SCWPlatform::DSA given C:/Users/cihem/CPRE-488-Labs/Mp-0_New/vitis2/design_1_wrapper/hw/design_1_wrapper.xsa
TRACE::2026-02-05.16:44:45::SCWPlatform::DSA absoulate path C:/Users/cihem/CPRE-488-Labs/Mp-0_New/vitis2/design_1_wrapper/hw/design_1_wrapper.xsa
TRACE::2026-02-05.16:44:45::SCWPlatform::DSA directory C:/Users/cihem/CPRE-488-Labs/Mp-0_New/vitis2/design_1_wrapper/hw
TRACE::2026-02-05.16:44:45::SCWPlatform:: Platform Path C:/Users/cihem/CPRE-488-Labs/Mp-0_New/vitis2/design_1_wrapper/hw/design_1_wrapper.xsa
TRACE::2026-02-05.16:44:45::SCWPlatform:: Unique name xilinx:zed::0.0
TRACE::2026-02-05.16:44:45::SCWPlatform::Trying to set the existing hwdb with name design_1_wrapper_0
TRACE::2026-02-05.16:44:45::SCWPlatform::Opened existing hwdb design_1_wrapper_0
TRACE::2026-02-05.16:44:45::SCWPlatform::Found the Hw Db part of the input DSA
TRACE::2026-02-05.16:44:45::SCWMssOS::Checking the sw design at  C:/Users/cihem/CPRE-488-Labs/Mp-0_New/vitis2/design_1_wrapper/ps7_cortexa9_0/domain_ps7_cortexa9_0/bsp/system.mss
TRACE::2026-02-05.16:44:45::SCWMssOS::DEBUG:  swdes dump  C:/Users/cihem/CPRE-488-Labs/Mp-0_New/vitis2/design_1_wrapper/ps7_cortexa9_0/domain_ps7_cortexa9_0/bsp/system.mss|system_0||
C:/Users/cihem/CPRE-488-Labs/Mp-0_New/vitis2/design_1_wrapper/zynq_fsbl/zynq_fsbl_bsp/system.mss|system||

TRACE::2026-02-05.16:44:45::SCWMssOS::Sw design exists and opened at  C:/Users/cihem/CPRE-488-Labs/Mp-0_New/vitis2/design_1_wrapper/ps7_cortexa9_0/domain_ps7_cortexa9_0/bsp/system.mss
TRACE::2026-02-05.16:44:45::SCWPlatform::Trying to open the hw design at C:/Users/cihem/CPRE-488-Labs/Mp-0_New/vitis2/design_1_wrapper/hw/design_1_wrapper.xsa
TRACE::2026-02-05.16:44:45::SCWPlatform::DSA given C:/Users/cihem/CPRE-488-Labs/Mp-0_New/vitis2/design_1_wrapper/hw/design_1_wrapper.xsa
TRACE::2026-02-05.16:44:45::SCWPlatform::DSA absoulate path C:/Users/cihem/CPRE-488-Labs/Mp-0_New/vitis2/design_1_wrapper/hw/design_1_wrapper.xsa
TRACE::2026-02-05.16:44:45::SCWPlatform::DSA directory C:/Users/cihem/CPRE-488-Labs/Mp-0_New/vitis2/design_1_wrapper/hw
TRACE::2026-02-05.16:44:45::SCWPlatform:: Platform Path C:/Users/cihem/CPRE-488-Labs/Mp-0_New/vitis2/design_1_wrapper/hw/design_1_wrapper.xsa
TRACE::2026-02-05.16:44:45::SCWPlatform:: Unique name xilinx:zed::0.0
TRACE::2026-02-05.16:44:45::SCWPlatform::Trying to set the existing hwdb with name design_1_wrapper_0
TRACE::2026-02-05.16:44:45::SCWPlatform::Opened existing hwdb design_1_wrapper_0
TRACE::2026-02-05.16:44:45::SCWPlatform::Found the Hw Db part of the input DSA
TRACE::2026-02-05.16:44:45::SCWMssOS::Checking the sw design at  C:/Users/cihem/CPRE-488-Labs/Mp-0_New/vitis2/design_1_wrapper/ps7_cortexa9_0/domain_ps7_cortexa9_0/bsp/system.mss
TRACE::2026-02-05.16:44:45::SCWMssOS::DEBUG:  swdes dump  C:/Users/cihem/CPRE-488-Labs/Mp-0_New/vitis2/design_1_wrapper/ps7_cortexa9_0/domain_ps7_cortexa9_0/bsp/system.mss|system_0||
C:/Users/cihem/CPRE-488-Labs/Mp-0_New/vitis2/design_1_wrapper/zynq_fsbl/zynq_fsbl_bsp/system.mss|system||

TRACE::2026-02-05.16:44:45::SCWMssOS::Sw design exists and opened at  C:/Users/cihem/CPRE-488-Labs/Mp-0_New/vitis2/design_1_wrapper/ps7_cortexa9_0/domain_ps7_cortexa9_0/bsp/system.mss
TRACE::2026-02-05.16:44:45::SCWWriter::formatted JSON is {
	"platformName":	"design_1_wrapper",
	"sprVersion":	"2.0",
	"mode":	"gui",
	"dsaType":	"Fixed",
	"platformDesc":	"design_1_wrapper",
	"platHandOff":	"C:/Users/cihem/CPRE-488-Labs/Mp-0_New/TheNextBigThing/design_1_wrapper.xsa",
	"platIntHandOff":	"<platformDir>/hw/design_1_wrapper.xsa",
	"deviceType":	"zynq",
	"platIsPrebuiltAutogen":	"false",
	"platIsNoBootBsp":	"false",
	"platFsblTarget":	"ps7_cortexa9_0",
	"hasFsblMakeHasChanges":	"false",
	"hasPmufwMakeHasChanges":	"false",
	"fsblExtraCompilerFlags":	"-MMD -MP       -mcpu=cortex-a9 -mfpu=vfpv3 -mfloat-abi=hard ",
	"platPreBuiltFlag":	false,
	"platformSamplesDir":	"",
	"platActiveSys":	"design_1_wrapper",
	"systems":	[{
			"systemName":	"design_1_wrapper",
			"systemDesc":	"design_1_wrapper",
			"sysIsBootAutoGen":	"true",
			"systemDispName":	"design_1_wrapper",
			"sysActiveDom":	"domain_ps7_cortexa9_0",
			"sysDefaultDom":	"domain_ps7_cortexa9_0",
			"domains":	[{
					"domainName":	"zynq_fsbl",
					"domainDispName":	"zynq_fsbl",
					"domainDesc":	"FSBL Application BSP - Auto Generated.",
					"processors":	"ps7_cortexa9_0",
					"os":	"standalone",
					"sdxOs":	"standalone",
					"debugEnable":	"",
					"domRuntimes":	["cpp"],
					"swRepo":	"",
					"mssOsVer":	"7.2",
					"mssFile":	"",
					"md5Digest":	"6a16c01a2dc85916823989659d34a150",
					"compatibleApp":	"zynq_fsbl",
					"domType":	"bootDomain",
					"arch":	"32-bit",
					"appSettings":	{
						"appCompilerFlags":	"",
						"appLinkerFlags":	""
					},
					"addedLibs":	["xilffs:4.3", "xilrsa:1.6"],
					"libOptions":	{
						"libsContainingOptions":	[]
					},
					"prebuiltLibs":	{
						"prebuiltIncPath":	[],
						"prebuiltLibPath":	[]
					},
					"isolation":	{
					}
				}, {
					"domainName":	"domain_ps7_cortexa9_0",
					"domainDispName":	"domain_ps7_cortexa9_0",
					"domainDesc":	"domain_ps7_cortexa9_0",
					"processors":	"ps7_cortexa9_0",
					"os":	"standalone",
					"sdxOs":	"standalone",
					"qemuArgs":	"C:/Xilinx/Vitis/2020.1/data/emulation/platforms/zynq/qemu/qemu_args.txt",
					"qemuData":	"C:/Xilinx/Vitis/2020.1/data/emulation/platforms/zynq/qemu/",
					"debugEnable":	"False",
					"domRuntimes":	["cpp"],
					"swRepo":	"",
					"mssOsVer":	"7.2",
					"mssFile":	"",
					"md5Digest":	"e7eb7ecd472555f72b367dd978989e0a",
					"compatibleApp":	"hello_world",
					"domType":	"mssDomain",
					"arch":	"32-bit",
					"appSettings":	{
						"appCompilerFlags":	"",
						"appLinkerFlags":	""
					},
					"addedLibs":	[],
					"libOptions":	{
						"libsContainingOptions":	[]
					},
					"prebuiltLibs":	{
						"prebuiltIncPath":	[],
						"prebuiltLibPath":	[]
					},
					"isolation":	{
					}
				}]
		}]
}
TRACE::2026-02-05.16:44:45::SCWPlatform::Trying to open the hw design at C:/Users/cihem/CPRE-488-Labs/Mp-0_New/vitis2/design_1_wrapper/hw/design_1_wrapper.xsa
TRACE::2026-02-05.16:44:45::SCWPlatform::DSA given C:/Users/cihem/CPRE-488-Labs/Mp-0_New/vitis2/design_1_wrapper/hw/design_1_wrapper.xsa
TRACE::2026-02-05.16:44:45::SCWPlatform::DSA absoulate path C:/Users/cihem/CPRE-488-Labs/Mp-0_New/vitis2/design_1_wrapper/hw/design_1_wrapper.xsa
TRACE::2026-02-05.16:44:45::SCWPlatform::DSA directory C:/Users/cihem/CPRE-488-Labs/Mp-0_New/vitis2/design_1_wrapper/hw
TRACE::2026-02-05.16:44:45::SCWPlatform:: Platform Path C:/Users/cihem/CPRE-488-Labs/Mp-0_New/vitis2/design_1_wrapper/hw/design_1_wrapper.xsa
TRACE::2026-02-05.16:44:45::SCWPlatform:: Unique name xilinx:zed::0.0
TRACE::2026-02-05.16:44:45::SCWPlatform::Trying to set the existing hwdb with name design_1_wrapper_0
TRACE::2026-02-05.16:44:45::SCWPlatform::Opened existing hwdb design_1_wrapper_0
TRACE::2026-02-05.16:44:45::SCWPlatform::Found the Hw Db part of the input DSA
TRACE::2026-02-05.16:44:45::SCWMssOS::Checking the sw design at  C:/Users/cihem/CPRE-488-Labs/Mp-0_New/vitis2/design_1_wrapper/ps7_cortexa9_0/domain_ps7_cortexa9_0/bsp/system.mss
TRACE::2026-02-05.16:44:45::SCWMssOS::DEBUG:  swdes dump  C:/Users/cihem/CPRE-488-Labs/Mp-0_New/vitis2/design_1_wrapper/ps7_cortexa9_0/domain_ps7_cortexa9_0/bsp/system.mss|system_0||
C:/Users/cihem/CPRE-488-Labs/Mp-0_New/vitis2/design_1_wrapper/zynq_fsbl/zynq_fsbl_bsp/system.mss|system||

TRACE::2026-02-05.16:44:45::SCWMssOS::Sw design exists and opened at  C:/Users/cihem/CPRE-488-Labs/Mp-0_New/vitis2/design_1_wrapper/ps7_cortexa9_0/domain_ps7_cortexa9_0/bsp/system.mss
TRACE::2026-02-05.16:44:45::SCWPlatform::Trying to open the hw design at C:/Users/cihem/CPRE-488-Labs/Mp-0_New/vitis2/design_1_wrapper/hw/design_1_wrapper.xsa
TRACE::2026-02-05.16:44:45::SCWPlatform::DSA given C:/Users/cihem/CPRE-488-Labs/Mp-0_New/vitis2/design_1_wrapper/hw/design_1_wrapper.xsa
TRACE::2026-02-05.16:44:45::SCWPlatform::DSA absoulate path C:/Users/cihem/CPRE-488-Labs/Mp-0_New/vitis2/design_1_wrapper/hw/design_1_wrapper.xsa
TRACE::2026-02-05.16:44:45::SCWPlatform::DSA directory C:/Users/cihem/CPRE-488-Labs/Mp-0_New/vitis2/design_1_wrapper/hw
TRACE::2026-02-05.16:44:45::SCWPlatform:: Platform Path C:/Users/cihem/CPRE-488-Labs/Mp-0_New/vitis2/design_1_wrapper/hw/design_1_wrapper.xsa
TRACE::2026-02-05.16:44:45::SCWPlatform:: Unique name xilinx:zed::0.0
TRACE::2026-02-05.16:44:45::SCWPlatform::Trying to set the existing hwdb with name design_1_wrapper_0
TRACE::2026-02-05.16:44:45::SCWPlatform::Opened existing hwdb design_1_wrapper_0
TRACE::2026-02-05.16:44:45::SCWPlatform::Found the Hw Db part of the input DSA
TRACE::2026-02-05.16:44:45::SCWMssOS::Checking the sw design at  C:/Users/cihem/CPRE-488-Labs/Mp-0_New/vitis2/design_1_wrapper/ps7_cortexa9_0/domain_ps7_cortexa9_0/bsp/system.mss
TRACE::2026-02-05.16:44:45::SCWMssOS::DEBUG:  swdes dump  C:/Users/cihem/CPRE-488-Labs/Mp-0_New/vitis2/design_1_wrapper/ps7_cortexa9_0/domain_ps7_cortexa9_0/bsp/system.mss|system_0||
C:/Users/cihem/CPRE-488-Labs/Mp-0_New/vitis2/design_1_wrapper/zynq_fsbl/zynq_fsbl_bsp/system.mss|system||

TRACE::2026-02-05.16:44:45::SCWMssOS::Sw design exists and opened at  C:/Users/cihem/CPRE-488-Labs/Mp-0_New/vitis2/design_1_wrapper/ps7_cortexa9_0/domain_ps7_cortexa9_0/bsp/system.mss
TRACE::2026-02-05.16:44:45::SCWMssOS::Saving the mss changes C:/Users/cihem/CPRE-488-Labs/Mp-0_New/vitis2/design_1_wrapper/zynq_fsbl/zynq_fsbl_bsp/system.mss
TRACE::2026-02-05.16:44:45::SCWMssOS::Found a swdesign opened with the mssfile.
TRACE::2026-02-05.16:44:45::SCWMssOS::Completed writemss as part of save.
TRACE::2026-02-05.16:44:45::SCWMssOS::Commit changes completed.
TRACE::2026-02-05.16:44:45::SCWMssOS::Saving the mss changes C:/Users/cihem/CPRE-488-Labs/Mp-0_New/vitis2/design_1_wrapper/ps7_cortexa9_0/domain_ps7_cortexa9_0/bsp/system.mss
TRACE::2026-02-05.16:44:45::SCWMssOS::Found a swdesign opened with the mssfile.
TRACE::2026-02-05.16:44:45::SCWMssOS::Completed writemss as part of save.
TRACE::2026-02-05.16:44:45::SCWMssOS::Commit changes completed.
TRACE::2026-02-05.16:44:45::SCWPlatform::Trying to open the hw design at C:/Users/cihem/CPRE-488-Labs/Mp-0_New/vitis2/design_1_wrapper/hw/design_1_wrapper.xsa
TRACE::2026-02-05.16:44:45::SCWPlatform::DSA given C:/Users/cihem/CPRE-488-Labs/Mp-0_New/vitis2/design_1_wrapper/hw/design_1_wrapper.xsa
TRACE::2026-02-05.16:44:45::SCWPlatform::DSA absoulate path C:/Users/cihem/CPRE-488-Labs/Mp-0_New/vitis2/design_1_wrapper/hw/design_1_wrapper.xsa
TRACE::2026-02-05.16:44:45::SCWPlatform::DSA directory C:/Users/cihem/CPRE-488-Labs/Mp-0_New/vitis2/design_1_wrapper/hw
TRACE::2026-02-05.16:44:45::SCWPlatform:: Platform Path C:/Users/cihem/CPRE-488-Labs/Mp-0_New/vitis2/design_1_wrapper/hw/design_1_wrapper.xsa
TRACE::2026-02-05.16:44:45::SCWPlatform:: Unique name xilinx:zed::0.0
TRACE::2026-02-05.16:44:45::SCWPlatform::Trying to set the existing hwdb with name design_1_wrapper_0
TRACE::2026-02-05.16:44:45::SCWPlatform::Opened existing hwdb design_1_wrapper_0
TRACE::2026-02-05.16:44:45::SCWPlatform::Found the Hw Db part of the input DSA
TRACE::2026-02-05.16:44:45::SCWMssOS::Checking the sw design at  C:/Users/cihem/CPRE-488-Labs/Mp-0_New/vitis2/design_1_wrapper/zynq_fsbl/zynq_fsbl_bsp/system.mss
TRACE::2026-02-05.16:44:45::SCWMssOS::DEBUG:  swdes dump  C:/Users/cihem/CPRE-488-Labs/Mp-0_New/vitis2/design_1_wrapper/ps7_cortexa9_0/domain_ps7_cortexa9_0/bsp/system.mss|system_0||
C:/Users/cihem/CPRE-488-Labs/Mp-0_New/vitis2/design_1_wrapper/zynq_fsbl/zynq_fsbl_bsp/system.mss|system||

TRACE::2026-02-05.16:44:45::SCWMssOS::Sw design exists and opened at  C:/Users/cihem/CPRE-488-Labs/Mp-0_New/vitis2/design_1_wrapper/zynq_fsbl/zynq_fsbl_bsp/system.mss
TRACE::2026-02-05.16:44:45::SCWPlatform::Trying to open the hw design at C:/Users/cihem/CPRE-488-Labs/Mp-0_New/vitis2/design_1_wrapper/hw/design_1_wrapper.xsa
TRACE::2026-02-05.16:44:45::SCWPlatform::DSA given C:/Users/cihem/CPRE-488-Labs/Mp-0_New/vitis2/design_1_wrapper/hw/design_1_wrapper.xsa
TRACE::2026-02-05.16:44:45::SCWPlatform::DSA absoulate path C:/Users/cihem/CPRE-488-Labs/Mp-0_New/vitis2/design_1_wrapper/hw/design_1_wrapper.xsa
TRACE::2026-02-05.16:44:45::SCWPlatform::DSA directory C:/Users/cihem/CPRE-488-Labs/Mp-0_New/vitis2/design_1_wrapper/hw
TRACE::2026-02-05.16:44:45::SCWPlatform:: Platform Path C:/Users/cihem/CPRE-488-Labs/Mp-0_New/vitis2/design_1_wrapper/hw/design_1_wrapper.xsa
TRACE::2026-02-05.16:44:45::SCWPlatform:: Unique name xilinx:zed::0.0
TRACE::2026-02-05.16:44:45::SCWPlatform::Trying to set the existing hwdb with name design_1_wrapper_0
TRACE::2026-02-05.16:44:45::SCWPlatform::Opened existing hwdb design_1_wrapper_0
TRACE::2026-02-05.16:44:45::SCWPlatform::Found the Hw Db part of the input DSA
TRACE::2026-02-05.16:44:45::SCWMssOS::Checking the sw design at  C:/Users/cihem/CPRE-488-Labs/Mp-0_New/vitis2/design_1_wrapper/zynq_fsbl/zynq_fsbl_bsp/system.mss
TRACE::2026-02-05.16:44:45::SCWMssOS::DEBUG:  swdes dump  C:/Users/cihem/CPRE-488-Labs/Mp-0_New/vitis2/design_1_wrapper/ps7_cortexa9_0/domain_ps7_cortexa9_0/bsp/system.mss|system_0||
C:/Users/cihem/CPRE-488-Labs/Mp-0_New/vitis2/design_1_wrapper/zynq_fsbl/zynq_fsbl_bsp/system.mss|system||

TRACE::2026-02-05.16:44:45::SCWMssOS::Sw design exists and opened at  C:/Users/cihem/CPRE-488-Labs/Mp-0_New/vitis2/design_1_wrapper/zynq_fsbl/zynq_fsbl_bsp/system.mss
TRACE::2026-02-05.16:44:45::SCWPlatform::Trying to open the hw design at C:/Users/cihem/CPRE-488-Labs/Mp-0_New/vitis2/design_1_wrapper/hw/design_1_wrapper.xsa
TRACE::2026-02-05.16:44:45::SCWPlatform::DSA given C:/Users/cihem/CPRE-488-Labs/Mp-0_New/vitis2/design_1_wrapper/hw/design_1_wrapper.xsa
TRACE::2026-02-05.16:44:45::SCWPlatform::DSA absoulate path C:/Users/cihem/CPRE-488-Labs/Mp-0_New/vitis2/design_1_wrapper/hw/design_1_wrapper.xsa
TRACE::2026-02-05.16:44:45::SCWPlatform::DSA directory C:/Users/cihem/CPRE-488-Labs/Mp-0_New/vitis2/design_1_wrapper/hw
TRACE::2026-02-05.16:44:45::SCWPlatform:: Platform Path C:/Users/cihem/CPRE-488-Labs/Mp-0_New/vitis2/design_1_wrapper/hw/design_1_wrapper.xsa
TRACE::2026-02-05.16:44:45::SCWPlatform:: Unique name xilinx:zed::0.0
TRACE::2026-02-05.16:44:45::SCWPlatform::Trying to set the existing hwdb with name design_1_wrapper_0
TRACE::2026-02-05.16:44:45::SCWPlatform::Opened existing hwdb design_1_wrapper_0
TRACE::2026-02-05.16:44:45::SCWPlatform::Found the Hw Db part of the input DSA
TRACE::2026-02-05.16:44:45::SCWMssOS::Checking the sw design at  C:/Users/cihem/CPRE-488-Labs/Mp-0_New/vitis2/design_1_wrapper/zynq_fsbl/zynq_fsbl_bsp/system.mss
TRACE::2026-02-05.16:44:45::SCWMssOS::DEBUG:  swdes dump  C:/Users/cihem/CPRE-488-Labs/Mp-0_New/vitis2/design_1_wrapper/ps7_cortexa9_0/domain_ps7_cortexa9_0/bsp/system.mss|system_0||
C:/Users/cihem/CPRE-488-Labs/Mp-0_New/vitis2/design_1_wrapper/zynq_fsbl/zynq_fsbl_bsp/system.mss|system||

TRACE::2026-02-05.16:44:45::SCWMssOS::Sw design exists and opened at  C:/Users/cihem/CPRE-488-Labs/Mp-0_New/vitis2/design_1_wrapper/zynq_fsbl/zynq_fsbl_bsp/system.mss
TRACE::2026-02-05.16:44:45::SCWPlatform::Trying to open the hw design at C:/Users/cihem/CPRE-488-Labs/Mp-0_New/vitis2/design_1_wrapper/hw/design_1_wrapper.xsa
TRACE::2026-02-05.16:44:45::SCWPlatform::DSA given C:/Users/cihem/CPRE-488-Labs/Mp-0_New/vitis2/design_1_wrapper/hw/design_1_wrapper.xsa
TRACE::2026-02-05.16:44:45::SCWPlatform::DSA absoulate path C:/Users/cihem/CPRE-488-Labs/Mp-0_New/vitis2/design_1_wrapper/hw/design_1_wrapper.xsa
TRACE::2026-02-05.16:44:45::SCWPlatform::DSA directory C:/Users/cihem/CPRE-488-Labs/Mp-0_New/vitis2/design_1_wrapper/hw
TRACE::2026-02-05.16:44:45::SCWPlatform:: Platform Path C:/Users/cihem/CPRE-488-Labs/Mp-0_New/vitis2/design_1_wrapper/hw/design_1_wrapper.xsa
TRACE::2026-02-05.16:44:45::SCWPlatform:: Unique name xilinx:zed::0.0
TRACE::2026-02-05.16:44:45::SCWPlatform::Trying to set the existing hwdb with name design_1_wrapper_0
TRACE::2026-02-05.16:44:45::SCWPlatform::Opened existing hwdb design_1_wrapper_0
TRACE::2026-02-05.16:44:45::SCWPlatform::Found the Hw Db part of the input DSA
TRACE::2026-02-05.16:44:45::SCWMssOS::Checking the sw design at  C:/Users/cihem/CPRE-488-Labs/Mp-0_New/vitis2/design_1_wrapper/ps7_cortexa9_0/domain_ps7_cortexa9_0/bsp/system.mss
TRACE::2026-02-05.16:44:45::SCWMssOS::DEBUG:  swdes dump  C:/Users/cihem/CPRE-488-Labs/Mp-0_New/vitis2/design_1_wrapper/ps7_cortexa9_0/domain_ps7_cortexa9_0/bsp/system.mss|system_0||
C:/Users/cihem/CPRE-488-Labs/Mp-0_New/vitis2/design_1_wrapper/zynq_fsbl/zynq_fsbl_bsp/system.mss|system||

TRACE::2026-02-05.16:44:45::SCWMssOS::Sw design exists and opened at  C:/Users/cihem/CPRE-488-Labs/Mp-0_New/vitis2/design_1_wrapper/ps7_cortexa9_0/domain_ps7_cortexa9_0/bsp/system.mss
TRACE::2026-02-05.16:44:45::SCWPlatform::Trying to open the hw design at C:/Users/cihem/CPRE-488-Labs/Mp-0_New/vitis2/design_1_wrapper/hw/design_1_wrapper.xsa
TRACE::2026-02-05.16:44:45::SCWPlatform::DSA given C:/Users/cihem/CPRE-488-Labs/Mp-0_New/vitis2/design_1_wrapper/hw/design_1_wrapper.xsa
TRACE::2026-02-05.16:44:45::SCWPlatform::DSA absoulate path C:/Users/cihem/CPRE-488-Labs/Mp-0_New/vitis2/design_1_wrapper/hw/design_1_wrapper.xsa
TRACE::2026-02-05.16:44:45::SCWPlatform::DSA directory C:/Users/cihem/CPRE-488-Labs/Mp-0_New/vitis2/design_1_wrapper/hw
TRACE::2026-02-05.16:44:45::SCWPlatform:: Platform Path C:/Users/cihem/CPRE-488-Labs/Mp-0_New/vitis2/design_1_wrapper/hw/design_1_wrapper.xsa
TRACE::2026-02-05.16:44:45::SCWPlatform:: Unique name xilinx:zed::0.0
TRACE::2026-02-05.16:44:45::SCWPlatform::Trying to set the existing hwdb with name design_1_wrapper_0
TRACE::2026-02-05.16:44:45::SCWPlatform::Opened existing hwdb design_1_wrapper_0
TRACE::2026-02-05.16:44:45::SCWPlatform::Found the Hw Db part of the input DSA
TRACE::2026-02-05.16:44:45::SCWMssOS::Checking the sw design at  C:/Users/cihem/CPRE-488-Labs/Mp-0_New/vitis2/design_1_wrapper/ps7_cortexa9_0/domain_ps7_cortexa9_0/bsp/system.mss
TRACE::2026-02-05.16:44:45::SCWMssOS::DEBUG:  swdes dump  C:/Users/cihem/CPRE-488-Labs/Mp-0_New/vitis2/design_1_wrapper/ps7_cortexa9_0/domain_ps7_cortexa9_0/bsp/system.mss|system_0||
C:/Users/cihem/CPRE-488-Labs/Mp-0_New/vitis2/design_1_wrapper/zynq_fsbl/zynq_fsbl_bsp/system.mss|system||

TRACE::2026-02-05.16:44:45::SCWMssOS::Sw design exists and opened at  C:/Users/cihem/CPRE-488-Labs/Mp-0_New/vitis2/design_1_wrapper/ps7_cortexa9_0/domain_ps7_cortexa9_0/bsp/system.mss
TRACE::2026-02-05.16:44:45::SCWPlatform::Trying to open the hw design at C:/Users/cihem/CPRE-488-Labs/Mp-0_New/vitis2/design_1_wrapper/hw/design_1_wrapper.xsa
TRACE::2026-02-05.16:44:45::SCWPlatform::DSA given C:/Users/cihem/CPRE-488-Labs/Mp-0_New/vitis2/design_1_wrapper/hw/design_1_wrapper.xsa
TRACE::2026-02-05.16:44:45::SCWPlatform::DSA absoulate path C:/Users/cihem/CPRE-488-Labs/Mp-0_New/vitis2/design_1_wrapper/hw/design_1_wrapper.xsa
TRACE::2026-02-05.16:44:45::SCWPlatform::DSA directory C:/Users/cihem/CPRE-488-Labs/Mp-0_New/vitis2/design_1_wrapper/hw
TRACE::2026-02-05.16:44:45::SCWPlatform:: Platform Path C:/Users/cihem/CPRE-488-Labs/Mp-0_New/vitis2/design_1_wrapper/hw/design_1_wrapper.xsa
TRACE::2026-02-05.16:44:45::SCWPlatform:: Unique name xilinx:zed::0.0
TRACE::2026-02-05.16:44:45::SCWPlatform::Trying to set the existing hwdb with name design_1_wrapper_0
TRACE::2026-02-05.16:44:45::SCWPlatform::Opened existing hwdb design_1_wrapper_0
TRACE::2026-02-05.16:44:45::SCWPlatform::Found the Hw Db part of the input DSA
TRACE::2026-02-05.16:44:45::SCWMssOS::Checking the sw design at  C:/Users/cihem/CPRE-488-Labs/Mp-0_New/vitis2/design_1_wrapper/ps7_cortexa9_0/domain_ps7_cortexa9_0/bsp/system.mss
TRACE::2026-02-05.16:44:45::SCWMssOS::DEBUG:  swdes dump  C:/Users/cihem/CPRE-488-Labs/Mp-0_New/vitis2/design_1_wrapper/ps7_cortexa9_0/domain_ps7_cortexa9_0/bsp/system.mss|system_0||
C:/Users/cihem/CPRE-488-Labs/Mp-0_New/vitis2/design_1_wrapper/zynq_fsbl/zynq_fsbl_bsp/system.mss|system||

TRACE::2026-02-05.16:44:45::SCWMssOS::Sw design exists and opened at  C:/Users/cihem/CPRE-488-Labs/Mp-0_New/vitis2/design_1_wrapper/ps7_cortexa9_0/domain_ps7_cortexa9_0/bsp/system.mss
TRACE::2026-02-05.16:44:45::SCWWriter::formatted JSON is {
	"platformName":	"design_1_wrapper",
	"sprVersion":	"2.0",
	"mode":	"gui",
	"dsaType":	"Fixed",
	"platformDesc":	"design_1_wrapper",
	"platHandOff":	"C:/Users/cihem/CPRE-488-Labs/Mp-0_New/TheNextBigThing/design_1_wrapper.xsa",
	"platIntHandOff":	"<platformDir>/hw/design_1_wrapper.xsa",
	"deviceType":	"zynq",
	"platIsPrebuiltAutogen":	"false",
	"platIsNoBootBsp":	"false",
	"platFsblTarget":	"ps7_cortexa9_0",
	"hasFsblMakeHasChanges":	"false",
	"hasPmufwMakeHasChanges":	"false",
	"fsblExtraCompilerFlags":	"-MMD -MP       -mcpu=cortex-a9 -mfpu=vfpv3 -mfloat-abi=hard ",
	"platPreBuiltFlag":	false,
	"platformSamplesDir":	"",
	"platActiveSys":	"design_1_wrapper",
	"systems":	[{
			"systemName":	"design_1_wrapper",
			"systemDesc":	"design_1_wrapper",
			"sysIsBootAutoGen":	"true",
			"systemDispName":	"design_1_wrapper",
			"sysActiveDom":	"domain_ps7_cortexa9_0",
			"sysDefaultDom":	"domain_ps7_cortexa9_0",
			"domains":	[{
					"domainName":	"zynq_fsbl",
					"domainDispName":	"zynq_fsbl",
					"domainDesc":	"FSBL Application BSP - Auto Generated.",
					"processors":	"ps7_cortexa9_0",
					"os":	"standalone",
					"sdxOs":	"standalone",
					"debugEnable":	"",
					"domRuntimes":	["cpp"],
					"swRepo":	"",
					"mssOsVer":	"7.2",
					"mssFile":	"",
					"md5Digest":	"6a16c01a2dc85916823989659d34a150",
					"compatibleApp":	"zynq_fsbl",
					"domType":	"bootDomain",
					"arch":	"32-bit",
					"appSettings":	{
						"appCompilerFlags":	"",
						"appLinkerFlags":	""
					},
					"addedLibs":	["xilffs:4.3", "xilrsa:1.6"],
					"libOptions":	{
						"libsContainingOptions":	[]
					},
					"prebuiltLibs":	{
						"prebuiltIncPath":	[],
						"prebuiltLibPath":	[]
					},
					"isolation":	{
					}
				}, {
					"domainName":	"domain_ps7_cortexa9_0",
					"domainDispName":	"domain_ps7_cortexa9_0",
					"domainDesc":	"domain_ps7_cortexa9_0",
					"processors":	"ps7_cortexa9_0",
					"os":	"standalone",
					"sdxOs":	"standalone",
					"qemuArgs":	"C:/Xilinx/Vitis/2020.1/data/emulation/platforms/zynq/qemu/qemu_args.txt",
					"qemuData":	"C:/Xilinx/Vitis/2020.1/data/emulation/platforms/zynq/qemu/",
					"debugEnable":	"False",
					"domRuntimes":	["cpp"],
					"swRepo":	"",
					"mssOsVer":	"7.2",
					"mssFile":	"",
					"md5Digest":	"e7eb7ecd472555f72b367dd978989e0a",
					"compatibleApp":	"hello_world",
					"domType":	"mssDomain",
					"arch":	"32-bit",
					"appSettings":	{
						"appCompilerFlags":	"",
						"appLinkerFlags":	""
					},
					"addedLibs":	[],
					"libOptions":	{
						"libsContainingOptions":	[]
					},
					"prebuiltLibs":	{
						"prebuiltIncPath":	[],
						"prebuiltLibPath":	[]
					},
					"isolation":	{
					}
				}]
		}]
}
LOG::2026-02-05.16:44:45::SCWPlatform::Started generating the artifacts platform design_1_wrapper
TRACE::2026-02-05.16:44:45::SCWPlatform::Sanity checking of platform is completed
LOG::2026-02-05.16:44:45::SCWPlatform::Started generating the artifacts for system configuration design_1_wrapper
LOG::2026-02-05.16:44:45::SCWSystem::Started Processing the domain domain_ps7_cortexa9_0
TRACE::2026-02-05.16:44:45::SCWDomain::Generating domain artifcats
TRACE::2026-02-05.16:44:45::SCWMssOS::Generating standalone artifcats
TRACE::2026-02-05.16:44:45::SCWMssOS::Copying the qemu file from  C:/Xilinx/Vitis/2020.1/data/emulation/platforms/zynq/qemu/qemu_args.txt To C:/Users/cihem/CPRE-488-Labs/Mp-0_New/vitis2/design_1_wrapper/export/design_1_wrapper/sw/design_1_wrapper/qemu/
TRACE::2026-02-05.16:44:45::SCWMssOS::Copying the qemu file from  C:/Xilinx/Vitis/2020.1/data/emulation/platforms/zynq/qemu/qemu_args.txt To C:/Users/cihem/CPRE-488-Labs/Mp-0_New/vitis2/design_1_wrapper/export/design_1_wrapper/sw/design_1_wrapper/domain_ps7_cortexa9_0/qemu/
TRACE::2026-02-05.16:44:45::SCWMssOS:: Copying the user libraries. 
TRACE::2026-02-05.16:44:45::SCWPlatform::Trying to open the hw design at C:/Users/cihem/CPRE-488-Labs/Mp-0_New/vitis2/design_1_wrapper/hw/design_1_wrapper.xsa
TRACE::2026-02-05.16:44:45::SCWPlatform::DSA given C:/Users/cihem/CPRE-488-Labs/Mp-0_New/vitis2/design_1_wrapper/hw/design_1_wrapper.xsa
TRACE::2026-02-05.16:44:45::SCWPlatform::DSA absoulate path C:/Users/cihem/CPRE-488-Labs/Mp-0_New/vitis2/design_1_wrapper/hw/design_1_wrapper.xsa
TRACE::2026-02-05.16:44:45::SCWPlatform::DSA directory C:/Users/cihem/CPRE-488-Labs/Mp-0_New/vitis2/design_1_wrapper/hw
TRACE::2026-02-05.16:44:45::SCWPlatform:: Platform Path C:/Users/cihem/CPRE-488-Labs/Mp-0_New/vitis2/design_1_wrapper/hw/design_1_wrapper.xsa
TRACE::2026-02-05.16:44:45::SCWPlatform:: Unique name xilinx:zed::0.0
TRACE::2026-02-05.16:44:45::SCWPlatform::Trying to set the existing hwdb with name design_1_wrapper_0
TRACE::2026-02-05.16:44:45::SCWPlatform::Opened existing hwdb design_1_wrapper_0
TRACE::2026-02-05.16:44:46::SCWPlatform::Found the Hw Db part of the input DSA
TRACE::2026-02-05.16:44:46::SCWMssOS::Checking the sw design at  C:/Users/cihem/CPRE-488-Labs/Mp-0_New/vitis2/design_1_wrapper/ps7_cortexa9_0/domain_ps7_cortexa9_0/bsp/system.mss
TRACE::2026-02-05.16:44:46::SCWMssOS::DEBUG:  swdes dump  C:/Users/cihem/CPRE-488-Labs/Mp-0_New/vitis2/design_1_wrapper/ps7_cortexa9_0/domain_ps7_cortexa9_0/bsp/system.mss|system_0||
C:/Users/cihem/CPRE-488-Labs/Mp-0_New/vitis2/design_1_wrapper/zynq_fsbl/zynq_fsbl_bsp/system.mss|system||

TRACE::2026-02-05.16:44:46::SCWMssOS::Sw design exists and opened at  C:/Users/cihem/CPRE-488-Labs/Mp-0_New/vitis2/design_1_wrapper/ps7_cortexa9_0/domain_ps7_cortexa9_0/bsp/system.mss
TRACE::2026-02-05.16:44:46::SCWMssOS::Completed writing the mss file at C:/Users/cihem/CPRE-488-Labs/Mp-0_New/vitis2/design_1_wrapper/ps7_cortexa9_0/domain_ps7_cortexa9_0/bsp
TRACE::2026-02-05.16:44:46::SCWMssOS::Mss edits present, copying mssfile into export location C:/Users/cihem/CPRE-488-Labs/Mp-0_New/vitis2/design_1_wrapper/ps7_cortexa9_0/domain_ps7_cortexa9_0/bsp/system.mss
TRACE::2026-02-05.16:44:46::SCWMssOS::bsp generated is upto date with the mss file. Skipping bsp generation.
TRACE::2026-02-05.16:44:46::SCWMssOS::BSP is already built. skipping the bsp build ... 
TRACE::2026-02-05.16:44:46::SCWDomain::Building the domain as part of full build :  domain_ps7_cortexa9_0
TRACE::2026-02-05.16:44:46::SCWMssOS::skipping the bsp build ... 
TRACE::2026-02-05.16:44:46::SCWMssOS::Copying to export directory.
TRACE::2026-02-05.16:44:46::SCWMssOS:: Checking if to create the Supporting Applications
TRACE::2026-02-05.16:44:46::SCWMssOS:: No Linux domain exists, trying to generate FSBL 
TRACE::2026-02-05.16:44:46::SCWMssOS:: Completed Standalone Artifacts creation 
LOG::2026-02-05.16:44:46::SCWSystem::Completed Processing the domain domain_ps7_cortexa9_0
LOG::2026-02-05.16:44:46::SCWSystem::Completed Processing the sysconfig design_1_wrapper
LOG::2026-02-05.16:44:46::SCWPlatform::Completed generating the artifacts for system configuration design_1_wrapper
TRACE::2026-02-05.16:44:46::SCWPlatform::Started preparing the platform 
TRACE::2026-02-05.16:44:46::SCWSystem::Writing the bif file for system config design_1_wrapper
TRACE::2026-02-05.16:44:46::SCWSystem::dir created 
TRACE::2026-02-05.16:44:46::SCWSystem::Writing the bif 
TRACE::2026-02-05.16:44:46::SCWPlatform::Started writing the spfm file 
TRACE::2026-02-05.16:44:46::SCWPlatform::Started writing the xpfm file 
TRACE::2026-02-05.16:44:46::SCWPlatform::Completed generating the platform
TRACE::2026-02-05.16:44:46::SCWMssOS::Saving the mss changes C:/Users/cihem/CPRE-488-Labs/Mp-0_New/vitis2/design_1_wrapper/zynq_fsbl/zynq_fsbl_bsp/system.mss
TRACE::2026-02-05.16:44:46::SCWMssOS::Found a swdesign opened with the mssfile.
TRACE::2026-02-05.16:44:46::SCWMssOS::Completed writemss as part of save.
TRACE::2026-02-05.16:44:46::SCWMssOS::Commit changes completed.
TRACE::2026-02-05.16:44:46::SCWMssOS::Saving the mss changes C:/Users/cihem/CPRE-488-Labs/Mp-0_New/vitis2/design_1_wrapper/ps7_cortexa9_0/domain_ps7_cortexa9_0/bsp/system.mss
TRACE::2026-02-05.16:44:46::SCWMssOS::Found a swdesign opened with the mssfile.
TRACE::2026-02-05.16:44:46::SCWMssOS::Completed writemss as part of save.
TRACE::2026-02-05.16:44:46::SCWMssOS::Commit changes completed.
TRACE::2026-02-05.16:44:46::SCWPlatform::Trying to open the hw design at C:/Users/cihem/CPRE-488-Labs/Mp-0_New/vitis2/design_1_wrapper/hw/design_1_wrapper.xsa
TRACE::2026-02-05.16:44:46::SCWPlatform::DSA given C:/Users/cihem/CPRE-488-Labs/Mp-0_New/vitis2/design_1_wrapper/hw/design_1_wrapper.xsa
TRACE::2026-02-05.16:44:46::SCWPlatform::DSA absoulate path C:/Users/cihem/CPRE-488-Labs/Mp-0_New/vitis2/design_1_wrapper/hw/design_1_wrapper.xsa
TRACE::2026-02-05.16:44:46::SCWPlatform::DSA directory C:/Users/cihem/CPRE-488-Labs/Mp-0_New/vitis2/design_1_wrapper/hw
TRACE::2026-02-05.16:44:46::SCWPlatform:: Platform Path C:/Users/cihem/CPRE-488-Labs/Mp-0_New/vitis2/design_1_wrapper/hw/design_1_wrapper.xsa
TRACE::2026-02-05.16:44:46::SCWPlatform:: Unique name xilinx:zed::0.0
TRACE::2026-02-05.16:44:46::SCWPlatform::Trying to set the existing hwdb with name design_1_wrapper_0
TRACE::2026-02-05.16:44:46::SCWPlatform::Opened existing hwdb design_1_wrapper_0
TRACE::2026-02-05.16:44:46::SCWPlatform::Found the Hw Db part of the input DSA
TRACE::2026-02-05.16:44:46::SCWMssOS::Checking the sw design at  C:/Users/cihem/CPRE-488-Labs/Mp-0_New/vitis2/design_1_wrapper/zynq_fsbl/zynq_fsbl_bsp/system.mss
TRACE::2026-02-05.16:44:46::SCWMssOS::DEBUG:  swdes dump  C:/Users/cihem/CPRE-488-Labs/Mp-0_New/vitis2/design_1_wrapper/ps7_cortexa9_0/domain_ps7_cortexa9_0/bsp/system.mss|system_0||
C:/Users/cihem/CPRE-488-Labs/Mp-0_New/vitis2/design_1_wrapper/zynq_fsbl/zynq_fsbl_bsp/system.mss|system||

TRACE::2026-02-05.16:44:46::SCWMssOS::Sw design exists and opened at  C:/Users/cihem/CPRE-488-Labs/Mp-0_New/vitis2/design_1_wrapper/zynq_fsbl/zynq_fsbl_bsp/system.mss
TRACE::2026-02-05.16:44:46::SCWPlatform::Trying to open the hw design at C:/Users/cihem/CPRE-488-Labs/Mp-0_New/vitis2/design_1_wrapper/hw/design_1_wrapper.xsa
TRACE::2026-02-05.16:44:46::SCWPlatform::DSA given C:/Users/cihem/CPRE-488-Labs/Mp-0_New/vitis2/design_1_wrapper/hw/design_1_wrapper.xsa
TRACE::2026-02-05.16:44:46::SCWPlatform::DSA absoulate path C:/Users/cihem/CPRE-488-Labs/Mp-0_New/vitis2/design_1_wrapper/hw/design_1_wrapper.xsa
TRACE::2026-02-05.16:44:46::SCWPlatform::DSA directory C:/Users/cihem/CPRE-488-Labs/Mp-0_New/vitis2/design_1_wrapper/hw
TRACE::2026-02-05.16:44:46::SCWPlatform:: Platform Path C:/Users/cihem/CPRE-488-Labs/Mp-0_New/vitis2/design_1_wrapper/hw/design_1_wrapper.xsa
TRACE::2026-02-05.16:44:46::SCWPlatform:: Unique name xilinx:zed::0.0
TRACE::2026-02-05.16:44:46::SCWPlatform::Trying to set the existing hwdb with name design_1_wrapper_0
TRACE::2026-02-05.16:44:46::SCWPlatform::Opened existing hwdb design_1_wrapper_0
TRACE::2026-02-05.16:44:46::SCWPlatform::Found the Hw Db part of the input DSA
TRACE::2026-02-05.16:44:46::SCWMssOS::Checking the sw design at  C:/Users/cihem/CPRE-488-Labs/Mp-0_New/vitis2/design_1_wrapper/zynq_fsbl/zynq_fsbl_bsp/system.mss
TRACE::2026-02-05.16:44:46::SCWMssOS::DEBUG:  swdes dump  C:/Users/cihem/CPRE-488-Labs/Mp-0_New/vitis2/design_1_wrapper/ps7_cortexa9_0/domain_ps7_cortexa9_0/bsp/system.mss|system_0||
C:/Users/cihem/CPRE-488-Labs/Mp-0_New/vitis2/design_1_wrapper/zynq_fsbl/zynq_fsbl_bsp/system.mss|system||

TRACE::2026-02-05.16:44:46::SCWMssOS::Sw design exists and opened at  C:/Users/cihem/CPRE-488-Labs/Mp-0_New/vitis2/design_1_wrapper/zynq_fsbl/zynq_fsbl_bsp/system.mss
TRACE::2026-02-05.16:44:46::SCWPlatform::Trying to open the hw design at C:/Users/cihem/CPRE-488-Labs/Mp-0_New/vitis2/design_1_wrapper/hw/design_1_wrapper.xsa
TRACE::2026-02-05.16:44:46::SCWPlatform::DSA given C:/Users/cihem/CPRE-488-Labs/Mp-0_New/vitis2/design_1_wrapper/hw/design_1_wrapper.xsa
TRACE::2026-02-05.16:44:46::SCWPlatform::DSA absoulate path C:/Users/cihem/CPRE-488-Labs/Mp-0_New/vitis2/design_1_wrapper/hw/design_1_wrapper.xsa
TRACE::2026-02-05.16:44:46::SCWPlatform::DSA directory C:/Users/cihem/CPRE-488-Labs/Mp-0_New/vitis2/design_1_wrapper/hw
TRACE::2026-02-05.16:44:46::SCWPlatform:: Platform Path C:/Users/cihem/CPRE-488-Labs/Mp-0_New/vitis2/design_1_wrapper/hw/design_1_wrapper.xsa
TRACE::2026-02-05.16:44:46::SCWPlatform:: Unique name xilinx:zed::0.0
TRACE::2026-02-05.16:44:46::SCWPlatform::Trying to set the existing hwdb with name design_1_wrapper_0
TRACE::2026-02-05.16:44:46::SCWPlatform::Opened existing hwdb design_1_wrapper_0
TRACE::2026-02-05.16:44:46::SCWPlatform::Found the Hw Db part of the input DSA
TRACE::2026-02-05.16:44:46::SCWMssOS::Checking the sw design at  C:/Users/cihem/CPRE-488-Labs/Mp-0_New/vitis2/design_1_wrapper/zynq_fsbl/zynq_fsbl_bsp/system.mss
TRACE::2026-02-05.16:44:46::SCWMssOS::DEBUG:  swdes dump  C:/Users/cihem/CPRE-488-Labs/Mp-0_New/vitis2/design_1_wrapper/ps7_cortexa9_0/domain_ps7_cortexa9_0/bsp/system.mss|system_0||
C:/Users/cihem/CPRE-488-Labs/Mp-0_New/vitis2/design_1_wrapper/zynq_fsbl/zynq_fsbl_bsp/system.mss|system||

TRACE::2026-02-05.16:44:46::SCWMssOS::Sw design exists and opened at  C:/Users/cihem/CPRE-488-Labs/Mp-0_New/vitis2/design_1_wrapper/zynq_fsbl/zynq_fsbl_bsp/system.mss
TRACE::2026-02-05.16:44:46::SCWPlatform::Trying to open the hw design at C:/Users/cihem/CPRE-488-Labs/Mp-0_New/vitis2/design_1_wrapper/hw/design_1_wrapper.xsa
TRACE::2026-02-05.16:44:46::SCWPlatform::DSA given C:/Users/cihem/CPRE-488-Labs/Mp-0_New/vitis2/design_1_wrapper/hw/design_1_wrapper.xsa
TRACE::2026-02-05.16:44:46::SCWPlatform::DSA absoulate path C:/Users/cihem/CPRE-488-Labs/Mp-0_New/vitis2/design_1_wrapper/hw/design_1_wrapper.xsa
TRACE::2026-02-05.16:44:46::SCWPlatform::DSA directory C:/Users/cihem/CPRE-488-Labs/Mp-0_New/vitis2/design_1_wrapper/hw
TRACE::2026-02-05.16:44:46::SCWPlatform:: Platform Path C:/Users/cihem/CPRE-488-Labs/Mp-0_New/vitis2/design_1_wrapper/hw/design_1_wrapper.xsa
TRACE::2026-02-05.16:44:46::SCWPlatform:: Unique name xilinx:zed::0.0
TRACE::2026-02-05.16:44:46::SCWPlatform::Trying to set the existing hwdb with name design_1_wrapper_0
TRACE::2026-02-05.16:44:46::SCWPlatform::Opened existing hwdb design_1_wrapper_0
TRACE::2026-02-05.16:44:46::SCWPlatform::Found the Hw Db part of the input DSA
TRACE::2026-02-05.16:44:46::SCWMssOS::Checking the sw design at  C:/Users/cihem/CPRE-488-Labs/Mp-0_New/vitis2/design_1_wrapper/ps7_cortexa9_0/domain_ps7_cortexa9_0/bsp/system.mss
TRACE::2026-02-05.16:44:46::SCWMssOS::DEBUG:  swdes dump  C:/Users/cihem/CPRE-488-Labs/Mp-0_New/vitis2/design_1_wrapper/ps7_cortexa9_0/domain_ps7_cortexa9_0/bsp/system.mss|system_0||
C:/Users/cihem/CPRE-488-Labs/Mp-0_New/vitis2/design_1_wrapper/zynq_fsbl/zynq_fsbl_bsp/system.mss|system||

TRACE::2026-02-05.16:44:46::SCWMssOS::Sw design exists and opened at  C:/Users/cihem/CPRE-488-Labs/Mp-0_New/vitis2/design_1_wrapper/ps7_cortexa9_0/domain_ps7_cortexa9_0/bsp/system.mss
TRACE::2026-02-05.16:44:46::SCWPlatform::Trying to open the hw design at C:/Users/cihem/CPRE-488-Labs/Mp-0_New/vitis2/design_1_wrapper/hw/design_1_wrapper.xsa
TRACE::2026-02-05.16:44:46::SCWPlatform::DSA given C:/Users/cihem/CPRE-488-Labs/Mp-0_New/vitis2/design_1_wrapper/hw/design_1_wrapper.xsa
TRACE::2026-02-05.16:44:46::SCWPlatform::DSA absoulate path C:/Users/cihem/CPRE-488-Labs/Mp-0_New/vitis2/design_1_wrapper/hw/design_1_wrapper.xsa
TRACE::2026-02-05.16:44:46::SCWPlatform::DSA directory C:/Users/cihem/CPRE-488-Labs/Mp-0_New/vitis2/design_1_wrapper/hw
TRACE::2026-02-05.16:44:46::SCWPlatform:: Platform Path C:/Users/cihem/CPRE-488-Labs/Mp-0_New/vitis2/design_1_wrapper/hw/design_1_wrapper.xsa
TRACE::2026-02-05.16:44:46::SCWPlatform:: Unique name xilinx:zed::0.0
TRACE::2026-02-05.16:44:46::SCWPlatform::Trying to set the existing hwdb with name design_1_wrapper_0
TRACE::2026-02-05.16:44:46::SCWPlatform::Opened existing hwdb design_1_wrapper_0
TRACE::2026-02-05.16:44:46::SCWPlatform::Found the Hw Db part of the input DSA
TRACE::2026-02-05.16:44:46::SCWMssOS::Checking the sw design at  C:/Users/cihem/CPRE-488-Labs/Mp-0_New/vitis2/design_1_wrapper/ps7_cortexa9_0/domain_ps7_cortexa9_0/bsp/system.mss
TRACE::2026-02-05.16:44:46::SCWMssOS::DEBUG:  swdes dump  C:/Users/cihem/CPRE-488-Labs/Mp-0_New/vitis2/design_1_wrapper/ps7_cortexa9_0/domain_ps7_cortexa9_0/bsp/system.mss|system_0||
C:/Users/cihem/CPRE-488-Labs/Mp-0_New/vitis2/design_1_wrapper/zynq_fsbl/zynq_fsbl_bsp/system.mss|system||

TRACE::2026-02-05.16:44:46::SCWMssOS::Sw design exists and opened at  C:/Users/cihem/CPRE-488-Labs/Mp-0_New/vitis2/design_1_wrapper/ps7_cortexa9_0/domain_ps7_cortexa9_0/bsp/system.mss
TRACE::2026-02-05.16:44:46::SCWPlatform::Trying to open the hw design at C:/Users/cihem/CPRE-488-Labs/Mp-0_New/vitis2/design_1_wrapper/hw/design_1_wrapper.xsa
TRACE::2026-02-05.16:44:46::SCWPlatform::DSA given C:/Users/cihem/CPRE-488-Labs/Mp-0_New/vitis2/design_1_wrapper/hw/design_1_wrapper.xsa
TRACE::2026-02-05.16:44:46::SCWPlatform::DSA absoulate path C:/Users/cihem/CPRE-488-Labs/Mp-0_New/vitis2/design_1_wrapper/hw/design_1_wrapper.xsa
TRACE::2026-02-05.16:44:46::SCWPlatform::DSA directory C:/Users/cihem/CPRE-488-Labs/Mp-0_New/vitis2/design_1_wrapper/hw
TRACE::2026-02-05.16:44:46::SCWPlatform:: Platform Path C:/Users/cihem/CPRE-488-Labs/Mp-0_New/vitis2/design_1_wrapper/hw/design_1_wrapper.xsa
TRACE::2026-02-05.16:44:46::SCWPlatform:: Unique name xilinx:zed::0.0
TRACE::2026-02-05.16:44:46::SCWPlatform::Trying to set the existing hwdb with name design_1_wrapper_0
TRACE::2026-02-05.16:44:46::SCWPlatform::Opened existing hwdb design_1_wrapper_0
TRACE::2026-02-05.16:44:46::SCWPlatform::Found the Hw Db part of the input DSA
TRACE::2026-02-05.16:44:46::SCWMssOS::Checking the sw design at  C:/Users/cihem/CPRE-488-Labs/Mp-0_New/vitis2/design_1_wrapper/ps7_cortexa9_0/domain_ps7_cortexa9_0/bsp/system.mss
TRACE::2026-02-05.16:44:46::SCWMssOS::DEBUG:  swdes dump  C:/Users/cihem/CPRE-488-Labs/Mp-0_New/vitis2/design_1_wrapper/ps7_cortexa9_0/domain_ps7_cortexa9_0/bsp/system.mss|system_0||
C:/Users/cihem/CPRE-488-Labs/Mp-0_New/vitis2/design_1_wrapper/zynq_fsbl/zynq_fsbl_bsp/system.mss|system||

TRACE::2026-02-05.16:44:46::SCWMssOS::Sw design exists and opened at  C:/Users/cihem/CPRE-488-Labs/Mp-0_New/vitis2/design_1_wrapper/ps7_cortexa9_0/domain_ps7_cortexa9_0/bsp/system.mss
TRACE::2026-02-05.16:44:46::SCWWriter::formatted JSON is {
	"platformName":	"design_1_wrapper",
	"sprVersion":	"2.0",
	"mode":	"gui",
	"dsaType":	"Fixed",
	"platformDesc":	"design_1_wrapper",
	"platHandOff":	"C:/Users/cihem/CPRE-488-Labs/Mp-0_New/TheNextBigThing/design_1_wrapper.xsa",
	"platIntHandOff":	"<platformDir>/hw/design_1_wrapper.xsa",
	"deviceType":	"zynq",
	"platIsPrebuiltAutogen":	"false",
	"platIsNoBootBsp":	"false",
	"platFsblTarget":	"ps7_cortexa9_0",
	"hasFsblMakeHasChanges":	"false",
	"hasPmufwMakeHasChanges":	"false",
	"fsblExtraCompilerFlags":	"-MMD -MP       -mcpu=cortex-a9 -mfpu=vfpv3 -mfloat-abi=hard ",
	"platPreBuiltFlag":	false,
	"platformSamplesDir":	"",
	"platActiveSys":	"design_1_wrapper",
	"systems":	[{
			"systemName":	"design_1_wrapper",
			"systemDesc":	"design_1_wrapper",
			"sysIsBootAutoGen":	"true",
			"systemDispName":	"design_1_wrapper",
			"sysActiveDom":	"domain_ps7_cortexa9_0",
			"sysDefaultDom":	"domain_ps7_cortexa9_0",
			"domains":	[{
					"domainName":	"zynq_fsbl",
					"domainDispName":	"zynq_fsbl",
					"domainDesc":	"FSBL Application BSP - Auto Generated.",
					"processors":	"ps7_cortexa9_0",
					"os":	"standalone",
					"sdxOs":	"standalone",
					"debugEnable":	"",
					"domRuntimes":	["cpp"],
					"swRepo":	"",
					"mssOsVer":	"7.2",
					"mssFile":	"",
					"md5Digest":	"6a16c01a2dc85916823989659d34a150",
					"compatibleApp":	"zynq_fsbl",
					"domType":	"bootDomain",
					"arch":	"32-bit",
					"appSettings":	{
						"appCompilerFlags":	"",
						"appLinkerFlags":	""
					},
					"addedLibs":	["xilffs:4.3", "xilrsa:1.6"],
					"libOptions":	{
						"libsContainingOptions":	[]
					},
					"prebuiltLibs":	{
						"prebuiltIncPath":	[],
						"prebuiltLibPath":	[]
					},
					"isolation":	{
					}
				}, {
					"domainName":	"domain_ps7_cortexa9_0",
					"domainDispName":	"domain_ps7_cortexa9_0",
					"domainDesc":	"domain_ps7_cortexa9_0",
					"processors":	"ps7_cortexa9_0",
					"os":	"standalone",
					"sdxOs":	"standalone",
					"qemuArgs":	"C:/Xilinx/Vitis/2020.1/data/emulation/platforms/zynq/qemu/qemu_args.txt",
					"qemuData":	"C:/Xilinx/Vitis/2020.1/data/emulation/platforms/zynq/qemu/",
					"debugEnable":	"False",
					"domRuntimes":	["cpp"],
					"swRepo":	"",
					"mssOsVer":	"7.2",
					"mssFile":	"",
					"md5Digest":	"e7eb7ecd472555f72b367dd978989e0a",
					"compatibleApp":	"hello_world",
					"domType":	"mssDomain",
					"arch":	"32-bit",
					"appSettings":	{
						"appCompilerFlags":	"",
						"appLinkerFlags":	""
					},
					"addedLibs":	[],
					"libOptions":	{
						"libsContainingOptions":	[]
					},
					"prebuiltLibs":	{
						"prebuiltIncPath":	[],
						"prebuiltLibPath":	[]
					},
					"isolation":	{
					}
				}]
		}]
}
KEYINFO::2026-02-05.16:44:46::SCWPlatform::updated the xpfm file.
LOG::2026-02-05.16:45:36::SCWPlatform::Started generating the artifacts platform design_1_wrapper
TRACE::2026-02-05.16:45:36::SCWPlatform::Sanity checking of platform is completed
LOG::2026-02-05.16:45:36::SCWPlatform::Started generating the artifacts for system configuration design_1_wrapper
LOG::2026-02-05.16:45:36::SCWSystem::Checking the domain zynq_fsbl
LOG::2026-02-05.16:45:36::SCWSystem::Doing application build for :  zynq_fsbl
TRACE::2026-02-05.16:45:36::SCWBDomain::Not a forced makefile updation, No changes are present. 
TRACE::2026-02-05.16:45:36::SCWDomain::Building the domain as part of full build :  zynq_fsbl
TRACE::2026-02-05.16:45:36::SCWPlatform::Trying to open the hw design at C:/Users/cihem/CPRE-488-Labs/Mp-0_New/vitis2/design_1_wrapper/hw/design_1_wrapper.xsa
TRACE::2026-02-05.16:45:36::SCWPlatform::DSA given C:/Users/cihem/CPRE-488-Labs/Mp-0_New/vitis2/design_1_wrapper/hw/design_1_wrapper.xsa
TRACE::2026-02-05.16:45:36::SCWPlatform::DSA absoulate path C:/Users/cihem/CPRE-488-Labs/Mp-0_New/vitis2/design_1_wrapper/hw/design_1_wrapper.xsa
TRACE::2026-02-05.16:45:36::SCWPlatform::DSA directory C:/Users/cihem/CPRE-488-Labs/Mp-0_New/vitis2/design_1_wrapper/hw
TRACE::2026-02-05.16:45:36::SCWPlatform:: Platform Path C:/Users/cihem/CPRE-488-Labs/Mp-0_New/vitis2/design_1_wrapper/hw/design_1_wrapper.xsa
TRACE::2026-02-05.16:45:36::SCWPlatform:: Unique name xilinx:zed::0.0
TRACE::2026-02-05.16:45:36::SCWPlatform::Trying to set the existing hwdb with name design_1_wrapper_0
TRACE::2026-02-05.16:45:36::SCWPlatform::Opened existing hwdb design_1_wrapper_0
TRACE::2026-02-05.16:45:36::SCWPlatform::Found the Hw Db part of the input DSA
TRACE::2026-02-05.16:45:36::SCWMssOS::Checking the sw design at  C:/Users/cihem/CPRE-488-Labs/Mp-0_New/vitis2/design_1_wrapper/zynq_fsbl/zynq_fsbl_bsp/system.mss
TRACE::2026-02-05.16:45:36::SCWMssOS::DEBUG:  swdes dump  C:/Users/cihem/CPRE-488-Labs/Mp-0_New/vitis2/design_1_wrapper/ps7_cortexa9_0/domain_ps7_cortexa9_0/bsp/system.mss|system_0||
C:/Users/cihem/CPRE-488-Labs/Mp-0_New/vitis2/design_1_wrapper/zynq_fsbl/zynq_fsbl_bsp/system.mss|system||

TRACE::2026-02-05.16:45:36::SCWMssOS::Sw design exists and opened at  C:/Users/cihem/CPRE-488-Labs/Mp-0_New/vitis2/design_1_wrapper/zynq_fsbl/zynq_fsbl_bsp/system.mss
TRACE::2026-02-05.16:45:36::SCWBDomain::Completed writing the mss file at C:/Users/cihem/CPRE-488-Labs/Mp-0_New/vitis2/design_1_wrapper/zynq_fsbl/zynq_fsbl_bsp
TRACE::2026-02-05.16:45:36::SCWBDomain::bsp generated is upto date with the mss file. Skipping bsp generation.
TRACE::2026-02-05.16:45:36::SCWBDomain::Not a forced makefile updation, No changes are present. 
TRACE::2026-02-05.16:45:36::SCWBDomain::System Command Ran  C:&  cd  C:/Users/cihem/CPRE-488-Labs/Mp-0_New/vitis2/design_1_wrapper/zynq_fsbl & make 
TRACE::2026-02-05.16:45:36::SCWBDomain::make -C zynq_fsbl_bsp

TRACE::2026-02-05.16:45:36::SCWBDomain::make[1]: Entering directory 'C:/Users/cihem/CPRE-488-Labs/Mp-0_New/vitis2/design_1_wrapper/zynq_fsbl/zynq_fsbl_bsp'

TRACE::2026-02-05.16:45:36::SCWBDomain::"Running Make include in ps7_cortexa9_0/libsrc/axivdma_v6_7/src"

TRACE::2026-02-05.16:45:36::SCWBDomain::make -C ps7_cortexa9_0/libsrc/axivdma_v6_7/src -s include  "SHELL=CMD" "COMPILER=arm-none-eabi-gcc" "ASSEMBLER=arm-none-eabi-as
TRACE::2026-02-05.16:45:36::SCWBDomain::" "ARCHIVER=arm-none-eabi-ar" "COMPILER_FLAGS=  -O2 -c" "EXTRA_COMPILER_FLAGS=-mcpu=cortex-a9 -mfpu=vfpv3 -mfloat-abi=hard -nos
TRACE::2026-02-05.16:45:36::SCWBDomain::tartfiles -g -Wall -Wextra"

TRACE::2026-02-05.16:45:36::SCWBDomain::make[2]: Entering directory 'C:/Users/cihem/CPRE-488-Labs/Mp-0_New/vitis2/design_1_wrapper/zynq_fsbl/zynq_fsbl_bsp/ps7_cortexa9
TRACE::2026-02-05.16:45:36::SCWBDomain::_0/libsrc/axivdma_v6_7/src'

TRACE::2026-02-05.16:45:36::SCWBDomain::make[2]: Leaving directory 'C:/Users/cihem/CPRE-488-Labs/Mp-0_New/vitis2/design_1_wrapper/zynq_fsbl/zynq_fsbl_bsp/ps7_cortexa9_
TRACE::2026-02-05.16:45:36::SCWBDomain::0/libsrc/axivdma_v6_7/src'

TRACE::2026-02-05.16:45:36::SCWBDomain::"Running Make include in ps7_cortexa9_0/libsrc/coresightps_dcc_v1_7/src"

TRACE::2026-02-05.16:45:36::SCWBDomain::make -C ps7_cortexa9_0/libsrc/coresightps_dcc_v1_7/src -s include  "SHELL=CMD" "COMPILER=arm-none-eabi-gcc" "ASSEMBLER=arm-none
TRACE::2026-02-05.16:45:36::SCWBDomain::-eabi-as" "ARCHIVER=arm-none-eabi-ar" "COMPILER_FLAGS=  -O2 -c" "EXTRA_COMPILER_FLAGS=-mcpu=cortex-a9 -mfpu=vfpv3 -mfloat-abi=h
TRACE::2026-02-05.16:45:36::SCWBDomain::ard -nostartfiles -g -Wall -Wextra"

TRACE::2026-02-05.16:45:36::SCWBDomain::make[2]: Entering directory 'C:/Users/cihem/CPRE-488-Labs/Mp-0_New/vitis2/design_1_wrapper/zynq_fsbl/zynq_fsbl_bsp/ps7_cortexa9
TRACE::2026-02-05.16:45:36::SCWBDomain::_0/libsrc/coresightps_dcc_v1_7/src'

TRACE::2026-02-05.16:45:36::SCWBDomain::make[2]: Leaving directory 'C:/Users/cihem/CPRE-488-Labs/Mp-0_New/vitis2/design_1_wrapper/zynq_fsbl/zynq_fsbl_bsp/ps7_cortexa9_
TRACE::2026-02-05.16:45:36::SCWBDomain::0/libsrc/coresightps_dcc_v1_7/src'

TRACE::2026-02-05.16:45:36::SCWBDomain::"Running Make include in ps7_cortexa9_0/libsrc/cpu_cortexa9_v2_9/src"

TRACE::2026-02-05.16:45:36::SCWBDomain::make -C ps7_cortexa9_0/libsrc/cpu_cortexa9_v2_9/src -s include  "SHELL=CMD" "COMPILER=arm-none-eabi-gcc" "ASSEMBLER=arm-none-ea
TRACE::2026-02-05.16:45:36::SCWBDomain::bi-as" "ARCHIVER=arm-none-eabi-ar" "COMPILER_FLAGS=  -O2 -c" "EXTRA_COMPILER_FLAGS=-mcpu=cortex-a9 -mfpu=vfpv3 -mfloat-abi=hard
TRACE::2026-02-05.16:45:36::SCWBDomain:: -nostartfiles -g -Wall -Wextra"

TRACE::2026-02-05.16:45:36::SCWBDomain::make[2]: Entering directory 'C:/Users/cihem/CPRE-488-Labs/Mp-0_New/vitis2/design_1_wrapper/zynq_fsbl/zynq_fsbl_bsp/ps7_cortexa9
TRACE::2026-02-05.16:45:36::SCWBDomain::_0/libsrc/cpu_cortexa9_v2_9/src'

TRACE::2026-02-05.16:45:36::SCWBDomain::make[2]: Leaving directory 'C:/Users/cihem/CPRE-488-Labs/Mp-0_New/vitis2/design_1_wrapper/zynq_fsbl/zynq_fsbl_bsp/ps7_cortexa9_
TRACE::2026-02-05.16:45:36::SCWBDomain::0/libsrc/cpu_cortexa9_v2_9/src'

TRACE::2026-02-05.16:45:36::SCWBDomain::"Running Make include in ps7_cortexa9_0/libsrc/ddrps_v1_1/src"

TRACE::2026-02-05.16:45:36::SCWBDomain::make -C ps7_cortexa9_0/libsrc/ddrps_v1_1/src -s include  "SHELL=CMD" "COMPILER=arm-none-eabi-gcc" "ASSEMBLER=arm-none-eabi-as" 
TRACE::2026-02-05.16:45:36::SCWBDomain::"ARCHIVER=arm-none-eabi-ar" "COMPILER_FLAGS=  -O2 -c" "EXTRA_COMPILER_FLAGS=-mcpu=cortex-a9 -mfpu=vfpv3 -mfloat-abi=hard -nosta
TRACE::2026-02-05.16:45:36::SCWBDomain::rtfiles -g -Wall -Wextra"

TRACE::2026-02-05.16:45:36::SCWBDomain::make[2]: Entering directory 'C:/Users/cihem/CPRE-488-Labs/Mp-0_New/vitis2/design_1_wrapper/zynq_fsbl/zynq_fsbl_bsp/ps7_cortexa9
TRACE::2026-02-05.16:45:36::SCWBDomain::_0/libsrc/ddrps_v1_1/src'

TRACE::2026-02-05.16:45:36::SCWBDomain::make[2]: Leaving directory 'C:/Users/cihem/CPRE-488-Labs/Mp-0_New/vitis2/design_1_wrapper/zynq_fsbl/zynq_fsbl_bsp/ps7_cortexa9_
TRACE::2026-02-05.16:45:36::SCWBDomain::0/libsrc/ddrps_v1_1/src'

TRACE::2026-02-05.16:45:36::SCWBDomain::"Running Make include in ps7_cortexa9_0/libsrc/devcfg_v3_6/src"

TRACE::2026-02-05.16:45:36::SCWBDomain::make -C ps7_cortexa9_0/libsrc/devcfg_v3_6/src -s include  "SHELL=CMD" "COMPILER=arm-none-eabi-gcc" "ASSEMBLER=arm-none-eabi-as"
TRACE::2026-02-05.16:45:36::SCWBDomain:: "ARCHIVER=arm-none-eabi-ar" "COMPILER_FLAGS=  -O2 -c" "EXTRA_COMPILER_FLAGS=-mcpu=cortex-a9 -mfpu=vfpv3 -mfloat-abi=hard -nost
TRACE::2026-02-05.16:45:36::SCWBDomain::artfiles -g -Wall -Wextra"

TRACE::2026-02-05.16:45:36::SCWBDomain::make[2]: Entering directory 'C:/Users/cihem/CPRE-488-Labs/Mp-0_New/vitis2/design_1_wrapper/zynq_fsbl/zynq_fsbl_bsp/ps7_cortexa9
TRACE::2026-02-05.16:45:36::SCWBDomain::_0/libsrc/devcfg_v3_6/src'

TRACE::2026-02-05.16:45:36::SCWBDomain::make[2]: Leaving directory 'C:/Users/cihem/CPRE-488-Labs/Mp-0_New/vitis2/design_1_wrapper/zynq_fsbl/zynq_fsbl_bsp/ps7_cortexa9_
TRACE::2026-02-05.16:45:36::SCWBDomain::0/libsrc/devcfg_v3_6/src'

TRACE::2026-02-05.16:45:36::SCWBDomain::"Running Make include in ps7_cortexa9_0/libsrc/dmaps_v2_6/src"

TRACE::2026-02-05.16:45:36::SCWBDomain::make -C ps7_cortexa9_0/libsrc/dmaps_v2_6/src -s include  "SHELL=CMD" "COMPILER=arm-none-eabi-gcc" "ASSEMBLER=arm-none-eabi-as" 
TRACE::2026-02-05.16:45:36::SCWBDomain::"ARCHIVER=arm-none-eabi-ar" "COMPILER_FLAGS=  -O2 -c" "EXTRA_COMPILER_FLAGS=-mcpu=cortex-a9 -mfpu=vfpv3 -mfloat-abi=hard -nosta
TRACE::2026-02-05.16:45:36::SCWBDomain::rtfiles -g -Wall -Wextra"

TRACE::2026-02-05.16:45:36::SCWBDomain::make[2]: Entering directory 'C:/Users/cihem/CPRE-488-Labs/Mp-0_New/vitis2/design_1_wrapper/zynq_fsbl/zynq_fsbl_bsp/ps7_cortexa9
TRACE::2026-02-05.16:45:36::SCWBDomain::_0/libsrc/dmaps_v2_6/src'

TRACE::2026-02-05.16:45:36::SCWBDomain::make[2]: Leaving directory 'C:/Users/cihem/CPRE-488-Labs/Mp-0_New/vitis2/design_1_wrapper/zynq_fsbl/zynq_fsbl_bsp/ps7_cortexa9_
TRACE::2026-02-05.16:45:36::SCWBDomain::0/libsrc/dmaps_v2_6/src'

TRACE::2026-02-05.16:45:36::SCWBDomain::"Running Make include in ps7_cortexa9_0/libsrc/emacps_v3_11/src"

TRACE::2026-02-05.16:45:36::SCWBDomain::make -C ps7_cortexa9_0/libsrc/emacps_v3_11/src -s include  "SHELL=CMD" "COMPILER=arm-none-eabi-gcc" "ASSEMBLER=arm-none-eabi-as
TRACE::2026-02-05.16:45:36::SCWBDomain::" "ARCHIVER=arm-none-eabi-ar" "COMPILER_FLAGS=  -O2 -c" "EXTRA_COMPILER_FLAGS=-mcpu=cortex-a9 -mfpu=vfpv3 -mfloat-abi=hard -nos
TRACE::2026-02-05.16:45:36::SCWBDomain::tartfiles -g -Wall -Wextra"

TRACE::2026-02-05.16:45:36::SCWBDomain::make[2]: Entering directory 'C:/Users/cihem/CPRE-488-Labs/Mp-0_New/vitis2/design_1_wrapper/zynq_fsbl/zynq_fsbl_bsp/ps7_cortexa9
TRACE::2026-02-05.16:45:36::SCWBDomain::_0/libsrc/emacps_v3_11/src'

TRACE::2026-02-05.16:45:36::SCWBDomain::make[2]: Leaving directory 'C:/Users/cihem/CPRE-488-Labs/Mp-0_New/vitis2/design_1_wrapper/zynq_fsbl/zynq_fsbl_bsp/ps7_cortexa9_
TRACE::2026-02-05.16:45:36::SCWBDomain::0/libsrc/emacps_v3_11/src'

TRACE::2026-02-05.16:45:36::SCWBDomain::"Running Make include in ps7_cortexa9_0/libsrc/gpiops_v3_7/src"

TRACE::2026-02-05.16:45:36::SCWBDomain::make -C ps7_cortexa9_0/libsrc/gpiops_v3_7/src -s include  "SHELL=CMD" "COMPILER=arm-none-eabi-gcc" "ASSEMBLER=arm-none-eabi-as"
TRACE::2026-02-05.16:45:36::SCWBDomain:: "ARCHIVER=arm-none-eabi-ar" "COMPILER_FLAGS=  -O2 -c" "EXTRA_COMPILER_FLAGS=-mcpu=cortex-a9 -mfpu=vfpv3 -mfloat-abi=hard -nost
TRACE::2026-02-05.16:45:36::SCWBDomain::artfiles -g -Wall -Wextra"

TRACE::2026-02-05.16:45:36::SCWBDomain::make[2]: Entering directory 'C:/Users/cihem/CPRE-488-Labs/Mp-0_New/vitis2/design_1_wrapper/zynq_fsbl/zynq_fsbl_bsp/ps7_cortexa9
TRACE::2026-02-05.16:45:36::SCWBDomain::_0/libsrc/gpiops_v3_7/src'

TRACE::2026-02-05.16:45:36::SCWBDomain::make[2]: Leaving directory 'C:/Users/cihem/CPRE-488-Labs/Mp-0_New/vitis2/design_1_wrapper/zynq_fsbl/zynq_fsbl_bsp/ps7_cortexa9_
TRACE::2026-02-05.16:45:36::SCWBDomain::0/libsrc/gpiops_v3_7/src'

TRACE::2026-02-05.16:45:36::SCWBDomain::"Running Make include in ps7_cortexa9_0/libsrc/qspips_v3_7/src"

TRACE::2026-02-05.16:45:36::SCWBDomain::make -C ps7_cortexa9_0/libsrc/qspips_v3_7/src -s include  "SHELL=CMD" "COMPILER=arm-none-eabi-gcc" "ASSEMBLER=arm-none-eabi-as"
TRACE::2026-02-05.16:45:36::SCWBDomain:: "ARCHIVER=arm-none-eabi-ar" "COMPILER_FLAGS=  -O2 -c" "EXTRA_COMPILER_FLAGS=-mcpu=cortex-a9 -mfpu=vfpv3 -mfloat-abi=hard -nost
TRACE::2026-02-05.16:45:36::SCWBDomain::artfiles -g -Wall -Wextra"

TRACE::2026-02-05.16:45:36::SCWBDomain::make[2]: Entering directory 'C:/Users/cihem/CPRE-488-Labs/Mp-0_New/vitis2/design_1_wrapper/zynq_fsbl/zynq_fsbl_bsp/ps7_cortexa9
TRACE::2026-02-05.16:45:36::SCWBDomain::_0/libsrc/qspips_v3_7/src'

TRACE::2026-02-05.16:45:36::SCWBDomain::make[2]: Leaving directory 'C:/Users/cihem/CPRE-488-Labs/Mp-0_New/vitis2/design_1_wrapper/zynq_fsbl/zynq_fsbl_bsp/ps7_cortexa9_
TRACE::2026-02-05.16:45:36::SCWBDomain::0/libsrc/qspips_v3_7/src'

TRACE::2026-02-05.16:45:36::SCWBDomain::"Running Make include in ps7_cortexa9_0/libsrc/scugic_v4_2/src"

TRACE::2026-02-05.16:45:36::SCWBDomain::make -C ps7_cortexa9_0/libsrc/scugic_v4_2/src -s include  "SHELL=CMD" "COMPILER=arm-none-eabi-gcc" "ASSEMBLER=arm-none-eabi-as"
TRACE::2026-02-05.16:45:36::SCWBDomain:: "ARCHIVER=arm-none-eabi-ar" "COMPILER_FLAGS=  -O2 -c" "EXTRA_COMPILER_FLAGS=-mcpu=cortex-a9 -mfpu=vfpv3 -mfloat-abi=hard -nost
TRACE::2026-02-05.16:45:36::SCWBDomain::artfiles -g -Wall -Wextra"

TRACE::2026-02-05.16:45:36::SCWBDomain::make[2]: Entering directory 'C:/Users/cihem/CPRE-488-Labs/Mp-0_New/vitis2/design_1_wrapper/zynq_fsbl/zynq_fsbl_bsp/ps7_cortexa9
TRACE::2026-02-05.16:45:36::SCWBDomain::_0/libsrc/scugic_v4_2/src'

TRACE::2026-02-05.16:45:36::SCWBDomain::make[2]: Leaving directory 'C:/Users/cihem/CPRE-488-Labs/Mp-0_New/vitis2/design_1_wrapper/zynq_fsbl/zynq_fsbl_bsp/ps7_cortexa9_
TRACE::2026-02-05.16:45:36::SCWBDomain::0/libsrc/scugic_v4_2/src'

TRACE::2026-02-05.16:45:36::SCWBDomain::"Running Make include in ps7_cortexa9_0/libsrc/scutimer_v2_2/src"

TRACE::2026-02-05.16:45:36::SCWBDomain::make -C ps7_cortexa9_0/libsrc/scutimer_v2_2/src -s include  "SHELL=CMD" "COMPILER=arm-none-eabi-gcc" "ASSEMBLER=arm-none-eabi-a
TRACE::2026-02-05.16:45:36::SCWBDomain::s" "ARCHIVER=arm-none-eabi-ar" "COMPILER_FLAGS=  -O2 -c" "EXTRA_COMPILER_FLAGS=-mcpu=cortex-a9 -mfpu=vfpv3 -mfloat-abi=hard -no
TRACE::2026-02-05.16:45:36::SCWBDomain::startfiles -g -Wall -Wextra"

TRACE::2026-02-05.16:45:36::SCWBDomain::make[2]: Entering directory 'C:/Users/cihem/CPRE-488-Labs/Mp-0_New/vitis2/design_1_wrapper/zynq_fsbl/zynq_fsbl_bsp/ps7_cortexa9
TRACE::2026-02-05.16:45:36::SCWBDomain::_0/libsrc/scutimer_v2_2/src'

TRACE::2026-02-05.16:45:36::SCWBDomain::make[2]: Leaving directory 'C:/Users/cihem/CPRE-488-Labs/Mp-0_New/vitis2/design_1_wrapper/zynq_fsbl/zynq_fsbl_bsp/ps7_cortexa9_
TRACE::2026-02-05.16:45:36::SCWBDomain::0/libsrc/scutimer_v2_2/src'

TRACE::2026-02-05.16:45:37::SCWBDomain::"Running Make include in ps7_cortexa9_0/libsrc/scuwdt_v2_2/src"

TRACE::2026-02-05.16:45:37::SCWBDomain::make -C ps7_cortexa9_0/libsrc/scuwdt_v2_2/src -s include  "SHELL=CMD" "COMPILER=arm-none-eabi-gcc" "ASSEMBLER=arm-none-eabi-as"
TRACE::2026-02-05.16:45:37::SCWBDomain:: "ARCHIVER=arm-none-eabi-ar" "COMPILER_FLAGS=  -O2 -c" "EXTRA_COMPILER_FLAGS=-mcpu=cortex-a9 -mfpu=vfpv3 -mfloat-abi=hard -nost
TRACE::2026-02-05.16:45:37::SCWBDomain::artfiles -g -Wall -Wextra"

TRACE::2026-02-05.16:45:37::SCWBDomain::make[2]: Entering directory 'C:/Users/cihem/CPRE-488-Labs/Mp-0_New/vitis2/design_1_wrapper/zynq_fsbl/zynq_fsbl_bsp/ps7_cortexa9
TRACE::2026-02-05.16:45:37::SCWBDomain::_0/libsrc/scuwdt_v2_2/src'

TRACE::2026-02-05.16:45:37::SCWBDomain::make[2]: Leaving directory 'C:/Users/cihem/CPRE-488-Labs/Mp-0_New/vitis2/design_1_wrapper/zynq_fsbl/zynq_fsbl_bsp/ps7_cortexa9_
TRACE::2026-02-05.16:45:37::SCWBDomain::0/libsrc/scuwdt_v2_2/src'

TRACE::2026-02-05.16:45:37::SCWBDomain::"Running Make include in ps7_cortexa9_0/libsrc/sdps_v3_9/src"

TRACE::2026-02-05.16:45:37::SCWBDomain::make -C ps7_cortexa9_0/libsrc/sdps_v3_9/src -s include  "SHELL=CMD" "COMPILER=arm-none-eabi-gcc" "ASSEMBLER=arm-none-eabi-as" "
TRACE::2026-02-05.16:45:37::SCWBDomain::ARCHIVER=arm-none-eabi-ar" "COMPILER_FLAGS=  -O2 -c" "EXTRA_COMPILER_FLAGS=-mcpu=cortex-a9 -mfpu=vfpv3 -mfloat-abi=hard -nostar
TRACE::2026-02-05.16:45:37::SCWBDomain::tfiles -g -Wall -Wextra"

TRACE::2026-02-05.16:45:37::SCWBDomain::make[2]: Entering directory 'C:/Users/cihem/CPRE-488-Labs/Mp-0_New/vitis2/design_1_wrapper/zynq_fsbl/zynq_fsbl_bsp/ps7_cortexa9
TRACE::2026-02-05.16:45:37::SCWBDomain::_0/libsrc/sdps_v3_9/src'

TRACE::2026-02-05.16:45:37::SCWBDomain::make[2]: Leaving directory 'C:/Users/cihem/CPRE-488-Labs/Mp-0_New/vitis2/design_1_wrapper/zynq_fsbl/zynq_fsbl_bsp/ps7_cortexa9_
TRACE::2026-02-05.16:45:37::SCWBDomain::0/libsrc/sdps_v3_9/src'

TRACE::2026-02-05.16:45:37::SCWBDomain::"Running Make include in ps7_cortexa9_0/libsrc/standalone_v7_2/src"

TRACE::2026-02-05.16:45:37::SCWBDomain::make -C ps7_cortexa9_0/libsrc/standalone_v7_2/src -s include  "SHELL=CMD" "COMPILER=arm-none-eabi-gcc" "ASSEMBLER=arm-none-eabi
TRACE::2026-02-05.16:45:37::SCWBDomain::-as" "ARCHIVER=arm-none-eabi-ar" "COMPILER_FLAGS=  -O2 -c" "EXTRA_COMPILER_FLAGS=-mcpu=cortex-a9 -mfpu=vfpv3 -mfloat-abi=hard -
TRACE::2026-02-05.16:45:37::SCWBDomain::nostartfiles -g -Wall -Wextra"

TRACE::2026-02-05.16:45:37::SCWBDomain::make[2]: Entering directory 'C:/Users/cihem/CPRE-488-Labs/Mp-0_New/vitis2/design_1_wrapper/zynq_fsbl/zynq_fsbl_bsp/ps7_cortexa9
TRACE::2026-02-05.16:45:37::SCWBDomain::_0/libsrc/standalone_v7_2/src'

TRACE::2026-02-05.16:45:37::SCWBDomain::make[3]: Entering directory 'C:/Users/cihem/CPRE-488-Labs/Mp-0_New/vitis2/design_1_wrapper/zynq_fsbl/zynq_fsbl_bsp/ps7_cortexa9
TRACE::2026-02-05.16:45:37::SCWBDomain::_0/libsrc/standalone_v7_2/src/profile'

TRACE::2026-02-05.16:45:37::SCWBDomain::make[3]: Leaving directory 'C:/Users/cihem/CPRE-488-Labs/Mp-0_New/vitis2/design_1_wrapper/zynq_fsbl/zynq_fsbl_bsp/ps7_cortexa9_
TRACE::2026-02-05.16:45:37::SCWBDomain::0/libsrc/standalone_v7_2/src/profile'

TRACE::2026-02-05.16:45:37::SCWBDomain::make[2]: Leaving directory 'C:/Users/cihem/CPRE-488-Labs/Mp-0_New/vitis2/design_1_wrapper/zynq_fsbl/zynq_fsbl_bsp/ps7_cortexa9_
TRACE::2026-02-05.16:45:37::SCWBDomain::0/libsrc/standalone_v7_2/src'

TRACE::2026-02-05.16:45:37::SCWBDomain::"Running Make include in ps7_cortexa9_0/libsrc/ttcps_v3_11/src"

TRACE::2026-02-05.16:45:37::SCWBDomain::make -C ps7_cortexa9_0/libsrc/ttcps_v3_11/src -s include  "SHELL=CMD" "COMPILER=arm-none-eabi-gcc" "ASSEMBLER=arm-none-eabi-as"
TRACE::2026-02-05.16:45:37::SCWBDomain:: "ARCHIVER=arm-none-eabi-ar" "COMPILER_FLAGS=  -O2 -c" "EXTRA_COMPILER_FLAGS=-mcpu=cortex-a9 -mfpu=vfpv3 -mfloat-abi=hard -nost
TRACE::2026-02-05.16:45:37::SCWBDomain::artfiles -g -Wall -Wextra"

TRACE::2026-02-05.16:45:37::SCWBDomain::make[2]: Entering directory 'C:/Users/cihem/CPRE-488-Labs/Mp-0_New/vitis2/design_1_wrapper/zynq_fsbl/zynq_fsbl_bsp/ps7_cortexa9
TRACE::2026-02-05.16:45:37::SCWBDomain::_0/libsrc/ttcps_v3_11/src'

TRACE::2026-02-05.16:45:37::SCWBDomain::make[2]: Leaving directory 'C:/Users/cihem/CPRE-488-Labs/Mp-0_New/vitis2/design_1_wrapper/zynq_fsbl/zynq_fsbl_bsp/ps7_cortexa9_
TRACE::2026-02-05.16:45:37::SCWBDomain::0/libsrc/ttcps_v3_11/src'

TRACE::2026-02-05.16:45:37::SCWBDomain::"Running Make include in ps7_cortexa9_0/libsrc/uartps_v3_9/src"

TRACE::2026-02-05.16:45:37::SCWBDomain::make -C ps7_cortexa9_0/libsrc/uartps_v3_9/src -s include  "SHELL=CMD" "COMPILER=arm-none-eabi-gcc" "ASSEMBLER=arm-none-eabi-as"
TRACE::2026-02-05.16:45:37::SCWBDomain:: "ARCHIVER=arm-none-eabi-ar" "COMPILER_FLAGS=  -O2 -c" "EXTRA_COMPILER_FLAGS=-mcpu=cortex-a9 -mfpu=vfpv3 -mfloat-abi=hard -nost
TRACE::2026-02-05.16:45:37::SCWBDomain::artfiles -g -Wall -Wextra"

TRACE::2026-02-05.16:45:37::SCWBDomain::make[2]: Entering directory 'C:/Users/cihem/CPRE-488-Labs/Mp-0_New/vitis2/design_1_wrapper/zynq_fsbl/zynq_fsbl_bsp/ps7_cortexa9
TRACE::2026-02-05.16:45:37::SCWBDomain::_0/libsrc/uartps_v3_9/src'

TRACE::2026-02-05.16:45:37::SCWBDomain::make[2]: Leaving directory 'C:/Users/cihem/CPRE-488-Labs/Mp-0_New/vitis2/design_1_wrapper/zynq_fsbl/zynq_fsbl_bsp/ps7_cortexa9_
TRACE::2026-02-05.16:45:37::SCWBDomain::0/libsrc/uartps_v3_9/src'

TRACE::2026-02-05.16:45:37::SCWBDomain::"Running Make include in ps7_cortexa9_0/libsrc/usbps_v2_5/src"

TRACE::2026-02-05.16:45:37::SCWBDomain::make -C ps7_cortexa9_0/libsrc/usbps_v2_5/src -s include  "SHELL=CMD" "COMPILER=arm-none-eabi-gcc" "ASSEMBLER=arm-none-eabi-as" 
TRACE::2026-02-05.16:45:37::SCWBDomain::"ARCHIVER=arm-none-eabi-ar" "COMPILER_FLAGS=  -O2 -c" "EXTRA_COMPILER_FLAGS=-mcpu=cortex-a9 -mfpu=vfpv3 -mfloat-abi=hard -nosta
TRACE::2026-02-05.16:45:37::SCWBDomain::rtfiles -g -Wall -Wextra"

TRACE::2026-02-05.16:45:37::SCWBDomain::make[2]: Entering directory 'C:/Users/cihem/CPRE-488-Labs/Mp-0_New/vitis2/design_1_wrapper/zynq_fsbl/zynq_fsbl_bsp/ps7_cortexa9
TRACE::2026-02-05.16:45:37::SCWBDomain::_0/libsrc/usbps_v2_5/src'

TRACE::2026-02-05.16:45:37::SCWBDomain::make[2]: Leaving directory 'C:/Users/cihem/CPRE-488-Labs/Mp-0_New/vitis2/design_1_wrapper/zynq_fsbl/zynq_fsbl_bsp/ps7_cortexa9_
TRACE::2026-02-05.16:45:37::SCWBDomain::0/libsrc/usbps_v2_5/src'

TRACE::2026-02-05.16:45:37::SCWBDomain::"Running Make include in ps7_cortexa9_0/libsrc/vtc_v8_2/src"

TRACE::2026-02-05.16:45:37::SCWBDomain::make -C ps7_cortexa9_0/libsrc/vtc_v8_2/src -s include  "SHELL=CMD" "COMPILER=arm-none-eabi-gcc" "ASSEMBLER=arm-none-eabi-as" "A
TRACE::2026-02-05.16:45:37::SCWBDomain::RCHIVER=arm-none-eabi-ar" "COMPILER_FLAGS=  -O2 -c" "EXTRA_COMPILER_FLAGS=-mcpu=cortex-a9 -mfpu=vfpv3 -mfloat-abi=hard -nostart
TRACE::2026-02-05.16:45:37::SCWBDomain::files -g -Wall -Wextra"

TRACE::2026-02-05.16:45:37::SCWBDomain::make[2]: Entering directory 'C:/Users/cihem/CPRE-488-Labs/Mp-0_New/vitis2/design_1_wrapper/zynq_fsbl/zynq_fsbl_bsp/ps7_cortexa9
TRACE::2026-02-05.16:45:37::SCWBDomain::_0/libsrc/vtc_v8_2/src'

TRACE::2026-02-05.16:45:37::SCWBDomain::make[2]: Leaving directory 'C:/Users/cihem/CPRE-488-Labs/Mp-0_New/vitis2/design_1_wrapper/zynq_fsbl/zynq_fsbl_bsp/ps7_cortexa9_
TRACE::2026-02-05.16:45:37::SCWBDomain::0/libsrc/vtc_v8_2/src'

TRACE::2026-02-05.16:45:37::SCWBDomain::"Running Make include in ps7_cortexa9_0/libsrc/xadcps_v2_4/src"

TRACE::2026-02-05.16:45:37::SCWBDomain::make -C ps7_cortexa9_0/libsrc/xadcps_v2_4/src -s include  "SHELL=CMD" "COMPILER=arm-none-eabi-gcc" "ASSEMBLER=arm-none-eabi-as"
TRACE::2026-02-05.16:45:37::SCWBDomain:: "ARCHIVER=arm-none-eabi-ar" "COMPILER_FLAGS=  -O2 -c" "EXTRA_COMPILER_FLAGS=-mcpu=cortex-a9 -mfpu=vfpv3 -mfloat-abi=hard -nost
TRACE::2026-02-05.16:45:37::SCWBDomain::artfiles -g -Wall -Wextra"

TRACE::2026-02-05.16:45:37::SCWBDomain::make[2]: Entering directory 'C:/Users/cihem/CPRE-488-Labs/Mp-0_New/vitis2/design_1_wrapper/zynq_fsbl/zynq_fsbl_bsp/ps7_cortexa9
TRACE::2026-02-05.16:45:37::SCWBDomain::_0/libsrc/xadcps_v2_4/src'

TRACE::2026-02-05.16:45:37::SCWBDomain::make[2]: Leaving directory 'C:/Users/cihem/CPRE-488-Labs/Mp-0_New/vitis2/design_1_wrapper/zynq_fsbl/zynq_fsbl_bsp/ps7_cortexa9_
TRACE::2026-02-05.16:45:37::SCWBDomain::0/libsrc/xadcps_v2_4/src'

TRACE::2026-02-05.16:45:37::SCWBDomain::"Running Make include in ps7_cortexa9_0/libsrc/xilffs_v4_3/src"

TRACE::2026-02-05.16:45:37::SCWBDomain::make -C ps7_cortexa9_0/libsrc/xilffs_v4_3/src -s include  "SHELL=CMD" "COMPILER=arm-none-eabi-gcc" "ASSEMBLER=arm-none-eabi-as"
TRACE::2026-02-05.16:45:37::SCWBDomain:: "ARCHIVER=arm-none-eabi-ar" "COMPILER_FLAGS=  -O2 -c" "EXTRA_COMPILER_FLAGS=-mcpu=cortex-a9 -mfpu=vfpv3 -mfloat-abi=hard -nost
TRACE::2026-02-05.16:45:37::SCWBDomain::artfiles -g -Wall -Wextra"

TRACE::2026-02-05.16:45:37::SCWBDomain::make[2]: Entering directory 'C:/Users/cihem/CPRE-488-Labs/Mp-0_New/vitis2/design_1_wrapper/zynq_fsbl/zynq_fsbl_bsp/ps7_cortexa9
TRACE::2026-02-05.16:45:37::SCWBDomain::_0/libsrc/xilffs_v4_3/src'

TRACE::2026-02-05.16:45:37::SCWBDomain::make[2]: Leaving directory 'C:/Users/cihem/CPRE-488-Labs/Mp-0_New/vitis2/design_1_wrapper/zynq_fsbl/zynq_fsbl_bsp/ps7_cortexa9_
TRACE::2026-02-05.16:45:37::SCWBDomain::0/libsrc/xilffs_v4_3/src'

TRACE::2026-02-05.16:45:37::SCWBDomain::"Running Make include in ps7_cortexa9_0/libsrc/xilrsa_v1_6/src"

TRACE::2026-02-05.16:45:37::SCWBDomain::make -C ps7_cortexa9_0/libsrc/xilrsa_v1_6/src -s include  "SHELL=CMD" "COMPILER=arm-none-eabi-gcc" "ASSEMBLER=arm-none-eabi-as"
TRACE::2026-02-05.16:45:37::SCWBDomain:: "ARCHIVER=arm-none-eabi-ar" "COMPILER_FLAGS=  -O2 -c" "EXTRA_COMPILER_FLAGS=-mcpu=cortex-a9 -mfpu=vfpv3 -mfloat-abi=hard -nost
TRACE::2026-02-05.16:45:37::SCWBDomain::artfiles -g -Wall -Wextra"

TRACE::2026-02-05.16:45:37::SCWBDomain::make[2]: Entering directory 'C:/Users/cihem/CPRE-488-Labs/Mp-0_New/vitis2/design_1_wrapper/zynq_fsbl/zynq_fsbl_bsp/ps7_cortexa9
TRACE::2026-02-05.16:45:37::SCWBDomain::_0/libsrc/xilrsa_v1_6/src'

TRACE::2026-02-05.16:45:37::SCWBDomain::make[2]: Leaving directory 'C:/Users/cihem/CPRE-488-Labs/Mp-0_New/vitis2/design_1_wrapper/zynq_fsbl/zynq_fsbl_bsp/ps7_cortexa9_
TRACE::2026-02-05.16:45:37::SCWBDomain::0/libsrc/xilrsa_v1_6/src'

TRACE::2026-02-05.16:45:37::SCWBDomain::"Running Make libs in ps7_cortexa9_0/libsrc/axivdma_v6_7/src"

TRACE::2026-02-05.16:45:37::SCWBDomain::make -C ps7_cortexa9_0/libsrc/axivdma_v6_7/src -s libs  "SHELL=CMD" "COMPILER=arm-none-eabi-gcc" "ASSEMBLER=arm-none-eabi-as" "
TRACE::2026-02-05.16:45:37::SCWBDomain::ARCHIVER=arm-none-eabi-ar" "COMPILER_FLAGS=  -O2 -c" "EXTRA_COMPILER_FLAGS=-mcpu=cortex-a9 -mfpu=vfpv3 -mfloat-abi=hard -nostar
TRACE::2026-02-05.16:45:37::SCWBDomain::tfiles -g -Wall -Wextra"

TRACE::2026-02-05.16:45:37::SCWBDomain::make[2]: Entering directory 'C:/Users/cihem/CPRE-488-Labs/Mp-0_New/vitis2/design_1_wrapper/zynq_fsbl/zynq_fsbl_bsp/ps7_cortexa9
TRACE::2026-02-05.16:45:37::SCWBDomain::_0/libsrc/axivdma_v6_7/src'

TRACE::2026-02-05.16:45:38::SCWBDomain::"Compiling axivdma"

TRACE::2026-02-05.16:45:38::SCWBDomain::make[2]: Leaving directory 'C:/Users/cihem/CPRE-488-Labs/Mp-0_New/vitis2/design_1_wrapper/zynq_fsbl/zynq_fsbl_bsp/ps7_cortexa9_
TRACE::2026-02-05.16:45:38::SCWBDomain::0/libsrc/axivdma_v6_7/src'

TRACE::2026-02-05.16:45:38::SCWBDomain::"Running Make libs in ps7_cortexa9_0/libsrc/coresightps_dcc_v1_7/src"

TRACE::2026-02-05.16:45:38::SCWBDomain::make -C ps7_cortexa9_0/libsrc/coresightps_dcc_v1_7/src -s libs  "SHELL=CMD" "COMPILER=arm-none-eabi-gcc" "ASSEMBLER=arm-none-ea
TRACE::2026-02-05.16:45:38::SCWBDomain::bi-as" "ARCHIVER=arm-none-eabi-ar" "COMPILER_FLAGS=  -O2 -c" "EXTRA_COMPILER_FLAGS=-mcpu=cortex-a9 -mfpu=vfpv3 -mfloat-abi=hard
TRACE::2026-02-05.16:45:38::SCWBDomain:: -nostartfiles -g -Wall -Wextra"

TRACE::2026-02-05.16:45:38::SCWBDomain::make[2]: Entering directory 'C:/Users/cihem/CPRE-488-Labs/Mp-0_New/vitis2/design_1_wrapper/zynq_fsbl/zynq_fsbl_bsp/ps7_cortexa9
TRACE::2026-02-05.16:45:38::SCWBDomain::_0/libsrc/coresightps_dcc_v1_7/src'

TRACE::2026-02-05.16:45:38::SCWBDomain::"Compiling coresightps_dcc"

TRACE::2026-02-05.16:45:38::SCWBDomain::make[2]: Leaving directory 'C:/Users/cihem/CPRE-488-Labs/Mp-0_New/vitis2/design_1_wrapper/zynq_fsbl/zynq_fsbl_bsp/ps7_cortexa9_
TRACE::2026-02-05.16:45:38::SCWBDomain::0/libsrc/coresightps_dcc_v1_7/src'

TRACE::2026-02-05.16:45:38::SCWBDomain::"Running Make libs in ps7_cortexa9_0/libsrc/cpu_cortexa9_v2_9/src"

TRACE::2026-02-05.16:45:38::SCWBDomain::make -C ps7_cortexa9_0/libsrc/cpu_cortexa9_v2_9/src -s libs  "SHELL=CMD" "COMPILER=arm-none-eabi-gcc" "ASSEMBLER=arm-none-eabi-
TRACE::2026-02-05.16:45:38::SCWBDomain::as" "ARCHIVER=arm-none-eabi-ar" "COMPILER_FLAGS=  -O2 -c" "EXTRA_COMPILER_FLAGS=-mcpu=cortex-a9 -mfpu=vfpv3 -mfloat-abi=hard -n
TRACE::2026-02-05.16:45:38::SCWBDomain::ostartfiles -g -Wall -Wextra"

TRACE::2026-02-05.16:45:38::SCWBDomain::make[2]: Entering directory 'C:/Users/cihem/CPRE-488-Labs/Mp-0_New/vitis2/design_1_wrapper/zynq_fsbl/zynq_fsbl_bsp/ps7_cortexa9
TRACE::2026-02-05.16:45:38::SCWBDomain::_0/libsrc/cpu_cortexa9_v2_9/src'

TRACE::2026-02-05.16:45:38::SCWBDomain::"Compiling cpu_cortexa9"

TRACE::2026-02-05.16:45:38::SCWBDomain::make[2]: Leaving directory 'C:/Users/cihem/CPRE-488-Labs/Mp-0_New/vitis2/design_1_wrapper/zynq_fsbl/zynq_fsbl_bsp/ps7_cortexa9_
TRACE::2026-02-05.16:45:38::SCWBDomain::0/libsrc/cpu_cortexa9_v2_9/src'

TRACE::2026-02-05.16:45:38::SCWBDomain::"Running Make libs in ps7_cortexa9_0/libsrc/ddrps_v1_1/src"

TRACE::2026-02-05.16:45:38::SCWBDomain::make -C ps7_cortexa9_0/libsrc/ddrps_v1_1/src -s libs  "SHELL=CMD" "COMPILER=arm-none-eabi-gcc" "ASSEMBLER=arm-none-eabi-as" "AR
TRACE::2026-02-05.16:45:38::SCWBDomain::CHIVER=arm-none-eabi-ar" "COMPILER_FLAGS=  -O2 -c" "EXTRA_COMPILER_FLAGS=-mcpu=cortex-a9 -mfpu=vfpv3 -mfloat-abi=hard -nostartf
TRACE::2026-02-05.16:45:38::SCWBDomain::iles -g -Wall -Wextra"

TRACE::2026-02-05.16:45:38::SCWBDomain::make[2]: Entering directory 'C:/Users/cihem/CPRE-488-Labs/Mp-0_New/vitis2/design_1_wrapper/zynq_fsbl/zynq_fsbl_bsp/ps7_cortexa9
TRACE::2026-02-05.16:45:38::SCWBDomain::_0/libsrc/ddrps_v1_1/src'

TRACE::2026-02-05.16:45:38::SCWBDomain::"Compiling ddrps"

TRACE::2026-02-05.16:45:39::SCWBDomain::make[2]: Leaving directory 'C:/Users/cihem/CPRE-488-Labs/Mp-0_New/vitis2/design_1_wrapper/zynq_fsbl/zynq_fsbl_bsp/ps7_cortexa9_
TRACE::2026-02-05.16:45:39::SCWBDomain::0/libsrc/ddrps_v1_1/src'

TRACE::2026-02-05.16:45:39::SCWBDomain::"Running Make libs in ps7_cortexa9_0/libsrc/devcfg_v3_6/src"

TRACE::2026-02-05.16:45:39::SCWBDomain::make -C ps7_cortexa9_0/libsrc/devcfg_v3_6/src -s libs  "SHELL=CMD" "COMPILER=arm-none-eabi-gcc" "ASSEMBLER=arm-none-eabi-as" "A
TRACE::2026-02-05.16:45:39::SCWBDomain::RCHIVER=arm-none-eabi-ar" "COMPILER_FLAGS=  -O2 -c" "EXTRA_COMPILER_FLAGS=-mcpu=cortex-a9 -mfpu=vfpv3 -mfloat-abi=hard -nostart
TRACE::2026-02-05.16:45:39::SCWBDomain::files -g -Wall -Wextra"

TRACE::2026-02-05.16:45:39::SCWBDomain::make[2]: Entering directory 'C:/Users/cihem/CPRE-488-Labs/Mp-0_New/vitis2/design_1_wrapper/zynq_fsbl/zynq_fsbl_bsp/ps7_cortexa9
TRACE::2026-02-05.16:45:39::SCWBDomain::_0/libsrc/devcfg_v3_6/src'

TRACE::2026-02-05.16:45:39::SCWBDomain::"Compiling devcfg"

TRACE::2026-02-05.16:45:39::SCWBDomain::make[2]: Leaving directory 'C:/Users/cihem/CPRE-488-Labs/Mp-0_New/vitis2/design_1_wrapper/zynq_fsbl/zynq_fsbl_bsp/ps7_cortexa9_
TRACE::2026-02-05.16:45:39::SCWBDomain::0/libsrc/devcfg_v3_6/src'

TRACE::2026-02-05.16:45:39::SCWBDomain::"Running Make libs in ps7_cortexa9_0/libsrc/dmaps_v2_6/src"

TRACE::2026-02-05.16:45:39::SCWBDomain::make -C ps7_cortexa9_0/libsrc/dmaps_v2_6/src -s libs  "SHELL=CMD" "COMPILER=arm-none-eabi-gcc" "ASSEMBLER=arm-none-eabi-as" "AR
TRACE::2026-02-05.16:45:39::SCWBDomain::CHIVER=arm-none-eabi-ar" "COMPILER_FLAGS=  -O2 -c" "EXTRA_COMPILER_FLAGS=-mcpu=cortex-a9 -mfpu=vfpv3 -mfloat-abi=hard -nostartf
TRACE::2026-02-05.16:45:39::SCWBDomain::iles -g -Wall -Wextra"

TRACE::2026-02-05.16:45:39::SCWBDomain::make[2]: Entering directory 'C:/Users/cihem/CPRE-488-Labs/Mp-0_New/vitis2/design_1_wrapper/zynq_fsbl/zynq_fsbl_bsp/ps7_cortexa9
TRACE::2026-02-05.16:45:39::SCWBDomain::_0/libsrc/dmaps_v2_6/src'

TRACE::2026-02-05.16:45:39::SCWBDomain::"Compiling dmaps"

TRACE::2026-02-05.16:45:40::SCWBDomain::make[2]: Leaving directory 'C:/Users/cihem/CPRE-488-Labs/Mp-0_New/vitis2/design_1_wrapper/zynq_fsbl/zynq_fsbl_bsp/ps7_cortexa9_
TRACE::2026-02-05.16:45:40::SCWBDomain::0/libsrc/dmaps_v2_6/src'

TRACE::2026-02-05.16:45:40::SCWBDomain::"Running Make libs in ps7_cortexa9_0/libsrc/emacps_v3_11/src"

TRACE::2026-02-05.16:45:40::SCWBDomain::make -C ps7_cortexa9_0/libsrc/emacps_v3_11/src -s libs  "SHELL=CMD" "COMPILER=arm-none-eabi-gcc" "ASSEMBLER=arm-none-eabi-as" "
TRACE::2026-02-05.16:45:40::SCWBDomain::ARCHIVER=arm-none-eabi-ar" "COMPILER_FLAGS=  -O2 -c" "EXTRA_COMPILER_FLAGS=-mcpu=cortex-a9 -mfpu=vfpv3 -mfloat-abi=hard -nostar
TRACE::2026-02-05.16:45:40::SCWBDomain::tfiles -g -Wall -Wextra"

TRACE::2026-02-05.16:45:40::SCWBDomain::make[2]: Entering directory 'C:/Users/cihem/CPRE-488-Labs/Mp-0_New/vitis2/design_1_wrapper/zynq_fsbl/zynq_fsbl_bsp/ps7_cortexa9
TRACE::2026-02-05.16:45:40::SCWBDomain::_0/libsrc/emacps_v3_11/src'

TRACE::2026-02-05.16:45:40::SCWBDomain::"Compiling emacps"

TRACE::2026-02-05.16:45:40::SCWBDomain::make[2]: Leaving directory 'C:/Users/cihem/CPRE-488-Labs/Mp-0_New/vitis2/design_1_wrapper/zynq_fsbl/zynq_fsbl_bsp/ps7_cortexa9_
TRACE::2026-02-05.16:45:40::SCWBDomain::0/libsrc/emacps_v3_11/src'

TRACE::2026-02-05.16:45:40::SCWBDomain::"Running Make libs in ps7_cortexa9_0/libsrc/gpiops_v3_7/src"

TRACE::2026-02-05.16:45:40::SCWBDomain::make -C ps7_cortexa9_0/libsrc/gpiops_v3_7/src -s libs  "SHELL=CMD" "COMPILER=arm-none-eabi-gcc" "ASSEMBLER=arm-none-eabi-as" "A
TRACE::2026-02-05.16:45:40::SCWBDomain::RCHIVER=arm-none-eabi-ar" "COMPILER_FLAGS=  -O2 -c" "EXTRA_COMPILER_FLAGS=-mcpu=cortex-a9 -mfpu=vfpv3 -mfloat-abi=hard -nostart
TRACE::2026-02-05.16:45:40::SCWBDomain::files -g -Wall -Wextra"

TRACE::2026-02-05.16:45:40::SCWBDomain::make[2]: Entering directory 'C:/Users/cihem/CPRE-488-Labs/Mp-0_New/vitis2/design_1_wrapper/zynq_fsbl/zynq_fsbl_bsp/ps7_cortexa9
TRACE::2026-02-05.16:45:40::SCWBDomain::_0/libsrc/gpiops_v3_7/src'

TRACE::2026-02-05.16:45:40::SCWBDomain::"Compiling gpiops"

TRACE::2026-02-05.16:45:41::SCWBDomain::make[2]: Leaving directory 'C:/Users/cihem/CPRE-488-Labs/Mp-0_New/vitis2/design_1_wrapper/zynq_fsbl/zynq_fsbl_bsp/ps7_cortexa9_
TRACE::2026-02-05.16:45:41::SCWBDomain::0/libsrc/gpiops_v3_7/src'

TRACE::2026-02-05.16:45:41::SCWBDomain::"Running Make libs in ps7_cortexa9_0/libsrc/qspips_v3_7/src"

TRACE::2026-02-05.16:45:41::SCWBDomain::make -C ps7_cortexa9_0/libsrc/qspips_v3_7/src -s libs  "SHELL=CMD" "COMPILER=arm-none-eabi-gcc" "ASSEMBLER=arm-none-eabi-as" "A
TRACE::2026-02-05.16:45:41::SCWBDomain::RCHIVER=arm-none-eabi-ar" "COMPILER_FLAGS=  -O2 -c" "EXTRA_COMPILER_FLAGS=-mcpu=cortex-a9 -mfpu=vfpv3 -mfloat-abi=hard -nostart
TRACE::2026-02-05.16:45:41::SCWBDomain::files -g -Wall -Wextra"

TRACE::2026-02-05.16:45:41::SCWBDomain::make[2]: Entering directory 'C:/Users/cihem/CPRE-488-Labs/Mp-0_New/vitis2/design_1_wrapper/zynq_fsbl/zynq_fsbl_bsp/ps7_cortexa9
TRACE::2026-02-05.16:45:41::SCWBDomain::_0/libsrc/qspips_v3_7/src'

TRACE::2026-02-05.16:45:41::SCWBDomain::"Compiling qspips"

TRACE::2026-02-05.16:45:42::SCWBDomain::make[2]: Leaving directory 'C:/Users/cihem/CPRE-488-Labs/Mp-0_New/vitis2/design_1_wrapper/zynq_fsbl/zynq_fsbl_bsp/ps7_cortexa9_
TRACE::2026-02-05.16:45:42::SCWBDomain::0/libsrc/qspips_v3_7/src'

TRACE::2026-02-05.16:45:42::SCWBDomain::"Running Make libs in ps7_cortexa9_0/libsrc/scugic_v4_2/src"

TRACE::2026-02-05.16:45:42::SCWBDomain::make -C ps7_cortexa9_0/libsrc/scugic_v4_2/src -s libs  "SHELL=CMD" "COMPILER=arm-none-eabi-gcc" "ASSEMBLER=arm-none-eabi-as" "A
TRACE::2026-02-05.16:45:42::SCWBDomain::RCHIVER=arm-none-eabi-ar" "COMPILER_FLAGS=  -O2 -c" "EXTRA_COMPILER_FLAGS=-mcpu=cortex-a9 -mfpu=vfpv3 -mfloat-abi=hard -nostart
TRACE::2026-02-05.16:45:42::SCWBDomain::files -g -Wall -Wextra"

TRACE::2026-02-05.16:45:42::SCWBDomain::make[2]: Entering directory 'C:/Users/cihem/CPRE-488-Labs/Mp-0_New/vitis2/design_1_wrapper/zynq_fsbl/zynq_fsbl_bsp/ps7_cortexa9
TRACE::2026-02-05.16:45:42::SCWBDomain::_0/libsrc/scugic_v4_2/src'

TRACE::2026-02-05.16:45:42::SCWBDomain::"Compiling scugic"

TRACE::2026-02-05.16:45:42::SCWBDomain::make[2]: Leaving directory 'C:/Users/cihem/CPRE-488-Labs/Mp-0_New/vitis2/design_1_wrapper/zynq_fsbl/zynq_fsbl_bsp/ps7_cortexa9_
TRACE::2026-02-05.16:45:42::SCWBDomain::0/libsrc/scugic_v4_2/src'

TRACE::2026-02-05.16:45:42::SCWBDomain::"Running Make libs in ps7_cortexa9_0/libsrc/scutimer_v2_2/src"

TRACE::2026-02-05.16:45:42::SCWBDomain::make -C ps7_cortexa9_0/libsrc/scutimer_v2_2/src -s libs  "SHELL=CMD" "COMPILER=arm-none-eabi-gcc" "ASSEMBLER=arm-none-eabi-as" 
TRACE::2026-02-05.16:45:42::SCWBDomain::"ARCHIVER=arm-none-eabi-ar" "COMPILER_FLAGS=  -O2 -c" "EXTRA_COMPILER_FLAGS=-mcpu=cortex-a9 -mfpu=vfpv3 -mfloat-abi=hard -nosta
TRACE::2026-02-05.16:45:42::SCWBDomain::rtfiles -g -Wall -Wextra"

TRACE::2026-02-05.16:45:42::SCWBDomain::make[2]: Entering directory 'C:/Users/cihem/CPRE-488-Labs/Mp-0_New/vitis2/design_1_wrapper/zynq_fsbl/zynq_fsbl_bsp/ps7_cortexa9
TRACE::2026-02-05.16:45:42::SCWBDomain::_0/libsrc/scutimer_v2_2/src'

TRACE::2026-02-05.16:45:42::SCWBDomain::"Compiling scutimer"

TRACE::2026-02-05.16:45:43::SCWBDomain::make[2]: Leaving directory 'C:/Users/cihem/CPRE-488-Labs/Mp-0_New/vitis2/design_1_wrapper/zynq_fsbl/zynq_fsbl_bsp/ps7_cortexa9_
TRACE::2026-02-05.16:45:43::SCWBDomain::0/libsrc/scutimer_v2_2/src'

TRACE::2026-02-05.16:45:43::SCWBDomain::"Running Make libs in ps7_cortexa9_0/libsrc/scuwdt_v2_2/src"

TRACE::2026-02-05.16:45:43::SCWBDomain::make -C ps7_cortexa9_0/libsrc/scuwdt_v2_2/src -s libs  "SHELL=CMD" "COMPILER=arm-none-eabi-gcc" "ASSEMBLER=arm-none-eabi-as" "A
TRACE::2026-02-05.16:45:43::SCWBDomain::RCHIVER=arm-none-eabi-ar" "COMPILER_FLAGS=  -O2 -c" "EXTRA_COMPILER_FLAGS=-mcpu=cortex-a9 -mfpu=vfpv3 -mfloat-abi=hard -nostart
TRACE::2026-02-05.16:45:43::SCWBDomain::files -g -Wall -Wextra"

TRACE::2026-02-05.16:45:43::SCWBDomain::make[2]: Entering directory 'C:/Users/cihem/CPRE-488-Labs/Mp-0_New/vitis2/design_1_wrapper/zynq_fsbl/zynq_fsbl_bsp/ps7_cortexa9
TRACE::2026-02-05.16:45:43::SCWBDomain::_0/libsrc/scuwdt_v2_2/src'

TRACE::2026-02-05.16:45:43::SCWBDomain::"Compiling scuwdt"

TRACE::2026-02-05.16:45:43::SCWBDomain::make[2]: Leaving directory 'C:/Users/cihem/CPRE-488-Labs/Mp-0_New/vitis2/design_1_wrapper/zynq_fsbl/zynq_fsbl_bsp/ps7_cortexa9_
TRACE::2026-02-05.16:45:43::SCWBDomain::0/libsrc/scuwdt_v2_2/src'

TRACE::2026-02-05.16:45:43::SCWBDomain::"Running Make libs in ps7_cortexa9_0/libsrc/sdps_v3_9/src"

TRACE::2026-02-05.16:45:43::SCWBDomain::make -C ps7_cortexa9_0/libsrc/sdps_v3_9/src -s libs  "SHELL=CMD" "COMPILER=arm-none-eabi-gcc" "ASSEMBLER=arm-none-eabi-as" "ARC
TRACE::2026-02-05.16:45:43::SCWBDomain::HIVER=arm-none-eabi-ar" "COMPILER_FLAGS=  -O2 -c" "EXTRA_COMPILER_FLAGS=-mcpu=cortex-a9 -mfpu=vfpv3 -mfloat-abi=hard -nostartfi
TRACE::2026-02-05.16:45:43::SCWBDomain::les -g -Wall -Wextra"

TRACE::2026-02-05.16:45:43::SCWBDomain::make[2]: Entering directory 'C:/Users/cihem/CPRE-488-Labs/Mp-0_New/vitis2/design_1_wrapper/zynq_fsbl/zynq_fsbl_bsp/ps7_cortexa9
TRACE::2026-02-05.16:45:43::SCWBDomain::_0/libsrc/sdps_v3_9/src'

TRACE::2026-02-05.16:45:43::SCWBDomain::"Compiling sdps"

TRACE::2026-02-05.16:45:44::SCWBDomain::make[2]: Leaving directory 'C:/Users/cihem/CPRE-488-Labs/Mp-0_New/vitis2/design_1_wrapper/zynq_fsbl/zynq_fsbl_bsp/ps7_cortexa9_
TRACE::2026-02-05.16:45:44::SCWBDomain::0/libsrc/sdps_v3_9/src'

TRACE::2026-02-05.16:45:44::SCWBDomain::"Running Make libs in ps7_cortexa9_0/libsrc/standalone_v7_2/src"

TRACE::2026-02-05.16:45:44::SCWBDomain::make -C ps7_cortexa9_0/libsrc/standalone_v7_2/src -s libs  "SHELL=CMD" "COMPILER=arm-none-eabi-gcc" "ASSEMBLER=arm-none-eabi-as
TRACE::2026-02-05.16:45:44::SCWBDomain::" "ARCHIVER=arm-none-eabi-ar" "COMPILER_FLAGS=  -O2 -c" "EXTRA_COMPILER_FLAGS=-mcpu=cortex-a9 -mfpu=vfpv3 -mfloat-abi=hard -nos
TRACE::2026-02-05.16:45:44::SCWBDomain::tartfiles -g -Wall -Wextra"

TRACE::2026-02-05.16:45:44::SCWBDomain::make[2]: Entering directory 'C:/Users/cihem/CPRE-488-Labs/Mp-0_New/vitis2/design_1_wrapper/zynq_fsbl/zynq_fsbl_bsp/ps7_cortexa9
TRACE::2026-02-05.16:45:44::SCWBDomain::_0/libsrc/standalone_v7_2/src'

TRACE::2026-02-05.16:45:44::SCWBDomain::"Compiling standalone"

TRACE::2026-02-05.16:45:46::SCWBDomain::make[3]: Entering directory 'C:/Users/cihem/CPRE-488-Labs/Mp-0_New/vitis2/design_1_wrapper/zynq_fsbl/zynq_fsbl_bsp/ps7_cortexa9
TRACE::2026-02-05.16:45:46::SCWBDomain::_0/libsrc/standalone_v7_2/src/profile'

TRACE::2026-02-05.16:45:46::SCWBDomain::make[3]: Leaving directory 'C:/Users/cihem/CPRE-488-Labs/Mp-0_New/vitis2/design_1_wrapper/zynq_fsbl/zynq_fsbl_bsp/ps7_cortexa9_
TRACE::2026-02-05.16:45:46::SCWBDomain::0/libsrc/standalone_v7_2/src/profile'

TRACE::2026-02-05.16:45:46::SCWBDomain::make[2]: Leaving directory 'C:/Users/cihem/CPRE-488-Labs/Mp-0_New/vitis2/design_1_wrapper/zynq_fsbl/zynq_fsbl_bsp/ps7_cortexa9_
TRACE::2026-02-05.16:45:46::SCWBDomain::0/libsrc/standalone_v7_2/src'

TRACE::2026-02-05.16:45:46::SCWBDomain::"Running Make libs in ps7_cortexa9_0/libsrc/ttcps_v3_11/src"

TRACE::2026-02-05.16:45:46::SCWBDomain::make -C ps7_cortexa9_0/libsrc/ttcps_v3_11/src -s libs  "SHELL=CMD" "COMPILER=arm-none-eabi-gcc" "ASSEMBLER=arm-none-eabi-as" "A
TRACE::2026-02-05.16:45:46::SCWBDomain::RCHIVER=arm-none-eabi-ar" "COMPILER_FLAGS=  -O2 -c" "EXTRA_COMPILER_FLAGS=-mcpu=cortex-a9 -mfpu=vfpv3 -mfloat-abi=hard -nostart
TRACE::2026-02-05.16:45:46::SCWBDomain::files -g -Wall -Wextra"

TRACE::2026-02-05.16:45:46::SCWBDomain::make[2]: Entering directory 'C:/Users/cihem/CPRE-488-Labs/Mp-0_New/vitis2/design_1_wrapper/zynq_fsbl/zynq_fsbl_bsp/ps7_cortexa9
TRACE::2026-02-05.16:45:46::SCWBDomain::_0/libsrc/ttcps_v3_11/src'

TRACE::2026-02-05.16:45:46::SCWBDomain::"Compiling ttcps"

TRACE::2026-02-05.16:45:46::SCWBDomain::make[2]: Leaving directory 'C:/Users/cihem/CPRE-488-Labs/Mp-0_New/vitis2/design_1_wrapper/zynq_fsbl/zynq_fsbl_bsp/ps7_cortexa9_
TRACE::2026-02-05.16:45:46::SCWBDomain::0/libsrc/ttcps_v3_11/src'

TRACE::2026-02-05.16:45:46::SCWBDomain::"Running Make libs in ps7_cortexa9_0/libsrc/uartps_v3_9/src"

TRACE::2026-02-05.16:45:46::SCWBDomain::make -C ps7_cortexa9_0/libsrc/uartps_v3_9/src -s libs  "SHELL=CMD" "COMPILER=arm-none-eabi-gcc" "ASSEMBLER=arm-none-eabi-as" "A
TRACE::2026-02-05.16:45:46::SCWBDomain::RCHIVER=arm-none-eabi-ar" "COMPILER_FLAGS=  -O2 -c" "EXTRA_COMPILER_FLAGS=-mcpu=cortex-a9 -mfpu=vfpv3 -mfloat-abi=hard -nostart
TRACE::2026-02-05.16:45:46::SCWBDomain::files -g -Wall -Wextra"

TRACE::2026-02-05.16:45:46::SCWBDomain::make[2]: Entering directory 'C:/Users/cihem/CPRE-488-Labs/Mp-0_New/vitis2/design_1_wrapper/zynq_fsbl/zynq_fsbl_bsp/ps7_cortexa9
TRACE::2026-02-05.16:45:46::SCWBDomain::_0/libsrc/uartps_v3_9/src'

TRACE::2026-02-05.16:45:46::SCWBDomain::"Compiling uartps"

TRACE::2026-02-05.16:45:47::SCWBDomain::make[2]: Leaving directory 'C:/Users/cihem/CPRE-488-Labs/Mp-0_New/vitis2/design_1_wrapper/zynq_fsbl/zynq_fsbl_bsp/ps7_cortexa9_
TRACE::2026-02-05.16:45:47::SCWBDomain::0/libsrc/uartps_v3_9/src'

TRACE::2026-02-05.16:45:47::SCWBDomain::"Running Make libs in ps7_cortexa9_0/libsrc/usbps_v2_5/src"

TRACE::2026-02-05.16:45:47::SCWBDomain::make -C ps7_cortexa9_0/libsrc/usbps_v2_5/src -s libs  "SHELL=CMD" "COMPILER=arm-none-eabi-gcc" "ASSEMBLER=arm-none-eabi-as" "AR
TRACE::2026-02-05.16:45:47::SCWBDomain::CHIVER=arm-none-eabi-ar" "COMPILER_FLAGS=  -O2 -c" "EXTRA_COMPILER_FLAGS=-mcpu=cortex-a9 -mfpu=vfpv3 -mfloat-abi=hard -nostartf
TRACE::2026-02-05.16:45:47::SCWBDomain::iles -g -Wall -Wextra"

TRACE::2026-02-05.16:45:47::SCWBDomain::make[2]: Entering directory 'C:/Users/cihem/CPRE-488-Labs/Mp-0_New/vitis2/design_1_wrapper/zynq_fsbl/zynq_fsbl_bsp/ps7_cortexa9
TRACE::2026-02-05.16:45:47::SCWBDomain::_0/libsrc/usbps_v2_5/src'

TRACE::2026-02-05.16:45:47::SCWBDomain::"Compiling usbps"

TRACE::2026-02-05.16:45:48::SCWBDomain::make[2]: Leaving directory 'C:/Users/cihem/CPRE-488-Labs/Mp-0_New/vitis2/design_1_wrapper/zynq_fsbl/zynq_fsbl_bsp/ps7_cortexa9_
TRACE::2026-02-05.16:45:48::SCWBDomain::0/libsrc/usbps_v2_5/src'

TRACE::2026-02-05.16:45:48::SCWBDomain::"Running Make libs in ps7_cortexa9_0/libsrc/vtc_v8_2/src"

TRACE::2026-02-05.16:45:48::SCWBDomain::make -C ps7_cortexa9_0/libsrc/vtc_v8_2/src -s libs  "SHELL=CMD" "COMPILER=arm-none-eabi-gcc" "ASSEMBLER=arm-none-eabi-as" "ARCH
TRACE::2026-02-05.16:45:48::SCWBDomain::IVER=arm-none-eabi-ar" "COMPILER_FLAGS=  -O2 -c" "EXTRA_COMPILER_FLAGS=-mcpu=cortex-a9 -mfpu=vfpv3 -mfloat-abi=hard -nostartfil
TRACE::2026-02-05.16:45:48::SCWBDomain::es -g -Wall -Wextra"

TRACE::2026-02-05.16:45:48::SCWBDomain::make[2]: Entering directory 'C:/Users/cihem/CPRE-488-Labs/Mp-0_New/vitis2/design_1_wrapper/zynq_fsbl/zynq_fsbl_bsp/ps7_cortexa9
TRACE::2026-02-05.16:45:48::SCWBDomain::_0/libsrc/vtc_v8_2/src'

TRACE::2026-02-05.16:45:48::SCWBDomain::"Compiling video timing controller"

TRACE::2026-02-05.16:45:48::SCWBDomain::make[3]: Entering directory 'C:/Users/cihem/CPRE-488-Labs/Mp-0_New/vitis2/design_1_wrapper/zynq_fsbl/zynq_fsbl_bsp/ps7_cortexa9
TRACE::2026-02-05.16:45:48::SCWBDomain::_0/libsrc/vtc_v8_2/src'

TRACE::2026-02-05.16:45:48::SCWBDomain::make[3]: Leaving directory 'C:/Users/cihem/CPRE-488-Labs/Mp-0_New/vitis2/design_1_wrapper/zynq_fsbl/zynq_fsbl_bsp/ps7_cortexa9_
TRACE::2026-02-05.16:45:48::SCWBDomain::0/libsrc/vtc_v8_2/src'

TRACE::2026-02-05.16:45:48::SCWBDomain::make[2]: Leaving directory 'C:/Users/cihem/CPRE-488-Labs/Mp-0_New/vitis2/design_1_wrapper/zynq_fsbl/zynq_fsbl_bsp/ps7_cortexa9_
TRACE::2026-02-05.16:45:48::SCWBDomain::0/libsrc/vtc_v8_2/src'

TRACE::2026-02-05.16:45:48::SCWBDomain::"Running Make libs in ps7_cortexa9_0/libsrc/xadcps_v2_4/src"

TRACE::2026-02-05.16:45:48::SCWBDomain::make -C ps7_cortexa9_0/libsrc/xadcps_v2_4/src -s libs  "SHELL=CMD" "COMPILER=arm-none-eabi-gcc" "ASSEMBLER=arm-none-eabi-as" "A
TRACE::2026-02-05.16:45:48::SCWBDomain::RCHIVER=arm-none-eabi-ar" "COMPILER_FLAGS=  -O2 -c" "EXTRA_COMPILER_FLAGS=-mcpu=cortex-a9 -mfpu=vfpv3 -mfloat-abi=hard -nostart
TRACE::2026-02-05.16:45:48::SCWBDomain::files -g -Wall -Wextra"

TRACE::2026-02-05.16:45:48::SCWBDomain::make[2]: Entering directory 'C:/Users/cihem/CPRE-488-Labs/Mp-0_New/vitis2/design_1_wrapper/zynq_fsbl/zynq_fsbl_bsp/ps7_cortexa9
TRACE::2026-02-05.16:45:48::SCWBDomain::_0/libsrc/xadcps_v2_4/src'

TRACE::2026-02-05.16:45:48::SCWBDomain::"Compiling xadcps"

TRACE::2026-02-05.16:45:49::SCWBDomain::make[2]: Leaving directory 'C:/Users/cihem/CPRE-488-Labs/Mp-0_New/vitis2/design_1_wrapper/zynq_fsbl/zynq_fsbl_bsp/ps7_cortexa9_
TRACE::2026-02-05.16:45:49::SCWBDomain::0/libsrc/xadcps_v2_4/src'

TRACE::2026-02-05.16:45:49::SCWBDomain::"Running Make libs in ps7_cortexa9_0/libsrc/xilffs_v4_3/src"

TRACE::2026-02-05.16:45:49::SCWBDomain::make -C ps7_cortexa9_0/libsrc/xilffs_v4_3/src -s libs  "SHELL=CMD" "COMPILER=arm-none-eabi-gcc" "ASSEMBLER=arm-none-eabi-as" "A
TRACE::2026-02-05.16:45:49::SCWBDomain::RCHIVER=arm-none-eabi-ar" "COMPILER_FLAGS=  -O2 -c" "EXTRA_COMPILER_FLAGS=-mcpu=cortex-a9 -mfpu=vfpv3 -mfloat-abi=hard -nostart
TRACE::2026-02-05.16:45:49::SCWBDomain::files -g -Wall -Wextra"

TRACE::2026-02-05.16:45:49::SCWBDomain::make[2]: Entering directory 'C:/Users/cihem/CPRE-488-Labs/Mp-0_New/vitis2/design_1_wrapper/zynq_fsbl/zynq_fsbl_bsp/ps7_cortexa9
TRACE::2026-02-05.16:45:49::SCWBDomain::_0/libsrc/xilffs_v4_3/src'

TRACE::2026-02-05.16:45:49::SCWBDomain::"Compiling XilFFs Library"

TRACE::2026-02-05.16:45:50::SCWBDomain::make[2]: Leaving directory 'C:/Users/cihem/CPRE-488-Labs/Mp-0_New/vitis2/design_1_wrapper/zynq_fsbl/zynq_fsbl_bsp/ps7_cortexa9_
TRACE::2026-02-05.16:45:50::SCWBDomain::0/libsrc/xilffs_v4_3/src'

TRACE::2026-02-05.16:45:50::SCWBDomain::"Running Make libs in ps7_cortexa9_0/libsrc/xilrsa_v1_6/src"

TRACE::2026-02-05.16:45:50::SCWBDomain::make -C ps7_cortexa9_0/libsrc/xilrsa_v1_6/src -s libs  "SHELL=CMD" "COMPILER=arm-none-eabi-gcc" "ASSEMBLER=arm-none-eabi-as" "A
TRACE::2026-02-05.16:45:50::SCWBDomain::RCHIVER=arm-none-eabi-ar" "COMPILER_FLAGS=  -O2 -c" "EXTRA_COMPILER_FLAGS=-mcpu=cortex-a9 -mfpu=vfpv3 -mfloat-abi=hard -nostart
TRACE::2026-02-05.16:45:50::SCWBDomain::files -g -Wall -Wextra"

TRACE::2026-02-05.16:45:50::SCWBDomain::make[2]: Entering directory 'C:/Users/cihem/CPRE-488-Labs/Mp-0_New/vitis2/design_1_wrapper/zynq_fsbl/zynq_fsbl_bsp/ps7_cortexa9
TRACE::2026-02-05.16:45:50::SCWBDomain::_0/libsrc/xilrsa_v1_6/src'

TRACE::2026-02-05.16:45:50::SCWBDomain::make[2]: Leaving directory 'C:/Users/cihem/CPRE-488-Labs/Mp-0_New/vitis2/design_1_wrapper/zynq_fsbl/zynq_fsbl_bsp/ps7_cortexa9_
TRACE::2026-02-05.16:45:50::SCWBDomain::0/libsrc/xilrsa_v1_6/src'

TRACE::2026-02-05.16:45:50::SCWBDomain::'Finished building libraries'

TRACE::2026-02-05.16:45:50::SCWBDomain::make[1]: Leaving directory 'C:/Users/cihem/CPRE-488-Labs/Mp-0_New/vitis2/design_1_wrapper/zynq_fsbl/zynq_fsbl_bsp'

TRACE::2026-02-05.16:45:50::SCWBDomain::arm-none-eabi-gcc -MMD -MP       -mcpu=cortex-a9 -mfpu=vfpv3 -mfloat-abi=hard   -O2 -c -c sd.c -o sd.o -Izynq_fsbl_bsp/ps7_cort
TRACE::2026-02-05.16:45:50::SCWBDomain::exa9_0/include -I.

TRACE::2026-02-05.16:45:50::SCWBDomain::arm-none-eabi-gcc -MMD -MP       -mcpu=cortex-a9 -mfpu=vfpv3 -mfloat-abi=hard   -O2 -c -c nand.c -o nand.o -Izynq_fsbl_bsp/ps7_
TRACE::2026-02-05.16:45:50::SCWBDomain::cortexa9_0/include -I.

TRACE::2026-02-05.16:45:50::SCWBDomain::arm-none-eabi-gcc -MMD -MP       -mcpu=cortex-a9 -mfpu=vfpv3 -mfloat-abi=hard   -O2 -c -c nor.c -o nor.o -Izynq_fsbl_bsp/ps7_co
TRACE::2026-02-05.16:45:50::SCWBDomain::rtexa9_0/include -I.

TRACE::2026-02-05.16:45:50::SCWBDomain::arm-none-eabi-gcc -MMD -MP       -mcpu=cortex-a9 -mfpu=vfpv3 -mfloat-abi=hard   -O2 -c -c image_mover.c -o image_mover.o -Izynq
TRACE::2026-02-05.16:45:50::SCWBDomain::_fsbl_bsp/ps7_cortexa9_0/include -I.

TRACE::2026-02-05.16:45:50::SCWBDomain::arm-none-eabi-gcc -MMD -MP       -mcpu=cortex-a9 -mfpu=vfpv3 -mfloat-abi=hard   -O2 -c -c md5.c -o md5.o -Izynq_fsbl_bsp/ps7_co
TRACE::2026-02-05.16:45:50::SCWBDomain::rtexa9_0/include -I.

TRACE::2026-02-05.16:45:50::SCWBDomain::arm-none-eabi-gcc -MMD -MP       -mcpu=cortex-a9 -mfpu=vfpv3 -mfloat-abi=hard   -O2 -c -c fsbl_hooks.c -o fsbl_hooks.o -Izynq_f
TRACE::2026-02-05.16:45:50::SCWBDomain::sbl_bsp/ps7_cortexa9_0/include -I.

TRACE::2026-02-05.16:45:50::SCWBDomain::arm-none-eabi-gcc -MMD -MP       -mcpu=cortex-a9 -mfpu=vfpv3 -mfloat-abi=hard   -O2 -c -c main.c -o main.o -Izynq_fsbl_bsp/ps7_
TRACE::2026-02-05.16:45:50::SCWBDomain::cortexa9_0/include -I.

TRACE::2026-02-05.16:45:50::SCWBDomain::arm-none-eabi-gcc -MMD -MP       -mcpu=cortex-a9 -mfpu=vfpv3 -mfloat-abi=hard   -O2 -c -c rsa.c -o rsa.o -Izynq_fsbl_bsp/ps7_co
TRACE::2026-02-05.16:45:50::SCWBDomain::rtexa9_0/include -I.

TRACE::2026-02-05.16:45:50::SCWBDomain::arm-none-eabi-gcc -MMD -MP       -mcpu=cortex-a9 -mfpu=vfpv3 -mfloat-abi=hard   -O2 -c -c qspi.c -o qspi.o -Izynq_fsbl_bsp/ps7_
TRACE::2026-02-05.16:45:50::SCWBDomain::cortexa9_0/include -I.

TRACE::2026-02-05.16:45:50::SCWBDomain::arm-none-eabi-gcc -MMD -MP       -mcpu=cortex-a9 -mfpu=vfpv3 -mfloat-abi=hard   -O2 -c -c ps7_init.c -o ps7_init.o -Izynq_fsbl_
TRACE::2026-02-05.16:45:50::SCWBDomain::bsp/ps7_cortexa9_0/include -I.

TRACE::2026-02-05.16:45:51::SCWBDomain::arm-none-eabi-gcc -MMD -MP       -mcpu=cortex-a9 -mfpu=vfpv3 -mfloat-abi=hard   -O2 -c -c pcap.c -o pcap.o -Izynq_fsbl_bsp/ps7_
TRACE::2026-02-05.16:45:51::SCWBDomain::cortexa9_0/include -I.

TRACE::2026-02-05.16:45:51::SCWBDomain::arm-none-eabi-gcc -MMD -MP       -mcpu=cortex-a9 -mfpu=vfpv3 -mfloat-abi=hard   -O2 -c -c fsbl_handoff.S -o fsbl_handoff.o -Izy
TRACE::2026-02-05.16:45:51::SCWBDomain::nq_fsbl_bsp/ps7_cortexa9_0/include -I.

TRACE::2026-02-05.16:45:51::SCWBDomain::arm-none-eabi-gcc -o executable.elf  sd.o  nand.o  nor.o  image_mover.o  md5.o  fsbl_hooks.o  main.o  rsa.o  qspi.o  ps7_init.o
TRACE::2026-02-05.16:45:51::SCWBDomain::  pcap.o  fsbl_handoff.o -MMD -MP       -mcpu=cortex-a9 -mfpu=vfpv3 -mfloat-abi=hard   -mcpu=cortex-a9 -mfpu=vfpv3 -mfloat-abi=
TRACE::2026-02-05.16:45:51::SCWBDomain::hard -Wl,-build-id=none -specs=Xilinx.spec  -lrsa -Wl,--start-group,-lxil,-lgcc,-lc,--end-group -Wl,--start-group,-lxilffs,-lxi
TRACE::2026-02-05.16:45:51::SCWBDomain::l,-lgcc,-lc,--end-group -Wl,--start-group,-lrsa,-lxil,-lgcc,-lc,--end-group                                      -Wl,--gc-secti
TRACE::2026-02-05.16:45:51::SCWBDomain::ons -Lzynq_fsbl_bsp/ps7_cortexa9_0/lib -L./ -Tlscript.ld

LOG::2026-02-05.16:45:51::SCWSystem::Checking the domain domain_ps7_cortexa9_0
LOG::2026-02-05.16:45:51::SCWSystem::Not a boot domain 
LOG::2026-02-05.16:45:51::SCWSystem::Started Processing the domain domain_ps7_cortexa9_0
TRACE::2026-02-05.16:45:51::SCWDomain::Generating domain artifcats
TRACE::2026-02-05.16:45:51::SCWMssOS::Generating standalone artifcats
TRACE::2026-02-05.16:45:51::SCWMssOS::Copying the qemu file from  C:/Xilinx/Vitis/2020.1/data/emulation/platforms/zynq/qemu/qemu_args.txt To C:/Users/cihem/CPRE-488-Labs/Mp-0_New/vitis2/design_1_wrapper/export/design_1_wrapper/sw/design_1_wrapper/qemu/
TRACE::2026-02-05.16:45:51::SCWMssOS::Copying the qemu file from  C:/Xilinx/Vitis/2020.1/data/emulation/platforms/zynq/qemu/qemu_args.txt To C:/Users/cihem/CPRE-488-Labs/Mp-0_New/vitis2/design_1_wrapper/export/design_1_wrapper/sw/design_1_wrapper/domain_ps7_cortexa9_0/qemu/
TRACE::2026-02-05.16:45:51::SCWMssOS:: Copying the user libraries. 
TRACE::2026-02-05.16:45:51::SCWPlatform::Trying to open the hw design at C:/Users/cihem/CPRE-488-Labs/Mp-0_New/vitis2/design_1_wrapper/hw/design_1_wrapper.xsa
TRACE::2026-02-05.16:45:51::SCWPlatform::DSA given C:/Users/cihem/CPRE-488-Labs/Mp-0_New/vitis2/design_1_wrapper/hw/design_1_wrapper.xsa
TRACE::2026-02-05.16:45:51::SCWPlatform::DSA absoulate path C:/Users/cihem/CPRE-488-Labs/Mp-0_New/vitis2/design_1_wrapper/hw/design_1_wrapper.xsa
TRACE::2026-02-05.16:45:51::SCWPlatform::DSA directory C:/Users/cihem/CPRE-488-Labs/Mp-0_New/vitis2/design_1_wrapper/hw
TRACE::2026-02-05.16:45:51::SCWPlatform:: Platform Path C:/Users/cihem/CPRE-488-Labs/Mp-0_New/vitis2/design_1_wrapper/hw/design_1_wrapper.xsa
TRACE::2026-02-05.16:45:51::SCWPlatform:: Unique name xilinx:zed::0.0
TRACE::2026-02-05.16:45:51::SCWPlatform::Trying to set the existing hwdb with name design_1_wrapper_0
TRACE::2026-02-05.16:45:51::SCWPlatform::Opened existing hwdb design_1_wrapper_0
TRACE::2026-02-05.16:45:51::SCWPlatform::Found the Hw Db part of the input DSA
TRACE::2026-02-05.16:45:51::SCWMssOS::Checking the sw design at  C:/Users/cihem/CPRE-488-Labs/Mp-0_New/vitis2/design_1_wrapper/ps7_cortexa9_0/domain_ps7_cortexa9_0/bsp/system.mss
TRACE::2026-02-05.16:45:51::SCWMssOS::DEBUG:  swdes dump  C:/Users/cihem/CPRE-488-Labs/Mp-0_New/vitis2/design_1_wrapper/ps7_cortexa9_0/domain_ps7_cortexa9_0/bsp/system.mss|system_0||
C:/Users/cihem/CPRE-488-Labs/Mp-0_New/vitis2/design_1_wrapper/zynq_fsbl/zynq_fsbl_bsp/system.mss|system||

TRACE::2026-02-05.16:45:51::SCWMssOS::Sw design exists and opened at  C:/Users/cihem/CPRE-488-Labs/Mp-0_New/vitis2/design_1_wrapper/ps7_cortexa9_0/domain_ps7_cortexa9_0/bsp/system.mss
TRACE::2026-02-05.16:45:51::SCWMssOS::Completed writing the mss file at C:/Users/cihem/CPRE-488-Labs/Mp-0_New/vitis2/design_1_wrapper/ps7_cortexa9_0/domain_ps7_cortexa9_0/bsp
TRACE::2026-02-05.16:45:51::SCWMssOS::Mss edits present, copying mssfile into export location C:/Users/cihem/CPRE-488-Labs/Mp-0_New/vitis2/design_1_wrapper/ps7_cortexa9_0/domain_ps7_cortexa9_0/bsp/system.mss
TRACE::2026-02-05.16:45:51::SCWMssOS::bsp generated is upto date with the mss file. Skipping bsp generation.
TRACE::2026-02-05.16:45:51::SCWMssOS::BSP is already built. skipping the bsp build ... 
TRACE::2026-02-05.16:45:51::SCWDomain::Building the domain as part of full build :  domain_ps7_cortexa9_0
TRACE::2026-02-05.16:45:51::SCWMssOS::doing bsp build ... 
TRACE::2026-02-05.16:45:51::SCWMssOS::System Command Ran  C: & cd  C:/Users/cihem/CPRE-488-Labs/Mp-0_New/vitis2/design_1_wrapper/ps7_cortexa9_0/domain_ps7_cortexa9_0/bsp & make 
TRACE::2026-02-05.16:45:51::SCWMssOS::"Running Make include in ps7_cortexa9_0/libsrc/axivdma_v6_7/src"

TRACE::2026-02-05.16:45:51::SCWMssOS::make -C ps7_cortexa9_0/libsrc/axivdma_v6_7/src -s include  "SHELL=CMD" "COMPILER=arm-none-eabi-gcc" "ASSEMBLER=arm-none-eabi-as
TRACE::2026-02-05.16:45:51::SCWMssOS::" "ARCHIVER=arm-none-eabi-ar" "COMPILER_FLAGS=  -O2 -c" "EXTRA_COMPILER_FLAGS=-mcpu=cortex-a9 -mfpu=vfpv3 -mfloat-abi=hard -nos
TRACE::2026-02-05.16:45:51::SCWMssOS::tartfiles -g -Wall -Wextra"

TRACE::2026-02-05.16:45:51::SCWMssOS::"Running Make include in ps7_cortexa9_0/libsrc/coresightps_dcc_v1_7/src"

TRACE::2026-02-05.16:45:51::SCWMssOS::make -C ps7_cortexa9_0/libsrc/coresightps_dcc_v1_7/src -s include  "SHELL=CMD" "COMPILER=arm-none-eabi-gcc" "ASSEMBLER=arm-none
TRACE::2026-02-05.16:45:51::SCWMssOS::-eabi-as" "ARCHIVER=arm-none-eabi-ar" "COMPILER_FLAGS=  -O2 -c" "EXTRA_COMPILER_FLAGS=-mcpu=cortex-a9 -mfpu=vfpv3 -mfloat-abi=h
TRACE::2026-02-05.16:45:51::SCWMssOS::ard -nostartfiles -g -Wall -Wextra"

TRACE::2026-02-05.16:45:51::SCWMssOS::"Running Make include in ps7_cortexa9_0/libsrc/cpu_cortexa9_v2_9/src"

TRACE::2026-02-05.16:45:51::SCWMssOS::make -C ps7_cortexa9_0/libsrc/cpu_cortexa9_v2_9/src -s include  "SHELL=CMD" "COMPILER=arm-none-eabi-gcc" "ASSEMBLER=arm-none-ea
TRACE::2026-02-05.16:45:51::SCWMssOS::bi-as" "ARCHIVER=arm-none-eabi-ar" "COMPILER_FLAGS=  -O2 -c" "EXTRA_COMPILER_FLAGS=-mcpu=cortex-a9 -mfpu=vfpv3 -mfloat-abi=hard
TRACE::2026-02-05.16:45:51::SCWMssOS:: -nostartfiles -g -Wall -Wextra"

TRACE::2026-02-05.16:45:51::SCWMssOS::"Running Make include in ps7_cortexa9_0/libsrc/ddrps_v1_1/src"

TRACE::2026-02-05.16:45:51::SCWMssOS::make -C ps7_cortexa9_0/libsrc/ddrps_v1_1/src -s include  "SHELL=CMD" "COMPILER=arm-none-eabi-gcc" "ASSEMBLER=arm-none-eabi-as" 
TRACE::2026-02-05.16:45:51::SCWMssOS::"ARCHIVER=arm-none-eabi-ar" "COMPILER_FLAGS=  -O2 -c" "EXTRA_COMPILER_FLAGS=-mcpu=cortex-a9 -mfpu=vfpv3 -mfloat-abi=hard -nosta
TRACE::2026-02-05.16:45:51::SCWMssOS::rtfiles -g -Wall -Wextra"

TRACE::2026-02-05.16:45:51::SCWMssOS::"Running Make include in ps7_cortexa9_0/libsrc/devcfg_v3_6/src"

TRACE::2026-02-05.16:45:51::SCWMssOS::make -C ps7_cortexa9_0/libsrc/devcfg_v3_6/src -s include  "SHELL=CMD" "COMPILER=arm-none-eabi-gcc" "ASSEMBLER=arm-none-eabi-as"
TRACE::2026-02-05.16:45:51::SCWMssOS:: "ARCHIVER=arm-none-eabi-ar" "COMPILER_FLAGS=  -O2 -c" "EXTRA_COMPILER_FLAGS=-mcpu=cortex-a9 -mfpu=vfpv3 -mfloat-abi=hard -nost
TRACE::2026-02-05.16:45:51::SCWMssOS::artfiles -g -Wall -Wextra"

TRACE::2026-02-05.16:45:51::SCWMssOS::"Running Make include in ps7_cortexa9_0/libsrc/dmaps_v2_6/src"

TRACE::2026-02-05.16:45:51::SCWMssOS::make -C ps7_cortexa9_0/libsrc/dmaps_v2_6/src -s include  "SHELL=CMD" "COMPILER=arm-none-eabi-gcc" "ASSEMBLER=arm-none-eabi-as" 
TRACE::2026-02-05.16:45:51::SCWMssOS::"ARCHIVER=arm-none-eabi-ar" "COMPILER_FLAGS=  -O2 -c" "EXTRA_COMPILER_FLAGS=-mcpu=cortex-a9 -mfpu=vfpv3 -mfloat-abi=hard -nosta
TRACE::2026-02-05.16:45:51::SCWMssOS::rtfiles -g -Wall -Wextra"

TRACE::2026-02-05.16:45:51::SCWMssOS::"Running Make include in ps7_cortexa9_0/libsrc/emacps_v3_11/src"

TRACE::2026-02-05.16:45:51::SCWMssOS::make -C ps7_cortexa9_0/libsrc/emacps_v3_11/src -s include  "SHELL=CMD" "COMPILER=arm-none-eabi-gcc" "ASSEMBLER=arm-none-eabi-as
TRACE::2026-02-05.16:45:51::SCWMssOS::" "ARCHIVER=arm-none-eabi-ar" "COMPILER_FLAGS=  -O2 -c" "EXTRA_COMPILER_FLAGS=-mcpu=cortex-a9 -mfpu=vfpv3 -mfloat-abi=hard -nos
TRACE::2026-02-05.16:45:51::SCWMssOS::tartfiles -g -Wall -Wextra"

TRACE::2026-02-05.16:45:51::SCWMssOS::"Running Make include in ps7_cortexa9_0/libsrc/gpiops_v3_7/src"

TRACE::2026-02-05.16:45:51::SCWMssOS::make -C ps7_cortexa9_0/libsrc/gpiops_v3_7/src -s include  "SHELL=CMD" "COMPILER=arm-none-eabi-gcc" "ASSEMBLER=arm-none-eabi-as"
TRACE::2026-02-05.16:45:51::SCWMssOS:: "ARCHIVER=arm-none-eabi-ar" "COMPILER_FLAGS=  -O2 -c" "EXTRA_COMPILER_FLAGS=-mcpu=cortex-a9 -mfpu=vfpv3 -mfloat-abi=hard -nost
TRACE::2026-02-05.16:45:51::SCWMssOS::artfiles -g -Wall -Wextra"

TRACE::2026-02-05.16:45:51::SCWMssOS::"Running Make include in ps7_cortexa9_0/libsrc/qspips_v3_7/src"

TRACE::2026-02-05.16:45:51::SCWMssOS::make -C ps7_cortexa9_0/libsrc/qspips_v3_7/src -s include  "SHELL=CMD" "COMPILER=arm-none-eabi-gcc" "ASSEMBLER=arm-none-eabi-as"
TRACE::2026-02-05.16:45:51::SCWMssOS:: "ARCHIVER=arm-none-eabi-ar" "COMPILER_FLAGS=  -O2 -c" "EXTRA_COMPILER_FLAGS=-mcpu=cortex-a9 -mfpu=vfpv3 -mfloat-abi=hard -nost
TRACE::2026-02-05.16:45:51::SCWMssOS::artfiles -g -Wall -Wextra"

TRACE::2026-02-05.16:45:52::SCWMssOS::"Running Make include in ps7_cortexa9_0/libsrc/scugic_v4_2/src"

TRACE::2026-02-05.16:45:52::SCWMssOS::make -C ps7_cortexa9_0/libsrc/scugic_v4_2/src -s include  "SHELL=CMD" "COMPILER=arm-none-eabi-gcc" "ASSEMBLER=arm-none-eabi-as"
TRACE::2026-02-05.16:45:52::SCWMssOS:: "ARCHIVER=arm-none-eabi-ar" "COMPILER_FLAGS=  -O2 -c" "EXTRA_COMPILER_FLAGS=-mcpu=cortex-a9 -mfpu=vfpv3 -mfloat-abi=hard -nost
TRACE::2026-02-05.16:45:52::SCWMssOS::artfiles -g -Wall -Wextra"

TRACE::2026-02-05.16:45:52::SCWMssOS::"Running Make include in ps7_cortexa9_0/libsrc/scutimer_v2_2/src"

TRACE::2026-02-05.16:45:52::SCWMssOS::make -C ps7_cortexa9_0/libsrc/scutimer_v2_2/src -s include  "SHELL=CMD" "COMPILER=arm-none-eabi-gcc" "ASSEMBLER=arm-none-eabi-a
TRACE::2026-02-05.16:45:52::SCWMssOS::s" "ARCHIVER=arm-none-eabi-ar" "COMPILER_FLAGS=  -O2 -c" "EXTRA_COMPILER_FLAGS=-mcpu=cortex-a9 -mfpu=vfpv3 -mfloat-abi=hard -no
TRACE::2026-02-05.16:45:52::SCWMssOS::startfiles -g -Wall -Wextra"

TRACE::2026-02-05.16:45:52::SCWMssOS::"Running Make include in ps7_cortexa9_0/libsrc/scuwdt_v2_2/src"

TRACE::2026-02-05.16:45:52::SCWMssOS::make -C ps7_cortexa9_0/libsrc/scuwdt_v2_2/src -s include  "SHELL=CMD" "COMPILER=arm-none-eabi-gcc" "ASSEMBLER=arm-none-eabi-as"
TRACE::2026-02-05.16:45:52::SCWMssOS:: "ARCHIVER=arm-none-eabi-ar" "COMPILER_FLAGS=  -O2 -c" "EXTRA_COMPILER_FLAGS=-mcpu=cortex-a9 -mfpu=vfpv3 -mfloat-abi=hard -nost
TRACE::2026-02-05.16:45:52::SCWMssOS::artfiles -g -Wall -Wextra"

TRACE::2026-02-05.16:45:52::SCWMssOS::"Running Make include in ps7_cortexa9_0/libsrc/sdps_v3_9/src"

TRACE::2026-02-05.16:45:52::SCWMssOS::make -C ps7_cortexa9_0/libsrc/sdps_v3_9/src -s include  "SHELL=CMD" "COMPILER=arm-none-eabi-gcc" "ASSEMBLER=arm-none-eabi-as" "
TRACE::2026-02-05.16:45:52::SCWMssOS::ARCHIVER=arm-none-eabi-ar" "COMPILER_FLAGS=  -O2 -c" "EXTRA_COMPILER_FLAGS=-mcpu=cortex-a9 -mfpu=vfpv3 -mfloat-abi=hard -nostar
TRACE::2026-02-05.16:45:52::SCWMssOS::tfiles -g -Wall -Wextra"

TRACE::2026-02-05.16:45:52::SCWMssOS::"Running Make include in ps7_cortexa9_0/libsrc/standalone_v7_2/src"

TRACE::2026-02-05.16:45:52::SCWMssOS::make -C ps7_cortexa9_0/libsrc/standalone_v7_2/src -s include  "SHELL=CMD" "COMPILER=arm-none-eabi-gcc" "ASSEMBLER=arm-none-eabi
TRACE::2026-02-05.16:45:52::SCWMssOS::-as" "ARCHIVER=arm-none-eabi-ar" "COMPILER_FLAGS=  -O2 -c" "EXTRA_COMPILER_FLAGS=-mcpu=cortex-a9 -mfpu=vfpv3 -mfloat-abi=hard -
TRACE::2026-02-05.16:45:52::SCWMssOS::nostartfiles -g -Wall -Wextra"

TRACE::2026-02-05.16:45:52::SCWMssOS::"Running Make include in ps7_cortexa9_0/libsrc/ttcps_v3_11/src"

TRACE::2026-02-05.16:45:52::SCWMssOS::make -C ps7_cortexa9_0/libsrc/ttcps_v3_11/src -s include  "SHELL=CMD" "COMPILER=arm-none-eabi-gcc" "ASSEMBLER=arm-none-eabi-as"
TRACE::2026-02-05.16:45:52::SCWMssOS:: "ARCHIVER=arm-none-eabi-ar" "COMPILER_FLAGS=  -O2 -c" "EXTRA_COMPILER_FLAGS=-mcpu=cortex-a9 -mfpu=vfpv3 -mfloat-abi=hard -nost
TRACE::2026-02-05.16:45:52::SCWMssOS::artfiles -g -Wall -Wextra"

TRACE::2026-02-05.16:45:52::SCWMssOS::"Running Make include in ps7_cortexa9_0/libsrc/uartps_v3_9/src"

TRACE::2026-02-05.16:45:52::SCWMssOS::make -C ps7_cortexa9_0/libsrc/uartps_v3_9/src -s include  "SHELL=CMD" "COMPILER=arm-none-eabi-gcc" "ASSEMBLER=arm-none-eabi-as"
TRACE::2026-02-05.16:45:52::SCWMssOS:: "ARCHIVER=arm-none-eabi-ar" "COMPILER_FLAGS=  -O2 -c" "EXTRA_COMPILER_FLAGS=-mcpu=cortex-a9 -mfpu=vfpv3 -mfloat-abi=hard -nost
TRACE::2026-02-05.16:45:52::SCWMssOS::artfiles -g -Wall -Wextra"

TRACE::2026-02-05.16:45:52::SCWMssOS::"Running Make include in ps7_cortexa9_0/libsrc/usbps_v2_5/src"

TRACE::2026-02-05.16:45:52::SCWMssOS::make -C ps7_cortexa9_0/libsrc/usbps_v2_5/src -s include  "SHELL=CMD" "COMPILER=arm-none-eabi-gcc" "ASSEMBLER=arm-none-eabi-as" 
TRACE::2026-02-05.16:45:52::SCWMssOS::"ARCHIVER=arm-none-eabi-ar" "COMPILER_FLAGS=  -O2 -c" "EXTRA_COMPILER_FLAGS=-mcpu=cortex-a9 -mfpu=vfpv3 -mfloat-abi=hard -nosta
TRACE::2026-02-05.16:45:52::SCWMssOS::rtfiles -g -Wall -Wextra"

TRACE::2026-02-05.16:45:52::SCWMssOS::"Running Make include in ps7_cortexa9_0/libsrc/vtc_v8_2/src"

TRACE::2026-02-05.16:45:52::SCWMssOS::make -C ps7_cortexa9_0/libsrc/vtc_v8_2/src -s include  "SHELL=CMD" "COMPILER=arm-none-eabi-gcc" "ASSEMBLER=arm-none-eabi-as" "A
TRACE::2026-02-05.16:45:52::SCWMssOS::RCHIVER=arm-none-eabi-ar" "COMPILER_FLAGS=  -O2 -c" "EXTRA_COMPILER_FLAGS=-mcpu=cortex-a9 -mfpu=vfpv3 -mfloat-abi=hard -nostart
TRACE::2026-02-05.16:45:52::SCWMssOS::files -g -Wall -Wextra"

TRACE::2026-02-05.16:45:52::SCWMssOS::"Running Make include in ps7_cortexa9_0/libsrc/xadcps_v2_4/src"

TRACE::2026-02-05.16:45:52::SCWMssOS::make -C ps7_cortexa9_0/libsrc/xadcps_v2_4/src -s include  "SHELL=CMD" "COMPILER=arm-none-eabi-gcc" "ASSEMBLER=arm-none-eabi-as"
TRACE::2026-02-05.16:45:52::SCWMssOS:: "ARCHIVER=arm-none-eabi-ar" "COMPILER_FLAGS=  -O2 -c" "EXTRA_COMPILER_FLAGS=-mcpu=cortex-a9 -mfpu=vfpv3 -mfloat-abi=hard -nost
TRACE::2026-02-05.16:45:52::SCWMssOS::artfiles -g -Wall -Wextra"

TRACE::2026-02-05.16:45:52::SCWMssOS::"Running Make libs in ps7_cortexa9_0/libsrc/axivdma_v6_7/src"

TRACE::2026-02-05.16:45:52::SCWMssOS::make -C ps7_cortexa9_0/libsrc/axivdma_v6_7/src -s libs  "SHELL=CMD" "COMPILER=arm-none-eabi-gcc" "ASSEMBLER=arm-none-eabi-as" "
TRACE::2026-02-05.16:45:52::SCWMssOS::ARCHIVER=arm-none-eabi-ar" "COMPILER_FLAGS=  -O2 -c" "EXTRA_COMPILER_FLAGS=-mcpu=cortex-a9 -mfpu=vfpv3 -mfloat-abi=hard -nostar
TRACE::2026-02-05.16:45:52::SCWMssOS::tfiles -g -Wall -Wextra"

TRACE::2026-02-05.16:45:52::SCWMssOS::"Compiling axivdma"

TRACE::2026-02-05.16:45:53::SCWMssOS::"Running Make libs in ps7_cortexa9_0/libsrc/coresightps_dcc_v1_7/src"

TRACE::2026-02-05.16:45:53::SCWMssOS::make -C ps7_cortexa9_0/libsrc/coresightps_dcc_v1_7/src -s libs  "SHELL=CMD" "COMPILER=arm-none-eabi-gcc" "ASSEMBLER=arm-none-ea
TRACE::2026-02-05.16:45:53::SCWMssOS::bi-as" "ARCHIVER=arm-none-eabi-ar" "COMPILER_FLAGS=  -O2 -c" "EXTRA_COMPILER_FLAGS=-mcpu=cortex-a9 -mfpu=vfpv3 -mfloat-abi=hard
TRACE::2026-02-05.16:45:53::SCWMssOS:: -nostartfiles -g -Wall -Wextra"

TRACE::2026-02-05.16:45:53::SCWMssOS::"Compiling coresightps_dcc"

TRACE::2026-02-05.16:45:53::SCWMssOS::"Running Make libs in ps7_cortexa9_0/libsrc/cpu_cortexa9_v2_9/src"

TRACE::2026-02-05.16:45:53::SCWMssOS::make -C ps7_cortexa9_0/libsrc/cpu_cortexa9_v2_9/src -s libs  "SHELL=CMD" "COMPILER=arm-none-eabi-gcc" "ASSEMBLER=arm-none-eabi-
TRACE::2026-02-05.16:45:53::SCWMssOS::as" "ARCHIVER=arm-none-eabi-ar" "COMPILER_FLAGS=  -O2 -c" "EXTRA_COMPILER_FLAGS=-mcpu=cortex-a9 -mfpu=vfpv3 -mfloat-abi=hard -n
TRACE::2026-02-05.16:45:53::SCWMssOS::ostartfiles -g -Wall -Wextra"

TRACE::2026-02-05.16:45:53::SCWMssOS::"Compiling cpu_cortexa9"

TRACE::2026-02-05.16:45:53::SCWMssOS::"Running Make libs in ps7_cortexa9_0/libsrc/ddrps_v1_1/src"

TRACE::2026-02-05.16:45:53::SCWMssOS::make -C ps7_cortexa9_0/libsrc/ddrps_v1_1/src -s libs  "SHELL=CMD" "COMPILER=arm-none-eabi-gcc" "ASSEMBLER=arm-none-eabi-as" "AR
TRACE::2026-02-05.16:45:53::SCWMssOS::CHIVER=arm-none-eabi-ar" "COMPILER_FLAGS=  -O2 -c" "EXTRA_COMPILER_FLAGS=-mcpu=cortex-a9 -mfpu=vfpv3 -mfloat-abi=hard -nostartf
TRACE::2026-02-05.16:45:53::SCWMssOS::iles -g -Wall -Wextra"

TRACE::2026-02-05.16:45:53::SCWMssOS::"Compiling ddrps"

TRACE::2026-02-05.16:45:53::SCWMssOS::"Running Make libs in ps7_cortexa9_0/libsrc/devcfg_v3_6/src"

TRACE::2026-02-05.16:45:53::SCWMssOS::make -C ps7_cortexa9_0/libsrc/devcfg_v3_6/src -s libs  "SHELL=CMD" "COMPILER=arm-none-eabi-gcc" "ASSEMBLER=arm-none-eabi-as" "A
TRACE::2026-02-05.16:45:53::SCWMssOS::RCHIVER=arm-none-eabi-ar" "COMPILER_FLAGS=  -O2 -c" "EXTRA_COMPILER_FLAGS=-mcpu=cortex-a9 -mfpu=vfpv3 -mfloat-abi=hard -nostart
TRACE::2026-02-05.16:45:53::SCWMssOS::files -g -Wall -Wextra"

TRACE::2026-02-05.16:45:53::SCWMssOS::"Compiling devcfg"

TRACE::2026-02-05.16:45:54::SCWMssOS::"Running Make libs in ps7_cortexa9_0/libsrc/dmaps_v2_6/src"

TRACE::2026-02-05.16:45:54::SCWMssOS::make -C ps7_cortexa9_0/libsrc/dmaps_v2_6/src -s libs  "SHELL=CMD" "COMPILER=arm-none-eabi-gcc" "ASSEMBLER=arm-none-eabi-as" "AR
TRACE::2026-02-05.16:45:54::SCWMssOS::CHIVER=arm-none-eabi-ar" "COMPILER_FLAGS=  -O2 -c" "EXTRA_COMPILER_FLAGS=-mcpu=cortex-a9 -mfpu=vfpv3 -mfloat-abi=hard -nostartf
TRACE::2026-02-05.16:45:54::SCWMssOS::iles -g -Wall -Wextra"

TRACE::2026-02-05.16:45:54::SCWMssOS::"Compiling dmaps"

TRACE::2026-02-05.16:45:55::SCWMssOS::"Running Make libs in ps7_cortexa9_0/libsrc/emacps_v3_11/src"

TRACE::2026-02-05.16:45:55::SCWMssOS::make -C ps7_cortexa9_0/libsrc/emacps_v3_11/src -s libs  "SHELL=CMD" "COMPILER=arm-none-eabi-gcc" "ASSEMBLER=arm-none-eabi-as" "
TRACE::2026-02-05.16:45:55::SCWMssOS::ARCHIVER=arm-none-eabi-ar" "COMPILER_FLAGS=  -O2 -c" "EXTRA_COMPILER_FLAGS=-mcpu=cortex-a9 -mfpu=vfpv3 -mfloat-abi=hard -nostar
TRACE::2026-02-05.16:45:55::SCWMssOS::tfiles -g -Wall -Wextra"

TRACE::2026-02-05.16:45:55::SCWMssOS::"Compiling emacps"

TRACE::2026-02-05.16:45:55::SCWMssOS::"Running Make libs in ps7_cortexa9_0/libsrc/gpiops_v3_7/src"

TRACE::2026-02-05.16:45:55::SCWMssOS::make -C ps7_cortexa9_0/libsrc/gpiops_v3_7/src -s libs  "SHELL=CMD" "COMPILER=arm-none-eabi-gcc" "ASSEMBLER=arm-none-eabi-as" "A
TRACE::2026-02-05.16:45:55::SCWMssOS::RCHIVER=arm-none-eabi-ar" "COMPILER_FLAGS=  -O2 -c" "EXTRA_COMPILER_FLAGS=-mcpu=cortex-a9 -mfpu=vfpv3 -mfloat-abi=hard -nostart
TRACE::2026-02-05.16:45:55::SCWMssOS::files -g -Wall -Wextra"

TRACE::2026-02-05.16:45:55::SCWMssOS::"Compiling gpiops"

TRACE::2026-02-05.16:45:56::SCWMssOS::"Running Make libs in ps7_cortexa9_0/libsrc/qspips_v3_7/src"

TRACE::2026-02-05.16:45:56::SCWMssOS::make -C ps7_cortexa9_0/libsrc/qspips_v3_7/src -s libs  "SHELL=CMD" "COMPILER=arm-none-eabi-gcc" "ASSEMBLER=arm-none-eabi-as" "A
TRACE::2026-02-05.16:45:56::SCWMssOS::RCHIVER=arm-none-eabi-ar" "COMPILER_FLAGS=  -O2 -c" "EXTRA_COMPILER_FLAGS=-mcpu=cortex-a9 -mfpu=vfpv3 -mfloat-abi=hard -nostart
TRACE::2026-02-05.16:45:56::SCWMssOS::files -g -Wall -Wextra"

TRACE::2026-02-05.16:45:56::SCWMssOS::"Compiling qspips"

TRACE::2026-02-05.16:45:57::SCWMssOS::"Running Make libs in ps7_cortexa9_0/libsrc/scugic_v4_2/src"

TRACE::2026-02-05.16:45:57::SCWMssOS::make -C ps7_cortexa9_0/libsrc/scugic_v4_2/src -s libs  "SHELL=CMD" "COMPILER=arm-none-eabi-gcc" "ASSEMBLER=arm-none-eabi-as" "A
TRACE::2026-02-05.16:45:57::SCWMssOS::RCHIVER=arm-none-eabi-ar" "COMPILER_FLAGS=  -O2 -c" "EXTRA_COMPILER_FLAGS=-mcpu=cortex-a9 -mfpu=vfpv3 -mfloat-abi=hard -nostart
TRACE::2026-02-05.16:45:57::SCWMssOS::files -g -Wall -Wextra"

TRACE::2026-02-05.16:45:57::SCWMssOS::"Compiling scugic"

TRACE::2026-02-05.16:45:57::SCWMssOS::"Running Make libs in ps7_cortexa9_0/libsrc/scutimer_v2_2/src"

TRACE::2026-02-05.16:45:57::SCWMssOS::make -C ps7_cortexa9_0/libsrc/scutimer_v2_2/src -s libs  "SHELL=CMD" "COMPILER=arm-none-eabi-gcc" "ASSEMBLER=arm-none-eabi-as" 
TRACE::2026-02-05.16:45:57::SCWMssOS::"ARCHIVER=arm-none-eabi-ar" "COMPILER_FLAGS=  -O2 -c" "EXTRA_COMPILER_FLAGS=-mcpu=cortex-a9 -mfpu=vfpv3 -mfloat-abi=hard -nosta
TRACE::2026-02-05.16:45:57::SCWMssOS::rtfiles -g -Wall -Wextra"

TRACE::2026-02-05.16:45:57::SCWMssOS::"Compiling scutimer"

TRACE::2026-02-05.16:45:57::SCWMssOS::"Running Make libs in ps7_cortexa9_0/libsrc/scuwdt_v2_2/src"

TRACE::2026-02-05.16:45:57::SCWMssOS::make -C ps7_cortexa9_0/libsrc/scuwdt_v2_2/src -s libs  "SHELL=CMD" "COMPILER=arm-none-eabi-gcc" "ASSEMBLER=arm-none-eabi-as" "A
TRACE::2026-02-05.16:45:57::SCWMssOS::RCHIVER=arm-none-eabi-ar" "COMPILER_FLAGS=  -O2 -c" "EXTRA_COMPILER_FLAGS=-mcpu=cortex-a9 -mfpu=vfpv3 -mfloat-abi=hard -nostart
TRACE::2026-02-05.16:45:57::SCWMssOS::files -g -Wall -Wextra"

TRACE::2026-02-05.16:45:58::SCWMssOS::"Compiling scuwdt"

TRACE::2026-02-05.16:45:58::SCWMssOS::"Running Make libs in ps7_cortexa9_0/libsrc/sdps_v3_9/src"

TRACE::2026-02-05.16:45:58::SCWMssOS::make -C ps7_cortexa9_0/libsrc/sdps_v3_9/src -s libs  "SHELL=CMD" "COMPILER=arm-none-eabi-gcc" "ASSEMBLER=arm-none-eabi-as" "ARC
TRACE::2026-02-05.16:45:58::SCWMssOS::HIVER=arm-none-eabi-ar" "COMPILER_FLAGS=  -O2 -c" "EXTRA_COMPILER_FLAGS=-mcpu=cortex-a9 -mfpu=vfpv3 -mfloat-abi=hard -nostartfi
TRACE::2026-02-05.16:45:58::SCWMssOS::les -g -Wall -Wextra"

TRACE::2026-02-05.16:45:58::SCWMssOS::"Compiling sdps"

TRACE::2026-02-05.16:45:59::SCWMssOS::"Running Make libs in ps7_cortexa9_0/libsrc/standalone_v7_2/src"

TRACE::2026-02-05.16:45:59::SCWMssOS::make -C ps7_cortexa9_0/libsrc/standalone_v7_2/src -s libs  "SHELL=CMD" "COMPILER=arm-none-eabi-gcc" "ASSEMBLER=arm-none-eabi-as
TRACE::2026-02-05.16:45:59::SCWMssOS::" "ARCHIVER=arm-none-eabi-ar" "COMPILER_FLAGS=  -O2 -c" "EXTRA_COMPILER_FLAGS=-mcpu=cortex-a9 -mfpu=vfpv3 -mfloat-abi=hard -nos
TRACE::2026-02-05.16:45:59::SCWMssOS::tartfiles -g -Wall -Wextra"

TRACE::2026-02-05.16:45:59::SCWMssOS::"Compiling standalone"

TRACE::2026-02-05.16:46:01::SCWMssOS::"Running Make libs in ps7_cortexa9_0/libsrc/ttcps_v3_11/src"

TRACE::2026-02-05.16:46:01::SCWMssOS::make -C ps7_cortexa9_0/libsrc/ttcps_v3_11/src -s libs  "SHELL=CMD" "COMPILER=arm-none-eabi-gcc" "ASSEMBLER=arm-none-eabi-as" "A
TRACE::2026-02-05.16:46:01::SCWMssOS::RCHIVER=arm-none-eabi-ar" "COMPILER_FLAGS=  -O2 -c" "EXTRA_COMPILER_FLAGS=-mcpu=cortex-a9 -mfpu=vfpv3 -mfloat-abi=hard -nostart
TRACE::2026-02-05.16:46:01::SCWMssOS::files -g -Wall -Wextra"

TRACE::2026-02-05.16:46:01::SCWMssOS::"Compiling ttcps"

TRACE::2026-02-05.16:46:01::SCWMssOS::"Running Make libs in ps7_cortexa9_0/libsrc/uartps_v3_9/src"

TRACE::2026-02-05.16:46:01::SCWMssOS::make -C ps7_cortexa9_0/libsrc/uartps_v3_9/src -s libs  "SHELL=CMD" "COMPILER=arm-none-eabi-gcc" "ASSEMBLER=arm-none-eabi-as" "A
TRACE::2026-02-05.16:46:01::SCWMssOS::RCHIVER=arm-none-eabi-ar" "COMPILER_FLAGS=  -O2 -c" "EXTRA_COMPILER_FLAGS=-mcpu=cortex-a9 -mfpu=vfpv3 -mfloat-abi=hard -nostart
TRACE::2026-02-05.16:46:01::SCWMssOS::files -g -Wall -Wextra"

TRACE::2026-02-05.16:46:01::SCWMssOS::"Compiling uartps"

TRACE::2026-02-05.16:46:02::SCWMssOS::"Running Make libs in ps7_cortexa9_0/libsrc/usbps_v2_5/src"

TRACE::2026-02-05.16:46:02::SCWMssOS::make -C ps7_cortexa9_0/libsrc/usbps_v2_5/src -s libs  "SHELL=CMD" "COMPILER=arm-none-eabi-gcc" "ASSEMBLER=arm-none-eabi-as" "AR
TRACE::2026-02-05.16:46:02::SCWMssOS::CHIVER=arm-none-eabi-ar" "COMPILER_FLAGS=  -O2 -c" "EXTRA_COMPILER_FLAGS=-mcpu=cortex-a9 -mfpu=vfpv3 -mfloat-abi=hard -nostartf
TRACE::2026-02-05.16:46:02::SCWMssOS::iles -g -Wall -Wextra"

TRACE::2026-02-05.16:46:02::SCWMssOS::"Compiling usbps"

TRACE::2026-02-05.16:46:03::SCWMssOS::"Running Make libs in ps7_cortexa9_0/libsrc/vtc_v8_2/src"

TRACE::2026-02-05.16:46:03::SCWMssOS::make -C ps7_cortexa9_0/libsrc/vtc_v8_2/src -s libs  "SHELL=CMD" "COMPILER=arm-none-eabi-gcc" "ASSEMBLER=arm-none-eabi-as" "ARCH
TRACE::2026-02-05.16:46:03::SCWMssOS::IVER=arm-none-eabi-ar" "COMPILER_FLAGS=  -O2 -c" "EXTRA_COMPILER_FLAGS=-mcpu=cortex-a9 -mfpu=vfpv3 -mfloat-abi=hard -nostartfil
TRACE::2026-02-05.16:46:03::SCWMssOS::es -g -Wall -Wextra"

TRACE::2026-02-05.16:46:03::SCWMssOS::"Compiling video timing controller"

TRACE::2026-02-05.16:46:03::SCWMssOS::"Running Make libs in ps7_cortexa9_0/libsrc/xadcps_v2_4/src"

TRACE::2026-02-05.16:46:03::SCWMssOS::make -C ps7_cortexa9_0/libsrc/xadcps_v2_4/src -s libs  "SHELL=CMD" "COMPILER=arm-none-eabi-gcc" "ASSEMBLER=arm-none-eabi-as" "A
TRACE::2026-02-05.16:46:03::SCWMssOS::RCHIVER=arm-none-eabi-ar" "COMPILER_FLAGS=  -O2 -c" "EXTRA_COMPILER_FLAGS=-mcpu=cortex-a9 -mfpu=vfpv3 -mfloat-abi=hard -nostart
TRACE::2026-02-05.16:46:03::SCWMssOS::files -g -Wall -Wextra"

TRACE::2026-02-05.16:46:03::SCWMssOS::"Compiling xadcps"

TRACE::2026-02-05.16:46:04::SCWMssOS::'Finished building libraries'

TRACE::2026-02-05.16:46:04::SCWMssOS::Copying to export directory.
TRACE::2026-02-05.16:46:04::SCWMssOS:: Checking if to create the Supporting Applications
TRACE::2026-02-05.16:46:04::SCWMssOS:: No Linux domain exists, trying to generate FSBL 
LOG::2026-02-05.16:46:04::SCWSystem::Completed Processing the domain domain_ps7_cortexa9_0
LOG::2026-02-05.16:46:04::SCWSystem::Completed Processing the sysconfig design_1_wrapper
LOG::2026-02-05.16:46:04::SCWPlatform::Completed generating the artifacts for system configuration design_1_wrapper
TRACE::2026-02-05.16:46:04::SCWPlatform::Started preparing the platform 
TRACE::2026-02-05.16:46:04::SCWSystem::Writing the bif file for system config design_1_wrapper
TRACE::2026-02-05.16:46:04::SCWSystem::dir created 
TRACE::2026-02-05.16:46:04::SCWSystem::Writing the bif 
TRACE::2026-02-05.16:46:04::SCWPlatform::Started writing the spfm file 
TRACE::2026-02-05.16:46:04::SCWPlatform::Started writing the xpfm file 
TRACE::2026-02-05.16:46:04::SCWPlatform::Completed generating the platform
TRACE::2026-02-05.16:46:04::SCWMssOS::Saving the mss changes C:/Users/cihem/CPRE-488-Labs/Mp-0_New/vitis2/design_1_wrapper/zynq_fsbl/zynq_fsbl_bsp/system.mss
TRACE::2026-02-05.16:46:04::SCWMssOS::Found a swdesign opened with the mssfile.
TRACE::2026-02-05.16:46:04::SCWMssOS::Completed writemss as part of save.
TRACE::2026-02-05.16:46:04::SCWMssOS::Commit changes completed.
TRACE::2026-02-05.16:46:04::SCWMssOS::Saving the mss changes C:/Users/cihem/CPRE-488-Labs/Mp-0_New/vitis2/design_1_wrapper/ps7_cortexa9_0/domain_ps7_cortexa9_0/bsp/system.mss
TRACE::2026-02-05.16:46:04::SCWMssOS::Found a swdesign opened with the mssfile.
TRACE::2026-02-05.16:46:04::SCWMssOS::Completed writemss as part of save.
TRACE::2026-02-05.16:46:04::SCWMssOS::Commit changes completed.
TRACE::2026-02-05.16:46:04::SCWPlatform::Trying to open the hw design at C:/Users/cihem/CPRE-488-Labs/Mp-0_New/vitis2/design_1_wrapper/hw/design_1_wrapper.xsa
TRACE::2026-02-05.16:46:04::SCWPlatform::DSA given C:/Users/cihem/CPRE-488-Labs/Mp-0_New/vitis2/design_1_wrapper/hw/design_1_wrapper.xsa
TRACE::2026-02-05.16:46:04::SCWPlatform::DSA absoulate path C:/Users/cihem/CPRE-488-Labs/Mp-0_New/vitis2/design_1_wrapper/hw/design_1_wrapper.xsa
TRACE::2026-02-05.16:46:04::SCWPlatform::DSA directory C:/Users/cihem/CPRE-488-Labs/Mp-0_New/vitis2/design_1_wrapper/hw
TRACE::2026-02-05.16:46:04::SCWPlatform:: Platform Path C:/Users/cihem/CPRE-488-Labs/Mp-0_New/vitis2/design_1_wrapper/hw/design_1_wrapper.xsa
TRACE::2026-02-05.16:46:04::SCWPlatform:: Unique name xilinx:zed::0.0
TRACE::2026-02-05.16:46:04::SCWPlatform::Trying to set the existing hwdb with name design_1_wrapper_0
TRACE::2026-02-05.16:46:04::SCWPlatform::Opened existing hwdb design_1_wrapper_0
TRACE::2026-02-05.16:46:04::SCWPlatform::Found the Hw Db part of the input DSA
TRACE::2026-02-05.16:46:04::SCWMssOS::Checking the sw design at  C:/Users/cihem/CPRE-488-Labs/Mp-0_New/vitis2/design_1_wrapper/zynq_fsbl/zynq_fsbl_bsp/system.mss
TRACE::2026-02-05.16:46:04::SCWMssOS::DEBUG:  swdes dump  C:/Users/cihem/CPRE-488-Labs/Mp-0_New/vitis2/design_1_wrapper/ps7_cortexa9_0/domain_ps7_cortexa9_0/bsp/system.mss|system_0||
C:/Users/cihem/CPRE-488-Labs/Mp-0_New/vitis2/design_1_wrapper/zynq_fsbl/zynq_fsbl_bsp/system.mss|system||

TRACE::2026-02-05.16:46:04::SCWMssOS::Sw design exists and opened at  C:/Users/cihem/CPRE-488-Labs/Mp-0_New/vitis2/design_1_wrapper/zynq_fsbl/zynq_fsbl_bsp/system.mss
TRACE::2026-02-05.16:46:04::SCWPlatform::Trying to open the hw design at C:/Users/cihem/CPRE-488-Labs/Mp-0_New/vitis2/design_1_wrapper/hw/design_1_wrapper.xsa
TRACE::2026-02-05.16:46:04::SCWPlatform::DSA given C:/Users/cihem/CPRE-488-Labs/Mp-0_New/vitis2/design_1_wrapper/hw/design_1_wrapper.xsa
TRACE::2026-02-05.16:46:04::SCWPlatform::DSA absoulate path C:/Users/cihem/CPRE-488-Labs/Mp-0_New/vitis2/design_1_wrapper/hw/design_1_wrapper.xsa
TRACE::2026-02-05.16:46:04::SCWPlatform::DSA directory C:/Users/cihem/CPRE-488-Labs/Mp-0_New/vitis2/design_1_wrapper/hw
TRACE::2026-02-05.16:46:04::SCWPlatform:: Platform Path C:/Users/cihem/CPRE-488-Labs/Mp-0_New/vitis2/design_1_wrapper/hw/design_1_wrapper.xsa
TRACE::2026-02-05.16:46:04::SCWPlatform:: Unique name xilinx:zed::0.0
TRACE::2026-02-05.16:46:04::SCWPlatform::Trying to set the existing hwdb with name design_1_wrapper_0
TRACE::2026-02-05.16:46:04::SCWPlatform::Opened existing hwdb design_1_wrapper_0
TRACE::2026-02-05.16:46:04::SCWPlatform::Found the Hw Db part of the input DSA
TRACE::2026-02-05.16:46:04::SCWMssOS::Checking the sw design at  C:/Users/cihem/CPRE-488-Labs/Mp-0_New/vitis2/design_1_wrapper/zynq_fsbl/zynq_fsbl_bsp/system.mss
TRACE::2026-02-05.16:46:04::SCWMssOS::DEBUG:  swdes dump  C:/Users/cihem/CPRE-488-Labs/Mp-0_New/vitis2/design_1_wrapper/ps7_cortexa9_0/domain_ps7_cortexa9_0/bsp/system.mss|system_0||
C:/Users/cihem/CPRE-488-Labs/Mp-0_New/vitis2/design_1_wrapper/zynq_fsbl/zynq_fsbl_bsp/system.mss|system||

TRACE::2026-02-05.16:46:04::SCWMssOS::Sw design exists and opened at  C:/Users/cihem/CPRE-488-Labs/Mp-0_New/vitis2/design_1_wrapper/zynq_fsbl/zynq_fsbl_bsp/system.mss
TRACE::2026-02-05.16:46:04::SCWPlatform::Trying to open the hw design at C:/Users/cihem/CPRE-488-Labs/Mp-0_New/vitis2/design_1_wrapper/hw/design_1_wrapper.xsa
TRACE::2026-02-05.16:46:04::SCWPlatform::DSA given C:/Users/cihem/CPRE-488-Labs/Mp-0_New/vitis2/design_1_wrapper/hw/design_1_wrapper.xsa
TRACE::2026-02-05.16:46:04::SCWPlatform::DSA absoulate path C:/Users/cihem/CPRE-488-Labs/Mp-0_New/vitis2/design_1_wrapper/hw/design_1_wrapper.xsa
TRACE::2026-02-05.16:46:04::SCWPlatform::DSA directory C:/Users/cihem/CPRE-488-Labs/Mp-0_New/vitis2/design_1_wrapper/hw
TRACE::2026-02-05.16:46:04::SCWPlatform:: Platform Path C:/Users/cihem/CPRE-488-Labs/Mp-0_New/vitis2/design_1_wrapper/hw/design_1_wrapper.xsa
TRACE::2026-02-05.16:46:04::SCWPlatform:: Unique name xilinx:zed::0.0
TRACE::2026-02-05.16:46:04::SCWPlatform::Trying to set the existing hwdb with name design_1_wrapper_0
TRACE::2026-02-05.16:46:04::SCWPlatform::Opened existing hwdb design_1_wrapper_0
TRACE::2026-02-05.16:46:04::SCWPlatform::Found the Hw Db part of the input DSA
TRACE::2026-02-05.16:46:04::SCWMssOS::Checking the sw design at  C:/Users/cihem/CPRE-488-Labs/Mp-0_New/vitis2/design_1_wrapper/zynq_fsbl/zynq_fsbl_bsp/system.mss
TRACE::2026-02-05.16:46:04::SCWMssOS::DEBUG:  swdes dump  C:/Users/cihem/CPRE-488-Labs/Mp-0_New/vitis2/design_1_wrapper/ps7_cortexa9_0/domain_ps7_cortexa9_0/bsp/system.mss|system_0||
C:/Users/cihem/CPRE-488-Labs/Mp-0_New/vitis2/design_1_wrapper/zynq_fsbl/zynq_fsbl_bsp/system.mss|system||

TRACE::2026-02-05.16:46:04::SCWMssOS::Sw design exists and opened at  C:/Users/cihem/CPRE-488-Labs/Mp-0_New/vitis2/design_1_wrapper/zynq_fsbl/zynq_fsbl_bsp/system.mss
TRACE::2026-02-05.16:46:04::SCWPlatform::Trying to open the hw design at C:/Users/cihem/CPRE-488-Labs/Mp-0_New/vitis2/design_1_wrapper/hw/design_1_wrapper.xsa
TRACE::2026-02-05.16:46:04::SCWPlatform::DSA given C:/Users/cihem/CPRE-488-Labs/Mp-0_New/vitis2/design_1_wrapper/hw/design_1_wrapper.xsa
TRACE::2026-02-05.16:46:04::SCWPlatform::DSA absoulate path C:/Users/cihem/CPRE-488-Labs/Mp-0_New/vitis2/design_1_wrapper/hw/design_1_wrapper.xsa
TRACE::2026-02-05.16:46:04::SCWPlatform::DSA directory C:/Users/cihem/CPRE-488-Labs/Mp-0_New/vitis2/design_1_wrapper/hw
TRACE::2026-02-05.16:46:04::SCWPlatform:: Platform Path C:/Users/cihem/CPRE-488-Labs/Mp-0_New/vitis2/design_1_wrapper/hw/design_1_wrapper.xsa
TRACE::2026-02-05.16:46:04::SCWPlatform:: Unique name xilinx:zed::0.0
TRACE::2026-02-05.16:46:04::SCWPlatform::Trying to set the existing hwdb with name design_1_wrapper_0
TRACE::2026-02-05.16:46:04::SCWPlatform::Opened existing hwdb design_1_wrapper_0
TRACE::2026-02-05.16:46:04::SCWPlatform::Found the Hw Db part of the input DSA
TRACE::2026-02-05.16:46:04::SCWMssOS::Checking the sw design at  C:/Users/cihem/CPRE-488-Labs/Mp-0_New/vitis2/design_1_wrapper/ps7_cortexa9_0/domain_ps7_cortexa9_0/bsp/system.mss
TRACE::2026-02-05.16:46:04::SCWMssOS::DEBUG:  swdes dump  C:/Users/cihem/CPRE-488-Labs/Mp-0_New/vitis2/design_1_wrapper/ps7_cortexa9_0/domain_ps7_cortexa9_0/bsp/system.mss|system_0||
C:/Users/cihem/CPRE-488-Labs/Mp-0_New/vitis2/design_1_wrapper/zynq_fsbl/zynq_fsbl_bsp/system.mss|system||

TRACE::2026-02-05.16:46:04::SCWMssOS::Sw design exists and opened at  C:/Users/cihem/CPRE-488-Labs/Mp-0_New/vitis2/design_1_wrapper/ps7_cortexa9_0/domain_ps7_cortexa9_0/bsp/system.mss
TRACE::2026-02-05.16:46:04::SCWPlatform::Trying to open the hw design at C:/Users/cihem/CPRE-488-Labs/Mp-0_New/vitis2/design_1_wrapper/hw/design_1_wrapper.xsa
TRACE::2026-02-05.16:46:04::SCWPlatform::DSA given C:/Users/cihem/CPRE-488-Labs/Mp-0_New/vitis2/design_1_wrapper/hw/design_1_wrapper.xsa
TRACE::2026-02-05.16:46:04::SCWPlatform::DSA absoulate path C:/Users/cihem/CPRE-488-Labs/Mp-0_New/vitis2/design_1_wrapper/hw/design_1_wrapper.xsa
TRACE::2026-02-05.16:46:04::SCWPlatform::DSA directory C:/Users/cihem/CPRE-488-Labs/Mp-0_New/vitis2/design_1_wrapper/hw
TRACE::2026-02-05.16:46:04::SCWPlatform:: Platform Path C:/Users/cihem/CPRE-488-Labs/Mp-0_New/vitis2/design_1_wrapper/hw/design_1_wrapper.xsa
TRACE::2026-02-05.16:46:04::SCWPlatform:: Unique name xilinx:zed::0.0
TRACE::2026-02-05.16:46:04::SCWPlatform::Trying to set the existing hwdb with name design_1_wrapper_0
TRACE::2026-02-05.16:46:04::SCWPlatform::Opened existing hwdb design_1_wrapper_0
TRACE::2026-02-05.16:46:04::SCWPlatform::Found the Hw Db part of the input DSA
TRACE::2026-02-05.16:46:04::SCWMssOS::Checking the sw design at  C:/Users/cihem/CPRE-488-Labs/Mp-0_New/vitis2/design_1_wrapper/ps7_cortexa9_0/domain_ps7_cortexa9_0/bsp/system.mss
TRACE::2026-02-05.16:46:04::SCWMssOS::DEBUG:  swdes dump  C:/Users/cihem/CPRE-488-Labs/Mp-0_New/vitis2/design_1_wrapper/ps7_cortexa9_0/domain_ps7_cortexa9_0/bsp/system.mss|system_0||
C:/Users/cihem/CPRE-488-Labs/Mp-0_New/vitis2/design_1_wrapper/zynq_fsbl/zynq_fsbl_bsp/system.mss|system||

TRACE::2026-02-05.16:46:04::SCWMssOS::Sw design exists and opened at  C:/Users/cihem/CPRE-488-Labs/Mp-0_New/vitis2/design_1_wrapper/ps7_cortexa9_0/domain_ps7_cortexa9_0/bsp/system.mss
TRACE::2026-02-05.16:46:04::SCWPlatform::Trying to open the hw design at C:/Users/cihem/CPRE-488-Labs/Mp-0_New/vitis2/design_1_wrapper/hw/design_1_wrapper.xsa
TRACE::2026-02-05.16:46:04::SCWPlatform::DSA given C:/Users/cihem/CPRE-488-Labs/Mp-0_New/vitis2/design_1_wrapper/hw/design_1_wrapper.xsa
TRACE::2026-02-05.16:46:04::SCWPlatform::DSA absoulate path C:/Users/cihem/CPRE-488-Labs/Mp-0_New/vitis2/design_1_wrapper/hw/design_1_wrapper.xsa
TRACE::2026-02-05.16:46:04::SCWPlatform::DSA directory C:/Users/cihem/CPRE-488-Labs/Mp-0_New/vitis2/design_1_wrapper/hw
TRACE::2026-02-05.16:46:04::SCWPlatform:: Platform Path C:/Users/cihem/CPRE-488-Labs/Mp-0_New/vitis2/design_1_wrapper/hw/design_1_wrapper.xsa
TRACE::2026-02-05.16:46:04::SCWPlatform:: Unique name xilinx:zed::0.0
TRACE::2026-02-05.16:46:04::SCWPlatform::Trying to set the existing hwdb with name design_1_wrapper_0
TRACE::2026-02-05.16:46:04::SCWPlatform::Opened existing hwdb design_1_wrapper_0
TRACE::2026-02-05.16:46:04::SCWPlatform::Found the Hw Db part of the input DSA
TRACE::2026-02-05.16:46:04::SCWMssOS::Checking the sw design at  C:/Users/cihem/CPRE-488-Labs/Mp-0_New/vitis2/design_1_wrapper/ps7_cortexa9_0/domain_ps7_cortexa9_0/bsp/system.mss
TRACE::2026-02-05.16:46:04::SCWMssOS::DEBUG:  swdes dump  C:/Users/cihem/CPRE-488-Labs/Mp-0_New/vitis2/design_1_wrapper/ps7_cortexa9_0/domain_ps7_cortexa9_0/bsp/system.mss|system_0||
C:/Users/cihem/CPRE-488-Labs/Mp-0_New/vitis2/design_1_wrapper/zynq_fsbl/zynq_fsbl_bsp/system.mss|system||

TRACE::2026-02-05.16:46:04::SCWMssOS::Sw design exists and opened at  C:/Users/cihem/CPRE-488-Labs/Mp-0_New/vitis2/design_1_wrapper/ps7_cortexa9_0/domain_ps7_cortexa9_0/bsp/system.mss
TRACE::2026-02-05.16:46:04::SCWWriter::formatted JSON is {
	"platformName":	"design_1_wrapper",
	"sprVersion":	"2.0",
	"mode":	"gui",
	"dsaType":	"Fixed",
	"platformDesc":	"design_1_wrapper",
	"platHandOff":	"C:/Users/cihem/CPRE-488-Labs/Mp-0_New/TheNextBigThing/design_1_wrapper.xsa",
	"platIntHandOff":	"<platformDir>/hw/design_1_wrapper.xsa",
	"deviceType":	"zynq",
	"platIsPrebuiltAutogen":	"false",
	"platIsNoBootBsp":	"false",
	"platFsblTarget":	"ps7_cortexa9_0",
	"hasFsblMakeHasChanges":	"false",
	"hasPmufwMakeHasChanges":	"false",
	"fsblExtraCompilerFlags":	"-MMD -MP       -mcpu=cortex-a9 -mfpu=vfpv3 -mfloat-abi=hard ",
	"platPreBuiltFlag":	false,
	"platformSamplesDir":	"",
	"platActiveSys":	"design_1_wrapper",
	"systems":	[{
			"systemName":	"design_1_wrapper",
			"systemDesc":	"design_1_wrapper",
			"sysIsBootAutoGen":	"true",
			"systemDispName":	"design_1_wrapper",
			"sysActiveDom":	"domain_ps7_cortexa9_0",
			"sysDefaultDom":	"domain_ps7_cortexa9_0",
			"domains":	[{
					"domainName":	"zynq_fsbl",
					"domainDispName":	"zynq_fsbl",
					"domainDesc":	"FSBL Application BSP - Auto Generated.",
					"processors":	"ps7_cortexa9_0",
					"os":	"standalone",
					"sdxOs":	"standalone",
					"debugEnable":	"",
					"domRuntimes":	["cpp"],
					"swRepo":	"",
					"mssOsVer":	"7.2",
					"mssFile":	"",
					"md5Digest":	"6a16c01a2dc85916823989659d34a150",
					"compatibleApp":	"zynq_fsbl",
					"domType":	"bootDomain",
					"arch":	"32-bit",
					"appSettings":	{
						"appCompilerFlags":	"",
						"appLinkerFlags":	""
					},
					"addedLibs":	["xilffs:4.3", "xilrsa:1.6"],
					"libOptions":	{
						"libsContainingOptions":	[]
					},
					"prebuiltLibs":	{
						"prebuiltIncPath":	[],
						"prebuiltLibPath":	[]
					},
					"isolation":	{
					}
				}, {
					"domainName":	"domain_ps7_cortexa9_0",
					"domainDispName":	"domain_ps7_cortexa9_0",
					"domainDesc":	"domain_ps7_cortexa9_0",
					"processors":	"ps7_cortexa9_0",
					"os":	"standalone",
					"sdxOs":	"standalone",
					"qemuArgs":	"C:/Xilinx/Vitis/2020.1/data/emulation/platforms/zynq/qemu/qemu_args.txt",
					"qemuData":	"C:/Xilinx/Vitis/2020.1/data/emulation/platforms/zynq/qemu/",
					"debugEnable":	"False",
					"domRuntimes":	["cpp"],
					"swRepo":	"",
					"mssOsVer":	"7.2",
					"mssFile":	"",
					"md5Digest":	"e7eb7ecd472555f72b367dd978989e0a",
					"compatibleApp":	"hello_world",
					"domType":	"mssDomain",
					"arch":	"32-bit",
					"appSettings":	{
						"appCompilerFlags":	"",
						"appLinkerFlags":	""
					},
					"addedLibs":	[],
					"libOptions":	{
						"libsContainingOptions":	[]
					},
					"prebuiltLibs":	{
						"prebuiltIncPath":	[],
						"prebuiltLibPath":	[]
					},
					"isolation":	{
					}
				}]
		}]
}
KEYINFO::2026-02-05.16:46:04::SCWPlatform::updated the xpfm file.
TRACE::2026-02-05.16:46:04::SCWPlatform::Trying to open the hw design at C:/Users/cihem/CPRE-488-Labs/Mp-0_New/vitis2/design_1_wrapper/hw/design_1_wrapper.xsa
TRACE::2026-02-05.16:46:04::SCWPlatform::DSA given C:/Users/cihem/CPRE-488-Labs/Mp-0_New/vitis2/design_1_wrapper/hw/design_1_wrapper.xsa
TRACE::2026-02-05.16:46:04::SCWPlatform::DSA absoulate path C:/Users/cihem/CPRE-488-Labs/Mp-0_New/vitis2/design_1_wrapper/hw/design_1_wrapper.xsa
TRACE::2026-02-05.16:46:04::SCWPlatform::DSA directory C:/Users/cihem/CPRE-488-Labs/Mp-0_New/vitis2/design_1_wrapper/hw
TRACE::2026-02-05.16:46:04::SCWPlatform:: Platform Path C:/Users/cihem/CPRE-488-Labs/Mp-0_New/vitis2/design_1_wrapper/hw/design_1_wrapper.xsa
TRACE::2026-02-05.16:46:04::SCWPlatform:: Unique name xilinx:zed::0.0
TRACE::2026-02-05.16:46:04::SCWPlatform::Trying to set the existing hwdb with name design_1_wrapper_0
TRACE::2026-02-05.16:46:04::SCWPlatform::Opened existing hwdb design_1_wrapper_0
TRACE::2026-02-05.16:46:04::SCWPlatform::Found the Hw Db part of the input DSA
TRACE::2026-02-05.16:46:04::SCWMssOS::Checking the sw design at  C:/Users/cihem/CPRE-488-Labs/Mp-0_New/vitis2/design_1_wrapper/ps7_cortexa9_0/domain_ps7_cortexa9_0/bsp/system.mss
TRACE::2026-02-05.16:46:04::SCWMssOS::DEBUG:  swdes dump  C:/Users/cihem/CPRE-488-Labs/Mp-0_New/vitis2/design_1_wrapper/ps7_cortexa9_0/domain_ps7_cortexa9_0/bsp/system.mss|system_0||
C:/Users/cihem/CPRE-488-Labs/Mp-0_New/vitis2/design_1_wrapper/zynq_fsbl/zynq_fsbl_bsp/system.mss|system||

TRACE::2026-02-05.16:46:04::SCWMssOS::Sw design exists and opened at  C:/Users/cihem/CPRE-488-Labs/Mp-0_New/vitis2/design_1_wrapper/ps7_cortexa9_0/domain_ps7_cortexa9_0/bsp/system.mss
